experiment,file,source_path,bird,expected_birdnet_species,distance,start_s,end_s,window_duration_s,active_overlap_seconds,active_overlap_fraction,is_active_window,top1_prediction,top1_confidence,top2_prediction,top2_confidence,top3_prediction,top3_confidence,expected_detected,expected_rank,expected_confidence,correct_top1,correct_top3,correct_top5
E1_no_metadata,American_Robin_1ft.wav,Birdsongs Recordings\1ft\American_Robin_1ft.wav,American Robin,American Robin,1ft,0.0,3.0,3.0,2.45,0.8166666666666668,True,American Robin,0.9215,Song Thrush,0.0331,Black-headed Grosbeak,0.0299,True,1.0,0.9215,True,True,True
E1_no_metadata,American_Robin_1ft.wav,Birdsongs Recordings\1ft\American_Robin_1ft.wav,American Robin,American Robin,1ft,3.0,6.0,3.0,1.9000000000000004,0.6333333333333334,True,American Robin,0.9906,Baltimore Oriole,0.0114,Austral Thrush,0.0082,True,1.0,0.9906,True,True,True
E1_no_metadata,American_Robin_1ft.wav,Birdsongs Recordings\1ft\American_Robin_1ft.wav,American Robin,American Robin,1ft,6.0,9.0,3.0,1.4000000000000004,0.4666666666666668,True,American Robin,0.957,Black Thrush,0.0547,Song Thrush,0.0335,True,1.0,0.957,True,True,True
E1_no_metadata,American_Robin_1ft.wav,Birdsongs Recordings\1ft\American_Robin_1ft.wav,American Robin,American Robin,1ft,9.0,10.0,1.0,1.0,1.0,True,American Robin,0.8093,Black-headed Grosbeak,0.1026,Golden Grosbeak,0.0433,True,1.0,0.8093,True,True,True
E1_no_metadata,Annas_Hummingbird_1ft.wav,Birdsongs Recordings\1ft\Annas_Hummingbird_1ft.wav,Anna's Hummingbird,Anna's Hummingbird,1ft,0.0,3.0,3.0,1.5,0.5,True,Anna's Hummingbird,0.9936,Bananaquit,0.004,Savannah Sparrow,0.0013,True,1.0,0.9936,True,True,True
E1_no_metadata,Annas_Hummingbird_1ft.wav,Birdsongs Recordings\1ft\Annas_Hummingbird_1ft.wav,Anna's Hummingbird,Anna's Hummingbird,1ft,3.0,6.0,3.0,3.0,1.0,True,Anna's Hummingbird,0.9869,River Warbler,0.0099,Black Redstart,0.0074,True,1.0,0.9869,True,True,True
E1_no_metadata,Annas_Hummingbird_1ft.wav,Birdsongs Recordings\1ft\Annas_Hummingbird_1ft.wav,Anna's Hummingbird,Anna's Hummingbird,1ft,6.0,9.0,3.0,3.0,1.0,True,Anna's Hummingbird,0.9953,Savannah Sparrow,0.0065,Grassland Yellow-Finch,0.0059,True,1.0,0.9953,True,True,True
E1_no_metadata,Annas_Hummingbird_1ft.wav,Birdsongs Recordings\1ft\Annas_Hummingbird_1ft.wav,Anna's Hummingbird,Anna's Hummingbird,1ft,9.0,10.0,1.0,0.6999999999999993,0.6999999999999993,True,Anna's Hummingbird,0.802,Grassland Yellow-Finch,0.113,Whitehead,0.0376,True,1.0,0.802,True,True,True
E1_no_metadata,Barn_Swallow_1ft.wav,Birdsongs Recordings\1ft\Barn_Swallow_1ft.wav,Barn Swallow,Barn Swallow,1ft,0.0,3.0,3.0,2.7,0.9,True,Barn Swallow,0.981,Greater Angle-wing,0.0768,Grasshopper Sparrow,0.02,True,1.0,0.981,True,True,True
E1_no_metadata,Barn_Swallow_1ft.wav,Birdsongs Recordings\1ft\Barn_Swallow_1ft.wav,Barn Swallow,Barn Swallow,1ft,3.0,6.0,3.0,3.0,1.0,True,Barn Swallow,0.9841,Cliff Swallow,0.052,Red-rumped Swallow,0.0393,True,1.0,0.9841,True,True,True
E1_no_metadata,Barn_Swallow_1ft.wav,Birdsongs Recordings\1ft\Barn_Swallow_1ft.wav,Barn Swallow,Barn Swallow,1ft,6.0,9.0,3.0,3.0,1.0,True,Barn Swallow,0.9786,Eastern Olivaceous Warbler,0.0256,Fireworks,0.0214,True,1.0,0.9786,True,True,True
E1_no_metadata,Barn_Swallow_1ft.wav,Birdsongs Recordings\1ft\Barn_Swallow_1ft.wav,Barn Swallow,Barn Swallow,1ft,9.0,10.0,1.0,0.1999999999999993,0.1999999999999993,False,Mouse-colored Tyrannulet,0.3343,Rufous-crowned Pygmy-Tyrant,0.1462,Rusty-headed Spinetail,0.0582,False,,0.0,False,False,False
E1_no_metadata,Bewicks_Wren_1ft.wav,Birdsongs Recordings\1ft\Bewicks_Wren_1ft.wav,Bewick's Wren,Bewick's Wren,1ft,0.0,3.0,3.0,2.4,0.7999999999999999,True,Bewick's Wren,0.8609,Black-throated Sparrow,0.1658,Song Sparrow,0.0579,True,1.0,0.8609,True,True,True
E1_no_metadata,Bewicks_Wren_1ft.wav,Birdsongs Recordings\1ft\Bewicks_Wren_1ft.wav,Bewick's Wren,Bewick's Wren,1ft,3.0,6.0,3.0,0.0,0.0,False,Merlin,0.0604,Bicknell's Thrush,0.0295,Louisiana Waterthrush,0.0268,False,,0.0,False,False,False
E1_no_metadata,Bewicks_Wren_1ft.wav,Birdsongs Recordings\1ft\Bewicks_Wren_1ft.wav,Bewick's Wren,Bewick's Wren,1ft,6.0,9.0,3.0,0.0,0.0,False,Common Virtuoso Katydid,0.8305,Engine,0.0533,Fork-tailed Bush Katydid,0.0355,False,,0.0,False,False,False
E1_no_metadata,Bewicks_Wren_1ft.wav,Birdsongs Recordings\1ft\Bewicks_Wren_1ft.wav,Bewick's Wren,Bewick's Wren,1ft,9.0,10.0,1.0,0.0,0.0,False,Common Virtuoso Katydid,0.0274,Engine,0.0194,Northern Saw-whet Owl,0.008,False,,0.0,False,False,False
E1_no_metadata,Black_Phoebe_1ft.wav,Birdsongs Recordings\1ft\Black_Phoebe_1ft.wav,Black Phoebe,Black Phoebe,1ft,0.0,3.0,3.0,0.7500000000000002,0.25000000000000006,True,Black Phoebe,0.9998,Wrentit,0.0003,Song Sparrow,0.0002,True,1.0,0.9998,True,True,True
E1_no_metadata,Black_Phoebe_1ft.wav,Birdsongs Recordings\1ft\Black_Phoebe_1ft.wav,Black Phoebe,Black Phoebe,1ft,3.0,6.0,3.0,0.8999999999999999,0.3,True,Black Phoebe,0.9995,Eastern Phoebe,0.0004,Wrentit,0.0002,True,1.0,0.9995,True,True,True
E1_no_metadata,Black_Phoebe_1ft.wav,Birdsongs Recordings\1ft\Black_Phoebe_1ft.wav,Black Phoebe,Black Phoebe,1ft,6.0,9.0,3.0,0.7999999999999989,0.26666666666666633,True,Black Phoebe,0.9998,Eastern Phoebe,0.0016,Verdin,0.0001,True,1.0,0.9998,True,True,True
E1_no_metadata,Black_Phoebe_1ft.wav,Birdsongs Recordings\1ft\Black_Phoebe_1ft.wav,Black Phoebe,Black Phoebe,1ft,9.0,10.0,1.0,0.40000000000000036,0.40000000000000036,True,Black Phoebe,0.9998,Eastern Phoebe,0.001,Bushtit,0.0005,True,1.0,0.9998,True,True,True
E1_no_metadata,California_Towhee_1ft.wav,Birdsongs Recordings\1ft\California_Towhee_1ft.wav,California Towhee,California Towhee,1ft,0.0,3.0,3.0,1.35,0.45,True,California Towhee,0.9986,White-throated Towhee,0.0016,Spotted Towhee,0.0014,True,1.0,0.9986,True,True,True
E1_no_metadata,California_Towhee_1ft.wav,Birdsongs Recordings\1ft\California_Towhee_1ft.wav,California Towhee,California Towhee,1ft,3.0,6.0,3.0,0.0,0.0,False,Black Phoebe,0.2448,House Sparrow,0.1063,Ortolan Bunting,0.06,False,,0.0,False,False,False
E1_no_metadata,California_Towhee_1ft.wav,Birdsongs Recordings\1ft\California_Towhee_1ft.wav,California Towhee,California Towhee,1ft,6.0,9.0,3.0,1.4499999999999993,0.4833333333333331,True,California Towhee,0.9976,Abert's Towhee,0.0066,Spotted Towhee,0.0019,True,1.0,0.9976,True,True,True
E1_no_metadata,California_Towhee_1ft.wav,Birdsongs Recordings\1ft\California_Towhee_1ft.wav,California Towhee,California Towhee,1ft,9.0,10.0,1.0,0.0,0.0,False,Allen's Hummingbird,0.0368,Rufous Hummingbird,0.0226,Chestnut-capped Brushfinch,0.0207,False,,0.0,False,False,False
E1_no_metadata,Dark_eyed_Junco_1ft.wav,Birdsongs Recordings\1ft\Dark_eyed_Junco_1ft.wav,Dark-eyed Junco,Dark-eyed Junco,1ft,0.0,3.0,3.0,1.7500000000000002,0.5833333333333334,True,Dark-eyed Junco,0.9843,Swamp Sparrow,0.2367,Chipping Sparrow,0.0215,True,1.0,0.9843,True,True,True
E1_no_metadata,Dark_eyed_Junco_1ft.wav,Birdsongs Recordings\1ft\Dark_eyed_Junco_1ft.wav,Dark-eyed Junco,Dark-eyed Junco,1ft,3.0,6.0,3.0,0.0,0.0,False,Common Virtuoso Katydid,0.2424,Black Phoebe,0.154,American Goldfinch,0.0466,False,,0.0,False,False,False
E1_no_metadata,Dark_eyed_Junco_1ft.wav,Birdsongs Recordings\1ft\Dark_eyed_Junco_1ft.wav,Dark-eyed Junco,Dark-eyed Junco,1ft,6.0,9.0,3.0,1.8500000000000005,0.6166666666666668,True,Dark-eyed Junco,0.9687,Chipping Sparrow,0.104,Cirl Bunting,0.0624,True,1.0,0.9687,True,True,True
E1_no_metadata,Dark_eyed_Junco_1ft.wav,Birdsongs Recordings\1ft\Dark_eyed_Junco_1ft.wav,Dark-eyed Junco,Dark-eyed Junco,1ft,9.0,10.0,1.0,0.0,0.0,False,Allen's Hummingbird,0.1443,Rufous Hummingbird,0.1402,Tanager Finch,0.029,False,,0.0,False,False,False
E1_no_metadata,European_Starling_1ft.wav,Birdsongs Recordings\1ft\European_Starling_1ft.wav,European Starling,European Starling,1ft,0.0,3.0,3.0,2.6,0.8666666666666667,True,Freckle-breasted Thornbird,0.0428,Boat-tailed Grackle,0.0285,Chipping Sparrow,0.0241,True,6.0,0.0103,False,False,False
E1_no_metadata,European_Starling_1ft.wav,Birdsongs Recordings\1ft\European_Starling_1ft.wav,European Starling,European Starling,1ft,3.0,6.0,3.0,3.0,1.0,True,European Starling,0.2909,Black-capped Chickadee,0.0665,Marsh Tit,0.0425,True,1.0,0.2909,True,True,True
E1_no_metadata,European_Starling_1ft.wav,Birdsongs Recordings\1ft\European_Starling_1ft.wav,European Starling,European Starling,1ft,6.0,9.0,3.0,3.0,1.0,True,European Starling,0.7345,Golden-crowned Sparrow,0.2468,Red-rumped Cacique,0.0683,True,1.0,0.7345,True,True,True
E1_no_metadata,European_Starling_1ft.wav,Birdsongs Recordings\1ft\European_Starling_1ft.wav,European Starling,European Starling,1ft,9.0,10.0,1.0,1.0,1.0,True,European Starling,0.3416,Rosy Starling,0.3241,Spotless Starling,0.1693,True,1.0,0.3416,True,True,True
E1_no_metadata,Hooded_Oriole_1ft.wav,Birdsongs Recordings\1ft\Hooded_Oriole_1ft.wav,Hooded Oriole,Hooded Oriole,1ft,0.0,3.0,3.0,1.35,0.45,True,Hooded Oriole,0.8867,Western Capercaillie,0.2269,White-eyed Vireo,0.1682,True,1.0,0.8867,True,True,True
E1_no_metadata,Hooded_Oriole_1ft.wav,Birdsongs Recordings\1ft\Hooded_Oriole_1ft.wav,Hooded Oriole,Hooded Oriole,1ft,3.0,6.0,3.0,1.6500000000000008,0.5500000000000003,True,Hooded Oriole,0.6742,Curve-billed Thrasher,0.1747,Gray Catbird,0.0644,True,1.0,0.6742,True,True,True
E1_no_metadata,Hooded_Oriole_1ft.wav,Birdsongs Recordings\1ft\Hooded_Oriole_1ft.wav,Hooded Oriole,Hooded Oriole,1ft,6.0,9.0,3.0,2.4000000000000004,0.8000000000000002,True,Curve-billed Thrasher,0.7731,Hooded Oriole,0.7003,Long-billed Thrasher,0.0419,True,2.0,0.7003,False,True,True
E1_no_metadata,Hooded_Oriole_1ft.wav,Birdsongs Recordings\1ft\Hooded_Oriole_1ft.wav,Hooded Oriole,Hooded Oriole,1ft,9.0,10.0,1.0,0.8499999999999996,0.8499999999999996,True,Hooded Oriole,0.7601,Western Tanager,0.3424,Orchard Oriole,0.2212,True,1.0,0.7601,True,True,True
E1_no_metadata,House_Finch_1ft.wav,Birdsongs Recordings\1ft\House_Finch_1ft.wav,House Finch,House Finch,1ft,0.0,3.0,3.0,2.55,0.85,True,House Finch,0.5639,Sagebrush Sparrow,0.0561,Purple Finch,0.0262,True,1.0,0.5639,True,True,True
E1_no_metadata,House_Finch_1ft.wav,Birdsongs Recordings\1ft\House_Finch_1ft.wav,House Finch,House Finch,1ft,3.0,6.0,3.0,0.6999999999999997,0.23333333333333325,True,House Finch,0.6925,Blue Grosbeak,0.032,Olive Warbler,0.0293,True,1.0,0.6925,True,True,True
E1_no_metadata,House_Finch_1ft.wav,Birdsongs Recordings\1ft\House_Finch_1ft.wav,House Finch,House Finch,1ft,6.0,9.0,3.0,2.0,0.6666666666666666,True,House Finch,0.6925,Sagebrush Sparrow,0.0275,Orchard Oriole,0.0259,True,1.0,0.6925,True,True,True
E1_no_metadata,House_Finch_1ft.wav,Birdsongs Recordings\1ft\House_Finch_1ft.wav,House Finch,House Finch,1ft,9.0,10.0,1.0,0.0,0.0,False,Engine,0.0281,Siren,0.0063,Human vocal,0.005,False,,0.0,False,False,False
E1_no_metadata,House_Sparrow_1ft.wav,Birdsongs Recordings\1ft\House_Sparrow_1ft.wav,House Sparrow,House Sparrow,1ft,0.0,3.0,3.0,1.7420000000000002,0.5806666666666668,True,House Sparrow,0.8738,Italian Sparrow,0.1875,Eurasian Tree Sparrow,0.0173,True,1.0,0.8738,True,True,True
E1_no_metadata,House_Sparrow_1ft.wav,Birdsongs Recordings\1ft\House_Sparrow_1ft.wav,House Sparrow,House Sparrow,1ft,3.0,6.0,3.0,1.8359999999999999,0.612,True,House Sparrow,0.4907,Patagonian Sierra Finch,0.0497,Italian Sparrow,0.032,True,1.0,0.4907,True,True,True
E1_no_metadata,House_Sparrow_1ft.wav,Birdsongs Recordings\1ft\House_Sparrow_1ft.wav,House Sparrow,House Sparrow,1ft,6.0,9.0,3.0,1.8360000000000003,0.6120000000000001,True,House Sparrow,0.5018,Italian Sparrow,0.1286,Eurasian Tree Sparrow,0.0203,True,1.0,0.5018,True,True,True
E1_no_metadata,House_Sparrow_1ft.wav,Birdsongs Recordings\1ft\House_Sparrow_1ft.wav,House Sparrow,House Sparrow,1ft,9.0,10.0,1.0,0.6420000000000012,0.6420000000000012,True,House Sparrow,0.5193,Italian Sparrow,0.2218,Spanish Sparrow,0.1567,True,1.0,0.5193,True,True,True
E1_no_metadata,Lesser_Goldfinch_1ft.wav,Birdsongs Recordings\1ft\Lesser_Goldfinch_1ft.wav,Lesser Goldfinch,Lesser Goldfinch,1ft,0.0,3.0,3.0,3.0,1.0,True,Lesser Goldfinch,0.1137,Yellow-legged Thrush,0.0222,Oriental Magpie-Robin,0.0201,True,1.0,0.1137,True,True,True
E1_no_metadata,Lesser_Goldfinch_1ft.wav,Birdsongs Recordings\1ft\Lesser_Goldfinch_1ft.wav,Lesser Goldfinch,Lesser Goldfinch,1ft,3.0,6.0,3.0,2.3999999999999995,0.7999999999999998,True,Pallas's Leaf Warbler,0.1162,White-browed Wagtail,0.0876,Crested Lark,0.0577,True,9.0,0.0156,False,False,False
E1_no_metadata,Lesser_Goldfinch_1ft.wav,Birdsongs Recordings\1ft\Lesser_Goldfinch_1ft.wav,Lesser Goldfinch,Lesser Goldfinch,1ft,6.0,9.0,3.0,3.0,1.0,True,Lesser Goldfinch,0.1079,Yellow-legged Thrush,0.0508,Gray Catbird,0.0403,True,1.0,0.1079,True,True,True
E1_no_metadata,Lesser_Goldfinch_1ft.wav,Birdsongs Recordings\1ft\Lesser_Goldfinch_1ft.wav,Lesser Goldfinch,Lesser Goldfinch,1ft,9.0,10.0,1.0,0.9920000000000009,0.9920000000000009,True,American Goldfinch,0.6807,Collared Sunbird,0.1391,Ruddy-breasted Seedeater,0.026,True,6.0,0.0131,False,False,False
E1_no_metadata,Mourning_Dove_1ft.wav,Birdsongs Recordings\1ft\Mourning_Dove_1ft.wav,Mourning Dove,Mourning Dove,1ft,0.0,3.0,3.0,1.0,0.3333333333333333,True,Mourning Dove,0.5822,Buff-spotted Flufftail,0.0578,White-tipped Dove,0.0394,True,1.0,0.5822,True,True,True
E1_no_metadata,Mourning_Dove_1ft.wav,Birdsongs Recordings\1ft\Mourning_Dove_1ft.wav,Mourning Dove,Mourning Dove,1ft,3.0,6.0,3.0,2.3,0.7666666666666666,True,Mourning Dove,0.9285,West Peruvian Dove,0.0174,Zenaida Dove,0.0093,True,1.0,0.9285,True,True,True
E1_no_metadata,Mourning_Dove_1ft.wav,Birdsongs Recordings\1ft\Mourning_Dove_1ft.wav,Mourning Dove,Mourning Dove,1ft,6.0,9.0,3.0,1.2999999999999998,0.4333333333333333,True,Mourning Dove,0.8296,Eurasian Collared-Dove,0.0393,West Peruvian Dove,0.0113,True,1.0,0.8296,True,True,True
E1_no_metadata,Mourning_Dove_1ft.wav,Birdsongs Recordings\1ft\Mourning_Dove_1ft.wav,Mourning Dove,Mourning Dove,1ft,9.0,10.0,1.0,0.0,0.0,False,Engine,0.0135,Human vocal,0.0058,Fork-tailed Bush Katydid,0.0057,False,,0.0,False,False,False
E1_no_metadata,Northern_House_Wren_1ft.wav,Birdsongs Recordings\1ft\Northern_House_Wren_1ft.wav,Northern House Wren,House Wren,1ft,0.0,3.0,3.0,2.7,0.9,True,House Wren,0.9754,Black-chinned Siskin,0.0076,Lewis's Woodpecker,0.0056,True,1.0,0.9754,True,True,True
E1_no_metadata,Northern_House_Wren_1ft.wav,Birdsongs Recordings\1ft\Northern_House_Wren_1ft.wav,Northern House Wren,House Wren,1ft,3.0,6.0,3.0,0.8000000000000003,0.2666666666666668,True,House Wren,0.3107,Marsh Wren,0.1221,Rufous-crowned Sparrow,0.0804,True,1.0,0.3107,True,True,True
E1_no_metadata,Northern_House_Wren_1ft.wav,Birdsongs Recordings\1ft\Northern_House_Wren_1ft.wav,Northern House Wren,House Wren,1ft,6.0,9.0,3.0,2.8000000000000007,0.9333333333333336,True,House Wren,0.992,Eastern Wood-Pewee,0.0024,Lewis's Woodpecker,0.0024,True,1.0,0.992,True,True,True
E1_no_metadata,Northern_House_Wren_1ft.wav,Birdsongs Recordings\1ft\Northern_House_Wren_1ft.wav,Northern House Wren,House Wren,1ft,9.0,10.0,1.0,0.0,0.0,False,Connecticut Warbler,0.0935,Kentucky Warbler,0.0556,Hooded Warbler,0.0408,False,,0.0,False,False,False
E1_no_metadata,Northern_Mockingbird_1ft.wav,Birdsongs Recordings\1ft\Northern_Mockingbird_1ft.wav,Northern Mockingbird,Northern Mockingbird,1ft,0.0,3.0,3.0,1.6499999999999997,0.5499999999999999,True,Northern Mockingbird,0.4919,Brown Thrasher,0.0786,Chalk-browed Mockingbird,0.0326,True,1.0,0.4919,True,True,True
E1_no_metadata,Northern_Mockingbird_1ft.wav,Birdsongs Recordings\1ft\Northern_Mockingbird_1ft.wav,Northern Mockingbird,Northern Mockingbird,1ft,3.0,6.0,3.0,1.1499999999999995,0.38333333333333314,True,Northern Mockingbird,0.5772,Canyon Towhee,0.0479,Tropical Mockingbird,0.0357,True,1.0,0.5772,True,True,True
E1_no_metadata,Northern_Mockingbird_1ft.wav,Birdsongs Recordings\1ft\Northern_Mockingbird_1ft.wav,Northern Mockingbird,Northern Mockingbird,1ft,6.0,9.0,3.0,2.13,0.71,True,Northern Mockingbird,0.1793,Wrentit,0.1652,Jacky-winter,0.0932,True,1.0,0.1793,True,True,True
E1_no_metadata,Northern_Mockingbird_1ft.wav,Birdsongs Recordings\1ft\Northern_Mockingbird_1ft.wav,Northern Mockingbird,Northern Mockingbird,1ft,9.0,10.0,1.0,0.27999999999999936,0.27999999999999936,True,Wrentit,0.1834,Jacky-winter,0.1155,Taiwan Hwamei,0.071,False,,0.0,False,False,False
E1_no_metadata,Northern_Yellow_Warbler_1ft.wav,Birdsongs Recordings\1ft\Northern_Yellow_Warbler_1ft.wav,Northern Yellow Warbler,Yellow Warbler,1ft,0.0,3.0,3.0,0.0,0.0,False,Common Virtuoso Katydid,0.4381,Common Nighthawk,0.0743,Fork-tailed Bush Katydid,0.0528,False,,0.0,False,False,False
E1_no_metadata,Northern_Yellow_Warbler_1ft.wav,Birdsongs Recordings\1ft\Northern_Yellow_Warbler_1ft.wav,Northern Yellow Warbler,Yellow Warbler,1ft,3.0,6.0,3.0,1.3499999999999996,0.4499999999999999,True,Yellow Warbler,0.9617,American Redstart,0.0107,Willow Flycatcher,0.0077,True,1.0,0.9617,True,True,True
E1_no_metadata,Northern_Yellow_Warbler_1ft.wav,Birdsongs Recordings\1ft\Northern_Yellow_Warbler_1ft.wav,Northern Yellow Warbler,Yellow Warbler,1ft,6.0,9.0,3.0,0.09999999999999964,0.033333333333333215,False,Common Virtuoso Katydid,0.1782,American Redstart,0.174,Greenish Warbler,0.0894,True,19.0,0.0098,False,False,False
E1_no_metadata,Northern_Yellow_Warbler_1ft.wav,Birdsongs Recordings\1ft\Northern_Yellow_Warbler_1ft.wav,Northern Yellow Warbler,Yellow Warbler,1ft,9.0,10.0,1.0,0.0,0.0,False,Engine,0.0444,Fork-tailed Bush Katydid,0.0287,Common Virtuoso Katydid,0.0101,False,,0.0,False,False,False
E1_no_metadata,Oak_Titmouse_1ft.wav,Birdsongs Recordings\1ft\Oak_Titmouse_1ft.wav,Oak Titmouse,Oak Titmouse,1ft,0.0,3.0,3.0,1.3,0.43333333333333335,True,Juniper Titmouse,0.8021,Oak Titmouse,0.6607,Bridled Titmouse,0.0237,True,2.0,0.6607,False,True,True
E1_no_metadata,Oak_Titmouse_1ft.wav,Birdsongs Recordings\1ft\Oak_Titmouse_1ft.wav,Oak Titmouse,Oak Titmouse,1ft,3.0,6.0,3.0,1.0000000000000004,0.3333333333333335,True,Oak Titmouse,0.9997,Spotted Towhee,0.0237,Tufted Titmouse,0.0237,True,1.0,0.9997,True,True,True
E1_no_metadata,Oak_Titmouse_1ft.wav,Birdsongs Recordings\1ft\Oak_Titmouse_1ft.wav,Oak Titmouse,Oak Titmouse,1ft,6.0,9.0,3.0,1.4499999999999993,0.4833333333333331,True,Oak Titmouse,0.9994,Carolina Wren,0.046,Juniper Titmouse,0.0206,True,1.0,0.9994,True,True,True
E1_no_metadata,Oak_Titmouse_1ft.wav,Birdsongs Recordings\1ft\Oak_Titmouse_1ft.wav,Oak Titmouse,Oak Titmouse,1ft,9.0,10.0,1.0,0.9000000000000004,0.9000000000000004,True,Oak Titmouse,0.9817,Brown Thrasher,0.1683,Spotted Towhee,0.0479,True,1.0,0.9817,True,True,True
E1_no_metadata,Rock_Pigeon_1ft.wav,Birdsongs Recordings\1ft\Rock_Pigeon_1ft.wav,Rock Pigeon,Rock Pigeon,1ft,0.0,3.0,3.0,1.5499999999999998,0.5166666666666666,True,Rock Pigeon,0.9875,Common Wood-Pigeon,0.0102,Engine,0.0091,True,1.0,0.9875,True,True,True
E1_no_metadata,Rock_Pigeon_1ft.wav,Birdsongs Recordings\1ft\Rock_Pigeon_1ft.wav,Rock Pigeon,Rock Pigeon,1ft,3.0,6.0,3.0,1.0499999999999998,0.3499999999999999,True,Rock Pigeon,0.9081,Black Phoebe,0.0683,Engine,0.0266,True,1.0,0.9081,True,True,True
E1_no_metadata,Rock_Pigeon_1ft.wav,Birdsongs Recordings\1ft\Rock_Pigeon_1ft.wav,Rock Pigeon,Rock Pigeon,1ft,6.0,9.0,3.0,1.0999999999999996,0.36666666666666653,True,Rock Pigeon,0.7613,Black Phoebe,0.1134,Canyon Wren,0.0178,True,1.0,0.7613,True,True,True
E1_no_metadata,Rock_Pigeon_1ft.wav,Birdsongs Recordings\1ft\Rock_Pigeon_1ft.wav,Rock Pigeon,Rock Pigeon,1ft,9.0,10.0,1.0,0.0,0.0,False,Fork-tailed Bush Katydid,0.0258,Engine,0.0191,Brown Fish-Owl,0.0077,False,,0.0,False,False,False
E1_no_metadata,Song_Sparrow_1ft.wav,Birdsongs Recordings\1ft\Song_Sparrow_1ft.wav,Song Sparrow,Song Sparrow,1ft,0.0,3.0,3.0,0.0,0.0,False,Common Virtuoso Katydid,0.1784,Pygmy Nuthatch,0.1193,Canada Goose,0.0546,True,5.0,0.0516,False,False,True
E1_no_metadata,Song_Sparrow_1ft.wav,Birdsongs Recordings\1ft\Song_Sparrow_1ft.wav,Song Sparrow,Song Sparrow,1ft,3.0,6.0,3.0,2.6500000000000004,0.8833333333333334,True,Song Sparrow,0.9159,Swamp Sparrow,0.0088,Virginia Rail,0.0063,True,1.0,0.9159,True,True,True
E1_no_metadata,Song_Sparrow_1ft.wav,Birdsongs Recordings\1ft\Song_Sparrow_1ft.wav,Song Sparrow,Song Sparrow,1ft,6.0,9.0,3.0,0.0,0.0,False,House Sparrow,0.049,Canada Goose,0.0403,Engine,0.0266,True,7.0,0.0163,False,False,False
E1_no_metadata,Song_Sparrow_1ft.wav,Birdsongs Recordings\1ft\Song_Sparrow_1ft.wav,Song Sparrow,Song Sparrow,1ft,9.0,10.0,1.0,0.0,0.0,False,Engine,0.024,Fireworks,0.0077,Eurasian Eagle-Owl,0.0066,False,,0.0,False,False,False
E1_no_metadata,Spotted_Towhee_1ft.wav,Birdsongs Recordings\1ft\Spotted_Towhee_1ft.wav,Spotted Towhee,Spotted Towhee,1ft,0.0,3.0,3.0,1.3,0.43333333333333335,True,Spotted Towhee,0.9864,Green-tailed Towhee,0.046,Eastern Towhee,0.014,True,1.0,0.9864,True,True,True
E1_no_metadata,Spotted_Towhee_1ft.wav,Birdsongs Recordings\1ft\Spotted_Towhee_1ft.wav,Spotted Towhee,Spotted Towhee,1ft,3.0,6.0,3.0,0.0,0.0,False,Common Virtuoso Katydid,0.1272,Engine,0.0609,Hammond's Flycatcher,0.0295,False,,0.0,False,False,False
E1_no_metadata,Spotted_Towhee_1ft.wav,Birdsongs Recordings\1ft\Spotted_Towhee_1ft.wav,Spotted Towhee,Spotted Towhee,1ft,6.0,9.0,3.0,1.3500000000000005,0.4500000000000002,True,Spotted Towhee,0.9658,Green-tailed Towhee,0.0828,Dickcissel,0.0075,True,1.0,0.9658,True,True,True
E1_no_metadata,Spotted_Towhee_1ft.wav,Birdsongs Recordings\1ft\Spotted_Towhee_1ft.wav,Spotted Towhee,Spotted Towhee,1ft,9.0,10.0,1.0,0.0,0.0,False,Fork-tailed Bush Katydid,0.0137,Engine,0.0127,Eurasian Eagle-Owl,0.0068,False,,0.0,False,False,False
E1_no_metadata,American_Robin_4ft.wav,Birdsongs Recordings\4ft\American_Robin_4ft.wav,American Robin,American Robin,4ft,0.0,3.0,3.0,2.45,0.8166666666666668,True,American Robin,0.9562,Summer Tanager,0.0349,Northern Mockingbird,0.015,True,1.0,0.9562,True,True,True
E1_no_metadata,American_Robin_4ft.wav,Birdsongs Recordings\4ft\American_Robin_4ft.wav,American Robin,American Robin,4ft,3.0,6.0,3.0,1.9000000000000004,0.6333333333333334,True,American Robin,0.9948,Austral Thrush,0.0044,Summer Tanager,0.0031,True,1.0,0.9948,True,True,True
E1_no_metadata,American_Robin_4ft.wav,Birdsongs Recordings\4ft\American_Robin_4ft.wav,American Robin,American Robin,4ft,6.0,9.0,3.0,1.4000000000000004,0.4666666666666668,True,American Robin,0.9539,Black Thrush,0.0518,Pale Thrush,0.0195,True,1.0,0.9539,True,True,True
E1_no_metadata,American_Robin_4ft.wav,Birdsongs Recordings\4ft\American_Robin_4ft.wav,American Robin,American Robin,4ft,9.0,10.0,1.0,1.0,1.0,True,American Robin,0.8464,Black-headed Grosbeak,0.1932,Rose-breasted Grosbeak,0.028,True,1.0,0.8464,True,True,True
E1_no_metadata,Annas_Hummingbird_4ft.wav,Birdsongs Recordings\4ft\Annas_Hummingbird_4ft.wav,Anna's Hummingbird,Anna's Hummingbird,4ft,0.0,3.0,3.0,1.5,0.5,True,Anna's Hummingbird,0.9932,Bananaquit,0.0008,Allen's Hummingbird,0.0007,True,1.0,0.9932,True,True,True
E1_no_metadata,Annas_Hummingbird_4ft.wav,Birdsongs Recordings\4ft\Annas_Hummingbird_4ft.wav,Anna's Hummingbird,Anna's Hummingbird,4ft,3.0,6.0,3.0,3.0,1.0,True,Anna's Hummingbird,0.9986,River Warbler,0.0022,House Wren,0.0019,True,1.0,0.9986,True,True,True
E1_no_metadata,Annas_Hummingbird_4ft.wav,Birdsongs Recordings\4ft\Annas_Hummingbird_4ft.wav,Anna's Hummingbird,Anna's Hummingbird,4ft,6.0,9.0,3.0,3.0,1.0,True,Anna's Hummingbird,0.9993,Bananaquit,0.005,Black Redstart,0.0024,True,1.0,0.9993,True,True,True
E1_no_metadata,Annas_Hummingbird_4ft.wav,Birdsongs Recordings\4ft\Annas_Hummingbird_4ft.wav,Anna's Hummingbird,Anna's Hummingbird,4ft,9.0,10.0,1.0,0.6999999999999993,0.6999999999999993,True,Anna's Hummingbird,0.9928,Rufous Hummingbird,0.0055,Blue-winged Warbler,0.0042,True,1.0,0.9928,True,True,True
E1_no_metadata,Barn_Swallow_4ft.wav,Birdsongs Recordings\4ft\Barn_Swallow_4ft.wav,Barn Swallow,Barn Swallow,4ft,0.0,3.0,3.0,2.7,0.9,True,Barn Swallow,0.9996,Bank Swallow,0.003,Tree Swallow,0.0005,True,1.0,0.9996,True,True,True
E1_no_metadata,Barn_Swallow_4ft.wav,Birdsongs Recordings\4ft\Barn_Swallow_4ft.wav,Barn Swallow,Barn Swallow,4ft,3.0,6.0,3.0,3.0,1.0,True,Barn Swallow,0.9995,Mistle Thrush,0.3064,Cliff Swallow,0.0416,True,1.0,0.9995,True,True,True
E1_no_metadata,Barn_Swallow_4ft.wav,Birdsongs Recordings\4ft\Barn_Swallow_4ft.wav,Barn Swallow,Barn Swallow,4ft,6.0,9.0,3.0,3.0,1.0,True,Barn Swallow,0.9991,Pacific Swallow,0.0512,Welcome Swallow,0.0163,True,1.0,0.9991,True,True,True
E1_no_metadata,Barn_Swallow_4ft.wav,Birdsongs Recordings\4ft\Barn_Swallow_4ft.wav,Barn Swallow,Barn Swallow,4ft,9.0,10.0,1.0,0.1999999999999993,0.1999999999999993,False,Mouse-colored Tyrannulet,0.0498,Streak-headed Antbird,0.0264,Rusty-headed Spinetail,0.0238,False,,0.0,False,False,False
E1_no_metadata,Bewicks_Wren_4ft.wav,Birdsongs Recordings\4ft\Bewicks_Wren_4ft.wav,Bewick's Wren,Bewick's Wren,4ft,0.0,3.0,3.0,2.4,0.7999999999999999,True,Bewick's Wren,0.7954,Black-throated Sparrow,0.0923,Song Sparrow,0.0666,True,1.0,0.7954,True,True,True
E1_no_metadata,Bewicks_Wren_4ft.wav,Birdsongs Recordings\4ft\Bewicks_Wren_4ft.wav,Bewick's Wren,Bewick's Wren,4ft,3.0,6.0,3.0,0.0,0.0,False,Black Phoebe,0.5682,Pygmy Nuthatch,0.0927,Engine,0.0403,False,,0.0,False,False,False
E1_no_metadata,Bewicks_Wren_4ft.wav,Birdsongs Recordings\4ft\Bewicks_Wren_4ft.wav,Bewick's Wren,Bewick's Wren,4ft,6.0,9.0,3.0,0.0,0.0,False,Engine,0.4912,Common Virtuoso Katydid,0.1749,Fork-tailed Bush Katydid,0.0786,False,,0.0,False,False,False
E1_no_metadata,Bewicks_Wren_4ft.wav,Birdsongs Recordings\4ft\Bewicks_Wren_4ft.wav,Bewick's Wren,Bewick's Wren,4ft,9.0,10.0,1.0,0.0,0.0,False,Engine,0.0246,Fireworks,0.0089,Fork-tailed Bush Katydid,0.006,False,,0.0,False,False,False
E1_no_metadata,Black_Phoebe_4ft.wav,Birdsongs Recordings\4ft\Black_Phoebe_4ft.wav,Black Phoebe,Black Phoebe,4ft,0.0,3.0,3.0,0.7500000000000002,0.25000000000000006,True,Black Phoebe,0.9975,Bushtit,0.0005,Engine,0.0004,True,1.0,0.9975,True,True,True
E1_no_metadata,Black_Phoebe_4ft.wav,Birdsongs Recordings\4ft\Black_Phoebe_4ft.wav,Black Phoebe,Black Phoebe,4ft,3.0,6.0,3.0,0.8999999999999999,0.3,True,Black Phoebe,0.9997,Engine,0.0089,Corn Bunting,0.0029,True,1.0,0.9997,True,True,True
E1_no_metadata,Black_Phoebe_4ft.wav,Birdsongs Recordings\4ft\Black_Phoebe_4ft.wav,Black Phoebe,Black Phoebe,4ft,6.0,9.0,3.0,0.7999999999999989,0.26666666666666633,True,Black Phoebe,0.9992,Eastern Phoebe,0.0011,Bushtit,0.0009,True,1.0,0.9992,True,True,True
E1_no_metadata,Black_Phoebe_4ft.wav,Birdsongs Recordings\4ft\Black_Phoebe_4ft.wav,Black Phoebe,Black Phoebe,4ft,9.0,10.0,1.0,0.40000000000000036,0.40000000000000036,True,Black Phoebe,0.9991,Engine,0.0011,Eastern Phoebe,0.001,True,1.0,0.9991,True,True,True
E1_no_metadata,California_Towhee_4ft.wav,Birdsongs Recordings\4ft\California_Towhee_4ft.wav,California Towhee,California Towhee,4ft,0.0,3.0,3.0,1.35,0.45,True,California Towhee,0.9997,White-throated Towhee,0.0056,Hooded Oriole,0.002,True,1.0,0.9997,True,True,True
E1_no_metadata,California_Towhee_4ft.wav,Birdsongs Recordings\4ft\California_Towhee_4ft.wav,California Towhee,California Towhee,4ft,3.0,6.0,3.0,0.0,0.0,False,Black Phoebe,0.4158,Common Virtuoso Katydid,0.0866,Olive-backed Sunbird,0.0384,False,,0.0,False,False,False
E1_no_metadata,California_Towhee_4ft.wav,Birdsongs Recordings\4ft\California_Towhee_4ft.wav,California Towhee,California Towhee,4ft,6.0,9.0,3.0,1.4499999999999993,0.4833333333333331,True,California Towhee,0.9922,Abert's Towhee,0.003,Hooded Oriole,0.0005,True,1.0,0.9922,True,True,True
E1_no_metadata,California_Towhee_4ft.wav,Birdsongs Recordings\4ft\California_Towhee_4ft.wav,California Towhee,California Towhee,4ft,9.0,10.0,1.0,0.0,0.0,False,Engine,0.0105,Common Virtuoso Katydid,0.0092,Fork-tailed Bush Katydid,0.0087,False,,0.0,False,False,False
E1_no_metadata,Dark_eyed_Junco_4ft.wav,Birdsongs Recordings\4ft\Dark_eyed_Junco_4ft.wav,Dark-eyed Junco,Dark-eyed Junco,4ft,0.0,3.0,3.0,1.7500000000000002,0.5833333333333334,True,Dark-eyed Junco,0.9602,Swamp Sparrow,0.097,Chipping Sparrow,0.0192,True,1.0,0.9602,True,True,True
E1_no_metadata,Dark_eyed_Junco_4ft.wav,Birdsongs Recordings\4ft\Dark_eyed_Junco_4ft.wav,Dark-eyed Junco,Dark-eyed Junco,4ft,3.0,6.0,3.0,0.0,0.0,False,Black Phoebe,0.4782,Common Virtuoso Katydid,0.1415,Pygmy Nuthatch,0.0642,False,,0.0,False,False,False
E1_no_metadata,Dark_eyed_Junco_4ft.wav,Birdsongs Recordings\4ft\Dark_eyed_Junco_4ft.wav,Dark-eyed Junco,Dark-eyed Junco,4ft,6.0,9.0,3.0,1.8500000000000005,0.6166666666666668,True,Dark-eyed Junco,0.983,Swamp Sparrow,0.073,Chipping Sparrow,0.0205,True,1.0,0.983,True,True,True
E1_no_metadata,Dark_eyed_Junco_4ft.wav,Birdsongs Recordings\4ft\Dark_eyed_Junco_4ft.wav,Dark-eyed Junco,Dark-eyed Junco,4ft,9.0,10.0,1.0,0.0,0.0,False,Black Phoebe,0.8861,Pygmy Nuthatch,0.1041,Hammond's Flycatcher,0.0632,False,,0.0,False,False,False
E1_no_metadata,European_Starling_4ft.wav,Birdsongs Recordings\4ft\European_Starling_4ft.wav,European Starling,European Starling,4ft,0.0,3.0,3.0,2.6,0.8666666666666667,True,Rusty Blackbird,0.2243,American Robin,0.1196,Freckle-breasted Thornbird,0.1025,True,14.0,0.0039,False,False,False
E1_no_metadata,European_Starling_4ft.wav,Birdsongs Recordings\4ft\European_Starling_4ft.wav,European Starling,European Starling,4ft,3.0,6.0,3.0,3.0,1.0,True,Black-capped Chickadee,0.2679,American Robin,0.2158,European Starling,0.078,True,3.0,0.078,False,True,True
E1_no_metadata,European_Starling_4ft.wav,Birdsongs Recordings\4ft\European_Starling_4ft.wav,European Starling,European Starling,4ft,6.0,9.0,3.0,3.0,1.0,True,European Starling,0.6804,Golden-crowned Sparrow,0.4729,Spotless Starling,0.1053,True,1.0,0.6804,True,True,True
E1_no_metadata,European_Starling_4ft.wav,Birdsongs Recordings\4ft\European_Starling_4ft.wav,European Starling,European Starling,4ft,9.0,10.0,1.0,1.0,1.0,True,European Starling,0.2921,Spotless Starling,0.2626,Rosy Starling,0.0979,True,1.0,0.2921,True,True,True
E1_no_metadata,Hooded_Oriole_4ft.wav,Birdsongs Recordings\4ft\Hooded_Oriole_4ft.wav,Hooded Oriole,Hooded Oriole,4ft,0.0,3.0,3.0,1.35,0.45,True,Hooded Oriole,0.9994,Cassin's Kingbird,0.0268,Bullock's Oriole,0.0228,True,1.0,0.9994,True,True,True
E1_no_metadata,Hooded_Oriole_4ft.wav,Birdsongs Recordings\4ft\Hooded_Oriole_4ft.wav,Hooded Oriole,Hooded Oriole,4ft,3.0,6.0,3.0,1.6500000000000008,0.5500000000000003,True,Hooded Oriole,0.9278,Curve-billed Thrasher,0.2312,Gray Catbird,0.0262,True,1.0,0.9278,True,True,True
E1_no_metadata,Hooded_Oriole_4ft.wav,Birdsongs Recordings\4ft\Hooded_Oriole_4ft.wav,Hooded Oriole,Hooded Oriole,4ft,6.0,9.0,3.0,2.4000000000000004,0.8000000000000002,True,Hooded Oriole,0.9863,Curve-billed Thrasher,0.4941,Orchard Oriole,0.0228,True,1.0,0.9863,True,True,True
E1_no_metadata,Hooded_Oriole_4ft.wav,Birdsongs Recordings\4ft\Hooded_Oriole_4ft.wav,Hooded Oriole,Hooded Oriole,4ft,9.0,10.0,1.0,0.8499999999999996,0.8499999999999996,True,Hooded Oriole,0.8006,Western Tanager,0.7782,California Thrasher,0.0171,True,1.0,0.8006,True,True,True
E1_no_metadata,House_Finch_4ft.wav,Birdsongs Recordings\4ft\House_Finch_4ft.wav,House Finch,House Finch,4ft,0.0,3.0,3.0,2.55,0.85,True,House Finch,0.937,Russet-crowned Warbler,0.0148,Purple Finch,0.013,True,1.0,0.937,True,True,True
E1_no_metadata,House_Finch_4ft.wav,Birdsongs Recordings\4ft\House_Finch_4ft.wav,House Finch,House Finch,4ft,3.0,6.0,3.0,0.6999999999999997,0.23333333333333325,True,House Finch,0.7383,Blue Grosbeak,0.0223,Olive Warbler,0.0182,True,1.0,0.7383,True,True,True
E1_no_metadata,House_Finch_4ft.wav,Birdsongs Recordings\4ft\House_Finch_4ft.wav,House Finch,House Finch,4ft,6.0,9.0,3.0,2.0,0.6666666666666666,True,House Finch,0.9675,Purple Finch,0.0473,Townsend's Solitaire,0.0364,True,1.0,0.9675,True,True,True
E1_no_metadata,House_Finch_4ft.wav,Birdsongs Recordings\4ft\House_Finch_4ft.wav,House Finch,House Finch,4ft,9.0,10.0,1.0,0.0,0.0,False,Eastern Bluebird,0.0447,Western Bluebird,0.0318,Rusty Blackbird,0.0244,False,,0.0,False,False,False
E1_no_metadata,House_Sparrow_4ft.wav,Birdsongs Recordings\4ft\House_Sparrow_4ft.wav,House Sparrow,House Sparrow,4ft,0.0,3.0,3.0,1.7420000000000002,0.5806666666666668,True,House Sparrow,0.6731,Italian Sparrow,0.1109,Spanish Sparrow,0.0202,True,1.0,0.6731,True,True,True
E1_no_metadata,House_Sparrow_4ft.wav,Birdsongs Recordings\4ft\House_Sparrow_4ft.wav,House Sparrow,House Sparrow,4ft,3.0,6.0,3.0,1.8359999999999999,0.612,True,House Sparrow,0.6954,Italian Sparrow,0.0184,Tree Swallow,0.0067,True,1.0,0.6954,True,True,True
E1_no_metadata,House_Sparrow_4ft.wav,Birdsongs Recordings\4ft\House_Sparrow_4ft.wav,House Sparrow,House Sparrow,4ft,6.0,9.0,3.0,1.8360000000000003,0.6120000000000001,True,House Sparrow,0.4291,Italian Sparrow,0.0291,Spanish Sparrow,0.0074,True,1.0,0.4291,True,True,True
E1_no_metadata,House_Sparrow_4ft.wav,Birdsongs Recordings\4ft\House_Sparrow_4ft.wav,House Sparrow,House Sparrow,4ft,9.0,10.0,1.0,0.6420000000000012,0.6420000000000012,True,House Sparrow,0.1432,Jungle Myna,0.0551,Yellow-throated Sparrow,0.0407,True,1.0,0.1432,True,True,True
E1_no_metadata,Lesser_Goldfinch_4ft.wav,Birdsongs Recordings\4ft\Lesser_Goldfinch_4ft.wav,Lesser Goldfinch,Lesser Goldfinch,4ft,0.0,3.0,3.0,3.0,1.0,True,Lesser Goldfinch,0.4046,Yellow-legged Thrush,0.0107,Yellow-bellied Siskin,0.0067,True,1.0,0.4046,True,True,True
E1_no_metadata,Lesser_Goldfinch_4ft.wav,Birdsongs Recordings\4ft\Lesser_Goldfinch_4ft.wav,Lesser Goldfinch,Lesser Goldfinch,4ft,3.0,6.0,3.0,2.3999999999999995,0.7999999999999998,True,Pallas's Leaf Warbler,0.5406,Lesser Goldfinch,0.0713,White-browed Wagtail,0.0308,True,2.0,0.0713,False,True,True
E1_no_metadata,Lesser_Goldfinch_4ft.wav,Birdsongs Recordings\4ft\Lesser_Goldfinch_4ft.wav,Lesser Goldfinch,Lesser Goldfinch,4ft,6.0,9.0,3.0,3.0,1.0,True,Lesser Goldfinch,0.3872,Yellow-legged Thrush,0.0513,Lawrence's Goldfinch,0.0281,True,1.0,0.3872,True,True,True
E1_no_metadata,Lesser_Goldfinch_4ft.wav,Birdsongs Recordings\4ft\Lesser_Goldfinch_4ft.wav,Lesser Goldfinch,Lesser Goldfinch,4ft,9.0,10.0,1.0,0.9920000000000009,0.9920000000000009,True,Collared Sunbird,0.4535,American Goldfinch,0.4459,Orinocan Saltator,0.0363,True,8.0,0.0076,False,False,False
E1_no_metadata,Mourning_Dove_4ft.wav,Birdsongs Recordings\4ft\Mourning_Dove_4ft.wav,Mourning Dove,Mourning Dove,4ft,0.0,3.0,3.0,1.0,0.3333333333333333,True,Mourning Dove,0.8717,Buff-spotted Flufftail,0.083,White-tipped Dove,0.0681,True,1.0,0.8717,True,True,True
E1_no_metadata,Mourning_Dove_4ft.wav,Birdsongs Recordings\4ft\Mourning_Dove_4ft.wav,Mourning Dove,Mourning Dove,4ft,3.0,6.0,3.0,2.3,0.7666666666666666,True,Mourning Dove,0.9449,Zenaida Dove,0.0296,White-winged Dove,0.0137,True,1.0,0.9449,True,True,True
E1_no_metadata,Mourning_Dove_4ft.wav,Birdsongs Recordings\4ft\Mourning_Dove_4ft.wav,Mourning Dove,Mourning Dove,4ft,6.0,9.0,3.0,1.2999999999999998,0.4333333333333333,True,Mourning Dove,0.6778,Eurasian Collared-Dove,0.0192,White-tipped Dove,0.0132,True,1.0,0.6778,True,True,True
E1_no_metadata,Mourning_Dove_4ft.wav,Birdsongs Recordings\4ft\Mourning_Dove_4ft.wav,Mourning Dove,Mourning Dove,4ft,9.0,10.0,1.0,0.0,0.0,False,Black Phoebe,0.9566,Yellow-bellied Flycatcher,0.0918,Hammond's Flycatcher,0.0736,False,,0.0,False,False,False
E1_no_metadata,Northern_House_Wren_4ft.wav,Birdsongs Recordings\4ft\Northern_House_Wren_4ft.wav,Northern House Wren,House Wren,4ft,0.0,3.0,3.0,2.7,0.9,True,House Wren,0.9954,Lewis's Woodpecker,0.0026,Lincoln's Sparrow,0.0015,True,1.0,0.9954,True,True,True
E1_no_metadata,Northern_House_Wren_4ft.wav,Birdsongs Recordings\4ft\Northern_House_Wren_4ft.wav,Northern House Wren,House Wren,4ft,3.0,6.0,3.0,0.8000000000000003,0.2666666666666668,True,House Wren,0.5479,Marsh Wren,0.0693,Connecticut Warbler,0.0674,True,1.0,0.5479,True,True,True
E1_no_metadata,Northern_House_Wren_4ft.wav,Birdsongs Recordings\4ft\Northern_House_Wren_4ft.wav,Northern House Wren,House Wren,4ft,6.0,9.0,3.0,2.8000000000000007,0.9333333333333336,True,House Wren,0.9978,Eastern Wood-Pewee,0.0021,Carolina Chickadee,0.0018,True,1.0,0.9978,True,True,True
E1_no_metadata,Northern_House_Wren_4ft.wav,Birdsongs Recordings\4ft\Northern_House_Wren_4ft.wav,Northern House Wren,House Wren,4ft,9.0,10.0,1.0,0.0,0.0,False,Yellow-bellied Flycatcher,0.3215,Hammond's Flycatcher,0.0333,Black Phoebe,0.0287,False,,0.0,False,False,False
E1_no_metadata,Northern_Mockingbird_4ft.wav,Birdsongs Recordings\4ft\Northern_Mockingbird_4ft.wav,Northern Mockingbird,Northern Mockingbird,4ft,0.0,3.0,3.0,1.6499999999999997,0.5499999999999999,True,Northern Mockingbird,0.8118,Brown Thrasher,0.313,Chalk-browed Mockingbird,0.1514,True,1.0,0.8118,True,True,True
E1_no_metadata,Northern_Mockingbird_4ft.wav,Birdsongs Recordings\4ft\Northern_Mockingbird_4ft.wav,Northern Mockingbird,Northern Mockingbird,4ft,3.0,6.0,3.0,1.1499999999999995,0.38333333333333314,True,Northern Mockingbird,0.3423,Tropical Mockingbird,0.054,Crissal Thrasher,0.0098,True,1.0,0.3423,True,True,True
E1_no_metadata,Northern_Mockingbird_4ft.wav,Birdsongs Recordings\4ft\Northern_Mockingbird_4ft.wav,Northern Mockingbird,Northern Mockingbird,4ft,6.0,9.0,3.0,2.13,0.71,True,Northern Mockingbird,0.2844,Chinese Blackbird,0.1124,Tropical Mockingbird,0.0283,True,1.0,0.2844,True,True,True
E1_no_metadata,Northern_Mockingbird_4ft.wav,Birdsongs Recordings\4ft\Northern_Mockingbird_4ft.wav,Northern Mockingbird,Northern Mockingbird,4ft,9.0,10.0,1.0,0.27999999999999936,0.27999999999999936,True,Black Drongo,0.0397,Square-tailed Bulbul,0.039,Chinese Blackbird,0.0322,False,,0.0,False,False,False
E1_no_metadata,Northern_Yellow_Warbler_4ft.wav,Birdsongs Recordings\4ft\Northern_Yellow_Warbler_4ft.wav,Northern Yellow Warbler,Yellow Warbler,4ft,0.0,3.0,3.0,0.0,0.0,False,Common Virtuoso Katydid,0.9627,Allen's Hummingbird,0.1939,Rufous Hummingbird,0.1637,False,,0.0,False,False,False
E1_no_metadata,Northern_Yellow_Warbler_4ft.wav,Birdsongs Recordings\4ft\Northern_Yellow_Warbler_4ft.wav,Northern Yellow Warbler,Yellow Warbler,4ft,3.0,6.0,3.0,1.3499999999999996,0.4499999999999999,True,Yellow Warbler,0.9331,American Redstart,0.0306,Chestnut-sided Warbler,0.0075,True,1.0,0.9331,True,True,True
E1_no_metadata,Northern_Yellow_Warbler_4ft.wav,Birdsongs Recordings\4ft\Northern_Yellow_Warbler_4ft.wav,Northern Yellow Warbler,Yellow Warbler,4ft,6.0,9.0,3.0,0.09999999999999964,0.033333333333333215,False,Common Virtuoso Katydid,0.2776,American Redstart,0.2445,Pacific-slope Flycatcher,0.0233,False,,0.0,False,False,False
E1_no_metadata,Northern_Yellow_Warbler_4ft.wav,Birdsongs Recordings\4ft\Northern_Yellow_Warbler_4ft.wav,Northern Yellow Warbler,Yellow Warbler,4ft,9.0,10.0,1.0,0.0,0.0,False,Sickle-winged Guan,0.0196,Philadelphia Vireo,0.0177,Eastern Towhee,0.0167,False,,0.0,False,False,False
E1_no_metadata,Oak_Titmouse_4ft.wav,Birdsongs Recordings\4ft\Oak_Titmouse_4ft.wav,Oak Titmouse,Oak Titmouse,4ft,0.0,3.0,3.0,1.3,0.43333333333333335,True,Juniper Titmouse,0.9185,Oak Titmouse,0.5834,Canyon Towhee,0.0095,True,2.0,0.5834,False,True,True
E1_no_metadata,Oak_Titmouse_4ft.wav,Birdsongs Recordings\4ft\Oak_Titmouse_4ft.wav,Oak Titmouse,Oak Titmouse,4ft,3.0,6.0,3.0,1.0000000000000004,0.3333333333333335,True,Oak Titmouse,0.9986,Tufted Titmouse,0.0041,Spotted Towhee,0.0023,True,1.0,0.9986,True,True,True
E1_no_metadata,Oak_Titmouse_4ft.wav,Birdsongs Recordings\4ft\Oak_Titmouse_4ft.wav,Oak Titmouse,Oak Titmouse,4ft,6.0,9.0,3.0,1.4499999999999993,0.4833333333333331,True,Oak Titmouse,0.9978,Carolina Wren,0.0227,Tufted Titmouse,0.0062,True,1.0,0.9978,True,True,True
E1_no_metadata,Oak_Titmouse_4ft.wav,Birdsongs Recordings\4ft\Oak_Titmouse_4ft.wav,Oak Titmouse,Oak Titmouse,4ft,9.0,10.0,1.0,0.9000000000000004,0.9000000000000004,True,Oak Titmouse,0.9989,Juniper Titmouse,0.0086,Tufted Titmouse,0.0022,True,1.0,0.9989,True,True,True
E1_no_metadata,Rock_Pigeon_4ft.wav,Birdsongs Recordings\4ft\Rock_Pigeon_4ft.wav,Rock Pigeon,Rock Pigeon,4ft,0.0,3.0,3.0,1.5499999999999998,0.5166666666666666,True,Rock Pigeon,0.9918,Tawny-browed Owl,0.0045,Speckled Pigeon,0.0043,True,1.0,0.9918,True,True,True
E1_no_metadata,Rock_Pigeon_4ft.wav,Birdsongs Recordings\4ft\Rock_Pigeon_4ft.wav,Rock Pigeon,Rock Pigeon,4ft,3.0,6.0,3.0,1.0499999999999998,0.3499999999999999,True,Rock Pigeon,0.9938,Least Bittern,0.0051,Tawny-browed Owl,0.0042,True,1.0,0.9938,True,True,True
E1_no_metadata,Rock_Pigeon_4ft.wav,Birdsongs Recordings\4ft\Rock_Pigeon_4ft.wav,Rock Pigeon,Rock Pigeon,4ft,6.0,9.0,3.0,1.0999999999999996,0.36666666666666653,True,Rock Pigeon,0.9948,Tawny-browed Owl,0.0149,Great Horned Owl,0.0026,True,1.0,0.9948,True,True,True
E1_no_metadata,Rock_Pigeon_4ft.wav,Birdsongs Recordings\4ft\Rock_Pigeon_4ft.wav,Rock Pigeon,Rock Pigeon,4ft,9.0,10.0,1.0,0.0,0.0,False,Scarlet Tanager,0.086,Ruby-throated Hummingbird,0.0254,Allen's Hummingbird,0.023,False,,0.0,False,False,False
E1_no_metadata,Song_Sparrow_4ft.wav,Birdsongs Recordings\4ft\Song_Sparrow_4ft.wav,Song Sparrow,Song Sparrow,4ft,0.0,3.0,3.0,0.0,0.0,False,Common Virtuoso Katydid,0.3351,Great Tit,0.0958,Northern Cardinal,0.0852,True,5.0,0.0392,False,False,True
E1_no_metadata,Song_Sparrow_4ft.wav,Birdsongs Recordings\4ft\Song_Sparrow_4ft.wav,Song Sparrow,Song Sparrow,4ft,3.0,6.0,3.0,2.6500000000000004,0.8833333333333334,True,Song Sparrow,0.9624,Swamp Sparrow,0.0028,Bewick's Wren,0.0019,True,1.0,0.9624,True,True,True
E1_no_metadata,Song_Sparrow_4ft.wav,Birdsongs Recordings\4ft\Song_Sparrow_4ft.wav,Song Sparrow,Song Sparrow,4ft,6.0,9.0,3.0,0.0,0.0,False,Scarlet Tanager,0.0707,Common Virtuoso Katydid,0.0384,Cape May Warbler,0.0297,False,,0.0,False,False,False
E1_no_metadata,Song_Sparrow_4ft.wav,Birdsongs Recordings\4ft\Song_Sparrow_4ft.wav,Song Sparrow,Song Sparrow,4ft,9.0,10.0,1.0,0.0,0.0,False,Osprey,0.1213,Scarlet Tanager,0.1171,Summer Tanager,0.0689,False,,0.0,False,False,False
E1_no_metadata,Spotted_Towhee_4ft.wav,Birdsongs Recordings\4ft\Spotted_Towhee_4ft.wav,Spotted Towhee,Spotted Towhee,4ft,0.0,3.0,3.0,1.3,0.43333333333333335,True,Spotted Towhee,0.9862,Green-tailed Towhee,0.0338,Yellow-eyed Junco,0.003,True,1.0,0.9862,True,True,True
E1_no_metadata,Spotted_Towhee_4ft.wav,Birdsongs Recordings\4ft\Spotted_Towhee_4ft.wav,Spotted Towhee,Spotted Towhee,4ft,3.0,6.0,3.0,0.0,0.0,False,Common Virtuoso Katydid,0.0674,Little Ringed Plover,0.0359,Wrentit,0.0348,False,,0.0,False,False,False
E1_no_metadata,Spotted_Towhee_4ft.wav,Birdsongs Recordings\4ft\Spotted_Towhee_4ft.wav,Spotted Towhee,Spotted Towhee,4ft,6.0,9.0,3.0,1.3500000000000005,0.4500000000000002,True,Spotted Towhee,0.9896,Green-tailed Towhee,0.1019,Virginia's Warbler,0.0044,True,1.0,0.9896,True,True,True
E1_no_metadata,Spotted_Towhee_4ft.wav,Birdsongs Recordings\4ft\Spotted_Towhee_4ft.wav,Spotted Towhee,Spotted Towhee,4ft,9.0,10.0,1.0,0.0,0.0,False,Bohemian Waxwing,0.1361,Common Kingfisher,0.1208,Dunnock,0.0232,False,,0.0,False,False,False
E1_no_metadata,American_Robin_8ft.wav,Birdsongs Recordings\8ft\American_Robin_8ft.wav,American Robin,American Robin,8ft,0.0,3.0,3.0,2.45,0.8166666666666668,True,American Robin,0.7723,Summer Tanager,0.2135,Song Thrush,0.0357,True,1.0,0.7723,True,True,True
E1_no_metadata,American_Robin_8ft.wav,Birdsongs Recordings\8ft\American_Robin_8ft.wav,American Robin,American Robin,8ft,3.0,6.0,3.0,1.9000000000000004,0.6333333333333334,True,American Robin,0.9597,Black-billed Thrush,0.0241,Austral Thrush,0.0155,True,1.0,0.9597,True,True,True
E1_no_metadata,American_Robin_8ft.wav,Birdsongs Recordings\8ft\American_Robin_8ft.wav,American Robin,American Robin,8ft,6.0,9.0,3.0,1.4000000000000004,0.4666666666666668,True,American Robin,0.969,Black Thrush,0.0365,Baltimore Oriole,0.0228,True,1.0,0.969,True,True,True
E1_no_metadata,American_Robin_8ft.wav,Birdsongs Recordings\8ft\American_Robin_8ft.wav,American Robin,American Robin,8ft,9.0,10.0,1.0,1.0,1.0,True,American Robin,0.7264,Black-headed Grosbeak,0.1164,Austral Thrush,0.0267,True,1.0,0.7264,True,True,True
E1_no_metadata,Annas_Hummingbird_8ft.wav,Birdsongs Recordings\8ft\Annas_Hummingbird_8ft.wav,Anna's Hummingbird,Anna's Hummingbird,8ft,0.0,3.0,3.0,1.5,0.5,True,Anna's Hummingbird,0.991,River Warbler,0.0059,Black Phoebe,0.002,True,1.0,0.991,True,True,True
E1_no_metadata,Annas_Hummingbird_8ft.wav,Birdsongs Recordings\8ft\Annas_Hummingbird_8ft.wav,Anna's Hummingbird,Anna's Hummingbird,8ft,3.0,6.0,3.0,3.0,1.0,True,Anna's Hummingbird,0.9947,River Warbler,0.0892,White-browed Scrubwren,0.0037,True,1.0,0.9947,True,True,True
E1_no_metadata,Annas_Hummingbird_8ft.wav,Birdsongs Recordings\8ft\Annas_Hummingbird_8ft.wav,Anna's Hummingbird,Anna's Hummingbird,8ft,6.0,9.0,3.0,3.0,1.0,True,Anna's Hummingbird,0.9986,Black Redstart,0.0035,Savannah Sparrow,0.0014,True,1.0,0.9986,True,True,True
E1_no_metadata,Annas_Hummingbird_8ft.wav,Birdsongs Recordings\8ft\Annas_Hummingbird_8ft.wav,Anna's Hummingbird,Anna's Hummingbird,8ft,9.0,10.0,1.0,0.6999999999999993,0.6999999999999993,True,Anna's Hummingbird,0.8509,Grassland Yellow-Finch,0.1683,Clay-colored Sparrow,0.0979,True,1.0,0.8509,True,True,True
E1_no_metadata,Barn_Swallow_8ft.wav,Birdsongs Recordings\8ft\Barn_Swallow_8ft.wav,Barn Swallow,Barn Swallow,8ft,0.0,3.0,3.0,2.7,0.9,True,Barn Swallow,0.9986,Common House-Martin,0.0027,Bank Swallow,0.0009,True,1.0,0.9986,True,True,True
E1_no_metadata,Barn_Swallow_8ft.wav,Birdsongs Recordings\8ft\Barn_Swallow_8ft.wav,Barn Swallow,Barn Swallow,8ft,3.0,6.0,3.0,3.0,1.0,True,Barn Swallow,0.9943,Red-rumped Swallow,0.0892,Cliff Swallow,0.0683,True,1.0,0.9943,True,True,True
E1_no_metadata,Barn_Swallow_8ft.wav,Birdsongs Recordings\8ft\Barn_Swallow_8ft.wav,Barn Swallow,Barn Swallow,8ft,6.0,9.0,3.0,3.0,1.0,True,Barn Swallow,0.9782,Red-rumped Swallow,0.0159,Common House-Martin,0.0063,True,1.0,0.9782,True,True,True
E1_no_metadata,Barn_Swallow_8ft.wav,Birdsongs Recordings\8ft\Barn_Swallow_8ft.wav,Barn Swallow,Barn Swallow,8ft,9.0,10.0,1.0,0.1999999999999993,0.1999999999999993,False,White-bearded Manakin,0.0432,Rufous-crowned Pygmy-Tyrant,0.0342,Mouse-colored Tyrannulet,0.0205,False,,0.0,False,False,False
E1_no_metadata,Bewicks_Wren_8ft.wav,Birdsongs Recordings\8ft\Bewicks_Wren_8ft.wav,Bewick's Wren,Bewick's Wren,8ft,0.0,3.0,3.0,2.4,0.7999999999999999,True,Bewick's Wren,0.8914,Black-throated Sparrow,0.317,Song Sparrow,0.0098,True,1.0,0.8914,True,True,True
E1_no_metadata,Bewicks_Wren_8ft.wav,Birdsongs Recordings\8ft\Bewicks_Wren_8ft.wav,Bewick's Wren,Bewick's Wren,8ft,3.0,6.0,3.0,0.0,0.0,False,Black Phoebe,0.3167,Cooper's Hawk,0.1127,Indian Gray Hornbill,0.0508,False,,0.0,False,False,False
E1_no_metadata,Bewicks_Wren_8ft.wav,Birdsongs Recordings\8ft\Bewicks_Wren_8ft.wav,Bewick's Wren,Bewick's Wren,8ft,6.0,9.0,3.0,0.0,0.0,False,Black Phoebe,0.4148,Tufted Titmouse,0.0351,Gray Catbird,0.0328,False,,0.0,False,False,False
E1_no_metadata,Bewicks_Wren_8ft.wav,Birdsongs Recordings\8ft\Bewicks_Wren_8ft.wav,Bewick's Wren,Bewick's Wren,8ft,9.0,10.0,1.0,0.0,0.0,False,Jerdon's Nightjar,0.0137,Indian Scops-Owl,0.0104,Spotted Owlet,0.01,False,,0.0,False,False,False
E1_no_metadata,Black_Phoebe_8ft.wav,Birdsongs Recordings\8ft\Black_Phoebe_8ft.wav,Black Phoebe,Black Phoebe,8ft,0.0,3.0,3.0,0.7500000000000002,0.25000000000000006,True,Black Phoebe,0.9982,Bushtit,0.0005,Tropical Kingbird,0.0004,True,1.0,0.9982,True,True,True
E1_no_metadata,Black_Phoebe_8ft.wav,Birdsongs Recordings\8ft\Black_Phoebe_8ft.wav,Black Phoebe,Black Phoebe,8ft,3.0,6.0,3.0,0.8999999999999999,0.3,True,Black Phoebe,0.9994,Tropical Kingbird,0.001,Gray Kingbird,0.0006,True,1.0,0.9994,True,True,True
E1_no_metadata,Black_Phoebe_8ft.wav,Birdsongs Recordings\8ft\Black_Phoebe_8ft.wav,Black Phoebe,Black Phoebe,8ft,6.0,9.0,3.0,0.7999999999999989,0.26666666666666633,True,Black Phoebe,0.9984,Eastern Phoebe,0.001,Anna's Hummingbird,0.0007,True,1.0,0.9984,True,True,True
E1_no_metadata,Black_Phoebe_8ft.wav,Birdsongs Recordings\8ft\Black_Phoebe_8ft.wav,Black Phoebe,Black Phoebe,8ft,9.0,10.0,1.0,0.40000000000000036,0.40000000000000036,True,Black Phoebe,0.9996,Bushtit,0.0003,Lesser Goldfinch,0.0003,True,1.0,0.9996,True,True,True
E1_no_metadata,California_Towhee_8ft.wav,Birdsongs Recordings\8ft\California_Towhee_8ft.wav,California Towhee,California Towhee,8ft,0.0,3.0,3.0,1.35,0.45,True,California Towhee,0.9996,Orange-crowned Warbler,0.0013,Nuttall's Woodpecker,0.0012,True,1.0,0.9996,True,True,True
E1_no_metadata,California_Towhee_8ft.wav,Birdsongs Recordings\8ft\California_Towhee_8ft.wav,California Towhee,California Towhee,8ft,3.0,6.0,3.0,0.0,0.0,False,Black Phoebe,0.4809,Common Virtuoso Katydid,0.0792,Mississippi Kite,0.0133,False,,0.0,False,False,False
E1_no_metadata,California_Towhee_8ft.wav,Birdsongs Recordings\8ft\California_Towhee_8ft.wav,California Towhee,California Towhee,8ft,6.0,9.0,3.0,1.4499999999999993,0.4833333333333331,True,California Towhee,0.9931,Abert's Towhee,0.0021,California Thrasher,0.0005,True,1.0,0.9931,True,True,True
E1_no_metadata,California_Towhee_8ft.wav,Birdsongs Recordings\8ft\California_Towhee_8ft.wav,California Towhee,California Towhee,8ft,9.0,10.0,1.0,0.0,0.0,False,Yellow-bellied Tyrannulet,0.0731,Southern Beardless-Tyrannulet,0.0325,Cooper's Hawk,0.0307,False,,0.0,False,False,False
E1_no_metadata,Dark_eyed_Junco_8ft.wav,Birdsongs Recordings\8ft\Dark_eyed_Junco_8ft.wav,Dark-eyed Junco,Dark-eyed Junco,8ft,0.0,3.0,3.0,1.7500000000000002,0.5833333333333334,True,Dark-eyed Junco,0.9579,Swamp Sparrow,0.0669,Cirl Bunting,0.0161,True,1.0,0.9579,True,True,True
E1_no_metadata,Dark_eyed_Junco_8ft.wav,Birdsongs Recordings\8ft\Dark_eyed_Junco_8ft.wav,Dark-eyed Junco,Dark-eyed Junco,8ft,3.0,6.0,3.0,0.0,0.0,False,Black Phoebe,0.5473,Yellow-bellied Flycatcher,0.1212,Common Virtuoso Katydid,0.1156,False,,0.0,False,False,False
E1_no_metadata,Dark_eyed_Junco_8ft.wav,Birdsongs Recordings\8ft\Dark_eyed_Junco_8ft.wav,Dark-eyed Junco,Dark-eyed Junco,8ft,6.0,9.0,3.0,1.8500000000000005,0.6166666666666668,True,Dark-eyed Junco,0.9858,Swamp Sparrow,0.0394,Chipping Sparrow,0.0211,True,1.0,0.9858,True,True,True
E1_no_metadata,Dark_eyed_Junco_8ft.wav,Birdsongs Recordings\8ft\Dark_eyed_Junco_8ft.wav,Dark-eyed Junco,Dark-eyed Junco,8ft,9.0,10.0,1.0,0.0,0.0,False,Black Phoebe,0.0506,Mississippi Kite,0.0499,Cooper's Hawk,0.0146,False,,0.0,False,False,False
E1_no_metadata,European_Starling_8ft.wav,Birdsongs Recordings\8ft\European_Starling_8ft.wav,European Starling,European Starling,8ft,0.0,3.0,3.0,2.6,0.8666666666666667,True,Rusty Blackbird,0.4225,Boat-tailed Grackle,0.1772,American Robin,0.1391,False,,0.0,False,False,False
E1_no_metadata,European_Starling_8ft.wav,Birdsongs Recordings\8ft\European_Starling_8ft.wav,European Starling,European Starling,8ft,3.0,6.0,3.0,3.0,1.0,True,American Robin,0.113,European Starling,0.0692,Black-capped Chickadee,0.0544,True,2.0,0.0692,False,True,True
E1_no_metadata,European_Starling_8ft.wav,Birdsongs Recordings\8ft\European_Starling_8ft.wav,European Starling,European Starling,8ft,6.0,9.0,3.0,3.0,1.0,True,European Starling,0.3068,Lemon-rumped Warbler,0.0576,Spotless Starling,0.0534,True,1.0,0.3068,True,True,True
E1_no_metadata,European_Starling_8ft.wav,Birdsongs Recordings\8ft\European_Starling_8ft.wav,European Starling,European Starling,8ft,9.0,10.0,1.0,1.0,1.0,True,Spotless Starling,0.2851,European Starling,0.2004,Yellow-rumped Marshbird,0.1815,True,2.0,0.2004,False,True,True
E1_no_metadata,Hooded_Oriole_8ft.wav,Birdsongs Recordings\8ft\Hooded_Oriole_8ft.wav,Hooded Oriole,Hooded Oriole,8ft,0.0,3.0,3.0,1.35,0.45,True,Hooded Oriole,0.9939,Orchard Oriole,0.0203,White-eyed Vireo,0.0081,True,1.0,0.9939,True,True,True
E1_no_metadata,Hooded_Oriole_8ft.wav,Birdsongs Recordings\8ft\Hooded_Oriole_8ft.wav,Hooded Oriole,Hooded Oriole,8ft,3.0,6.0,3.0,1.6500000000000008,0.5500000000000003,True,Hooded Oriole,0.3795,Gray Catbird,0.013,Streak-backed Oriole,0.006,True,1.0,0.3795,True,True,True
E1_no_metadata,Hooded_Oriole_8ft.wav,Birdsongs Recordings\8ft\Hooded_Oriole_8ft.wav,Hooded Oriole,Hooded Oriole,8ft,6.0,9.0,3.0,2.4000000000000004,0.8000000000000002,True,Hooded Oriole,0.9871,Curve-billed Thrasher,0.0992,Orchard Oriole,0.0503,True,1.0,0.9871,True,True,True
E1_no_metadata,Hooded_Oriole_8ft.wav,Birdsongs Recordings\8ft\Hooded_Oriole_8ft.wav,Hooded Oriole,Hooded Oriole,8ft,9.0,10.0,1.0,0.8499999999999996,0.8499999999999996,True,Western Tanager,0.863,Hooded Oriole,0.3495,Cassin's Finch,0.0171,True,2.0,0.3495,False,True,True
E1_no_metadata,House_Finch_8ft.wav,Birdsongs Recordings\8ft\House_Finch_8ft.wav,House Finch,House Finch,8ft,0.0,3.0,3.0,2.55,0.85,True,House Finch,0.6912,European Robin,0.0646,European Greenfinch,0.021,True,1.0,0.6912,True,True,True
E1_no_metadata,House_Finch_8ft.wav,Birdsongs Recordings\8ft\House_Finch_8ft.wav,House Finch,House Finch,8ft,3.0,6.0,3.0,0.6999999999999997,0.23333333333333325,True,Red-whiskered Bulbul,0.0407,House Finch,0.0358,Sooty-headed Bulbul,0.0243,True,2.0,0.0358,False,True,True
E1_no_metadata,House_Finch_8ft.wav,Birdsongs Recordings\8ft\House_Finch_8ft.wav,House Finch,House Finch,8ft,6.0,9.0,3.0,2.0,0.6666666666666666,True,House Finch,0.1712,European Robin,0.047,Snow Bunting,0.0241,True,1.0,0.1712,True,True,True
E1_no_metadata,House_Finch_8ft.wav,Birdsongs Recordings\8ft\House_Finch_8ft.wav,House Finch,House Finch,8ft,9.0,10.0,1.0,0.0,0.0,False,Black Phoebe,0.8078,Yellow-bellied Flycatcher,0.0332,Cooper's Hawk,0.0139,False,,0.0,False,False,False
E1_no_metadata,House_Sparrow_8ft.wav,Birdsongs Recordings\8ft\House_Sparrow_8ft.wav,House Sparrow,House Sparrow,8ft,0.0,3.0,3.0,1.7420000000000002,0.5806666666666668,True,House Sparrow,0.1793,Karoo Scrub-Robin,0.0475,Italian Sparrow,0.0433,True,1.0,0.1793,True,True,True
E1_no_metadata,House_Sparrow_8ft.wav,Birdsongs Recordings\8ft\House_Sparrow_8ft.wav,House Sparrow,House Sparrow,8ft,3.0,6.0,3.0,1.8359999999999999,0.612,True,House Sparrow,0.2466,Reed Bunting,0.0517,Patagonian Sierra Finch,0.0406,True,1.0,0.2466,True,True,True
E1_no_metadata,House_Sparrow_8ft.wav,Birdsongs Recordings\8ft\House_Sparrow_8ft.wav,House Sparrow,House Sparrow,8ft,6.0,9.0,3.0,1.8360000000000003,0.6120000000000001,True,House Sparrow,0.3691,Italian Sparrow,0.0951,Tree Swallow,0.0179,True,1.0,0.3691,True,True,True
E1_no_metadata,House_Sparrow_8ft.wav,Birdsongs Recordings\8ft\House_Sparrow_8ft.wav,House Sparrow,House Sparrow,8ft,9.0,10.0,1.0,0.6420000000000012,0.6420000000000012,True,House Sparrow,0.3607,Italian Sparrow,0.0624,Spanish Sparrow,0.0516,True,1.0,0.3607,True,True,True
E1_no_metadata,Lesser_Goldfinch_8ft.wav,Birdsongs Recordings\8ft\Lesser_Goldfinch_8ft.wav,Lesser Goldfinch,Lesser Goldfinch,8ft,0.0,3.0,3.0,3.0,1.0,True,Lesser Goldfinch,0.4873,Lawrence's Goldfinch,0.0206,Yellow-bellied Siskin,0.0061,True,1.0,0.4873,True,True,True
E1_no_metadata,Lesser_Goldfinch_8ft.wav,Birdsongs Recordings\8ft\Lesser_Goldfinch_8ft.wav,Lesser Goldfinch,Lesser Goldfinch,8ft,3.0,6.0,3.0,2.3999999999999995,0.7999999999999998,True,Pallas's Leaf Warbler,0.1024,Lesser Goldfinch,0.0463,Lazuli Bunting,0.0431,True,2.0,0.0463,False,True,True
E1_no_metadata,Lesser_Goldfinch_8ft.wav,Birdsongs Recordings\8ft\Lesser_Goldfinch_8ft.wav,Lesser Goldfinch,Lesser Goldfinch,8ft,6.0,9.0,3.0,3.0,1.0,True,Lesser Goldfinch,0.2305,Bluethroat,0.0627,Masked Gnatcatcher,0.0048,True,1.0,0.2305,True,True,True
E1_no_metadata,Lesser_Goldfinch_8ft.wav,Birdsongs Recordings\8ft\Lesser_Goldfinch_8ft.wav,Lesser Goldfinch,Lesser Goldfinch,8ft,9.0,10.0,1.0,0.9920000000000009,0.9920000000000009,True,American Goldfinch,0.226,Black-faced Brushfinch,0.1644,Orinocan Saltator,0.0739,True,18.0,0.0047,False,False,False
E1_no_metadata,Mourning_Dove_8ft.wav,Birdsongs Recordings\8ft\Mourning_Dove_8ft.wav,Mourning Dove,Mourning Dove,8ft,0.0,3.0,3.0,1.0,0.3333333333333333,True,Black Phoebe,0.4863,White-tipped Dove,0.3808,Buff-spotted Flufftail,0.2854,True,5.0,0.1052,False,False,True
E1_no_metadata,Mourning_Dove_8ft.wav,Birdsongs Recordings\8ft\Mourning_Dove_8ft.wav,Mourning Dove,Mourning Dove,8ft,3.0,6.0,3.0,2.3,0.7666666666666666,True,Mourning Dove,0.5156,Black Phoebe,0.0798,Zenaida Dove,0.06,True,1.0,0.5156,True,True,True
E1_no_metadata,Mourning_Dove_8ft.wav,Birdsongs Recordings\8ft\Mourning_Dove_8ft.wav,Mourning Dove,Mourning Dove,8ft,6.0,9.0,3.0,1.2999999999999998,0.4333333333333333,True,White-tipped Dove,0.3151,Eurasian Collared-Dove,0.0292,Mourning Dove,0.0199,True,3.0,0.0199,False,True,True
E1_no_metadata,Mourning_Dove_8ft.wav,Birdsongs Recordings\8ft\Mourning_Dove_8ft.wav,Mourning Dove,Mourning Dove,8ft,9.0,10.0,1.0,0.0,0.0,False,Black Phoebe,0.8517,Lemon-browed Flycatcher,0.015,Gray Kingbird,0.0052,False,,0.0,False,False,False
E1_no_metadata,Northern_House_Wren_8ft.wav,Birdsongs Recordings\8ft\Northern_House_Wren_8ft.wav,Northern House Wren,House Wren,8ft,0.0,3.0,3.0,2.7,0.9,True,House Wren,0.9912,Orange-crowned Warbler,0.0024,Black-chinned Siskin,0.0021,True,1.0,0.9912,True,True,True
E1_no_metadata,Northern_House_Wren_8ft.wav,Birdsongs Recordings\8ft\Northern_House_Wren_8ft.wav,Northern House Wren,House Wren,8ft,3.0,6.0,3.0,0.8000000000000003,0.2666666666666668,True,House Wren,0.1471,Rufous-crowned Sparrow,0.0966,Yellow-green Vireo,0.0964,True,1.0,0.1471,True,True,True
E1_no_metadata,Northern_House_Wren_8ft.wav,Birdsongs Recordings\8ft\Northern_House_Wren_8ft.wav,Northern House Wren,House Wren,8ft,6.0,9.0,3.0,2.8000000000000007,0.9333333333333336,True,House Wren,0.9958,Eastern Wood-Pewee,0.002,American Goldfinch,0.0015,True,1.0,0.9958,True,True,True
E1_no_metadata,Northern_House_Wren_8ft.wav,Birdsongs Recordings\8ft\Northern_House_Wren_8ft.wav,Northern House Wren,House Wren,8ft,9.0,10.0,1.0,0.0,0.0,False,Black Phoebe,0.9019,Lemon-browed Flycatcher,0.0044,Lesser Goldfinch,0.0043,False,,0.0,False,False,False
E1_no_metadata,Northern_Mockingbird_8ft.wav,Birdsongs Recordings\8ft\Northern_Mockingbird_8ft.wav,Northern Mockingbird,Northern Mockingbird,8ft,0.0,3.0,3.0,1.6499999999999997,0.5499999999999999,True,Northern Mockingbird,0.3954,Brown Thrasher,0.1815,Chalk-browed Mockingbird,0.0439,True,1.0,0.3954,True,True,True
E1_no_metadata,Northern_Mockingbird_8ft.wav,Birdsongs Recordings\8ft\Northern_Mockingbird_8ft.wav,Northern Mockingbird,Northern Mockingbird,8ft,3.0,6.0,3.0,1.1499999999999995,0.38333333333333314,True,Northern Mockingbird,0.5643,Tropical Mockingbird,0.4621,Great-tailed Grackle,0.0247,True,1.0,0.5643,True,True,True
E1_no_metadata,Northern_Mockingbird_8ft.wav,Birdsongs Recordings\8ft\Northern_Mockingbird_8ft.wav,Northern Mockingbird,Northern Mockingbird,8ft,6.0,9.0,3.0,2.13,0.71,True,Northern Mockingbird,0.8684,Tropical Mockingbird,0.1242,Chinese Blackbird,0.0733,True,1.0,0.8684,True,True,True
E1_no_metadata,Northern_Mockingbird_8ft.wav,Birdsongs Recordings\8ft\Northern_Mockingbird_8ft.wav,Northern Mockingbird,Northern Mockingbird,8ft,9.0,10.0,1.0,0.27999999999999936,0.27999999999999936,True,Jacky-winter,0.547,Wrentit,0.3603,Orange Oriole,0.1192,True,10.0,0.0151,False,False,False
E1_no_metadata,Northern_Yellow_Warbler_8ft.wav,Birdsongs Recordings\8ft\Northern_Yellow_Warbler_8ft.wav,Northern Yellow Warbler,Yellow Warbler,8ft,0.0,3.0,3.0,0.0,0.0,False,Black Phoebe,0.8058,Couch's Kingbird,0.0271,Cooper's Hawk,0.0138,False,,0.0,False,False,False
E1_no_metadata,Northern_Yellow_Warbler_8ft.wav,Birdsongs Recordings\8ft\Northern_Yellow_Warbler_8ft.wav,Northern Yellow Warbler,Yellow Warbler,8ft,3.0,6.0,3.0,1.3499999999999996,0.4499999999999999,True,Yellow Warbler,0.9017,Black Phoebe,0.0411,Willow Flycatcher,0.0056,True,1.0,0.9017,True,True,True
E1_no_metadata,Northern_Yellow_Warbler_8ft.wav,Birdsongs Recordings\8ft\Northern_Yellow_Warbler_8ft.wav,Northern Yellow Warbler,Yellow Warbler,8ft,6.0,9.0,3.0,0.09999999999999964,0.033333333333333215,False,Black Phoebe,0.9709,Song Sparrow,0.0303,Common Virtuoso Katydid,0.0097,True,11.0,0.005,False,False,False
E1_no_metadata,Northern_Yellow_Warbler_8ft.wav,Birdsongs Recordings\8ft\Northern_Yellow_Warbler_8ft.wav,Northern Yellow Warbler,Yellow Warbler,8ft,9.0,10.0,1.0,0.0,0.0,False,Black Phoebe,0.9328,Ruddy-tailed Flycatcher,0.0153,White-tailed Nightjar,0.011,False,,0.0,False,False,False
E1_no_metadata,Oak_Titmouse_8ft.wav,Birdsongs Recordings\8ft\Oak_Titmouse_8ft.wav,Oak Titmouse,Oak Titmouse,8ft,0.0,3.0,3.0,1.3,0.43333333333333335,True,Black Phoebe,0.063,Juniper Titmouse,0.0268,Oak Titmouse,0.0161,True,3.0,0.0161,False,True,True
E1_no_metadata,Oak_Titmouse_8ft.wav,Birdsongs Recordings\8ft\Oak_Titmouse_8ft.wav,Oak Titmouse,Oak Titmouse,8ft,3.0,6.0,3.0,1.0000000000000004,0.3333333333333335,True,Oak Titmouse,0.9964,Brown Thrasher,0.0088,Black Phoebe,0.006,True,1.0,0.9964,True,True,True
E1_no_metadata,Oak_Titmouse_8ft.wav,Birdsongs Recordings\8ft\Oak_Titmouse_8ft.wav,Oak Titmouse,Oak Titmouse,8ft,6.0,9.0,3.0,1.4499999999999993,0.4833333333333331,True,Oak Titmouse,0.9976,Carolina Wren,0.0246,Black Phoebe,0.0108,True,1.0,0.9976,True,True,True
E1_no_metadata,Oak_Titmouse_8ft.wav,Birdsongs Recordings\8ft\Oak_Titmouse_8ft.wav,Oak Titmouse,Oak Titmouse,8ft,9.0,10.0,1.0,0.9000000000000004,0.9000000000000004,True,Oak Titmouse,0.9995,Spotted Towhee,0.011,Great Tit,0.0097,True,1.0,0.9995,True,True,True
E1_no_metadata,Rock_Pigeon_8ft.wav,Birdsongs Recordings\8ft\Rock_Pigeon_8ft.wav,Rock Pigeon,Rock Pigeon,8ft,0.0,3.0,3.0,1.5499999999999998,0.5166666666666666,True,Rock Pigeon,0.9995,Black Phoebe,0.0152,Tawny-browed Owl,0.0074,True,1.0,0.9995,True,True,True
E1_no_metadata,Rock_Pigeon_8ft.wav,Birdsongs Recordings\8ft\Rock_Pigeon_8ft.wav,Rock Pigeon,Rock Pigeon,8ft,3.0,6.0,3.0,1.0499999999999998,0.3499999999999999,True,Rock Pigeon,0.9966,Black Phoebe,0.1867,Tawny-browed Owl,0.0084,True,1.0,0.9966,True,True,True
E1_no_metadata,Rock_Pigeon_8ft.wav,Birdsongs Recordings\8ft\Rock_Pigeon_8ft.wav,Rock Pigeon,Rock Pigeon,8ft,6.0,9.0,3.0,1.0999999999999996,0.36666666666666653,True,Rock Pigeon,0.9981,Black Phoebe,0.2282,Tawny-browed Owl,0.011,True,1.0,0.9981,True,True,True
E1_no_metadata,Rock_Pigeon_8ft.wav,Birdsongs Recordings\8ft\Rock_Pigeon_8ft.wav,Rock Pigeon,Rock Pigeon,8ft,9.0,10.0,1.0,0.0,0.0,False,Greater Racket-tailed Drongo,0.0549,Chestnut-naped Antpitta,0.0363,Banded Bay Cuckoo,0.0286,False,,0.0,False,False,False
E1_no_metadata,Song_Sparrow_8ft.wav,Birdsongs Recordings\8ft\Song_Sparrow_8ft.wav,Song Sparrow,Song Sparrow,8ft,0.0,3.0,3.0,0.0,0.0,False,House Finch,0.0982,Common Virtuoso Katydid,0.0635,Northern Rough-winged Swallow,0.0364,False,,0.0,False,False,False
E1_no_metadata,Song_Sparrow_8ft.wav,Birdsongs Recordings\8ft\Song_Sparrow_8ft.wav,Song Sparrow,Song Sparrow,8ft,3.0,6.0,3.0,2.6500000000000004,0.8833333333333334,True,Song Sparrow,0.9496,Swamp Sparrow,0.0057,Virginia Rail,0.0019,True,1.0,0.9496,True,True,True
E1_no_metadata,Song_Sparrow_8ft.wav,Birdsongs Recordings\8ft\Song_Sparrow_8ft.wav,Song Sparrow,Song Sparrow,8ft,6.0,9.0,3.0,0.0,0.0,False,Black Phoebe,0.9349,Gray Kingbird,0.0081,Common Nighthawk,0.0078,True,7.0,0.0052,False,False,False
E1_no_metadata,Song_Sparrow_8ft.wav,Birdsongs Recordings\8ft\Song_Sparrow_8ft.wav,Song Sparrow,Song Sparrow,8ft,9.0,10.0,1.0,0.0,0.0,False,Black Phoebe,0.9552,Couch's Kingbird,0.0137,White-tailed Nightjar,0.0116,False,,0.0,False,False,False
E1_no_metadata,Spotted_Towhee_8ft.wav,Birdsongs Recordings\8ft\Spotted_Towhee_8ft.wav,Spotted Towhee,Spotted Towhee,8ft,0.0,3.0,3.0,1.3,0.43333333333333335,True,Spotted Towhee,0.9755,Green-tailed Towhee,0.0427,Yellow-eyed Junco,0.0039,True,1.0,0.9755,True,True,True
E1_no_metadata,Spotted_Towhee_8ft.wav,Birdsongs Recordings\8ft\Spotted_Towhee_8ft.wav,Spotted Towhee,Spotted Towhee,8ft,3.0,6.0,3.0,0.0,0.0,False,Black Phoebe,0.3251,Common Virtuoso Katydid,0.238,Micronesian Starling,0.0338,False,,0.0,False,False,False
E1_no_metadata,Spotted_Towhee_8ft.wav,Birdsongs Recordings\8ft\Spotted_Towhee_8ft.wav,Spotted Towhee,Spotted Towhee,8ft,6.0,9.0,3.0,1.3500000000000005,0.4500000000000002,True,Spotted Towhee,0.9697,Green-tailed Towhee,0.0875,Eastern Towhee,0.0099,True,1.0,0.9697,True,True,True
E1_no_metadata,Spotted_Towhee_8ft.wav,Birdsongs Recordings\8ft\Spotted_Towhee_8ft.wav,Spotted Towhee,Spotted Towhee,8ft,9.0,10.0,1.0,0.0,0.0,False,Black Phoebe,0.7975,Rock Wren,0.0106,Vermilion Flycatcher,0.009,False,,0.0,False,False,False
E1_no_metadata,American_Robin_12ft.wav,Birdsongs Recordings\12ft\American_Robin_12ft.wav,American Robin,American Robin,12ft,0.0,3.0,3.0,2.45,0.8166666666666668,True,American Robin,0.6385,Summer Tanager,0.2341,Black-headed Grosbeak,0.0284,True,1.0,0.6385,True,True,True
E1_no_metadata,American_Robin_12ft.wav,Birdsongs Recordings\12ft\American_Robin_12ft.wav,American Robin,American Robin,12ft,3.0,6.0,3.0,1.9000000000000004,0.6333333333333334,True,American Robin,0.6101,Black-billed Thrush,0.1327,Austral Thrush,0.007,True,1.0,0.6101,True,True,True
E1_no_metadata,American_Robin_12ft.wav,Birdsongs Recordings\12ft\American_Robin_12ft.wav,American Robin,American Robin,12ft,6.0,9.0,3.0,1.4000000000000004,0.4666666666666668,True,American Robin,0.789,Black Thrush,0.024,Brown-headed Thrush,0.0211,True,1.0,0.789,True,True,True
E1_no_metadata,American_Robin_12ft.wav,Birdsongs Recordings\12ft\American_Robin_12ft.wav,American Robin,American Robin,12ft,9.0,10.0,1.0,1.0,1.0,True,American Robin,0.8056,Black-headed Grosbeak,0.2784,Pale Thrush,0.0316,True,1.0,0.8056,True,True,True
E1_no_metadata,Annas_Hummingbird_12ft.wav,Birdsongs Recordings\12ft\Annas_Hummingbird_12ft.wav,Anna's Hummingbird,Anna's Hummingbird,12ft,0.0,3.0,3.0,1.5,0.5,True,Anna's Hummingbird,0.9398,Bananaquit,0.0048,River Warbler,0.0047,True,1.0,0.9398,True,True,True
E1_no_metadata,Annas_Hummingbird_12ft.wav,Birdsongs Recordings\12ft\Annas_Hummingbird_12ft.wav,Anna's Hummingbird,Anna's Hummingbird,12ft,3.0,6.0,3.0,3.0,1.0,True,Anna's Hummingbird,0.9994,River Warbler,0.0114,Black Redstart,0.0059,True,1.0,0.9994,True,True,True
E1_no_metadata,Annas_Hummingbird_12ft.wav,Birdsongs Recordings\12ft\Annas_Hummingbird_12ft.wav,Anna's Hummingbird,Anna's Hummingbird,12ft,6.0,9.0,3.0,3.0,1.0,True,Anna's Hummingbird,0.9988,Black Redstart,0.0227,Russet Bush Warbler,0.0104,True,1.0,0.9988,True,True,True
E1_no_metadata,Annas_Hummingbird_12ft.wav,Birdsongs Recordings\12ft\Annas_Hummingbird_12ft.wav,Anna's Hummingbird,Anna's Hummingbird,12ft,9.0,10.0,1.0,0.6999999999999993,0.6999999999999993,True,Anna's Hummingbird,0.9942,Rufous Hummingbird,0.0184,Clay-colored Sparrow,0.0168,True,1.0,0.9942,True,True,True
E1_no_metadata,Barn_Swallow_12ft.wav,Birdsongs Recordings\12ft\Barn_Swallow_12ft.wav,Barn Swallow,Barn Swallow,12ft,0.0,3.0,3.0,2.7,0.9,True,Barn Swallow,0.9977,Nelson's Sparrow,0.0011,Grasshopper Sparrow,0.001,True,1.0,0.9977,True,True,True
E1_no_metadata,Barn_Swallow_12ft.wav,Birdsongs Recordings\12ft\Barn_Swallow_12ft.wav,Barn Swallow,Barn Swallow,12ft,3.0,6.0,3.0,3.0,1.0,True,Barn Swallow,0.9988,Cliff Swallow,0.2432,Pacific Swallow,0.0861,True,1.0,0.9988,True,True,True
E1_no_metadata,Barn_Swallow_12ft.wav,Birdsongs Recordings\12ft\Barn_Swallow_12ft.wav,Barn Swallow,Barn Swallow,12ft,6.0,9.0,3.0,3.0,1.0,True,Barn Swallow,0.9961,Cliff Swallow,0.0158,Cave Swallow,0.0092,True,1.0,0.9961,True,True,True
E1_no_metadata,Barn_Swallow_12ft.wav,Birdsongs Recordings\12ft\Barn_Swallow_12ft.wav,Barn Swallow,Barn Swallow,12ft,9.0,10.0,1.0,0.1999999999999993,0.1999999999999993,False,Mouse-colored Tyrannulet,0.0895,White-bearded Manakin,0.0763,Yellow-chinned Spinetail,0.0357,False,,0.0,False,False,False
E1_no_metadata,Bewicks_Wren_12ft.wav,Birdsongs Recordings\12ft\Bewicks_Wren_12ft.wav,Bewick's Wren,Bewick's Wren,12ft,0.0,3.0,3.0,2.4,0.7999999999999999,True,Bewick's Wren,0.8706,Black-throated Sparrow,0.0809,Song Sparrow,0.0201,True,1.0,0.8706,True,True,True
E1_no_metadata,Bewicks_Wren_12ft.wav,Birdsongs Recordings\12ft\Bewicks_Wren_12ft.wav,Bewick's Wren,Bewick's Wren,12ft,3.0,6.0,3.0,0.0,0.0,False,Common Virtuoso Katydid,0.0939,Red-rumped Swallow,0.0723,House Finch,0.0341,False,,0.0,False,False,False
E1_no_metadata,Bewicks_Wren_12ft.wav,Birdsongs Recordings\12ft\Bewicks_Wren_12ft.wav,Bewick's Wren,Bewick's Wren,12ft,6.0,9.0,3.0,0.0,0.0,False,Common Virtuoso Katydid,0.2198,Red-rumped Swallow,0.1189,Monk Parakeet,0.0295,False,,0.0,False,False,False
E1_no_metadata,Bewicks_Wren_12ft.wav,Birdsongs Recordings\12ft\Bewicks_Wren_12ft.wav,Bewick's Wren,Bewick's Wren,12ft,9.0,10.0,1.0,0.0,0.0,False,Indian Scops-Owl,0.0965,Jerdon's Nightjar,0.0474,Spotted Owlet,0.0433,False,,0.0,False,False,False
E1_no_metadata,Black_Phoebe_12ft.wav,Birdsongs Recordings\12ft\Black_Phoebe_12ft.wav,Black Phoebe,Black Phoebe,12ft,0.0,3.0,3.0,0.7500000000000002,0.25000000000000006,True,Black Phoebe,0.9958,White-breasted Waterhen,0.004,Shikra,0.002,True,1.0,0.9958,True,True,True
E1_no_metadata,Black_Phoebe_12ft.wav,Birdsongs Recordings\12ft\Black_Phoebe_12ft.wav,Black Phoebe,Black Phoebe,12ft,3.0,6.0,3.0,0.8999999999999999,0.3,True,Black Phoebe,0.9899,Common Virtuoso Katydid,0.0363,Gray Kingbird,0.0123,True,1.0,0.9899,True,True,True
E1_no_metadata,Black_Phoebe_12ft.wav,Birdsongs Recordings\12ft\Black_Phoebe_12ft.wav,Black Phoebe,Black Phoebe,12ft,6.0,9.0,3.0,0.7999999999999989,0.26666666666666633,True,Black Phoebe,0.9937,Common Virtuoso Katydid,0.0353,Song Sparrow,0.0136,True,1.0,0.9937,True,True,True
E1_no_metadata,Black_Phoebe_12ft.wav,Birdsongs Recordings\12ft\Black_Phoebe_12ft.wav,Black Phoebe,Black Phoebe,12ft,9.0,10.0,1.0,0.40000000000000036,0.40000000000000036,True,Black Phoebe,0.9997,Patagonian Tyrant,0.0009,Tropical Kingbird,0.0006,True,1.0,0.9997,True,True,True
E1_no_metadata,California_Towhee_12ft.wav,Birdsongs Recordings\12ft\California_Towhee_12ft.wav,California Towhee,California Towhee,12ft,0.0,3.0,3.0,1.35,0.45,True,California Towhee,0.999,Orange-crowned Warbler,0.0009,Pyrrhuloxia,0.0007,True,1.0,0.999,True,True,True
E1_no_metadata,California_Towhee_12ft.wav,Birdsongs Recordings\12ft\California_Towhee_12ft.wav,California Towhee,California Towhee,12ft,3.0,6.0,3.0,0.0,0.0,False,Common Virtuoso Katydid,0.7044,House Finch,0.3337,Austral Thrush,0.0574,False,,0.0,False,False,False
E1_no_metadata,California_Towhee_12ft.wav,Birdsongs Recordings\12ft\California_Towhee_12ft.wav,California Towhee,California Towhee,12ft,6.0,9.0,3.0,1.4499999999999993,0.4833333333333331,True,California Towhee,0.9913,Abert's Towhee,0.0072,White-throated Towhee,0.0004,True,1.0,0.9913,True,True,True
E1_no_metadata,California_Towhee_12ft.wav,Birdsongs Recordings\12ft\California_Towhee_12ft.wav,California Towhee,California Towhee,12ft,9.0,10.0,1.0,0.0,0.0,False,Savanna Nightjar,0.1446,Northern Rough-winged Swallow,0.0193,Woodhouse's Scrub-Jay,0.0148,False,,0.0,False,False,False
E1_no_metadata,Dark_eyed_Junco_12ft.wav,Birdsongs Recordings\12ft\Dark_eyed_Junco_12ft.wav,Dark-eyed Junco,Dark-eyed Junco,12ft,0.0,3.0,3.0,1.7500000000000002,0.5833333333333334,True,Dark-eyed Junco,0.929,Cirl Bunting,0.0463,Swamp Sparrow,0.0165,True,1.0,0.929,True,True,True
E1_no_metadata,Dark_eyed_Junco_12ft.wav,Birdsongs Recordings\12ft\Dark_eyed_Junco_12ft.wav,Dark-eyed Junco,Dark-eyed Junco,12ft,3.0,6.0,3.0,0.0,0.0,False,Savanna Nightjar,0.1435,Common Virtuoso Katydid,0.1318,Woodhouse's Scrub-Jay,0.0385,False,,0.0,False,False,False
E1_no_metadata,Dark_eyed_Junco_12ft.wav,Birdsongs Recordings\12ft\Dark_eyed_Junco_12ft.wav,Dark-eyed Junco,Dark-eyed Junco,12ft,6.0,9.0,3.0,1.8500000000000005,0.6166666666666668,True,Dark-eyed Junco,0.9696,Cirl Bunting,0.0754,Chipping Sparrow,0.0369,True,1.0,0.9696,True,True,True
E1_no_metadata,Dark_eyed_Junco_12ft.wav,Birdsongs Recordings\12ft\Dark_eyed_Junco_12ft.wav,Dark-eyed Junco,Dark-eyed Junco,12ft,9.0,10.0,1.0,0.0,0.0,False,Red-whiskered Bulbul,0.0483,Savanna Nightjar,0.034,Red-vented Bulbul,0.0312,False,,0.0,False,False,False
E1_no_metadata,European_Starling_12ft.wav,Birdsongs Recordings\12ft\European_Starling_12ft.wav,European Starling,European Starling,12ft,0.0,3.0,3.0,2.6,0.8666666666666667,True,Freckle-breasted Thornbird,0.4246,Broad-winged Hawk,0.2969,Rusty Blackbird,0.2959,False,,0.0,False,False,False
E1_no_metadata,European_Starling_12ft.wav,Birdsongs Recordings\12ft\European_Starling_12ft.wav,European Starling,European Starling,12ft,3.0,6.0,3.0,3.0,1.0,True,American Robin,0.0778,American Tree Sparrow,0.0426,Black-capped Chickadee,0.0265,True,4.0,0.0253,False,False,True
E1_no_metadata,European_Starling_12ft.wav,Birdsongs Recordings\12ft\European_Starling_12ft.wav,European Starling,European Starling,12ft,6.0,9.0,3.0,3.0,1.0,True,European Starling,0.562,Blue-throated Mountain-gem,0.0987,Spotless Starling,0.0864,True,1.0,0.562,True,True,True
E1_no_metadata,European_Starling_12ft.wav,Birdsongs Recordings\12ft\European_Starling_12ft.wav,European Starling,European Starling,12ft,9.0,10.0,1.0,1.0,1.0,True,European Starling,0.1816,Spotless Starling,0.1566,Rosy Starling,0.0668,True,1.0,0.1816,True,True,True
E1_no_metadata,Hooded_Oriole_12ft.wav,Birdsongs Recordings\12ft\Hooded_Oriole_12ft.wav,Hooded Oriole,Hooded Oriole,12ft,0.0,3.0,3.0,1.35,0.45,True,Hooded Oriole,0.9354,Cassin's Kingbird,0.0409,Orchard Oriole,0.0186,True,1.0,0.9354,True,True,True
E1_no_metadata,Hooded_Oriole_12ft.wav,Birdsongs Recordings\12ft\Hooded_Oriole_12ft.wav,Hooded Oriole,Hooded Oriole,12ft,3.0,6.0,3.0,1.6500000000000008,0.5500000000000003,True,Hooded Oriole,0.2606,Gray Catbird,0.0897,Curve-billed Thrasher,0.0313,True,1.0,0.2606,True,True,True
E1_no_metadata,Hooded_Oriole_12ft.wav,Birdsongs Recordings\12ft\Hooded_Oriole_12ft.wav,Hooded Oriole,Hooded Oriole,12ft,6.0,9.0,3.0,2.4000000000000004,0.8000000000000002,True,Hooded Oriole,0.9234,Orchard Oriole,0.1422,Curve-billed Thrasher,0.0436,True,1.0,0.9234,True,True,True
E1_no_metadata,Hooded_Oriole_12ft.wav,Birdsongs Recordings\12ft\Hooded_Oriole_12ft.wav,Hooded Oriole,Hooded Oriole,12ft,9.0,10.0,1.0,0.8499999999999996,0.8499999999999996,True,Western Tanager,0.8465,Hooded Oriole,0.3892,California Thrasher,0.1016,True,2.0,0.3892,False,True,True
E1_no_metadata,House_Finch_12ft.wav,Birdsongs Recordings\12ft\House_Finch_12ft.wav,House Finch,House Finch,12ft,0.0,3.0,3.0,2.55,0.85,True,House Finch,0.9257,Purple Finch,0.0445,Orchard Oriole,0.0155,True,1.0,0.9257,True,True,True
E1_no_metadata,House_Finch_12ft.wav,Birdsongs Recordings\12ft\House_Finch_12ft.wav,House Finch,House Finch,12ft,3.0,6.0,3.0,0.6999999999999997,0.23333333333333325,True,House Finch,0.278,Red-whiskered Bulbul,0.1128,Sooty-headed Bulbul,0.0248,True,1.0,0.278,True,True,True
E1_no_metadata,House_Finch_12ft.wav,Birdsongs Recordings\12ft\House_Finch_12ft.wav,House Finch,House Finch,12ft,6.0,9.0,3.0,2.0,0.6666666666666666,True,House Finch,0.7589,Orchard Oriole,0.0505,Townsend's Solitaire,0.022,True,1.0,0.7589,True,True,True
E1_no_metadata,House_Finch_12ft.wav,Birdsongs Recordings\12ft\House_Finch_12ft.wav,House Finch,House Finch,12ft,9.0,10.0,1.0,0.0,0.0,False,Savanna Nightjar,0.0839,Long-tailed Shrike,0.0522,Northern Rough-winged Swallow,0.0362,False,,0.0,False,False,False
E1_no_metadata,House_Sparrow_12ft.wav,Birdsongs Recordings\12ft\House_Sparrow_12ft.wav,House Sparrow,House Sparrow,12ft,0.0,3.0,3.0,1.7420000000000002,0.5806666666666668,True,House Sparrow,0.3421,Italian Sparrow,0.038,Gray Catbird,0.007,True,1.0,0.3421,True,True,True
E1_no_metadata,House_Sparrow_12ft.wav,Birdsongs Recordings\12ft\House_Sparrow_12ft.wav,House Sparrow,House Sparrow,12ft,3.0,6.0,3.0,1.8359999999999999,0.612,True,House Sparrow,0.7826,Italian Sparrow,0.0647,Eurasian Tree Sparrow,0.0124,True,1.0,0.7826,True,True,True
E1_no_metadata,House_Sparrow_12ft.wav,Birdsongs Recordings\12ft\House_Sparrow_12ft.wav,House Sparrow,House Sparrow,12ft,6.0,9.0,3.0,1.8360000000000003,0.6120000000000001,True,House Sparrow,0.5012,Italian Sparrow,0.0736,Spanish Sparrow,0.0054,True,1.0,0.5012,True,True,True
E1_no_metadata,House_Sparrow_12ft.wav,Birdsongs Recordings\12ft\House_Sparrow_12ft.wav,House Sparrow,House Sparrow,12ft,9.0,10.0,1.0,0.6420000000000012,0.6420000000000012,True,House Sparrow,0.2264,Yellow-legged Thrush,0.0433,Square-tailed Bulbul,0.0394,True,1.0,0.2264,True,True,True
E1_no_metadata,Lesser_Goldfinch_12ft.wav,Birdsongs Recordings\12ft\Lesser_Goldfinch_12ft.wav,Lesser Goldfinch,Lesser Goldfinch,12ft,0.0,3.0,3.0,3.0,1.0,True,Lesser Goldfinch,0.443,Pallas's Leaf Warbler,0.0736,Oriental Magpie-Robin,0.0587,True,1.0,0.443,True,True,True
E1_no_metadata,Lesser_Goldfinch_12ft.wav,Birdsongs Recordings\12ft\Lesser_Goldfinch_12ft.wav,Lesser Goldfinch,Lesser Goldfinch,12ft,3.0,6.0,3.0,2.3999999999999995,0.7999999999999998,True,Pallas's Leaf Warbler,0.6538,White-browed Wagtail,0.139,Oriental Magpie-Robin,0.0565,True,6.0,0.0137,False,False,False
E1_no_metadata,Lesser_Goldfinch_12ft.wav,Birdsongs Recordings\12ft\Lesser_Goldfinch_12ft.wav,Lesser Goldfinch,Lesser Goldfinch,12ft,6.0,9.0,3.0,3.0,1.0,True,Lesser Goldfinch,0.3586,Oriental Magpie-Robin,0.0139,Pallas's Leaf Warbler,0.0097,True,1.0,0.3586,True,True,True
E1_no_metadata,Lesser_Goldfinch_12ft.wav,Birdsongs Recordings\12ft\Lesser_Goldfinch_12ft.wav,Lesser Goldfinch,Lesser Goldfinch,12ft,9.0,10.0,1.0,0.9920000000000009,0.9920000000000009,True,American Goldfinch,0.1928,Collared Sunbird,0.1329,Sayaca Tanager,0.0738,False,,0.0,False,False,False
E1_no_metadata,Mourning_Dove_12ft.wav,Birdsongs Recordings\12ft\Mourning_Dove_12ft.wav,Mourning Dove,Mourning Dove,12ft,0.0,3.0,3.0,1.0,0.3333333333333333,True,Mourning Dove,0.4292,White-tipped Dove,0.0886,Wedge-tailed Shearwater,0.065,True,1.0,0.4292,True,True,True
E1_no_metadata,Mourning_Dove_12ft.wav,Birdsongs Recordings\12ft\Mourning_Dove_12ft.wav,Mourning Dove,Mourning Dove,12ft,3.0,6.0,3.0,2.3,0.7666666666666666,True,Mourning Dove,0.9556,Eurasian Collared-Dove,0.0205,Black-billed Wood-Dove,0.0126,True,1.0,0.9556,True,True,True
E1_no_metadata,Mourning_Dove_12ft.wav,Birdsongs Recordings\12ft\Mourning_Dove_12ft.wav,Mourning Dove,Mourning Dove,12ft,6.0,9.0,3.0,1.2999999999999998,0.4333333333333333,True,Eurasian Collared-Dove,0.2432,White-tipped Dove,0.2289,Mourning Dove,0.2079,True,3.0,0.2079,False,True,True
E1_no_metadata,Mourning_Dove_12ft.wav,Birdsongs Recordings\12ft\Mourning_Dove_12ft.wav,Mourning Dove,Mourning Dove,12ft,9.0,10.0,1.0,0.0,0.0,False,Indian Scops-Owl,0.0557,Spotted Owlet,0.0406,Savanna Nightjar,0.0333,False,,0.0,False,False,False
E1_no_metadata,Northern_House_Wren_12ft.wav,Birdsongs Recordings\12ft\Northern_House_Wren_12ft.wav,Northern House Wren,House Wren,12ft,0.0,3.0,3.0,2.7,0.9,True,House Wren,0.9864,Black-chinned Siskin,0.0063,Lewis's Woodpecker,0.0028,True,1.0,0.9864,True,True,True
E1_no_metadata,Northern_House_Wren_12ft.wav,Birdsongs Recordings\12ft\Northern_House_Wren_12ft.wav,Northern House Wren,House Wren,12ft,3.0,6.0,3.0,0.8000000000000003,0.2666666666666668,True,Marsh Wren,0.4008,House Wren,0.3552,Bell's Vireo,0.1616,True,2.0,0.3552,False,True,True
E1_no_metadata,Northern_House_Wren_12ft.wav,Birdsongs Recordings\12ft\Northern_House_Wren_12ft.wav,Northern House Wren,House Wren,12ft,6.0,9.0,3.0,2.8000000000000007,0.9333333333333336,True,House Wren,0.9941,Eastern Wood-Pewee,0.0019,Pine Warbler,0.0014,True,1.0,0.9941,True,True,True
E1_no_metadata,Northern_House_Wren_12ft.wav,Birdsongs Recordings\12ft\Northern_House_Wren_12ft.wav,Northern House Wren,House Wren,12ft,9.0,10.0,1.0,0.0,0.0,False,Savanna Nightjar,0.108,Black Drongo,0.0368,Long-tailed Shrike,0.0245,False,,0.0,False,False,False
E1_no_metadata,Northern_Mockingbird_12ft.wav,Birdsongs Recordings\12ft\Northern_Mockingbird_12ft.wav,Northern Mockingbird,Northern Mockingbird,12ft,0.0,3.0,3.0,1.6499999999999997,0.5499999999999999,True,Northern Mockingbird,0.7178,Brown Thrasher,0.1271,Chalk-browed Mockingbird,0.0678,True,1.0,0.7178,True,True,True
E1_no_metadata,Northern_Mockingbird_12ft.wav,Birdsongs Recordings\12ft\Northern_Mockingbird_12ft.wav,Northern Mockingbird,Northern Mockingbird,12ft,3.0,6.0,3.0,1.1499999999999995,0.38333333333333314,True,Northern Mockingbird,0.2311,Tropical Mockingbird,0.0645,American Robin,0.0127,True,1.0,0.2311,True,True,True
E1_no_metadata,Northern_Mockingbird_12ft.wav,Birdsongs Recordings\12ft\Northern_Mockingbird_12ft.wav,Northern Mockingbird,Northern Mockingbird,12ft,6.0,9.0,3.0,2.13,0.71,True,Chinese Blackbird,0.3301,Northern Mockingbird,0.2763,Song Thrush,0.0666,True,2.0,0.2763,False,True,True
E1_no_metadata,Northern_Mockingbird_12ft.wav,Birdsongs Recordings\12ft\Northern_Mockingbird_12ft.wav,Northern Mockingbird,Northern Mockingbird,12ft,9.0,10.0,1.0,0.27999999999999936,0.27999999999999936,True,Square-tailed Bulbul,0.1097,Orange-headed Thrush,0.1069,Bare-crowned Antbird,0.1031,False,,0.0,False,False,False
E1_no_metadata,Northern_Yellow_Warbler_12ft.wav,Birdsongs Recordings\12ft\Northern_Yellow_Warbler_12ft.wav,Northern Yellow Warbler,Yellow Warbler,12ft,0.0,3.0,3.0,0.0,0.0,False,Common Virtuoso Katydid,0.1134,Great Bittern,0.0646,Helmeted Curassow,0.0323,False,,0.0,False,False,False
E1_no_metadata,Northern_Yellow_Warbler_12ft.wav,Birdsongs Recordings\12ft\Northern_Yellow_Warbler_12ft.wav,Northern Yellow Warbler,Yellow Warbler,12ft,3.0,6.0,3.0,1.3499999999999996,0.4499999999999999,True,Yellow Warbler,0.8782,American Redstart,0.0408,Wilson's Warbler,0.0172,True,1.0,0.8782,True,True,True
E1_no_metadata,Northern_Yellow_Warbler_12ft.wav,Birdsongs Recordings\12ft\Northern_Yellow_Warbler_12ft.wav,Northern Yellow Warbler,Yellow Warbler,12ft,6.0,9.0,3.0,0.09999999999999964,0.033333333333333215,False,Common Virtuoso Katydid,0.2544,White-tailed Deer,0.1237,Greenish Warbler,0.0774,True,15.0,0.0071,False,False,False
E1_no_metadata,Northern_Yellow_Warbler_12ft.wav,Birdsongs Recordings\12ft\Northern_Yellow_Warbler_12ft.wav,Northern Yellow Warbler,Yellow Warbler,12ft,9.0,10.0,1.0,0.0,0.0,False,White-breasted Nuthatch,0.092,Red-shouldered Hawk,0.0244,Eastern Bluebird,0.0196,False,,0.0,False,False,False
E1_no_metadata,Oak_Titmouse_12ft.wav,Birdsongs Recordings\12ft\Oak_Titmouse_12ft.wav,Oak Titmouse,Oak Titmouse,12ft,0.0,3.0,3.0,1.3,0.43333333333333335,True,Juniper Titmouse,0.1665,Oak Titmouse,0.0763,Sahel Bush Sparrow,0.0127,True,2.0,0.0763,False,True,True
E1_no_metadata,Oak_Titmouse_12ft.wav,Birdsongs Recordings\12ft\Oak_Titmouse_12ft.wav,Oak Titmouse,Oak Titmouse,12ft,3.0,6.0,3.0,1.0000000000000004,0.3333333333333335,True,Oak Titmouse,0.9991,Carolina Wren,0.0091,Spotted Towhee,0.0089,True,1.0,0.9991,True,True,True
E1_no_metadata,Oak_Titmouse_12ft.wav,Birdsongs Recordings\12ft\Oak_Titmouse_12ft.wav,Oak Titmouse,Oak Titmouse,12ft,6.0,9.0,3.0,1.4499999999999993,0.4833333333333331,True,Oak Titmouse,0.9985,Carolina Wren,0.012,Juniper Titmouse,0.0054,True,1.0,0.9985,True,True,True
E1_no_metadata,Oak_Titmouse_12ft.wav,Birdsongs Recordings\12ft\Oak_Titmouse_12ft.wav,Oak Titmouse,Oak Titmouse,12ft,9.0,10.0,1.0,0.9000000000000004,0.9000000000000004,True,Oak Titmouse,0.9983,Juniper Titmouse,0.0139,California Towhee,0.0029,True,1.0,0.9983,True,True,True
E1_no_metadata,Rock_Pigeon_12ft.wav,Birdsongs Recordings\12ft\Rock_Pigeon_12ft.wav,Rock Pigeon,Rock Pigeon,12ft,0.0,3.0,3.0,1.5499999999999998,0.5166666666666666,True,Rock Pigeon,0.9946,American Crow,0.0561,Tawny-browed Owl,0.0411,True,1.0,0.9946,True,True,True
E1_no_metadata,Rock_Pigeon_12ft.wav,Birdsongs Recordings\12ft\Rock_Pigeon_12ft.wav,Rock Pigeon,Rock Pigeon,12ft,3.0,6.0,3.0,1.0499999999999998,0.3499999999999999,True,Rock Pigeon,0.9871,Tawny-browed Owl,0.0235,Engine,0.0113,True,1.0,0.9871,True,True,True
E1_no_metadata,Rock_Pigeon_12ft.wav,Birdsongs Recordings\12ft\Rock_Pigeon_12ft.wav,Rock Pigeon,Rock Pigeon,12ft,6.0,9.0,3.0,1.0999999999999996,0.36666666666666653,True,Rock Pigeon,0.9948,Tawny-browed Owl,0.0063,Engine,0.0021,True,1.0,0.9948,True,True,True
E1_no_metadata,Rock_Pigeon_12ft.wav,Birdsongs Recordings\12ft\Rock_Pigeon_12ft.wav,Rock Pigeon,Rock Pigeon,12ft,9.0,10.0,1.0,0.0,0.0,False,Common Redstart,0.0437,Gray-headed Woodpecker,0.037,Parrot Crossbill,0.0234,False,,0.0,False,False,False
E1_no_metadata,Song_Sparrow_12ft.wav,Birdsongs Recordings\12ft\Song_Sparrow_12ft.wav,Song Sparrow,Song Sparrow,12ft,0.0,3.0,3.0,0.0,0.0,False,Common Virtuoso Katydid,0.2343,Engine,0.0681,Red-whiskered Bulbul,0.0397,True,8.0,0.0095,False,False,False
E1_no_metadata,Song_Sparrow_12ft.wav,Birdsongs Recordings\12ft\Song_Sparrow_12ft.wav,Song Sparrow,Song Sparrow,12ft,3.0,6.0,3.0,2.6500000000000004,0.8833333333333334,True,Song Sparrow,0.9502,Swamp Sparrow,0.0033,Downy Woodpecker,0.0022,True,1.0,0.9502,True,True,True
E1_no_metadata,Song_Sparrow_12ft.wav,Birdsongs Recordings\12ft\Song_Sparrow_12ft.wav,Song Sparrow,Song Sparrow,12ft,6.0,9.0,3.0,0.0,0.0,False,Common Virtuoso Katydid,0.1852,Engine,0.1051,Red Crossbill,0.0897,True,12.0,0.0133,False,False,False
E1_no_metadata,Song_Sparrow_12ft.wav,Birdsongs Recordings\12ft\Song_Sparrow_12ft.wav,Song Sparrow,Song Sparrow,12ft,9.0,10.0,1.0,0.0,0.0,False,Indian Thick-knee,0.061,Bald Eagle,0.029,Brown Boobook,0.0285,False,,0.0,False,False,False
E1_no_metadata,Spotted_Towhee_12ft.wav,Birdsongs Recordings\12ft\Spotted_Towhee_12ft.wav,Spotted Towhee,Spotted Towhee,12ft,0.0,3.0,3.0,1.3,0.43333333333333335,True,Spotted Towhee,0.9569,Green-tailed Towhee,0.0393,Yellow-eyed Junco,0.0043,True,1.0,0.9569,True,True,True
E1_no_metadata,Spotted_Towhee_12ft.wav,Birdsongs Recordings\12ft\Spotted_Towhee_12ft.wav,Spotted Towhee,Spotted Towhee,12ft,3.0,6.0,3.0,0.0,0.0,False,Common Virtuoso Katydid,0.7827,Engine,0.1187,Human vocal,0.0372,False,,0.0,False,False,False
E1_no_metadata,Spotted_Towhee_12ft.wav,Birdsongs Recordings\12ft\Spotted_Towhee_12ft.wav,Spotted Towhee,Spotted Towhee,12ft,6.0,9.0,3.0,1.3500000000000005,0.4500000000000002,True,Spotted Towhee,0.9848,Green-tailed Towhee,0.0615,Yellow-eyed Junco,0.0057,True,1.0,0.9848,True,True,True
E1_no_metadata,Spotted_Towhee_12ft.wav,Birdsongs Recordings\12ft\Spotted_Towhee_12ft.wav,Spotted Towhee,Spotted Towhee,12ft,9.0,10.0,1.0,0.0,0.0,False,Brown Fish-Owl,0.0286,Human vocal,0.0266,Indian Peafowl,0.0173,False,,0.0,False,False,False
E1_no_metadata,American_Robin_24ft.wav,Birdsongs Recordings\24ft\American_Robin_24ft.wav,American Robin,American Robin,24ft,0.0,3.0,3.0,2.45,0.8166666666666668,True,American Robin,0.6834,Summer Tanager,0.0652,Pale Thrush,0.0433,True,1.0,0.6834,True,True,True
E1_no_metadata,American_Robin_24ft.wav,Birdsongs Recordings\24ft\American_Robin_24ft.wav,American Robin,American Robin,24ft,3.0,6.0,3.0,1.9000000000000004,0.6333333333333334,True,American Robin,0.5256,Austral Thrush,0.0191,Scarlet Tanager,0.0159,True,1.0,0.5256,True,True,True
E1_no_metadata,American_Robin_24ft.wav,Birdsongs Recordings\24ft\American_Robin_24ft.wav,American Robin,American Robin,24ft,6.0,9.0,3.0,1.4000000000000004,0.4666666666666668,True,American Robin,0.6638,Pale Thrush,0.2365,Black Thrush,0.0225,True,1.0,0.6638,True,True,True
E1_no_metadata,American_Robin_24ft.wav,Birdsongs Recordings\24ft\American_Robin_24ft.wav,American Robin,American Robin,24ft,9.0,10.0,1.0,1.0,1.0,True,American Robin,0.6091,Black-headed Grosbeak,0.2571,Austral Thrush,0.0492,True,1.0,0.6091,True,True,True
E1_no_metadata,Annas_Hummingbird_24ft.wav,Birdsongs Recordings\24ft\Annas_Hummingbird_24ft.wav,Anna's Hummingbird,Anna's Hummingbird,24ft,0.0,3.0,3.0,1.5,0.5,True,Anna's Hummingbird,0.797,Black-faced Grassquit,0.0179,Bananaquit,0.0161,True,1.0,0.797,True,True,True
E1_no_metadata,Annas_Hummingbird_24ft.wav,Birdsongs Recordings\24ft\Annas_Hummingbird_24ft.wav,Anna's Hummingbird,Anna's Hummingbird,24ft,3.0,6.0,3.0,3.0,1.0,True,Anna's Hummingbird,0.9897,Whitehead,0.0221,Sapphire-spangled Emerald,0.0135,True,1.0,0.9897,True,True,True
E1_no_metadata,Annas_Hummingbird_24ft.wav,Birdsongs Recordings\24ft\Annas_Hummingbird_24ft.wav,Anna's Hummingbird,Anna's Hummingbird,24ft,6.0,9.0,3.0,3.0,1.0,True,Anna's Hummingbird,0.9968,Pacific-slope Flycatcher,0.0055,Brown-headed Cowbird,0.0045,True,1.0,0.9968,True,True,True
E1_no_metadata,Annas_Hummingbird_24ft.wav,Birdsongs Recordings\24ft\Annas_Hummingbird_24ft.wav,Anna's Hummingbird,Anna's Hummingbird,24ft,9.0,10.0,1.0,0.6999999999999993,0.6999999999999993,True,Anna's Hummingbird,0.8778,Blue-winged Warbler,0.2025,Golden-winged Warbler,0.0443,True,1.0,0.8778,True,True,True
E1_no_metadata,Barn_Swallow_24ft.wav,Birdsongs Recordings\24ft\Barn_Swallow_24ft.wav,Barn Swallow,Barn Swallow,24ft,0.0,3.0,3.0,2.7,0.9,True,Barn Swallow,0.9924,Virginia Rail,0.0172,Grasshopper Sparrow,0.0096,True,1.0,0.9924,True,True,True
E1_no_metadata,Barn_Swallow_24ft.wav,Birdsongs Recordings\24ft\Barn_Swallow_24ft.wav,Barn Swallow,Barn Swallow,24ft,3.0,6.0,3.0,3.0,1.0,True,Barn Swallow,0.6192,Cliff Swallow,0.1638,Western Kingbird,0.1061,True,1.0,0.6192,True,True,True
E1_no_metadata,Barn_Swallow_24ft.wav,Birdsongs Recordings\24ft\Barn_Swallow_24ft.wav,Barn Swallow,Barn Swallow,24ft,6.0,9.0,3.0,3.0,1.0,True,Barn Swallow,0.5563,Gray-throated Leaftosser,0.0407,Rusty-faced Parrot,0.0336,True,1.0,0.5563,True,True,True
E1_no_metadata,Barn_Swallow_24ft.wav,Birdsongs Recordings\24ft\Barn_Swallow_24ft.wav,Barn Swallow,Barn Swallow,24ft,9.0,10.0,1.0,0.1999999999999993,0.1999999999999993,False,Ovenbird,0.063,White-bearded Manakin,0.0586,Sulphur-bellied Flycatcher,0.0337,False,,0.0,False,False,False
E1_no_metadata,Bewicks_Wren_24ft.wav,Birdsongs Recordings\24ft\Bewicks_Wren_24ft.wav,Bewick's Wren,Bewick's Wren,24ft,0.0,3.0,3.0,2.4,0.7999999999999999,True,Bewick's Wren,0.1983,Song Sparrow,0.1771,Grassland Sparrow,0.0253,True,1.0,0.1983,True,True,True
E1_no_metadata,Bewicks_Wren_24ft.wav,Birdsongs Recordings\24ft\Bewicks_Wren_24ft.wav,Bewick's Wren,Bewick's Wren,24ft,3.0,6.0,3.0,0.0,0.0,False,Common Virtuoso Katydid,0.0896,Shikra,0.0425,Brown Rock Chat,0.032,False,,0.0,False,False,False
E1_no_metadata,Bewicks_Wren_24ft.wav,Birdsongs Recordings\24ft\Bewicks_Wren_24ft.wav,Bewick's Wren,Bewick's Wren,24ft,6.0,9.0,3.0,0.0,0.0,False,Common Virtuoso Katydid,0.2336,Indian Golden Oriole,0.1269,Black-naped Oriole,0.072,False,,0.0,False,False,False
E1_no_metadata,Bewicks_Wren_24ft.wav,Birdsongs Recordings\24ft\Bewicks_Wren_24ft.wav,Bewick's Wren,Bewick's Wren,24ft,9.0,10.0,1.0,0.0,0.0,False,Little Grassbird,0.128,Striped Cuckoo,0.1101,Spotted Quail-thrush,0.048,False,,0.0,False,False,False
E1_no_metadata,Black_Phoebe_24ft.wav,Birdsongs Recordings\24ft\Black_Phoebe_24ft.wav,Black Phoebe,Black Phoebe,24ft,0.0,3.0,3.0,0.7500000000000002,0.25000000000000006,True,Black Phoebe,0.9962,Common Virtuoso Katydid,0.04,Texas Bush Katydid,0.0061,True,1.0,0.9962,True,True,True
E1_no_metadata,Black_Phoebe_24ft.wav,Birdsongs Recordings\24ft\Black_Phoebe_24ft.wav,Black Phoebe,Black Phoebe,24ft,3.0,6.0,3.0,0.8999999999999999,0.3,True,Black Phoebe,0.9939,Common Virtuoso Katydid,0.0592,Fork-tailed Bush Katydid,0.0086,True,1.0,0.9939,True,True,True
E1_no_metadata,Black_Phoebe_24ft.wav,Birdsongs Recordings\24ft\Black_Phoebe_24ft.wav,Black Phoebe,Black Phoebe,24ft,6.0,9.0,3.0,0.7999999999999989,0.26666666666666633,True,Black Phoebe,0.9927,Common Virtuoso Katydid,0.1929,Fork-tailed Bush Katydid,0.0465,True,1.0,0.9927,True,True,True
E1_no_metadata,Black_Phoebe_24ft.wav,Birdsongs Recordings\24ft\Black_Phoebe_24ft.wav,Black Phoebe,Black Phoebe,24ft,9.0,10.0,1.0,0.40000000000000036,0.40000000000000036,True,Black Phoebe,0.9995,Patagonian Tyrant,0.0088,Hume's Warbler,0.0011,True,1.0,0.9995,True,True,True
E1_no_metadata,California_Towhee_24ft.wav,Birdsongs Recordings\24ft\California_Towhee_24ft.wav,California Towhee,California Towhee,24ft,0.0,3.0,3.0,1.35,0.45,True,California Towhee,0.9971,Louisiana Waterthrush,0.0163,Orange-crowned Warbler,0.0055,True,1.0,0.9971,True,True,True
E1_no_metadata,California_Towhee_24ft.wav,Birdsongs Recordings\24ft\California_Towhee_24ft.wav,California Towhee,California Towhee,24ft,3.0,6.0,3.0,0.0,0.0,False,Common Virtuoso Katydid,0.5948,Canada Goose,0.0499,Indian Nightjar,0.0331,False,,0.0,False,False,False
E1_no_metadata,California_Towhee_24ft.wav,Birdsongs Recordings\24ft\California_Towhee_24ft.wav,California Towhee,California Towhee,24ft,6.0,9.0,3.0,1.4499999999999993,0.4833333333333331,True,California Towhee,0.9705,Abert's Towhee,0.0092,Summer Tanager,0.0065,True,1.0,0.9705,True,True,True
E1_no_metadata,California_Towhee_24ft.wav,Birdsongs Recordings\24ft\California_Towhee_24ft.wav,California Towhee,California Towhee,24ft,9.0,10.0,1.0,0.0,0.0,False,Indian Scops-Owl,0.0088,Engine,0.0071,Slaty-legged Crake,0.0064,False,,0.0,False,False,False
E1_no_metadata,Dark_eyed_Junco_24ft.wav,Birdsongs Recordings\24ft\Dark_eyed_Junco_24ft.wav,Dark-eyed Junco,Dark-eyed Junco,24ft,0.0,3.0,3.0,1.7500000000000002,0.5833333333333334,True,Dark-eyed Junco,0.6723,Pine Warbler,0.3787,Chipping Sparrow,0.091,True,1.0,0.6723,True,True,True
E1_no_metadata,Dark_eyed_Junco_24ft.wav,Birdsongs Recordings\24ft\Dark_eyed_Junco_24ft.wav,Dark-eyed Junco,Dark-eyed Junco,24ft,3.0,6.0,3.0,0.0,0.0,False,Common Virtuoso Katydid,0.1148,Canada Goose,0.0409,Northern Cardinal,0.0368,False,,0.0,False,False,False
E1_no_metadata,Dark_eyed_Junco_24ft.wav,Birdsongs Recordings\24ft\Dark_eyed_Junco_24ft.wav,Dark-eyed Junco,Dark-eyed Junco,24ft,6.0,9.0,3.0,1.8500000000000005,0.6166666666666668,True,Dark-eyed Junco,0.9113,Chipping Sparrow,0.0556,Pine Warbler,0.0329,True,1.0,0.9113,True,True,True
E1_no_metadata,Dark_eyed_Junco_24ft.wav,Birdsongs Recordings\24ft\Dark_eyed_Junco_24ft.wav,Dark-eyed Junco,Dark-eyed Junco,24ft,9.0,10.0,1.0,0.0,0.0,False,Engine,0.0133,Red-shouldered Hawk,0.008,Slaty-legged Crake,0.0071,False,,0.0,False,False,False
E1_no_metadata,European_Starling_24ft.wav,Birdsongs Recordings\24ft\European_Starling_24ft.wav,European Starling,European Starling,24ft,0.0,3.0,3.0,2.6,0.8666666666666667,True,American Robin,0.1228,Rusty Blackbird,0.0919,Freckle-breasted Thornbird,0.0616,False,,0.0,False,False,False
E1_no_metadata,European_Starling_24ft.wav,Birdsongs Recordings\24ft\European_Starling_24ft.wav,European Starling,European Starling,24ft,3.0,6.0,3.0,3.0,1.0,True,American Robin,0.1241,Black-capped Chickadee,0.0918,Rusty Blackbird,0.0586,True,7.0,0.0319,False,False,False
E1_no_metadata,European_Starling_24ft.wav,Birdsongs Recordings\24ft\European_Starling_24ft.wav,European Starling,European Starling,24ft,6.0,9.0,3.0,3.0,1.0,True,European Starling,0.2317,Spotless Starling,0.0429,American Tree Sparrow,0.042,True,1.0,0.2317,True,True,True
E1_no_metadata,European_Starling_24ft.wav,Birdsongs Recordings\24ft\European_Starling_24ft.wav,European Starling,European Starling,24ft,9.0,10.0,1.0,1.0,1.0,True,Spotless Starling,0.0487,European Starling,0.0419,Blue Mockingbird,0.0186,True,2.0,0.0419,False,True,True
E1_no_metadata,Hooded_Oriole_24ft.wav,Birdsongs Recordings\24ft\Hooded_Oriole_24ft.wav,Hooded Oriole,Hooded Oriole,24ft,0.0,3.0,3.0,1.35,0.45,True,Hooded Oriole,0.9843,Orchard Oriole,0.0248,White-eyed Vireo,0.0239,True,1.0,0.9843,True,True,True
E1_no_metadata,Hooded_Oriole_24ft.wav,Birdsongs Recordings\24ft\Hooded_Oriole_24ft.wav,Hooded Oriole,Hooded Oriole,24ft,3.0,6.0,3.0,1.6500000000000008,0.5500000000000003,True,Hooded Oriole,0.2034,Gray Catbird,0.0275,White-eyed Vireo,0.0171,True,1.0,0.2034,True,True,True
E1_no_metadata,Hooded_Oriole_24ft.wav,Birdsongs Recordings\24ft\Hooded_Oriole_24ft.wav,Hooded Oriole,Hooded Oriole,24ft,6.0,9.0,3.0,2.4000000000000004,0.8000000000000002,True,Hooded Oriole,0.9707,Orchard Oriole,0.1281,Curve-billed Thrasher,0.0639,True,1.0,0.9707,True,True,True
E1_no_metadata,Hooded_Oriole_24ft.wav,Birdsongs Recordings\24ft\Hooded_Oriole_24ft.wav,Hooded Oriole,Hooded Oriole,24ft,9.0,10.0,1.0,0.8499999999999996,0.8499999999999996,True,Western Tanager,0.9048,Hooded Oriole,0.4005,Fox Sparrow,0.0586,True,2.0,0.4005,False,True,True
E1_no_metadata,House_Finch_24ft.wav,Birdsongs Recordings\24ft\House_Finch_24ft.wav,House Finch,House Finch,24ft,0.0,3.0,3.0,2.55,0.85,True,House Finch,0.4622,European Greenfinch,0.2704,European Robin,0.1936,True,1.0,0.4622,True,True,True
E1_no_metadata,House_Finch_24ft.wav,Birdsongs Recordings\24ft\House_Finch_24ft.wav,House Finch,House Finch,24ft,3.0,6.0,3.0,0.6999999999999997,0.23333333333333325,True,Lemon-bellied Flycatcher,0.0211,Blue Grosbeak,0.0201,Yellow-rumped Flycatcher,0.0193,True,9.0,0.0024,False,False,False
E1_no_metadata,House_Finch_24ft.wav,Birdsongs Recordings\24ft\House_Finch_24ft.wav,House Finch,House Finch,24ft,6.0,9.0,3.0,2.0,0.6666666666666666,True,House Finch,0.1103,Oriental Magpie-Robin,0.0476,Orchard Oriole,0.0401,True,1.0,0.1103,True,True,True
E1_no_metadata,House_Finch_24ft.wav,Birdsongs Recordings\24ft\House_Finch_24ft.wav,House Finch,House Finch,24ft,9.0,10.0,1.0,0.0,0.0,False,Engine,0.0319,House Crow,0.0111,Power tools,0.0082,False,,0.0,False,False,False
E1_no_metadata,House_Sparrow_24ft.wav,Birdsongs Recordings\24ft\House_Sparrow_24ft.wav,House Sparrow,House Sparrow,24ft,0.0,3.0,3.0,1.7420000000000002,0.5806666666666668,True,House Sparrow,0.483,Italian Sparrow,0.0189,Austral Thrush,0.0155,True,1.0,0.483,True,True,True
E1_no_metadata,House_Sparrow_24ft.wav,Birdsongs Recordings\24ft\House_Sparrow_24ft.wav,House Sparrow,House Sparrow,24ft,3.0,6.0,3.0,1.8359999999999999,0.612,True,House Sparrow,0.8031,Italian Sparrow,0.0532,Patagonian Sierra Finch,0.0113,True,1.0,0.8031,True,True,True
E1_no_metadata,House_Sparrow_24ft.wav,Birdsongs Recordings\24ft\House_Sparrow_24ft.wav,House Sparrow,House Sparrow,24ft,6.0,9.0,3.0,1.8360000000000003,0.6120000000000001,True,House Sparrow,0.7361,Italian Sparrow,0.0734,Northern Mockingbird,0.0067,True,1.0,0.7361,True,True,True
E1_no_metadata,House_Sparrow_24ft.wav,Birdsongs Recordings\24ft\House_Sparrow_24ft.wav,House Sparrow,House Sparrow,24ft,9.0,10.0,1.0,0.6420000000000012,0.6420000000000012,True,House Sparrow,0.1614,Yellow-legged Thrush,0.1529,Oriental Magpie-Robin,0.0355,True,1.0,0.1614,True,True,True
E1_no_metadata,Lesser_Goldfinch_24ft.wav,Birdsongs Recordings\24ft\Lesser_Goldfinch_24ft.wav,Lesser Goldfinch,Lesser Goldfinch,24ft,0.0,3.0,3.0,3.0,1.0,True,Oriental Magpie-Robin,0.2157,Lesser Goldfinch,0.1727,House Wren,0.0295,True,2.0,0.1727,False,True,True
E1_no_metadata,Lesser_Goldfinch_24ft.wav,Birdsongs Recordings\24ft\Lesser_Goldfinch_24ft.wav,Lesser Goldfinch,Lesser Goldfinch,24ft,3.0,6.0,3.0,2.3999999999999995,0.7999999999999998,True,Pallas's Leaf Warbler,0.4307,Lazuli Bunting,0.0542,Yellow-legged Thrush,0.0401,False,,0.0,False,False,False
E1_no_metadata,Lesser_Goldfinch_24ft.wav,Birdsongs Recordings\24ft\Lesser_Goldfinch_24ft.wav,Lesser Goldfinch,Lesser Goldfinch,24ft,6.0,9.0,3.0,3.0,1.0,True,Lesser Goldfinch,0.1502,Oriental Magpie-Robin,0.1253,Dunnock,0.0239,True,1.0,0.1502,True,True,True
E1_no_metadata,Lesser_Goldfinch_24ft.wav,Birdsongs Recordings\24ft\Lesser_Goldfinch_24ft.wav,Lesser Goldfinch,Lesser Goldfinch,24ft,9.0,10.0,1.0,0.9920000000000009,0.9920000000000009,True,Collared Sunbird,0.2713,American Goldfinch,0.0691,Oriental Magpie-Robin,0.057,False,,0.0,False,False,False
E1_no_metadata,Mourning_Dove_24ft.wav,Birdsongs Recordings\24ft\Mourning_Dove_24ft.wav,Mourning Dove,Mourning Dove,24ft,0.0,3.0,3.0,1.0,0.3333333333333333,True,Mourning Dove,0.8334,Buff-spotted Flufftail,0.1525,White-tipped Dove,0.0355,True,1.0,0.8334,True,True,True
E1_no_metadata,Mourning_Dove_24ft.wav,Birdsongs Recordings\24ft\Mourning_Dove_24ft.wav,Mourning Dove,Mourning Dove,24ft,3.0,6.0,3.0,2.3,0.7666666666666666,True,Mourning Dove,0.9472,Buff-spotted Flufftail,0.0163,Zenaida Dove,0.0163,True,1.0,0.9472,True,True,True
E1_no_metadata,Mourning_Dove_24ft.wav,Birdsongs Recordings\24ft\Mourning_Dove_24ft.wav,Mourning Dove,Mourning Dove,24ft,6.0,9.0,3.0,1.2999999999999998,0.4333333333333333,True,Mourning Dove,0.6993,White-tipped Dove,0.1278,Eurasian Collared-Dove,0.0994,True,1.0,0.6993,True,True,True
E1_no_metadata,Mourning_Dove_24ft.wav,Birdsongs Recordings\24ft\Mourning_Dove_24ft.wav,Mourning Dove,Mourning Dove,24ft,9.0,10.0,1.0,0.0,0.0,False,Red-legged Tinamou,0.018,Rufous Treepie,0.0124,House Crow,0.0119,False,,0.0,False,False,False
E1_no_metadata,Northern_House_Wren_24ft.wav,Birdsongs Recordings\24ft\Northern_House_Wren_24ft.wav,Northern House Wren,House Wren,24ft,0.0,3.0,3.0,2.7,0.9,True,House Wren,0.9771,Black-chinned Siskin,0.0141,Lesser Whitethroat,0.0069,True,1.0,0.9771,True,True,True
E1_no_metadata,Northern_House_Wren_24ft.wav,Birdsongs Recordings\24ft\Northern_House_Wren_24ft.wav,Northern House Wren,House Wren,24ft,3.0,6.0,3.0,0.8000000000000003,0.2666666666666668,True,Marsh Wren,0.6286,House Wren,0.4358,Dark-necked Tailorbird,0.0564,True,2.0,0.4358,False,True,True
E1_no_metadata,Northern_House_Wren_24ft.wav,Birdsongs Recordings\24ft\Northern_House_Wren_24ft.wav,Northern House Wren,House Wren,24ft,6.0,9.0,3.0,2.8000000000000007,0.9333333333333336,True,House Wren,0.9749,Mourning Dove,0.0093,Eastern Wood-Pewee,0.0032,True,1.0,0.9749,True,True,True
E1_no_metadata,Northern_House_Wren_24ft.wav,Birdsongs Recordings\24ft\Northern_House_Wren_24ft.wav,Northern House Wren,House Wren,24ft,9.0,10.0,1.0,0.0,0.0,False,Brown Fish-Owl,0.0196,Engine,0.0175,Human vocal,0.0084,False,,0.0,False,False,False
E1_no_metadata,Northern_Mockingbird_24ft.wav,Birdsongs Recordings\24ft\Northern_Mockingbird_24ft.wav,Northern Mockingbird,Northern Mockingbird,24ft,0.0,3.0,3.0,1.6499999999999997,0.5499999999999999,True,Northern Mockingbird,0.1083,Northern Hawk-Cuckoo,0.0349,Chalk-browed Mockingbird,0.0219,True,1.0,0.1083,True,True,True
E1_no_metadata,Northern_Mockingbird_24ft.wav,Birdsongs Recordings\24ft\Northern_Mockingbird_24ft.wav,Northern Mockingbird,Northern Mockingbird,24ft,3.0,6.0,3.0,1.1499999999999995,0.38333333333333314,True,Great-tailed Grackle,0.0616,Black-tailed Crake,0.0484,Gray-headed Kingfisher,0.0377,True,6.0,0.0316,False,False,False
E1_no_metadata,Northern_Mockingbird_24ft.wav,Birdsongs Recordings\24ft\Northern_Mockingbird_24ft.wav,Northern Mockingbird,Northern Mockingbird,24ft,6.0,9.0,3.0,2.13,0.71,True,Northern Mockingbird,0.3493,Jacky-winter,0.16,Tropical Mockingbird,0.1269,True,1.0,0.3493,True,True,True
E1_no_metadata,Northern_Mockingbird_24ft.wav,Birdsongs Recordings\24ft\Northern_Mockingbird_24ft.wav,Northern Mockingbird,Northern Mockingbird,24ft,9.0,10.0,1.0,0.27999999999999936,0.27999999999999936,True,Square-tailed Bulbul,0.1247,Bare-crowned Antbird,0.0776,Orange-headed Thrush,0.0578,False,,0.0,False,False,False
E1_no_metadata,Northern_Yellow_Warbler_24ft.wav,Birdsongs Recordings\24ft\Northern_Yellow_Warbler_24ft.wav,Northern Yellow Warbler,Yellow Warbler,24ft,0.0,3.0,3.0,0.0,0.0,False,Common Virtuoso Katydid,0.9335,Agile Meadow Katydid,0.0716,Fork-tailed Bush Katydid,0.0489,False,,0.0,False,False,False
E1_no_metadata,Northern_Yellow_Warbler_24ft.wav,Birdsongs Recordings\24ft\Northern_Yellow_Warbler_24ft.wav,Northern Yellow Warbler,Yellow Warbler,24ft,3.0,6.0,3.0,1.3499999999999996,0.4499999999999999,True,Yellow Warbler,0.6093,Mourning Dove,0.1114,Brown Boobook,0.072,True,1.0,0.6093,True,True,True
E1_no_metadata,Northern_Yellow_Warbler_24ft.wav,Birdsongs Recordings\24ft\Northern_Yellow_Warbler_24ft.wav,Northern Yellow Warbler,Yellow Warbler,24ft,6.0,9.0,3.0,0.09999999999999964,0.033333333333333215,False,Common Virtuoso Katydid,0.4757,Greenish Warbler,0.1682,American Redstart,0.1523,True,14.0,0.0135,False,False,False
E1_no_metadata,Northern_Yellow_Warbler_24ft.wav,Birdsongs Recordings\24ft\Northern_Yellow_Warbler_24ft.wav,Northern Yellow Warbler,Yellow Warbler,24ft,9.0,10.0,1.0,0.0,0.0,False,Spotted Owlet,0.0291,Brown Fish-Owl,0.0213,Indian Peafowl,0.0158,False,,0.0,False,False,False
E1_no_metadata,Oak_Titmouse_24ft.wav,Birdsongs Recordings\24ft\Oak_Titmouse_24ft.wav,Oak Titmouse,Oak Titmouse,24ft,0.0,3.0,3.0,1.3,0.43333333333333335,True,Bar-throated Apalis,0.0772,Oak Titmouse,0.0374,Juniper Titmouse,0.0349,True,2.0,0.0374,False,True,True
E1_no_metadata,Oak_Titmouse_24ft.wav,Birdsongs Recordings\24ft\Oak_Titmouse_24ft.wav,Oak Titmouse,Oak Titmouse,24ft,3.0,6.0,3.0,1.0000000000000004,0.3333333333333335,True,Oak Titmouse,0.9987,Carolina Wren,0.0671,Tufted Titmouse,0.0094,True,1.0,0.9987,True,True,True
E1_no_metadata,Oak_Titmouse_24ft.wav,Birdsongs Recordings\24ft\Oak_Titmouse_24ft.wav,Oak Titmouse,Oak Titmouse,24ft,6.0,9.0,3.0,1.4499999999999993,0.4833333333333331,True,Oak Titmouse,0.9995,Carolina Wren,0.1734,Tufted Titmouse,0.0156,True,1.0,0.9995,True,True,True
E1_no_metadata,Oak_Titmouse_24ft.wav,Birdsongs Recordings\24ft\Oak_Titmouse_24ft.wav,Oak Titmouse,Oak Titmouse,24ft,9.0,10.0,1.0,0.9000000000000004,0.9000000000000004,True,Oak Titmouse,0.9978,Spotted Towhee,0.0136,California Towhee,0.0077,True,1.0,0.9978,True,True,True
E1_no_metadata,Rock_Pigeon_24ft.wav,Birdsongs Recordings\24ft\Rock_Pigeon_24ft.wav,Rock Pigeon,Rock Pigeon,24ft,0.0,3.0,3.0,1.5499999999999998,0.5166666666666666,True,Rock Pigeon,0.9708,Tawny-browed Owl,0.0112,Mottled Wood-Owl,0.004,True,1.0,0.9708,True,True,True
E1_no_metadata,Rock_Pigeon_24ft.wav,Birdsongs Recordings\24ft\Rock_Pigeon_24ft.wav,Rock Pigeon,Rock Pigeon,24ft,3.0,6.0,3.0,1.0499999999999998,0.3499999999999999,True,Rock Pigeon,0.9629,Tawny-browed Owl,0.0543,Engine,0.0169,True,1.0,0.9629,True,True,True
E1_no_metadata,Rock_Pigeon_24ft.wav,Birdsongs Recordings\24ft\Rock_Pigeon_24ft.wav,Rock Pigeon,Rock Pigeon,24ft,6.0,9.0,3.0,1.0999999999999996,0.36666666666666653,True,Rock Pigeon,0.9938,Tawny-browed Owl,0.1094,Engine,0.0043,True,1.0,0.9938,True,True,True
E1_no_metadata,Rock_Pigeon_24ft.wav,Birdsongs Recordings\24ft\Rock_Pigeon_24ft.wav,Rock Pigeon,Rock Pigeon,24ft,9.0,10.0,1.0,0.0,0.0,False,House Crow,0.0131,Spotted Owlet,0.009,Brown Fish-Owl,0.0088,False,,0.0,False,False,False
E1_no_metadata,Song_Sparrow_24ft.wav,Birdsongs Recordings\24ft\Song_Sparrow_24ft.wav,Song Sparrow,Song Sparrow,24ft,0.0,3.0,3.0,0.0,0.0,False,Common Virtuoso Katydid,0.4672,Engine,0.0389,Fork-tailed Bush Katydid,0.0159,False,,0.0,False,False,False
E1_no_metadata,Song_Sparrow_24ft.wav,Birdsongs Recordings\24ft\Song_Sparrow_24ft.wav,Song Sparrow,Song Sparrow,24ft,3.0,6.0,3.0,2.6500000000000004,0.8833333333333334,True,Song Sparrow,0.6543,Swamp Sparrow,0.0087,Clay-colored Sparrow,0.0032,True,1.0,0.6543,True,True,True
E1_no_metadata,Song_Sparrow_24ft.wav,Birdsongs Recordings\24ft\Song_Sparrow_24ft.wav,Song Sparrow,Song Sparrow,24ft,6.0,9.0,3.0,0.0,0.0,False,Common Virtuoso Katydid,0.1987,Engine,0.1146,Fork-tailed Bush Katydid,0.0232,False,,0.0,False,False,False
E1_no_metadata,Song_Sparrow_24ft.wav,Birdsongs Recordings\24ft\Song_Sparrow_24ft.wav,Song Sparrow,Song Sparrow,24ft,9.0,10.0,1.0,0.0,0.0,False,Engine,0.0124,American Woodcock,0.0093,Anna's Hummingbird,0.0077,False,,0.0,False,False,False
E1_no_metadata,Spotted_Towhee_24ft.wav,Birdsongs Recordings\24ft\Spotted_Towhee_24ft.wav,Spotted Towhee,Spotted Towhee,24ft,0.0,3.0,3.0,1.3,0.43333333333333335,True,Spotted Towhee,0.8805,Green-tailed Towhee,0.0601,Yellow-eyed Junco,0.0094,True,1.0,0.8805,True,True,True
E1_no_metadata,Spotted_Towhee_24ft.wav,Birdsongs Recordings\24ft\Spotted_Towhee_24ft.wav,Spotted Towhee,Spotted Towhee,24ft,3.0,6.0,3.0,0.0,0.0,False,Common Virtuoso Katydid,0.8295,Engine,0.1186,Fork-tailed Bush Katydid,0.0238,False,,0.0,False,False,False
E1_no_metadata,Spotted_Towhee_24ft.wav,Birdsongs Recordings\24ft\Spotted_Towhee_24ft.wav,Spotted Towhee,Spotted Towhee,24ft,6.0,9.0,3.0,1.3500000000000005,0.4500000000000002,True,Spotted Towhee,0.9325,Green-tailed Towhee,0.0373,Yellow-eyed Junco,0.0065,True,1.0,0.9325,True,True,True
E1_no_metadata,Spotted_Towhee_24ft.wav,Birdsongs Recordings\24ft\Spotted_Towhee_24ft.wav,Spotted Towhee,Spotted Towhee,24ft,9.0,10.0,1.0,0.0,0.0,False,Brown Fish-Owl,0.0465,Brown Wood-Owl,0.0355,Collared Scops-Owl,0.0242,False,,0.0,False,False,False
E1_no_metadata,American_Robin_36ft.wav,Birdsongs Recordings\36ft\American_Robin_36ft.wav,American Robin,American Robin,36ft,0.0,3.0,3.0,2.45,0.8166666666666668,True,American Robin,0.5239,Summer Tanager,0.0688,Pale Thrush,0.0393,True,1.0,0.5239,True,True,True
E1_no_metadata,American_Robin_36ft.wav,Birdsongs Recordings\36ft\American_Robin_36ft.wav,American Robin,American Robin,36ft,3.0,6.0,3.0,1.9000000000000004,0.6333333333333334,True,American Robin,0.5516,Summer Tanager,0.0401,Song Thrush,0.0363,True,1.0,0.5516,True,True,True
E1_no_metadata,American_Robin_36ft.wav,Birdsongs Recordings\36ft\American_Robin_36ft.wav,American Robin,American Robin,36ft,6.0,9.0,3.0,1.4000000000000004,0.4666666666666668,True,American Robin,0.5,Pale Thrush,0.1236,Black Thrush,0.1145,True,1.0,0.5,True,True,True
E1_no_metadata,American_Robin_36ft.wav,Birdsongs Recordings\36ft\American_Robin_36ft.wav,American Robin,American Robin,36ft,9.0,10.0,1.0,1.0,1.0,True,American Robin,0.3919,Austral Thrush,0.1778,Pale Thrush,0.0579,True,1.0,0.3919,True,True,True
E1_no_metadata,Annas_Hummingbird_36ft.wav,Birdsongs Recordings\36ft\Annas_Hummingbird_36ft.wav,Anna's Hummingbird,Anna's Hummingbird,36ft,0.0,3.0,3.0,1.5,0.5,True,Anna's Hummingbird,0.9352,Black Redstart,0.0473,Bananaquit,0.0152,True,1.0,0.9352,True,True,True
E1_no_metadata,Annas_Hummingbird_36ft.wav,Birdsongs Recordings\36ft\Annas_Hummingbird_36ft.wav,Anna's Hummingbird,Anna's Hummingbird,36ft,3.0,6.0,3.0,3.0,1.0,True,Anna's Hummingbird,0.8789,Horned Guan,0.0401,Whitehead,0.0239,True,1.0,0.8789,True,True,True
E1_no_metadata,Annas_Hummingbird_36ft.wav,Birdsongs Recordings\36ft\Annas_Hummingbird_36ft.wav,Anna's Hummingbird,Anna's Hummingbird,36ft,6.0,9.0,3.0,3.0,1.0,True,Anna's Hummingbird,0.9977,Black Redstart,0.0173,Cardinal Lory,0.0128,True,1.0,0.9977,True,True,True
E1_no_metadata,Annas_Hummingbird_36ft.wav,Birdsongs Recordings\36ft\Annas_Hummingbird_36ft.wav,Anna's Hummingbird,Anna's Hummingbird,36ft,9.0,10.0,1.0,0.6999999999999993,0.6999999999999993,True,Anna's Hummingbird,0.9531,Sparkling Violetear,0.0337,Whitehead,0.0318,True,1.0,0.9531,True,True,True
E1_no_metadata,Barn_Swallow_36ft.wav,Birdsongs Recordings\36ft\Barn_Swallow_36ft.wav,Barn Swallow,Barn Swallow,36ft,0.0,3.0,3.0,2.7,0.9,True,Barn Swallow,0.9801,Common House-Martin,0.004,Cave Swallow,0.0036,True,1.0,0.9801,True,True,True
E1_no_metadata,Barn_Swallow_36ft.wav,Birdsongs Recordings\36ft\Barn_Swallow_36ft.wav,Barn Swallow,Barn Swallow,36ft,3.0,6.0,3.0,3.0,1.0,True,Barn Swallow,0.788,Cliff Swallow,0.0313,Red-rumped Swallow,0.0262,True,1.0,0.788,True,True,True
E1_no_metadata,Barn_Swallow_36ft.wav,Birdsongs Recordings\36ft\Barn_Swallow_36ft.wav,Barn Swallow,Barn Swallow,36ft,6.0,9.0,3.0,3.0,1.0,True,Barn Swallow,0.4614,Gray-throated Leaftosser,0.0537,Australian Logrunner,0.0315,True,1.0,0.4614,True,True,True
E1_no_metadata,Barn_Swallow_36ft.wav,Birdsongs Recordings\36ft\Barn_Swallow_36ft.wav,Barn Swallow,Barn Swallow,36ft,9.0,10.0,1.0,0.1999999999999993,0.1999999999999993,False,Ash-colored Tapaculo,0.0876,Streak-headed Antbird,0.0724,Flammulated Treehunter,0.0303,False,,0.0,False,False,False
E1_no_metadata,Bewicks_Wren_36ft.wav,Birdsongs Recordings\36ft\Bewicks_Wren_36ft.wav,Bewick's Wren,Bewick's Wren,36ft,0.0,3.0,3.0,2.4,0.7999999999999999,True,Bewick's Wren,0.4043,Siberian Blue Robin,0.0499,Song Sparrow,0.026,True,1.0,0.4043,True,True,True
E1_no_metadata,Bewicks_Wren_36ft.wav,Birdsongs Recordings\36ft\Bewicks_Wren_36ft.wav,Bewick's Wren,Bewick's Wren,36ft,3.0,6.0,3.0,0.0,0.0,False,Louisiana Waterthrush,0.1275,Black Redstart,0.0347,Cetti's Warbler,0.0227,False,,0.0,False,False,False
E1_no_metadata,Bewicks_Wren_36ft.wav,Birdsongs Recordings\36ft\Bewicks_Wren_36ft.wav,Bewick's Wren,Bewick's Wren,36ft,6.0,9.0,3.0,0.0,0.0,False,Common Virtuoso Katydid,0.1187,Engine,0.0484,Fork-tailed Bush Katydid,0.0116,False,,0.0,False,False,False
E1_no_metadata,Bewicks_Wren_36ft.wav,Birdsongs Recordings\36ft\Bewicks_Wren_36ft.wav,Bewick's Wren,Bewick's Wren,36ft,9.0,10.0,1.0,0.0,0.0,False,Engine,0.0088,Brown Fish-Owl,0.0065,Human vocal,0.0065,False,,0.0,False,False,False
E1_no_metadata,Black_Phoebe_36ft.wav,Birdsongs Recordings\36ft\Black_Phoebe_36ft.wav,Black Phoebe,Black Phoebe,36ft,0.0,3.0,3.0,0.7500000000000002,0.25000000000000006,True,Black Phoebe,0.9994,Common Virtuoso Katydid,0.0411,Cooper's Hawk,0.0072,True,1.0,0.9994,True,True,True
E1_no_metadata,Black_Phoebe_36ft.wav,Birdsongs Recordings\36ft\Black_Phoebe_36ft.wav,Black Phoebe,Black Phoebe,36ft,3.0,6.0,3.0,0.8999999999999999,0.3,True,Black Phoebe,0.9952,Common Virtuoso Katydid,0.0123,Fork-tailed Bush Katydid,0.0079,True,1.0,0.9952,True,True,True
E1_no_metadata,Black_Phoebe_36ft.wav,Birdsongs Recordings\36ft\Black_Phoebe_36ft.wav,Black Phoebe,Black Phoebe,36ft,6.0,9.0,3.0,0.7999999999999989,0.26666666666666633,True,Black Phoebe,0.998,Patagonian Tyrant,0.0053,Engine,0.0031,True,1.0,0.998,True,True,True
E1_no_metadata,Black_Phoebe_36ft.wav,Birdsongs Recordings\36ft\Black_Phoebe_36ft.wav,Black Phoebe,Black Phoebe,36ft,9.0,10.0,1.0,0.40000000000000036,0.40000000000000036,True,Black Phoebe,0.9988,Patagonian Tyrant,0.0086,Hume's Warbler,0.0018,True,1.0,0.9988,True,True,True
E1_no_metadata,California_Towhee_36ft.wav,Birdsongs Recordings\36ft\California_Towhee_36ft.wav,California Towhee,California Towhee,36ft,0.0,3.0,3.0,1.35,0.45,True,California Towhee,0.9984,Orange-crowned Warbler,0.013,Louisiana Waterthrush,0.0085,True,1.0,0.9984,True,True,True
E1_no_metadata,California_Towhee_36ft.wav,Birdsongs Recordings\36ft\California_Towhee_36ft.wav,California Towhee,California Towhee,36ft,3.0,6.0,3.0,0.0,0.0,False,Black Redstart,0.2145,Common Virtuoso Katydid,0.0892,Yellowhammer,0.053,False,,0.0,False,False,False
E1_no_metadata,California_Towhee_36ft.wav,Birdsongs Recordings\36ft\California_Towhee_36ft.wav,California Towhee,California Towhee,36ft,6.0,9.0,3.0,1.4499999999999993,0.4833333333333331,True,California Towhee,0.9855,Louisiana Waterthrush,0.0283,Northern Waterthrush,0.0111,True,1.0,0.9855,True,True,True
E1_no_metadata,California_Towhee_36ft.wav,Birdsongs Recordings\36ft\California_Towhee_36ft.wav,California Towhee,California Towhee,36ft,9.0,10.0,1.0,0.0,0.0,False,Broad-winged Hawk,0.0103,Bicknell's Thrush,0.0097,Ruffed Grouse,0.0075,False,,0.0,False,False,False
E1_no_metadata,Dark_eyed_Junco_36ft.wav,Birdsongs Recordings\36ft\Dark_eyed_Junco_36ft.wav,Dark-eyed Junco,Dark-eyed Junco,36ft,0.0,3.0,3.0,1.7500000000000002,0.5833333333333334,True,Dark-eyed Junco,0.8534,Pine Warbler,0.0872,Chipping Sparrow,0.0732,True,1.0,0.8534,True,True,True
E1_no_metadata,Dark_eyed_Junco_36ft.wav,Birdsongs Recordings\36ft\Dark_eyed_Junco_36ft.wav,Dark-eyed Junco,Dark-eyed Junco,36ft,3.0,6.0,3.0,0.0,0.0,False,Engine,0.1311,Common Virtuoso Katydid,0.0564,Eurasian Eagle-Owl,0.0109,False,,0.0,False,False,False
E1_no_metadata,Dark_eyed_Junco_36ft.wav,Birdsongs Recordings\36ft\Dark_eyed_Junco_36ft.wav,Dark-eyed Junco,Dark-eyed Junco,36ft,6.0,9.0,3.0,1.8500000000000005,0.6166666666666668,True,Dark-eyed Junco,0.8499,Cirl Bunting,0.128,Pine Warbler,0.0851,True,1.0,0.8499,True,True,True
E1_no_metadata,Dark_eyed_Junco_36ft.wav,Birdsongs Recordings\36ft\Dark_eyed_Junco_36ft.wav,Dark-eyed Junco,Dark-eyed Junco,36ft,9.0,10.0,1.0,0.0,0.0,False,Eurasian Oystercatcher,0.0221,Jacky-winter,0.0211,Song Thrush,0.0203,False,,0.0,False,False,False
E1_no_metadata,European_Starling_36ft.wav,Birdsongs Recordings\36ft\European_Starling_36ft.wav,European Starling,European Starling,36ft,0.0,3.0,3.0,2.6,0.8666666666666667,True,Rusty Blackbird,0.3128,Broad-winged Hawk,0.1531,American Robin,0.1267,False,,0.0,False,False,False
E1_no_metadata,European_Starling_36ft.wav,Birdsongs Recordings\36ft\European_Starling_36ft.wav,European Starling,European Starling,36ft,3.0,6.0,3.0,3.0,1.0,True,Black-capped Chickadee,0.0947,Carolina Chickadee,0.0646,Rusty Blackbird,0.0544,True,12.0,0.0159,False,False,False
E1_no_metadata,European_Starling_36ft.wav,Birdsongs Recordings\36ft\European_Starling_36ft.wav,European Starling,European Starling,36ft,6.0,9.0,3.0,3.0,1.0,True,Common Grackle,0.1913,Pacific-slope Flycatcher,0.0633,European Starling,0.059,True,3.0,0.059,False,True,True
E1_no_metadata,European_Starling_36ft.wav,Birdsongs Recordings\36ft\European_Starling_36ft.wav,European Starling,European Starling,36ft,9.0,10.0,1.0,1.0,1.0,True,Tooth-billed Bowerbird,0.0483,European Starling,0.0465,Spotless Starling,0.0337,True,2.0,0.0465,False,True,True
E1_no_metadata,Hooded_Oriole_36ft.wav,Birdsongs Recordings\36ft\Hooded_Oriole_36ft.wav,Hooded Oriole,Hooded Oriole,36ft,0.0,3.0,3.0,1.35,0.45,True,Hooded Oriole,0.1592,White-eyed Vireo,0.0744,Eastern Towhee,0.0445,True,1.0,0.1592,True,True,True
E1_no_metadata,Hooded_Oriole_36ft.wav,Birdsongs Recordings\36ft\Hooded_Oriole_36ft.wav,Hooded Oriole,Hooded Oriole,36ft,3.0,6.0,3.0,1.6500000000000008,0.5500000000000003,True,Curve-billed Thrasher,0.1487,Hooded Oriole,0.1373,Streak-backed Oriole,0.0329,True,2.0,0.1373,False,True,True
E1_no_metadata,Hooded_Oriole_36ft.wav,Birdsongs Recordings\36ft\Hooded_Oriole_36ft.wav,Hooded Oriole,Hooded Oriole,36ft,6.0,9.0,3.0,2.4000000000000004,0.8000000000000002,True,Hooded Oriole,0.5376,Curve-billed Thrasher,0.0551,Orchard Oriole,0.0259,True,1.0,0.5376,True,True,True
E1_no_metadata,Hooded_Oriole_36ft.wav,Birdsongs Recordings\36ft\Hooded_Oriole_36ft.wav,Hooded Oriole,Hooded Oriole,36ft,9.0,10.0,1.0,0.8499999999999996,0.8499999999999996,True,Western Tanager,0.7313,Hooded Oriole,0.1946,Orchard Oriole,0.021,True,2.0,0.1946,False,True,True
E1_no_metadata,House_Finch_36ft.wav,Birdsongs Recordings\36ft\House_Finch_36ft.wav,House Finch,House Finch,36ft,0.0,3.0,3.0,2.55,0.85,True,House Finch,0.7507,European Robin,0.1754,Purple Finch,0.1382,True,1.0,0.7507,True,True,True
E1_no_metadata,House_Finch_36ft.wav,Birdsongs Recordings\36ft\House_Finch_36ft.wav,House Finch,House Finch,36ft,3.0,6.0,3.0,0.6999999999999997,0.23333333333333325,True,Blue Grosbeak,0.118,House Finch,0.0718,Red-whiskered Bulbul,0.0576,True,2.0,0.0718,False,True,True
E1_no_metadata,House_Finch_36ft.wav,Birdsongs Recordings\36ft\House_Finch_36ft.wav,House Finch,House Finch,36ft,6.0,9.0,3.0,2.0,0.6666666666666666,True,House Finch,0.6315,Purple Finch,0.0781,European Robin,0.0699,True,1.0,0.6315,True,True,True
E1_no_metadata,House_Finch_36ft.wav,Birdsongs Recordings\36ft\House_Finch_36ft.wav,House Finch,House Finch,36ft,9.0,10.0,1.0,0.0,0.0,False,Black-throated Tody-Tyrant,0.0089,Crimson-mantled Woodpecker,0.0084,Slaty-backed Chat-Tyrant,0.0065,False,,0.0,False,False,False
E1_no_metadata,House_Sparrow_36ft.wav,Birdsongs Recordings\36ft\House_Sparrow_36ft.wav,House Sparrow,House Sparrow,36ft,0.0,3.0,3.0,1.7420000000000002,0.5806666666666668,True,House Sparrow,0.3316,Austral Thrush,0.0186,Italian Sparrow,0.0177,True,1.0,0.3316,True,True,True
E1_no_metadata,House_Sparrow_36ft.wav,Birdsongs Recordings\36ft\House_Sparrow_36ft.wav,House Sparrow,House Sparrow,36ft,3.0,6.0,3.0,1.8359999999999999,0.612,True,House Sparrow,0.5626,Italian Sparrow,0.0412,Patagonian Sierra Finch,0.0101,True,1.0,0.5626,True,True,True
E1_no_metadata,House_Sparrow_36ft.wav,Birdsongs Recordings\36ft\House_Sparrow_36ft.wav,House Sparrow,House Sparrow,36ft,6.0,9.0,3.0,1.8360000000000003,0.6120000000000001,True,House Sparrow,0.4413,Italian Sparrow,0.068,Spanish Sparrow,0.0042,True,1.0,0.4413,True,True,True
E1_no_metadata,House_Sparrow_36ft.wav,Birdsongs Recordings\36ft\House_Sparrow_36ft.wav,House Sparrow,House Sparrow,36ft,9.0,10.0,1.0,0.6420000000000012,0.6420000000000012,True,House Sparrow,0.343,Square-tailed Bulbul,0.2119,Spanish Sparrow,0.1513,True,1.0,0.343,True,True,True
E1_no_metadata,Lesser_Goldfinch_36ft.wav,Birdsongs Recordings\36ft\Lesser_Goldfinch_36ft.wav,Lesser Goldfinch,Lesser Goldfinch,36ft,0.0,3.0,3.0,3.0,1.0,True,Lesser Goldfinch,0.3181,Oriental Magpie-Robin,0.0717,Orchard Oriole,0.0332,True,1.0,0.3181,True,True,True
E1_no_metadata,Lesser_Goldfinch_36ft.wav,Birdsongs Recordings\36ft\Lesser_Goldfinch_36ft.wav,Lesser Goldfinch,Lesser Goldfinch,36ft,3.0,6.0,3.0,2.3999999999999995,0.7999999999999998,True,Pallas's Leaf Warbler,0.0592,White-browed Wagtail,0.0281,American Kestrel,0.0215,False,,0.0,False,False,False
E1_no_metadata,Lesser_Goldfinch_36ft.wav,Birdsongs Recordings\36ft\Lesser_Goldfinch_36ft.wav,Lesser Goldfinch,Lesser Goldfinch,36ft,6.0,9.0,3.0,3.0,1.0,True,Oriental Magpie-Robin,0.1486,Lesser Goldfinch,0.052,Dunnock,0.033,True,2.0,0.052,False,True,True
E1_no_metadata,Lesser_Goldfinch_36ft.wav,Birdsongs Recordings\36ft\Lesser_Goldfinch_36ft.wav,Lesser Goldfinch,Lesser Goldfinch,36ft,9.0,10.0,1.0,0.9920000000000009,0.9920000000000009,True,Collared Sunbird,0.1731,Oriental Magpie-Robin,0.0735,Loten's Sunbird,0.0554,False,,0.0,False,False,False
E1_no_metadata,Mourning_Dove_36ft.wav,Birdsongs Recordings\36ft\Mourning_Dove_36ft.wav,Mourning Dove,Mourning Dove,36ft,0.0,3.0,3.0,1.0,0.3333333333333333,True,Mourning Dove,0.8648,Buff-spotted Flufftail,0.3338,White-tipped Dove,0.0659,True,1.0,0.8648,True,True,True
E1_no_metadata,Mourning_Dove_36ft.wav,Birdsongs Recordings\36ft\Mourning_Dove_36ft.wav,Mourning Dove,Mourning Dove,36ft,3.0,6.0,3.0,2.3,0.7666666666666666,True,Mourning Dove,0.9356,Buff-spotted Flufftail,0.0091,Zenaida Dove,0.008,True,1.0,0.9356,True,True,True
E1_no_metadata,Mourning_Dove_36ft.wav,Birdsongs Recordings\36ft\Mourning_Dove_36ft.wav,Mourning Dove,Mourning Dove,36ft,6.0,9.0,3.0,1.2999999999999998,0.4333333333333333,True,Mourning Dove,0.6696,White-tipped Dove,0.1062,Eurasian Eagle-Owl,0.0226,True,1.0,0.6696,True,True,True
E1_no_metadata,Mourning_Dove_36ft.wav,Birdsongs Recordings\36ft\Mourning_Dove_36ft.wav,Mourning Dove,Mourning Dove,36ft,9.0,10.0,1.0,0.0,0.0,False,Juan Fernandez Petrel,0.01,Ruffed Grouse,0.008,Island Canary,0.0072,False,,0.0,False,False,False
E1_no_metadata,Northern_House_Wren_36ft.wav,Birdsongs Recordings\36ft\Northern_House_Wren_36ft.wav,Northern House Wren,House Wren,36ft,0.0,3.0,3.0,2.7,0.9,True,House Wren,0.8652,American Goldfinch,0.0048,Louisiana Waterthrush,0.0041,True,1.0,0.8652,True,True,True
E1_no_metadata,Northern_House_Wren_36ft.wav,Birdsongs Recordings\36ft\Northern_House_Wren_36ft.wav,Northern House Wren,House Wren,36ft,3.0,6.0,3.0,0.8000000000000003,0.2666666666666668,True,Connecticut Warbler,0.0933,Kentucky Warbler,0.0688,House Wren,0.0663,True,3.0,0.0663,False,True,True
E1_no_metadata,Northern_House_Wren_36ft.wav,Birdsongs Recordings\36ft\Northern_House_Wren_36ft.wav,Northern House Wren,House Wren,36ft,6.0,9.0,3.0,2.8000000000000007,0.9333333333333336,True,House Wren,0.8912,Louisiana Waterthrush,0.0149,White-winged Crossbill,0.0046,True,1.0,0.8912,True,True,True
E1_no_metadata,Northern_House_Wren_36ft.wav,Birdsongs Recordings\36ft\Northern_House_Wren_36ft.wav,Northern House Wren,House Wren,36ft,9.0,10.0,1.0,0.0,0.0,False,Bicknell's Thrush,0.0059,Savanna Nightjar,0.0048,Broad-winged Hawk,0.0045,False,,0.0,False,False,False
E1_no_metadata,Northern_Mockingbird_36ft.wav,Birdsongs Recordings\36ft\Northern_Mockingbird_36ft.wav,Northern Mockingbird,Northern Mockingbird,36ft,0.0,3.0,3.0,1.6499999999999997,0.5499999999999999,True,Northern Mockingbird,0.0809,Australian Logrunner,0.0293,Chinese Blackbird,0.0212,True,1.0,0.0809,True,True,True
E1_no_metadata,Northern_Mockingbird_36ft.wav,Birdsongs Recordings\36ft\Northern_Mockingbird_36ft.wav,Northern Mockingbird,Northern Mockingbird,36ft,3.0,6.0,3.0,1.1499999999999995,0.38333333333333314,True,American Robin,0.0321,Siberian Blue Robin,0.0305,Northern Mockingbird,0.0175,True,3.0,0.0175,False,True,True
E1_no_metadata,Northern_Mockingbird_36ft.wav,Birdsongs Recordings\36ft\Northern_Mockingbird_36ft.wav,Northern Mockingbird,Northern Mockingbird,36ft,6.0,9.0,3.0,2.13,0.71,True,Jacky-winter,0.1283,Chinese Blackbird,0.0793,Northern Mockingbird,0.0232,True,3.0,0.0232,False,True,True
E1_no_metadata,Northern_Mockingbird_36ft.wav,Birdsongs Recordings\36ft\Northern_Mockingbird_36ft.wav,Northern Mockingbird,Northern Mockingbird,36ft,9.0,10.0,1.0,0.27999999999999936,0.27999999999999936,True,Bare-crowned Antbird,0.1262,Zeledon's Antbird,0.1259,Leymebamba Antpitta,0.0414,False,,0.0,False,False,False
E1_no_metadata,Northern_Yellow_Warbler_36ft.wav,Birdsongs Recordings\36ft\Northern_Yellow_Warbler_36ft.wav,Northern Yellow Warbler,Yellow Warbler,36ft,0.0,3.0,3.0,0.0,0.0,False,Fieldfare,0.0296,Eurasian Coot,0.0158,Common Virtuoso Katydid,0.0136,False,,0.0,False,False,False
E1_no_metadata,Northern_Yellow_Warbler_36ft.wav,Birdsongs Recordings\36ft\Northern_Yellow_Warbler_36ft.wav,Northern Yellow Warbler,Yellow Warbler,36ft,3.0,6.0,3.0,1.3499999999999996,0.4499999999999999,True,Yellow Warbler,0.5861,American Redstart,0.0279,Chestnut-sided Warbler,0.0245,True,1.0,0.5861,True,True,True
E1_no_metadata,Northern_Yellow_Warbler_36ft.wav,Birdsongs Recordings\36ft\Northern_Yellow_Warbler_36ft.wav,Northern Yellow Warbler,Yellow Warbler,36ft,6.0,9.0,3.0,0.09999999999999964,0.033333333333333215,False,Greenish Warbler,0.1793,Siberian Blue Robin,0.1129,American Redstart,0.0721,False,,0.0,False,False,False
E1_no_metadata,Northern_Yellow_Warbler_36ft.wav,Birdsongs Recordings\36ft\Northern_Yellow_Warbler_36ft.wav,Northern Yellow Warbler,Yellow Warbler,36ft,9.0,10.0,1.0,0.0,0.0,False,Ruffed Grouse,0.0072,Black-throated Tody-Tyrant,0.0056,Bicknell's Thrush,0.0053,False,,0.0,False,False,False
E1_no_metadata,Oak_Titmouse_36ft.wav,Birdsongs Recordings\36ft\Oak_Titmouse_36ft.wav,Oak Titmouse,Oak Titmouse,36ft,0.0,3.0,3.0,1.3,0.43333333333333335,True,Juniper Titmouse,0.29,Oak Titmouse,0.1174,Bar-throated Apalis,0.0949,True,2.0,0.1174,False,True,True
E1_no_metadata,Oak_Titmouse_36ft.wav,Birdsongs Recordings\36ft\Oak_Titmouse_36ft.wav,Oak Titmouse,Oak Titmouse,36ft,3.0,6.0,3.0,1.0000000000000004,0.3333333333333335,True,Oak Titmouse,0.9944,Tufted Titmouse,0.1288,Carolina Chickadee,0.0219,True,1.0,0.9944,True,True,True
E1_no_metadata,Oak_Titmouse_36ft.wav,Birdsongs Recordings\36ft\Oak_Titmouse_36ft.wav,Oak Titmouse,Oak Titmouse,36ft,6.0,9.0,3.0,1.4499999999999993,0.4833333333333331,True,Oak Titmouse,0.9369,Tufted Titmouse,0.1323,Carolina Wren,0.0934,True,1.0,0.9369,True,True,True
E1_no_metadata,Oak_Titmouse_36ft.wav,Birdsongs Recordings\36ft\Oak_Titmouse_36ft.wav,Oak Titmouse,Oak Titmouse,36ft,9.0,10.0,1.0,0.9000000000000004,0.9000000000000004,True,Oak Titmouse,0.9975,Hutton's Vireo,0.0074,Spotted Towhee,0.005,True,1.0,0.9975,True,True,True
E1_no_metadata,Rock_Pigeon_36ft.wav,Birdsongs Recordings\36ft\Rock_Pigeon_36ft.wav,Rock Pigeon,Rock Pigeon,36ft,0.0,3.0,3.0,1.5499999999999998,0.5166666666666666,True,Rock Pigeon,0.9251,Common Wood-Pigeon,0.0034,Red-eyed Dove,0.0021,True,1.0,0.9251,True,True,True
E1_no_metadata,Rock_Pigeon_36ft.wav,Birdsongs Recordings\36ft\Rock_Pigeon_36ft.wav,Rock Pigeon,Rock Pigeon,36ft,3.0,6.0,3.0,1.0499999999999998,0.3499999999999999,True,Rock Pigeon,0.9825,Rufous Hummingbird,0.1499,Ruby-throated Hummingbird,0.0362,True,1.0,0.9825,True,True,True
E1_no_metadata,Rock_Pigeon_36ft.wav,Birdsongs Recordings\36ft\Rock_Pigeon_36ft.wav,Rock Pigeon,Rock Pigeon,36ft,6.0,9.0,3.0,1.0999999999999996,0.36666666666666653,True,Rock Pigeon,0.9816,Tawny-browed Owl,0.0228,Band-tailed Pigeon,0.0051,True,1.0,0.9816,True,True,True
E1_no_metadata,Rock_Pigeon_36ft.wav,Birdsongs Recordings\36ft\Rock_Pigeon_36ft.wav,Rock Pigeon,Rock Pigeon,36ft,9.0,10.0,1.0,0.0,0.0,False,Common Tailorbird,0.0112,Western Capercaillie,0.0095,Zappey's Flycatcher,0.0061,False,,0.0,False,False,False
E1_no_metadata,Song_Sparrow_36ft.wav,Birdsongs Recordings\36ft\Song_Sparrow_36ft.wav,Song Sparrow,Song Sparrow,36ft,0.0,3.0,3.0,0.0,0.0,False,Common Virtuoso Katydid,0.188,Engine,0.0231,Eurasian Coot,0.0093,True,11.0,0.0036,False,False,False
E1_no_metadata,Song_Sparrow_36ft.wav,Birdsongs Recordings\36ft\Song_Sparrow_36ft.wav,Song Sparrow,Song Sparrow,36ft,3.0,6.0,3.0,2.6500000000000004,0.8833333333333334,True,Song Sparrow,0.6727,Swamp Sparrow,0.0124,Blue-winged Warbler,0.0055,True,1.0,0.6727,True,True,True
E1_no_metadata,Song_Sparrow_36ft.wav,Birdsongs Recordings\36ft\Song_Sparrow_36ft.wav,Song Sparrow,Song Sparrow,36ft,6.0,9.0,3.0,0.0,0.0,False,Common Virtuoso Katydid,0.2338,Bahama Mockingbird,0.0374,Red-bellied Woodpecker,0.0209,False,,0.0,False,False,False
E1_no_metadata,Song_Sparrow_36ft.wav,Birdsongs Recordings\36ft\Song_Sparrow_36ft.wav,Song Sparrow,Song Sparrow,36ft,9.0,10.0,1.0,0.0,0.0,False,Common Virtuoso Katydid,0.0084,Island Canary,0.0068,Honey Bee,0.0061,False,,0.0,False,False,False
E1_no_metadata,Spotted_Towhee_36ft.wav,Birdsongs Recordings\36ft\Spotted_Towhee_36ft.wav,Spotted Towhee,Spotted Towhee,36ft,0.0,3.0,3.0,1.3,0.43333333333333335,True,Spotted Towhee,0.8397,Green-tailed Towhee,0.082,Virginia's Warbler,0.0193,True,1.0,0.8397,True,True,True
E1_no_metadata,Spotted_Towhee_36ft.wav,Birdsongs Recordings\36ft\Spotted_Towhee_36ft.wav,Spotted Towhee,Spotted Towhee,36ft,3.0,6.0,3.0,0.0,0.0,False,Common Virtuoso Katydid,0.2417,Allen's Hummingbird,0.0305,Rufous Hummingbird,0.0267,False,,0.0,False,False,False
E1_no_metadata,Spotted_Towhee_36ft.wav,Birdsongs Recordings\36ft\Spotted_Towhee_36ft.wav,Spotted Towhee,Spotted Towhee,36ft,6.0,9.0,3.0,1.3500000000000005,0.4500000000000002,True,Spotted Towhee,0.8063,Green-tailed Towhee,0.0456,Yellow-eyed Junco,0.0177,True,1.0,0.8063,True,True,True
E1_no_metadata,Spotted_Towhee_36ft.wav,Birdsongs Recordings\36ft\Spotted_Towhee_36ft.wav,Spotted Towhee,Spotted Towhee,36ft,9.0,10.0,1.0,0.0,0.0,False,Brown Fish-Owl,0.0101,Broad-winged Hawk,0.0066,Engine,0.0064,False,,0.0,False,False,False
E1_no_metadata,American_Robin_48ft.wav,Birdsongs Recordings\48ft\American_Robin_48ft.wav,American Robin,American Robin,48ft,0.0,3.0,3.0,2.45,0.8166666666666668,True,Mottled Owl,0.0192,Engine,0.0096,Helmeted Curassow,0.0095,False,,0.0,False,False,False
E1_no_metadata,American_Robin_48ft.wav,Birdsongs Recordings\48ft\American_Robin_48ft.wav,American Robin,American Robin,48ft,3.0,6.0,3.0,1.9000000000000004,0.6333333333333334,True,American Robin,0.2161,Summer Tanager,0.0838,African Thrush,0.0506,True,1.0,0.2161,True,True,True
E1_no_metadata,American_Robin_48ft.wav,Birdsongs Recordings\48ft\American_Robin_48ft.wav,American Robin,American Robin,48ft,6.0,9.0,3.0,1.4000000000000004,0.4666666666666668,True,Summer Tanager,0.2419,Scarlet Tanager,0.1177,American Robin,0.0789,True,3.0,0.0789,False,True,True
E1_no_metadata,American_Robin_48ft.wav,Birdsongs Recordings\48ft\American_Robin_48ft.wav,American Robin,American Robin,48ft,9.0,10.0,1.0,1.0,1.0,True,Apolinar's Wren,0.0066,Bicknell's Thrush,0.0037,White-winged Crossbill,0.0034,False,,0.0,False,False,False
E1_no_metadata,Anna_s_Hummingbird_48ft.wav,Birdsongs Recordings\48ft\Anna_s_Hummingbird_48ft.wav,Anna's Hummingbird,Anna's Hummingbird,48ft,0.0,3.0,3.0,1.5,0.5,True,Anna's Hummingbird,0.9313,Sapphire-spangled Emerald,0.0327,Yellow-naped Parrot,0.0204,True,1.0,0.9313,True,True,True
E1_no_metadata,Anna_s_Hummingbird_48ft.wav,Birdsongs Recordings\48ft\Anna_s_Hummingbird_48ft.wav,Anna's Hummingbird,Anna's Hummingbird,48ft,3.0,6.0,3.0,3.0,1.0,True,Anna's Hummingbird,0.9961,Bananaquit,0.0522,Pacific Koel,0.0118,True,1.0,0.9961,True,True,True
E1_no_metadata,Anna_s_Hummingbird_48ft.wav,Birdsongs Recordings\48ft\Anna_s_Hummingbird_48ft.wav,Anna's Hummingbird,Anna's Hummingbird,48ft,6.0,9.0,3.0,3.0,1.0,True,Anna's Hummingbird,0.9937,Costa's Hummingbird,0.0104,Bananaquit,0.005,True,1.0,0.9937,True,True,True
E1_no_metadata,Anna_s_Hummingbird_48ft.wav,Birdsongs Recordings\48ft\Anna_s_Hummingbird_48ft.wav,Anna's Hummingbird,Anna's Hummingbird,48ft,9.0,10.0,1.0,0.6999999999999993,0.6999999999999993,True,Goldcrest,0.0077,Red-shouldered Hawk,0.0054,Wood Duck,0.0052,False,,0.0,False,False,False
E1_no_metadata,Barn_Swallow_48ft.wav,Birdsongs Recordings\48ft\Barn_Swallow_48ft.wav,Barn Swallow,Barn Swallow,48ft,0.0,3.0,3.0,2.7,0.9,True,Bell's Vireo,0.1415,Alder Flycatcher,0.0917,Savanna Nightjar,0.0479,True,14.0,0.0128,False,False,False
E1_no_metadata,Barn_Swallow_48ft.wav,Birdsongs Recordings\48ft\Barn_Swallow_48ft.wav,Barn Swallow,Barn Swallow,48ft,3.0,6.0,3.0,3.0,1.0,True,Barn Swallow,0.8637,White-throated Swift,0.0225,Western Kingbird,0.0188,True,1.0,0.8637,True,True,True
E1_no_metadata,Barn_Swallow_48ft.wav,Birdsongs Recordings\48ft\Barn_Swallow_48ft.wav,Barn Swallow,Barn Swallow,48ft,6.0,9.0,3.0,3.0,1.0,True,Barn Swallow,0.1961,House Finch,0.0922,Cliff Swallow,0.0265,True,1.0,0.1961,True,True,True
E1_no_metadata,Barn_Swallow_48ft.wav,Birdsongs Recordings\48ft\Barn_Swallow_48ft.wav,Barn Swallow,Barn Swallow,48ft,9.0,10.0,1.0,0.1999999999999993,0.1999999999999993,False,Barn Swallow,0.1149,Eurasian Siskin,0.0771,Redwing,0.0611,True,1.0,0.1149,True,True,True
E1_no_metadata,Bewick_s_Wren_48ft.wav,Birdsongs Recordings\48ft\Bewick_s_Wren_48ft.wav,Bewick's Wren,Bewick's Wren,48ft,0.0,3.0,3.0,2.4,0.7999999999999999,True,Bewick's Wren,0.1707,Orange-crowned Warbler,0.0154,Black-throated Sparrow,0.0149,True,1.0,0.1707,True,True,True
E1_no_metadata,Bewick_s_Wren_48ft.wav,Birdsongs Recordings\48ft\Bewick_s_Wren_48ft.wav,Bewick's Wren,Bewick's Wren,48ft,3.0,6.0,3.0,0.0,0.0,False,Eastern Towhee,0.1921,Dark-eyed Junco,0.0552,Siberian Blue Robin,0.0426,True,5.0,0.0362,False,False,True
E1_no_metadata,Bewick_s_Wren_48ft.wav,Birdsongs Recordings\48ft\Bewick_s_Wren_48ft.wav,Bewick's Wren,Bewick's Wren,48ft,6.0,9.0,3.0,0.0,0.0,False,Alpine Swift,0.0253,Collared Scops-Owl,0.0251,Peregrine Falcon,0.0187,False,,0.0,False,False,False
E1_no_metadata,Bewick_s_Wren_48ft.wav,Birdsongs Recordings\48ft\Bewick_s_Wren_48ft.wav,Bewick's Wren,Bewick's Wren,48ft,9.0,10.0,1.0,0.0,0.0,False,Savanna Nightjar,0.0145,Jerdon's Nightjar,0.0117,Asian Pied Starling,0.0115,False,,0.0,False,False,False
E1_no_metadata,Black_Phoebe_48ft.wav,Birdsongs Recordings\48ft\Black_Phoebe_48ft.wav,Black Phoebe,Black Phoebe,48ft,0.0,3.0,3.0,0.7500000000000002,0.25000000000000006,True,Black Phoebe,0.7884,Eurasian Moorhen,0.01,Lesser Coucal,0.0087,True,1.0,0.7884,True,True,True
E1_no_metadata,Black_Phoebe_48ft.wav,Birdsongs Recordings\48ft\Black_Phoebe_48ft.wav,Black Phoebe,Black Phoebe,48ft,3.0,6.0,3.0,0.8999999999999999,0.3,True,Black Phoebe,0.2923,Gray Kingbird,0.0141,Pacific-slope Flycatcher,0.0116,True,1.0,0.2923,True,True,True
E1_no_metadata,Black_Phoebe_48ft.wav,Birdsongs Recordings\48ft\Black_Phoebe_48ft.wav,Black Phoebe,Black Phoebe,48ft,6.0,9.0,3.0,0.7999999999999989,0.26666666666666633,True,Black Phoebe,0.932,Pacific-slope Flycatcher,0.0166,Brown-throated Sunbird,0.0068,True,1.0,0.932,True,True,True
E1_no_metadata,Black_Phoebe_48ft.wav,Birdsongs Recordings\48ft\Black_Phoebe_48ft.wav,Black Phoebe,Black Phoebe,48ft,9.0,10.0,1.0,0.40000000000000036,0.40000000000000036,True,Jerdon's Nightjar,0.026,Indian Scops-Owl,0.0212,Engine,0.0158,False,,0.0,False,False,False
E1_no_metadata,California_Towhee_48ft.wav,Birdsongs Recordings\48ft\California_Towhee_48ft.wav,California Towhee,California Towhee,48ft,0.0,3.0,3.0,1.35,0.45,True,California Towhee,0.6311,Peregrine Falcon,0.0071,Lesser Coucal,0.007,True,1.0,0.6311,True,True,True
E1_no_metadata,California_Towhee_48ft.wav,Birdsongs Recordings\48ft\California_Towhee_48ft.wav,California Towhee,California Towhee,48ft,3.0,6.0,3.0,0.0,0.0,False,California Towhee,0.7945,Oak Titmouse,0.0582,Orange-crowned Warbler,0.0541,True,1.0,0.7945,True,True,True
E1_no_metadata,California_Towhee_48ft.wav,Birdsongs Recordings\48ft\California_Towhee_48ft.wav,California Towhee,California Towhee,48ft,6.0,9.0,3.0,1.4499999999999993,0.4833333333333331,True,California Towhee,0.3482,Malaysian Pied-Fantail,0.0133,Alpine Swift,0.013,True,1.0,0.3482,True,True,True
E1_no_metadata,California_Towhee_48ft.wav,Birdsongs Recordings\48ft\California_Towhee_48ft.wav,California Towhee,California Towhee,48ft,9.0,10.0,1.0,0.0,0.0,False,California Towhee,0.8076,Black-crested Warbler,0.128,Black-tailed Gnatcatcher,0.013,True,1.0,0.8076,True,True,True
E1_no_metadata,Dark_eyed_Junco_48ft.wav,Birdsongs Recordings\48ft\Dark_eyed_Junco_48ft.wav,Dark-eyed Junco,Dark-eyed Junco,48ft,0.0,3.0,3.0,1.7500000000000002,0.5833333333333334,True,Dark-eyed Junco,0.5123,Cirl Bunting,0.2437,White-winged Crossbill,0.1185,True,1.0,0.5123,True,True,True
E1_no_metadata,Dark_eyed_Junco_48ft.wav,Birdsongs Recordings\48ft\Dark_eyed_Junco_48ft.wav,Dark-eyed Junco,Dark-eyed Junco,48ft,3.0,6.0,3.0,0.0,0.0,False,Dark-eyed Junco,0.3092,Eastern Towhee,0.0818,White-winged Crossbill,0.0486,True,1.0,0.3092,True,True,True
E1_no_metadata,Dark_eyed_Junco_48ft.wav,Birdsongs Recordings\48ft\Dark_eyed_Junco_48ft.wav,Dark-eyed Junco,Dark-eyed Junco,48ft,6.0,9.0,3.0,1.8500000000000005,0.6166666666666668,True,Dark-eyed Junco,0.5911,Cirl Bunting,0.2425,White-winged Crossbill,0.0919,True,1.0,0.5911,True,True,True
E1_no_metadata,Dark_eyed_Junco_48ft.wav,Birdsongs Recordings\48ft\Dark_eyed_Junco_48ft.wav,Dark-eyed Junco,Dark-eyed Junco,48ft,9.0,10.0,1.0,0.0,0.0,False,Black Redstart,0.1388,Yellow-rumped Warbler,0.0441,Grace's Warbler,0.04,True,4.0,0.0332,False,False,True
E1_no_metadata,European_Starling_48ft.wav,Birdsongs Recordings\48ft\European_Starling_48ft.wav,European Starling,European Starling,48ft,0.0,3.0,3.0,2.6,0.8666666666666667,True,Broad-winged Hawk,0.0866,American Robin,0.08,Black-capped Chickadee,0.0248,False,,0.0,False,False,False
E1_no_metadata,European_Starling_48ft.wav,Birdsongs Recordings\48ft\European_Starling_48ft.wav,European Starling,European Starling,48ft,3.0,6.0,3.0,3.0,1.0,True,Pacific-slope Flycatcher,0.0444,European Starling,0.0338,Black-crested Titmouse,0.0326,True,2.0,0.0338,False,True,True
E1_no_metadata,European_Starling_48ft.wav,Birdsongs Recordings\48ft\European_Starling_48ft.wav,European Starling,European Starling,48ft,6.0,9.0,3.0,3.0,1.0,True,Gray Fantail,0.2109,Eastern Whipbird,0.0727,New Zealand Fantail,0.0469,False,,0.0,False,False,False
E1_no_metadata,European_Starling_48ft.wav,Birdsongs Recordings\48ft\European_Starling_48ft.wav,European Starling,European Starling,48ft,9.0,10.0,1.0,1.0,1.0,True,Ruffed Grouse,0.0095,Slaty-legged Crake,0.009,Plain Prinia,0.007,False,,0.0,False,False,False
E1_no_metadata,Hooded_Oriole_48ft.wav,Birdsongs Recordings\48ft\Hooded_Oriole_48ft.wav,Hooded Oriole,Hooded Oriole,48ft,0.0,3.0,3.0,1.35,0.45,True,Ashy Tailorbird,0.0467,Micronesian Myzomela,0.0449,Red-whiskered Bulbul,0.0267,True,13.0,0.01,False,False,False
E1_no_metadata,Hooded_Oriole_48ft.wav,Birdsongs Recordings\48ft\Hooded_Oriole_48ft.wav,Hooded Oriole,Hooded Oriole,48ft,3.0,6.0,3.0,1.6500000000000008,0.5500000000000003,True,Hooded Oriole,0.3573,White-eyed Vireo,0.1246,Orchard Oriole,0.0866,True,1.0,0.3573,True,True,True
E1_no_metadata,Hooded_Oriole_48ft.wav,Birdsongs Recordings\48ft\Hooded_Oriole_48ft.wav,Hooded Oriole,Hooded Oriole,48ft,6.0,9.0,3.0,2.4000000000000004,0.8000000000000002,True,Western Tanager,0.6585,Malaysian Pied-Fantail,0.2844,Ashy Tailorbird,0.0455,False,,0.0,False,False,False
E1_no_metadata,Hooded_Oriole_48ft.wav,Birdsongs Recordings\48ft\Hooded_Oriole_48ft.wav,Hooded Oriole,Hooded Oriole,48ft,9.0,10.0,1.0,0.8499999999999996,0.8499999999999996,True,Engine,0.0156,Island Canary,0.0065,Human vocal,0.0052,False,,0.0,False,False,False
E1_no_metadata,House_Finch_48ft.wav,Birdsongs Recordings\48ft\House_Finch_48ft.wav,House Finch,House Finch,48ft,0.0,3.0,3.0,2.55,0.85,True,House Finch,0.9922,Micronesian Myzomela,0.0259,Purple Finch,0.0135,True,1.0,0.9922,True,True,True
E1_no_metadata,House_Finch_48ft.wav,Birdsongs Recordings\48ft\House_Finch_48ft.wav,House Finch,House Finch,48ft,3.0,6.0,3.0,0.6999999999999997,0.23333333333333325,True,Two-banded Warbler,0.2112,Blue Grosbeak,0.1382,House Finch,0.0438,True,3.0,0.0438,False,True,True
E1_no_metadata,House_Finch_48ft.wav,Birdsongs Recordings\48ft\House_Finch_48ft.wav,House Finch,House Finch,48ft,6.0,9.0,3.0,2.0,0.6666666666666666,True,House Finch,0.3692,Orchard Oriole,0.061,European Robin,0.0472,True,1.0,0.3692,True,True,True
E1_no_metadata,House_Finch_48ft.wav,Birdsongs Recordings\48ft\House_Finch_48ft.wav,House Finch,House Finch,48ft,9.0,10.0,1.0,0.0,0.0,False,Broad-winged Hawk,0.0111,Engine,0.0094,Ruffed Grouse,0.0072,False,,0.0,False,False,False
E1_no_metadata,House_Sparrow_48ft.wav,Birdsongs Recordings\48ft\House_Sparrow_48ft.wav,House Sparrow,House Sparrow,48ft,0.0,3.0,3.0,1.7420000000000002,0.5806666666666668,True,House Sparrow,0.558,Common Swift,0.0144,White-winged Dove,0.0135,True,1.0,0.558,True,True,True
E1_no_metadata,House_Sparrow_48ft.wav,Birdsongs Recordings\48ft\House_Sparrow_48ft.wav,House Sparrow,House Sparrow,48ft,3.0,6.0,3.0,1.8359999999999999,0.612,True,House Sparrow,0.4094,Austral Thrush,0.0402,Chimney Swift,0.0176,True,1.0,0.4094,True,True,True
E1_no_metadata,House_Sparrow_48ft.wav,Birdsongs Recordings\48ft\House_Sparrow_48ft.wav,House Sparrow,House Sparrow,48ft,6.0,9.0,3.0,1.8360000000000003,0.6120000000000001,True,House Sparrow,0.5323,Spanish Sparrow,0.0924,Gray Catbird,0.0229,True,1.0,0.5323,True,True,True
E1_no_metadata,House_Sparrow_48ft.wav,Birdsongs Recordings\48ft\House_Sparrow_48ft.wav,House Sparrow,House Sparrow,48ft,9.0,10.0,1.0,0.6420000000000012,0.6420000000000012,True,Fork-tailed Bush Katydid,0.0087,Engine,0.0076,Broad-winged Hawk,0.005,False,,0.0,False,False,False
E1_no_metadata,Lesser_Goldfinch_48ft.wav,Birdsongs Recordings\48ft\Lesser_Goldfinch_48ft.wav,Lesser Goldfinch,Lesser Goldfinch,48ft,0.0,3.0,3.0,3.0,1.0,True,Lesser Goldfinch,0.454,Pallas's Leaf Warbler,0.3264,American Goldfinch,0.0653,True,1.0,0.454,True,True,True
E1_no_metadata,Lesser_Goldfinch_48ft.wav,Birdsongs Recordings\48ft\Lesser_Goldfinch_48ft.wav,Lesser Goldfinch,Lesser Goldfinch,48ft,3.0,6.0,3.0,2.3999999999999995,0.7999999999999998,True,Micronesian Myzomela,0.1316,Abert's Towhee,0.1121,Bertoni's Antbird,0.0916,False,,0.0,False,False,False
E1_no_metadata,Lesser_Goldfinch_48ft.wav,Birdsongs Recordings\48ft\Lesser_Goldfinch_48ft.wav,Lesser Goldfinch,Lesser Goldfinch,48ft,6.0,9.0,3.0,3.0,1.0,True,Lesser Goldfinch,0.8851,American Goldfinch,0.0804,Pallas's Leaf Warbler,0.0618,True,1.0,0.8851,True,True,True
E1_no_metadata,Lesser_Goldfinch_48ft.wav,Birdsongs Recordings\48ft\Lesser_Goldfinch_48ft.wav,Lesser Goldfinch,Lesser Goldfinch,48ft,9.0,10.0,1.0,0.9920000000000009,0.9920000000000009,True,Cordilleran Flycatcher,0.0779,Olive-backed Sunbird,0.0514,American Goldfinch,0.0479,False,,0.0,False,False,False
E1_no_metadata,Mourning_Dove_48ft.wav,Birdsongs Recordings\48ft\Mourning_Dove_48ft.wav,Mourning Dove,Mourning Dove,48ft,0.0,3.0,3.0,1.0,0.3333333333333333,True,Mourning Dove,0.1729,Buff-spotted Flufftail,0.0633,White-tipped Dove,0.0498,True,1.0,0.1729,True,True,True
E1_no_metadata,Mourning_Dove_48ft.wav,Birdsongs Recordings\48ft\Mourning_Dove_48ft.wav,Mourning Dove,Mourning Dove,48ft,3.0,6.0,3.0,2.3,0.7666666666666666,True,Mourning Dove,0.9537,Zenaida Dove,0.0287,Marbled Frogmouth,0.0085,True,1.0,0.9537,True,True,True
E1_no_metadata,Mourning_Dove_48ft.wav,Birdsongs Recordings\48ft\Mourning_Dove_48ft.wav,Mourning Dove,Mourning Dove,48ft,6.0,9.0,3.0,1.2999999999999998,0.4333333333333333,True,Mourning Dove,0.4307,Eurasian Eagle-Owl,0.086,Mottled Wood-Owl,0.0178,True,1.0,0.4307,True,True,True
E1_no_metadata,Mourning_Dove_48ft.wav,Birdsongs Recordings\48ft\Mourning_Dove_48ft.wav,Mourning Dove,Mourning Dove,48ft,9.0,10.0,1.0,0.0,0.0,False,Engine,0.0068,Western Capercaillie,0.0066,Apolinar's Wren,0.0061,False,,0.0,False,False,False
E1_no_metadata,Northern_House_Wren_48ft.wav,Birdsongs Recordings\48ft\Northern_House_Wren_48ft.wav,Northern House Wren,House Wren,48ft,0.0,3.0,3.0,2.7,0.9,True,Connecticut Warbler,0.0819,Kentucky Warbler,0.047,Mourning Warbler,0.0379,True,15.0,0.0048,False,False,False
E1_no_metadata,Northern_House_Wren_48ft.wav,Birdsongs Recordings\48ft\Northern_House_Wren_48ft.wav,Northern House Wren,House Wren,48ft,3.0,6.0,3.0,0.8000000000000003,0.2666666666666668,True,House Wren,0.9277,Louisiana Waterthrush,0.0182,American Goldfinch,0.0126,True,1.0,0.9277,True,True,True
E1_no_metadata,Northern_House_Wren_48ft.wav,Birdsongs Recordings\48ft\Northern_House_Wren_48ft.wav,Northern House Wren,House Wren,48ft,6.0,9.0,3.0,2.8000000000000007,0.9333333333333336,True,Engine,0.0433,Alpine Swift,0.0124,Mottled Owl,0.0118,False,,0.0,False,False,False
E1_no_metadata,Northern_House_Wren_48ft.wav,Birdsongs Recordings\48ft\Northern_House_Wren_48ft.wav,Northern House Wren,House Wren,48ft,9.0,10.0,1.0,0.0,0.0,False,Engine,0.0189,Island Canary,0.0099,Cooper's Hawk,0.0053,False,,0.0,False,False,False
E1_no_metadata,Northern_Mockingbird_48ft.wav,Birdsongs Recordings\48ft\Northern_Mockingbird_48ft.wav,Northern Mockingbird,Northern Mockingbird,48ft,0.0,3.0,3.0,1.6499999999999997,0.5499999999999999,True,Northern Mockingbird,0.2162,American Dipper,0.017,Tropical Mockingbird,0.0161,True,1.0,0.2162,True,True,True
E1_no_metadata,Northern_Mockingbird_48ft.wav,Birdsongs Recordings\48ft\Northern_Mockingbird_48ft.wav,Northern Mockingbird,Northern Mockingbird,48ft,3.0,6.0,3.0,1.1499999999999995,0.38333333333333314,True,European Greenfinch,0.3193,White-winged Crossbill,0.03,Bridled Titmouse,0.0254,True,4.0,0.0249,False,False,True
E1_no_metadata,Northern_Mockingbird_48ft.wav,Birdsongs Recordings\48ft\Northern_Mockingbird_48ft.wav,Northern Mockingbird,Northern Mockingbird,48ft,6.0,9.0,3.0,2.13,0.71,True,Northern Mockingbird,0.1677,Song Thrush,0.0973,Jacky-winter,0.0214,True,1.0,0.1677,True,True,True
E1_no_metadata,Northern_Mockingbird_48ft.wav,Birdsongs Recordings\48ft\Northern_Mockingbird_48ft.wav,Northern Mockingbird,Northern Mockingbird,48ft,9.0,10.0,1.0,0.27999999999999936,0.27999999999999936,True,Jacky-winter,0.0494,White-tailed Nuthatch,0.0461,Leymebamba Antpitta,0.0251,False,,0.0,False,False,False
E1_no_metadata,Northern_Yellow_Warbler_48ft.wav,Birdsongs Recordings\48ft\Northern_Yellow_Warbler_48ft.wav,Northern Yellow Warbler,Yellow Warbler,48ft,0.0,3.0,3.0,0.0,0.0,False,Eurasian Coot,0.0071,Common Quail,0.007,Mallard,0.0068,False,,0.0,False,False,False
E1_no_metadata,Northern_Yellow_Warbler_48ft.wav,Birdsongs Recordings\48ft\Northern_Yellow_Warbler_48ft.wav,Northern Yellow Warbler,Yellow Warbler,48ft,3.0,6.0,3.0,1.3499999999999996,0.4499999999999999,True,Yellow Warbler,0.5094,Clay-colored Sparrow,0.0323,American Redstart,0.0247,True,1.0,0.5094,True,True,True
E1_no_metadata,Northern_Yellow_Warbler_48ft.wav,Birdsongs Recordings\48ft\Northern_Yellow_Warbler_48ft.wav,Northern Yellow Warbler,Yellow Warbler,48ft,6.0,9.0,3.0,0.09999999999999964,0.033333333333333215,False,Engine,0.0124,Mallard,0.0093,Tree Pipit,0.0078,False,,0.0,False,False,False
E1_no_metadata,Northern_Yellow_Warbler_48ft.wav,Birdsongs Recordings\48ft\Northern_Yellow_Warbler_48ft.wav,Northern Yellow Warbler,Yellow Warbler,48ft,9.0,10.0,1.0,0.0,0.0,False,Island Canary,0.0059,Ruffed Grouse,0.0059,Broad-winged Hawk,0.005,False,,0.0,False,False,False
E1_no_metadata,Oak_Titmouse_48ft.wav,Birdsongs Recordings\48ft\Oak_Titmouse_48ft.wav,Oak Titmouse,Oak Titmouse,48ft,0.0,3.0,3.0,1.3,0.43333333333333335,True,Oak Titmouse,0.0966,Juniper Titmouse,0.0456,Bridled Titmouse,0.0209,True,1.0,0.0966,True,True,True
E1_no_metadata,Oak_Titmouse_48ft.wav,Birdsongs Recordings\48ft\Oak_Titmouse_48ft.wav,Oak Titmouse,Oak Titmouse,48ft,3.0,6.0,3.0,1.0000000000000004,0.3333333333333335,True,Oak Titmouse,0.9687,Great Tit,0.0317,Carolina Wren,0.0257,True,1.0,0.9687,True,True,True
E1_no_metadata,Oak_Titmouse_48ft.wav,Birdsongs Recordings\48ft\Oak_Titmouse_48ft.wav,Oak Titmouse,Oak Titmouse,48ft,6.0,9.0,3.0,1.4499999999999993,0.4833333333333331,True,Oak Titmouse,0.1785,Carolina Wren,0.17,Mourning Dove,0.0805,True,1.0,0.1785,True,True,True
E1_no_metadata,Oak_Titmouse_48ft.wav,Birdsongs Recordings\48ft\Oak_Titmouse_48ft.wav,Oak Titmouse,Oak Titmouse,48ft,9.0,10.0,1.0,0.9000000000000004,0.9000000000000004,True,Micronesian Myzomela,0.045,Golden-bellied Euphonia,0.0405,Loten's Sunbird,0.0313,False,,0.0,False,False,False
E1_no_metadata,Rock_Pigeon_48ft.wav,Birdsongs Recordings\48ft\Rock_Pigeon_48ft.wav,Rock Pigeon,Rock Pigeon,48ft,0.0,3.0,3.0,1.5499999999999998,0.5166666666666666,True,Rock Pigeon,0.6812,Crested Owl,0.0472,Brown Wood-Owl,0.015,True,1.0,0.6812,True,True,True
E1_no_metadata,Rock_Pigeon_48ft.wav,Birdsongs Recordings\48ft\Rock_Pigeon_48ft.wav,Rock Pigeon,Rock Pigeon,48ft,3.0,6.0,3.0,1.0499999999999998,0.3499999999999999,True,Great Horned Owl,0.1197,Greater Coucal,0.0784,Brown Wood-Owl,0.0635,True,4.0,0.024,False,False,True
E1_no_metadata,Rock_Pigeon_48ft.wav,Birdsongs Recordings\48ft\Rock_Pigeon_48ft.wav,Rock Pigeon,Rock Pigeon,48ft,6.0,9.0,3.0,1.0999999999999996,0.36666666666666653,True,Great Horned Owl,0.172,Rock Pigeon,0.0502,Band-tailed Pigeon,0.0382,True,2.0,0.0502,False,True,True
E1_no_metadata,Rock_Pigeon_48ft.wav,Birdsongs Recordings\48ft\Rock_Pigeon_48ft.wav,Rock Pigeon,Rock Pigeon,48ft,9.0,10.0,1.0,0.0,0.0,False,Slaty-legged Crake,0.0085,Indian Scops-Owl,0.0084,Jerdon's Nightjar,0.0073,False,,0.0,False,False,False
E1_no_metadata,Song_Sparrow_48ft.wav,Birdsongs Recordings\48ft\Song_Sparrow_48ft.wav,Song Sparrow,Song Sparrow,48ft,0.0,3.0,3.0,0.0,0.0,False,Song Thrush,0.0116,Mallard,0.0106,Plain Prinia,0.0094,False,,0.0,False,False,False
E1_no_metadata,Song_Sparrow_48ft.wav,Birdsongs Recordings\48ft\Song_Sparrow_48ft.wav,Song Sparrow,Song Sparrow,48ft,3.0,6.0,3.0,2.6500000000000004,0.8833333333333334,True,Song Sparrow,0.299,Downy Woodpecker,0.0162,Willow Flycatcher,0.0139,True,1.0,0.299,True,True,True
E1_no_metadata,Song_Sparrow_48ft.wav,Birdsongs Recordings\48ft\Song_Sparrow_48ft.wav,Song Sparrow,Song Sparrow,48ft,6.0,9.0,3.0,0.0,0.0,False,Carolina Chickadee,0.0485,House Wren,0.0238,Bewick's Wren,0.015,True,7.0,0.0106,False,False,False
E1_no_metadata,Song_Sparrow_48ft.wav,Birdsongs Recordings\48ft\Song_Sparrow_48ft.wav,Song Sparrow,Song Sparrow,48ft,9.0,10.0,1.0,0.0,0.0,False,Slaty-legged Crake,0.0256,Jerdon's Nightjar,0.0209,Indian Nightjar,0.0167,False,,0.0,False,False,False
E1_no_metadata,Spotted_Towhee_48ft.wav,Birdsongs Recordings\48ft\Spotted_Towhee_48ft.wav,Spotted Towhee,Spotted Towhee,48ft,0.0,3.0,3.0,1.3,0.43333333333333335,True,Cerulean Warbler,0.3605,Spotted Towhee,0.0927,Green-tailed Towhee,0.0535,True,2.0,0.0927,False,True,True
E1_no_metadata,Spotted_Towhee_48ft.wav,Birdsongs Recordings\48ft\Spotted_Towhee_48ft.wav,Spotted Towhee,Spotted Towhee,48ft,3.0,6.0,3.0,0.0,0.0,False,Spotted Towhee,0.1384,Ashy Prinia,0.1278,Siberian Blue Robin,0.1171,True,1.0,0.1384,True,True,True
E1_no_metadata,Spotted_Towhee_48ft.wav,Birdsongs Recordings\48ft\Spotted_Towhee_48ft.wav,Spotted Towhee,Spotted Towhee,48ft,6.0,9.0,3.0,1.3500000000000005,0.4500000000000002,True,Cerulean Warbler,0.5976,Lincoln's Sparrow,0.0405,Green-tailed Towhee,0.037,True,4.0,0.0267,False,False,True
E1_no_metadata,Spotted_Towhee_48ft.wav,Birdsongs Recordings\48ft\Spotted_Towhee_48ft.wav,Spotted Towhee,Spotted Towhee,48ft,9.0,10.0,1.0,0.0,0.0,False,Plain Prinia,0.0213,Slaty-legged Crake,0.0119,Jerdon's Nightjar,0.008,False,,0.0,False,False,False
E2_week_only,American_Robin_1ft.wav,Birdsongs Recordings\1ft\American_Robin_1ft.wav,American Robin,American Robin,1ft,0.0,3.0,3.0,2.45,0.8166666666666668,True,American Robin,0.9215,Song Thrush,0.0331,Black-headed Grosbeak,0.0299,True,1.0,0.9215,True,True,True
E2_week_only,American_Robin_1ft.wav,Birdsongs Recordings\1ft\American_Robin_1ft.wav,American Robin,American Robin,1ft,3.0,6.0,3.0,1.9000000000000004,0.6333333333333334,True,American Robin,0.9906,Baltimore Oriole,0.0114,Austral Thrush,0.0082,True,1.0,0.9906,True,True,True
E2_week_only,American_Robin_1ft.wav,Birdsongs Recordings\1ft\American_Robin_1ft.wav,American Robin,American Robin,1ft,6.0,9.0,3.0,1.4000000000000004,0.4666666666666668,True,American Robin,0.957,Black Thrush,0.0547,Song Thrush,0.0335,True,1.0,0.957,True,True,True
E2_week_only,American_Robin_1ft.wav,Birdsongs Recordings\1ft\American_Robin_1ft.wav,American Robin,American Robin,1ft,9.0,10.0,1.0,1.0,1.0,True,American Robin,0.8093,Black-headed Grosbeak,0.1026,Golden Grosbeak,0.0433,True,1.0,0.8093,True,True,True
E2_week_only,Annas_Hummingbird_1ft.wav,Birdsongs Recordings\1ft\Annas_Hummingbird_1ft.wav,Anna's Hummingbird,Anna's Hummingbird,1ft,0.0,3.0,3.0,1.5,0.5,True,Anna's Hummingbird,0.9936,Bananaquit,0.004,Savannah Sparrow,0.0013,True,1.0,0.9936,True,True,True
E2_week_only,Annas_Hummingbird_1ft.wav,Birdsongs Recordings\1ft\Annas_Hummingbird_1ft.wav,Anna's Hummingbird,Anna's Hummingbird,1ft,3.0,6.0,3.0,3.0,1.0,True,Anna's Hummingbird,0.9869,River Warbler,0.0099,Black Redstart,0.0074,True,1.0,0.9869,True,True,True
E2_week_only,Annas_Hummingbird_1ft.wav,Birdsongs Recordings\1ft\Annas_Hummingbird_1ft.wav,Anna's Hummingbird,Anna's Hummingbird,1ft,6.0,9.0,3.0,3.0,1.0,True,Anna's Hummingbird,0.9953,Savannah Sparrow,0.0065,Grassland Yellow-Finch,0.0059,True,1.0,0.9953,True,True,True
E2_week_only,Annas_Hummingbird_1ft.wav,Birdsongs Recordings\1ft\Annas_Hummingbird_1ft.wav,Anna's Hummingbird,Anna's Hummingbird,1ft,9.0,10.0,1.0,0.6999999999999993,0.6999999999999993,True,Anna's Hummingbird,0.802,Grassland Yellow-Finch,0.113,Whitehead,0.0376,True,1.0,0.802,True,True,True
E2_week_only,Barn_Swallow_1ft.wav,Birdsongs Recordings\1ft\Barn_Swallow_1ft.wav,Barn Swallow,Barn Swallow,1ft,0.0,3.0,3.0,2.7,0.9,True,Barn Swallow,0.981,Greater Angle-wing,0.0768,Grasshopper Sparrow,0.02,True,1.0,0.981,True,True,True
E2_week_only,Barn_Swallow_1ft.wav,Birdsongs Recordings\1ft\Barn_Swallow_1ft.wav,Barn Swallow,Barn Swallow,1ft,3.0,6.0,3.0,3.0,1.0,True,Barn Swallow,0.9841,Cliff Swallow,0.052,Red-rumped Swallow,0.0393,True,1.0,0.9841,True,True,True
E2_week_only,Barn_Swallow_1ft.wav,Birdsongs Recordings\1ft\Barn_Swallow_1ft.wav,Barn Swallow,Barn Swallow,1ft,6.0,9.0,3.0,3.0,1.0,True,Barn Swallow,0.9786,Eastern Olivaceous Warbler,0.0256,Fireworks,0.0214,True,1.0,0.9786,True,True,True
E2_week_only,Barn_Swallow_1ft.wav,Birdsongs Recordings\1ft\Barn_Swallow_1ft.wav,Barn Swallow,Barn Swallow,1ft,9.0,10.0,1.0,0.1999999999999993,0.1999999999999993,False,Mouse-colored Tyrannulet,0.3343,Rufous-crowned Pygmy-Tyrant,0.1462,Rusty-headed Spinetail,0.0582,False,,0.0,False,False,False
E2_week_only,Bewicks_Wren_1ft.wav,Birdsongs Recordings\1ft\Bewicks_Wren_1ft.wav,Bewick's Wren,Bewick's Wren,1ft,0.0,3.0,3.0,2.4,0.7999999999999999,True,Bewick's Wren,0.8609,Black-throated Sparrow,0.1658,Song Sparrow,0.0579,True,1.0,0.8609,True,True,True
E2_week_only,Bewicks_Wren_1ft.wav,Birdsongs Recordings\1ft\Bewicks_Wren_1ft.wav,Bewick's Wren,Bewick's Wren,1ft,3.0,6.0,3.0,0.0,0.0,False,Merlin,0.0604,Bicknell's Thrush,0.0295,Louisiana Waterthrush,0.0268,False,,0.0,False,False,False
E2_week_only,Bewicks_Wren_1ft.wav,Birdsongs Recordings\1ft\Bewicks_Wren_1ft.wav,Bewick's Wren,Bewick's Wren,1ft,6.0,9.0,3.0,0.0,0.0,False,Common Virtuoso Katydid,0.8305,Engine,0.0533,Fork-tailed Bush Katydid,0.0355,False,,0.0,False,False,False
E2_week_only,Bewicks_Wren_1ft.wav,Birdsongs Recordings\1ft\Bewicks_Wren_1ft.wav,Bewick's Wren,Bewick's Wren,1ft,9.0,10.0,1.0,0.0,0.0,False,Common Virtuoso Katydid,0.0274,Engine,0.0194,Northern Saw-whet Owl,0.008,False,,0.0,False,False,False
E2_week_only,Black_Phoebe_1ft.wav,Birdsongs Recordings\1ft\Black_Phoebe_1ft.wav,Black Phoebe,Black Phoebe,1ft,0.0,3.0,3.0,0.7500000000000002,0.25000000000000006,True,Black Phoebe,0.9998,Wrentit,0.0003,Song Sparrow,0.0002,True,1.0,0.9998,True,True,True
E2_week_only,Black_Phoebe_1ft.wav,Birdsongs Recordings\1ft\Black_Phoebe_1ft.wav,Black Phoebe,Black Phoebe,1ft,3.0,6.0,3.0,0.8999999999999999,0.3,True,Black Phoebe,0.9995,Eastern Phoebe,0.0004,Wrentit,0.0002,True,1.0,0.9995,True,True,True
E2_week_only,Black_Phoebe_1ft.wav,Birdsongs Recordings\1ft\Black_Phoebe_1ft.wav,Black Phoebe,Black Phoebe,1ft,6.0,9.0,3.0,0.7999999999999989,0.26666666666666633,True,Black Phoebe,0.9998,Eastern Phoebe,0.0016,Verdin,0.0001,True,1.0,0.9998,True,True,True
E2_week_only,Black_Phoebe_1ft.wav,Birdsongs Recordings\1ft\Black_Phoebe_1ft.wav,Black Phoebe,Black Phoebe,1ft,9.0,10.0,1.0,0.40000000000000036,0.40000000000000036,True,Black Phoebe,0.9998,Eastern Phoebe,0.001,Bushtit,0.0005,True,1.0,0.9998,True,True,True
E2_week_only,California_Towhee_1ft.wav,Birdsongs Recordings\1ft\California_Towhee_1ft.wav,California Towhee,California Towhee,1ft,0.0,3.0,3.0,1.35,0.45,True,California Towhee,0.9986,White-throated Towhee,0.0016,Spotted Towhee,0.0014,True,1.0,0.9986,True,True,True
E2_week_only,California_Towhee_1ft.wav,Birdsongs Recordings\1ft\California_Towhee_1ft.wav,California Towhee,California Towhee,1ft,3.0,6.0,3.0,0.0,0.0,False,Black Phoebe,0.2448,House Sparrow,0.1063,Ortolan Bunting,0.06,False,,0.0,False,False,False
E2_week_only,California_Towhee_1ft.wav,Birdsongs Recordings\1ft\California_Towhee_1ft.wav,California Towhee,California Towhee,1ft,6.0,9.0,3.0,1.4499999999999993,0.4833333333333331,True,California Towhee,0.9976,Abert's Towhee,0.0066,Spotted Towhee,0.0019,True,1.0,0.9976,True,True,True
E2_week_only,California_Towhee_1ft.wav,Birdsongs Recordings\1ft\California_Towhee_1ft.wav,California Towhee,California Towhee,1ft,9.0,10.0,1.0,0.0,0.0,False,Allen's Hummingbird,0.0368,Rufous Hummingbird,0.0226,Chestnut-capped Brushfinch,0.0207,False,,0.0,False,False,False
E2_week_only,Dark_eyed_Junco_1ft.wav,Birdsongs Recordings\1ft\Dark_eyed_Junco_1ft.wav,Dark-eyed Junco,Dark-eyed Junco,1ft,0.0,3.0,3.0,1.7500000000000002,0.5833333333333334,True,Dark-eyed Junco,0.9843,Swamp Sparrow,0.2367,Chipping Sparrow,0.0215,True,1.0,0.9843,True,True,True
E2_week_only,Dark_eyed_Junco_1ft.wav,Birdsongs Recordings\1ft\Dark_eyed_Junco_1ft.wav,Dark-eyed Junco,Dark-eyed Junco,1ft,3.0,6.0,3.0,0.0,0.0,False,Common Virtuoso Katydid,0.2424,Black Phoebe,0.154,American Goldfinch,0.0466,False,,0.0,False,False,False
E2_week_only,Dark_eyed_Junco_1ft.wav,Birdsongs Recordings\1ft\Dark_eyed_Junco_1ft.wav,Dark-eyed Junco,Dark-eyed Junco,1ft,6.0,9.0,3.0,1.8500000000000005,0.6166666666666668,True,Dark-eyed Junco,0.9687,Chipping Sparrow,0.104,Cirl Bunting,0.0624,True,1.0,0.9687,True,True,True
E2_week_only,Dark_eyed_Junco_1ft.wav,Birdsongs Recordings\1ft\Dark_eyed_Junco_1ft.wav,Dark-eyed Junco,Dark-eyed Junco,1ft,9.0,10.0,1.0,0.0,0.0,False,Allen's Hummingbird,0.1443,Rufous Hummingbird,0.1402,Tanager Finch,0.029,False,,0.0,False,False,False
E2_week_only,European_Starling_1ft.wav,Birdsongs Recordings\1ft\European_Starling_1ft.wav,European Starling,European Starling,1ft,0.0,3.0,3.0,2.6,0.8666666666666667,True,Freckle-breasted Thornbird,0.0428,Boat-tailed Grackle,0.0285,Chipping Sparrow,0.0241,True,6.0,0.0103,False,False,False
E2_week_only,European_Starling_1ft.wav,Birdsongs Recordings\1ft\European_Starling_1ft.wav,European Starling,European Starling,1ft,3.0,6.0,3.0,3.0,1.0,True,European Starling,0.2909,Black-capped Chickadee,0.0665,Marsh Tit,0.0425,True,1.0,0.2909,True,True,True
E2_week_only,European_Starling_1ft.wav,Birdsongs Recordings\1ft\European_Starling_1ft.wav,European Starling,European Starling,1ft,6.0,9.0,3.0,3.0,1.0,True,European Starling,0.7345,Golden-crowned Sparrow,0.2468,Red-rumped Cacique,0.0683,True,1.0,0.7345,True,True,True
E2_week_only,European_Starling_1ft.wav,Birdsongs Recordings\1ft\European_Starling_1ft.wav,European Starling,European Starling,1ft,9.0,10.0,1.0,1.0,1.0,True,European Starling,0.3416,Rosy Starling,0.3241,Spotless Starling,0.1693,True,1.0,0.3416,True,True,True
E2_week_only,Hooded_Oriole_1ft.wav,Birdsongs Recordings\1ft\Hooded_Oriole_1ft.wav,Hooded Oriole,Hooded Oriole,1ft,0.0,3.0,3.0,1.35,0.45,True,Hooded Oriole,0.8867,Western Capercaillie,0.2269,White-eyed Vireo,0.1682,True,1.0,0.8867,True,True,True
E2_week_only,Hooded_Oriole_1ft.wav,Birdsongs Recordings\1ft\Hooded_Oriole_1ft.wav,Hooded Oriole,Hooded Oriole,1ft,3.0,6.0,3.0,1.6500000000000008,0.5500000000000003,True,Hooded Oriole,0.6742,Curve-billed Thrasher,0.1747,Gray Catbird,0.0644,True,1.0,0.6742,True,True,True
E2_week_only,Hooded_Oriole_1ft.wav,Birdsongs Recordings\1ft\Hooded_Oriole_1ft.wav,Hooded Oriole,Hooded Oriole,1ft,6.0,9.0,3.0,2.4000000000000004,0.8000000000000002,True,Curve-billed Thrasher,0.7731,Hooded Oriole,0.7003,Long-billed Thrasher,0.0419,True,2.0,0.7003,False,True,True
E2_week_only,Hooded_Oriole_1ft.wav,Birdsongs Recordings\1ft\Hooded_Oriole_1ft.wav,Hooded Oriole,Hooded Oriole,1ft,9.0,10.0,1.0,0.8499999999999996,0.8499999999999996,True,Hooded Oriole,0.7601,Western Tanager,0.3424,Orchard Oriole,0.2212,True,1.0,0.7601,True,True,True
E2_week_only,House_Finch_1ft.wav,Birdsongs Recordings\1ft\House_Finch_1ft.wav,House Finch,House Finch,1ft,0.0,3.0,3.0,2.55,0.85,True,House Finch,0.5639,Sagebrush Sparrow,0.0561,Purple Finch,0.0262,True,1.0,0.5639,True,True,True
E2_week_only,House_Finch_1ft.wav,Birdsongs Recordings\1ft\House_Finch_1ft.wav,House Finch,House Finch,1ft,3.0,6.0,3.0,0.6999999999999997,0.23333333333333325,True,House Finch,0.6925,Blue Grosbeak,0.032,Olive Warbler,0.0293,True,1.0,0.6925,True,True,True
E2_week_only,House_Finch_1ft.wav,Birdsongs Recordings\1ft\House_Finch_1ft.wav,House Finch,House Finch,1ft,6.0,9.0,3.0,2.0,0.6666666666666666,True,House Finch,0.6925,Sagebrush Sparrow,0.0275,Orchard Oriole,0.0259,True,1.0,0.6925,True,True,True
E2_week_only,House_Finch_1ft.wav,Birdsongs Recordings\1ft\House_Finch_1ft.wav,House Finch,House Finch,1ft,9.0,10.0,1.0,0.0,0.0,False,Engine,0.0281,Siren,0.0063,Human vocal,0.005,False,,0.0,False,False,False
E2_week_only,House_Sparrow_1ft.wav,Birdsongs Recordings\1ft\House_Sparrow_1ft.wav,House Sparrow,House Sparrow,1ft,0.0,3.0,3.0,1.7420000000000002,0.5806666666666668,True,House Sparrow,0.8738,Italian Sparrow,0.1875,Eurasian Tree Sparrow,0.0173,True,1.0,0.8738,True,True,True
E2_week_only,House_Sparrow_1ft.wav,Birdsongs Recordings\1ft\House_Sparrow_1ft.wav,House Sparrow,House Sparrow,1ft,3.0,6.0,3.0,1.8359999999999999,0.612,True,House Sparrow,0.4907,Patagonian Sierra Finch,0.0497,Italian Sparrow,0.032,True,1.0,0.4907,True,True,True
E2_week_only,House_Sparrow_1ft.wav,Birdsongs Recordings\1ft\House_Sparrow_1ft.wav,House Sparrow,House Sparrow,1ft,6.0,9.0,3.0,1.8360000000000003,0.6120000000000001,True,House Sparrow,0.5018,Italian Sparrow,0.1286,Eurasian Tree Sparrow,0.0203,True,1.0,0.5018,True,True,True
E2_week_only,House_Sparrow_1ft.wav,Birdsongs Recordings\1ft\House_Sparrow_1ft.wav,House Sparrow,House Sparrow,1ft,9.0,10.0,1.0,0.6420000000000012,0.6420000000000012,True,House Sparrow,0.5193,Italian Sparrow,0.2218,Spanish Sparrow,0.1567,True,1.0,0.5193,True,True,True
E2_week_only,Lesser_Goldfinch_1ft.wav,Birdsongs Recordings\1ft\Lesser_Goldfinch_1ft.wav,Lesser Goldfinch,Lesser Goldfinch,1ft,0.0,3.0,3.0,3.0,1.0,True,Lesser Goldfinch,0.1137,Yellow-legged Thrush,0.0222,Oriental Magpie-Robin,0.0201,True,1.0,0.1137,True,True,True
E2_week_only,Lesser_Goldfinch_1ft.wav,Birdsongs Recordings\1ft\Lesser_Goldfinch_1ft.wav,Lesser Goldfinch,Lesser Goldfinch,1ft,3.0,6.0,3.0,2.3999999999999995,0.7999999999999998,True,Pallas's Leaf Warbler,0.1162,White-browed Wagtail,0.0876,Crested Lark,0.0577,True,9.0,0.0156,False,False,False
E2_week_only,Lesser_Goldfinch_1ft.wav,Birdsongs Recordings\1ft\Lesser_Goldfinch_1ft.wav,Lesser Goldfinch,Lesser Goldfinch,1ft,6.0,9.0,3.0,3.0,1.0,True,Lesser Goldfinch,0.1079,Yellow-legged Thrush,0.0508,Gray Catbird,0.0403,True,1.0,0.1079,True,True,True
E2_week_only,Lesser_Goldfinch_1ft.wav,Birdsongs Recordings\1ft\Lesser_Goldfinch_1ft.wav,Lesser Goldfinch,Lesser Goldfinch,1ft,9.0,10.0,1.0,0.9920000000000009,0.9920000000000009,True,American Goldfinch,0.6807,Collared Sunbird,0.1391,Ruddy-breasted Seedeater,0.026,True,6.0,0.0131,False,False,False
E2_week_only,Mourning_Dove_1ft.wav,Birdsongs Recordings\1ft\Mourning_Dove_1ft.wav,Mourning Dove,Mourning Dove,1ft,0.0,3.0,3.0,1.0,0.3333333333333333,True,Mourning Dove,0.5822,Buff-spotted Flufftail,0.0578,White-tipped Dove,0.0394,True,1.0,0.5822,True,True,True
E2_week_only,Mourning_Dove_1ft.wav,Birdsongs Recordings\1ft\Mourning_Dove_1ft.wav,Mourning Dove,Mourning Dove,1ft,3.0,6.0,3.0,2.3,0.7666666666666666,True,Mourning Dove,0.9285,West Peruvian Dove,0.0174,Zenaida Dove,0.0093,True,1.0,0.9285,True,True,True
E2_week_only,Mourning_Dove_1ft.wav,Birdsongs Recordings\1ft\Mourning_Dove_1ft.wav,Mourning Dove,Mourning Dove,1ft,6.0,9.0,3.0,1.2999999999999998,0.4333333333333333,True,Mourning Dove,0.8296,Eurasian Collared-Dove,0.0393,West Peruvian Dove,0.0113,True,1.0,0.8296,True,True,True
E2_week_only,Mourning_Dove_1ft.wav,Birdsongs Recordings\1ft\Mourning_Dove_1ft.wav,Mourning Dove,Mourning Dove,1ft,9.0,10.0,1.0,0.0,0.0,False,Engine,0.0135,Human vocal,0.0058,Fork-tailed Bush Katydid,0.0057,False,,0.0,False,False,False
E2_week_only,Northern_House_Wren_1ft.wav,Birdsongs Recordings\1ft\Northern_House_Wren_1ft.wav,Northern House Wren,House Wren,1ft,0.0,3.0,3.0,2.7,0.9,True,House Wren,0.9754,Black-chinned Siskin,0.0076,Lewis's Woodpecker,0.0056,True,1.0,0.9754,True,True,True
E2_week_only,Northern_House_Wren_1ft.wav,Birdsongs Recordings\1ft\Northern_House_Wren_1ft.wav,Northern House Wren,House Wren,1ft,3.0,6.0,3.0,0.8000000000000003,0.2666666666666668,True,House Wren,0.3107,Marsh Wren,0.1221,Rufous-crowned Sparrow,0.0804,True,1.0,0.3107,True,True,True
E2_week_only,Northern_House_Wren_1ft.wav,Birdsongs Recordings\1ft\Northern_House_Wren_1ft.wav,Northern House Wren,House Wren,1ft,6.0,9.0,3.0,2.8000000000000007,0.9333333333333336,True,House Wren,0.992,Eastern Wood-Pewee,0.0024,Lewis's Woodpecker,0.0024,True,1.0,0.992,True,True,True
E2_week_only,Northern_House_Wren_1ft.wav,Birdsongs Recordings\1ft\Northern_House_Wren_1ft.wav,Northern House Wren,House Wren,1ft,9.0,10.0,1.0,0.0,0.0,False,Connecticut Warbler,0.0935,Kentucky Warbler,0.0556,Hooded Warbler,0.0408,False,,0.0,False,False,False
E2_week_only,Northern_Mockingbird_1ft.wav,Birdsongs Recordings\1ft\Northern_Mockingbird_1ft.wav,Northern Mockingbird,Northern Mockingbird,1ft,0.0,3.0,3.0,1.6499999999999997,0.5499999999999999,True,Northern Mockingbird,0.4919,Brown Thrasher,0.0786,Chalk-browed Mockingbird,0.0326,True,1.0,0.4919,True,True,True
E2_week_only,Northern_Mockingbird_1ft.wav,Birdsongs Recordings\1ft\Northern_Mockingbird_1ft.wav,Northern Mockingbird,Northern Mockingbird,1ft,3.0,6.0,3.0,1.1499999999999995,0.38333333333333314,True,Northern Mockingbird,0.5772,Canyon Towhee,0.0479,Tropical Mockingbird,0.0357,True,1.0,0.5772,True,True,True
E2_week_only,Northern_Mockingbird_1ft.wav,Birdsongs Recordings\1ft\Northern_Mockingbird_1ft.wav,Northern Mockingbird,Northern Mockingbird,1ft,6.0,9.0,3.0,2.13,0.71,True,Northern Mockingbird,0.1793,Wrentit,0.1652,Jacky-winter,0.0932,True,1.0,0.1793,True,True,True
E2_week_only,Northern_Mockingbird_1ft.wav,Birdsongs Recordings\1ft\Northern_Mockingbird_1ft.wav,Northern Mockingbird,Northern Mockingbird,1ft,9.0,10.0,1.0,0.27999999999999936,0.27999999999999936,True,Wrentit,0.1834,Jacky-winter,0.1155,Taiwan Hwamei,0.071,False,,0.0,False,False,False
E2_week_only,Northern_Yellow_Warbler_1ft.wav,Birdsongs Recordings\1ft\Northern_Yellow_Warbler_1ft.wav,Northern Yellow Warbler,Yellow Warbler,1ft,0.0,3.0,3.0,0.0,0.0,False,Common Virtuoso Katydid,0.4381,Common Nighthawk,0.0743,Fork-tailed Bush Katydid,0.0528,False,,0.0,False,False,False
E2_week_only,Northern_Yellow_Warbler_1ft.wav,Birdsongs Recordings\1ft\Northern_Yellow_Warbler_1ft.wav,Northern Yellow Warbler,Yellow Warbler,1ft,3.0,6.0,3.0,1.3499999999999996,0.4499999999999999,True,Yellow Warbler,0.9617,American Redstart,0.0107,Willow Flycatcher,0.0077,True,1.0,0.9617,True,True,True
E2_week_only,Northern_Yellow_Warbler_1ft.wav,Birdsongs Recordings\1ft\Northern_Yellow_Warbler_1ft.wav,Northern Yellow Warbler,Yellow Warbler,1ft,6.0,9.0,3.0,0.09999999999999964,0.033333333333333215,False,Common Virtuoso Katydid,0.1782,American Redstart,0.174,Greenish Warbler,0.0894,True,19.0,0.0098,False,False,False
E2_week_only,Northern_Yellow_Warbler_1ft.wav,Birdsongs Recordings\1ft\Northern_Yellow_Warbler_1ft.wav,Northern Yellow Warbler,Yellow Warbler,1ft,9.0,10.0,1.0,0.0,0.0,False,Engine,0.0444,Fork-tailed Bush Katydid,0.0287,Common Virtuoso Katydid,0.0101,False,,0.0,False,False,False
E2_week_only,Oak_Titmouse_1ft.wav,Birdsongs Recordings\1ft\Oak_Titmouse_1ft.wav,Oak Titmouse,Oak Titmouse,1ft,0.0,3.0,3.0,1.3,0.43333333333333335,True,Juniper Titmouse,0.8021,Oak Titmouse,0.6607,Bridled Titmouse,0.0237,True,2.0,0.6607,False,True,True
E2_week_only,Oak_Titmouse_1ft.wav,Birdsongs Recordings\1ft\Oak_Titmouse_1ft.wav,Oak Titmouse,Oak Titmouse,1ft,3.0,6.0,3.0,1.0000000000000004,0.3333333333333335,True,Oak Titmouse,0.9997,Spotted Towhee,0.0237,Tufted Titmouse,0.0237,True,1.0,0.9997,True,True,True
E2_week_only,Oak_Titmouse_1ft.wav,Birdsongs Recordings\1ft\Oak_Titmouse_1ft.wav,Oak Titmouse,Oak Titmouse,1ft,6.0,9.0,3.0,1.4499999999999993,0.4833333333333331,True,Oak Titmouse,0.9994,Carolina Wren,0.046,Juniper Titmouse,0.0206,True,1.0,0.9994,True,True,True
E2_week_only,Oak_Titmouse_1ft.wav,Birdsongs Recordings\1ft\Oak_Titmouse_1ft.wav,Oak Titmouse,Oak Titmouse,1ft,9.0,10.0,1.0,0.9000000000000004,0.9000000000000004,True,Oak Titmouse,0.9817,Brown Thrasher,0.1683,Spotted Towhee,0.0479,True,1.0,0.9817,True,True,True
E2_week_only,Rock_Pigeon_1ft.wav,Birdsongs Recordings\1ft\Rock_Pigeon_1ft.wav,Rock Pigeon,Rock Pigeon,1ft,0.0,3.0,3.0,1.5499999999999998,0.5166666666666666,True,Rock Pigeon,0.9875,Common Wood-Pigeon,0.0102,Engine,0.0091,True,1.0,0.9875,True,True,True
E2_week_only,Rock_Pigeon_1ft.wav,Birdsongs Recordings\1ft\Rock_Pigeon_1ft.wav,Rock Pigeon,Rock Pigeon,1ft,3.0,6.0,3.0,1.0499999999999998,0.3499999999999999,True,Rock Pigeon,0.9081,Black Phoebe,0.0683,Engine,0.0266,True,1.0,0.9081,True,True,True
E2_week_only,Rock_Pigeon_1ft.wav,Birdsongs Recordings\1ft\Rock_Pigeon_1ft.wav,Rock Pigeon,Rock Pigeon,1ft,6.0,9.0,3.0,1.0999999999999996,0.36666666666666653,True,Rock Pigeon,0.7613,Black Phoebe,0.1134,Canyon Wren,0.0178,True,1.0,0.7613,True,True,True
E2_week_only,Rock_Pigeon_1ft.wav,Birdsongs Recordings\1ft\Rock_Pigeon_1ft.wav,Rock Pigeon,Rock Pigeon,1ft,9.0,10.0,1.0,0.0,0.0,False,Fork-tailed Bush Katydid,0.0258,Engine,0.0191,Brown Fish-Owl,0.0077,False,,0.0,False,False,False
E2_week_only,Song_Sparrow_1ft.wav,Birdsongs Recordings\1ft\Song_Sparrow_1ft.wav,Song Sparrow,Song Sparrow,1ft,0.0,3.0,3.0,0.0,0.0,False,Common Virtuoso Katydid,0.1784,Pygmy Nuthatch,0.1193,Canada Goose,0.0546,True,5.0,0.0516,False,False,True
E2_week_only,Song_Sparrow_1ft.wav,Birdsongs Recordings\1ft\Song_Sparrow_1ft.wav,Song Sparrow,Song Sparrow,1ft,3.0,6.0,3.0,2.6500000000000004,0.8833333333333334,True,Song Sparrow,0.9159,Swamp Sparrow,0.0088,Virginia Rail,0.0063,True,1.0,0.9159,True,True,True
E2_week_only,Song_Sparrow_1ft.wav,Birdsongs Recordings\1ft\Song_Sparrow_1ft.wav,Song Sparrow,Song Sparrow,1ft,6.0,9.0,3.0,0.0,0.0,False,House Sparrow,0.049,Canada Goose,0.0403,Engine,0.0266,True,7.0,0.0163,False,False,False
E2_week_only,Song_Sparrow_1ft.wav,Birdsongs Recordings\1ft\Song_Sparrow_1ft.wav,Song Sparrow,Song Sparrow,1ft,9.0,10.0,1.0,0.0,0.0,False,Engine,0.024,Fireworks,0.0077,Eurasian Eagle-Owl,0.0066,False,,0.0,False,False,False
E2_week_only,Spotted_Towhee_1ft.wav,Birdsongs Recordings\1ft\Spotted_Towhee_1ft.wav,Spotted Towhee,Spotted Towhee,1ft,0.0,3.0,3.0,1.3,0.43333333333333335,True,Spotted Towhee,0.9864,Green-tailed Towhee,0.046,Eastern Towhee,0.014,True,1.0,0.9864,True,True,True
E2_week_only,Spotted_Towhee_1ft.wav,Birdsongs Recordings\1ft\Spotted_Towhee_1ft.wav,Spotted Towhee,Spotted Towhee,1ft,3.0,6.0,3.0,0.0,0.0,False,Common Virtuoso Katydid,0.1272,Engine,0.0609,Hammond's Flycatcher,0.0295,False,,0.0,False,False,False
E2_week_only,Spotted_Towhee_1ft.wav,Birdsongs Recordings\1ft\Spotted_Towhee_1ft.wav,Spotted Towhee,Spotted Towhee,1ft,6.0,9.0,3.0,1.3500000000000005,0.4500000000000002,True,Spotted Towhee,0.9658,Green-tailed Towhee,0.0828,Dickcissel,0.0075,True,1.0,0.9658,True,True,True
E2_week_only,Spotted_Towhee_1ft.wav,Birdsongs Recordings\1ft\Spotted_Towhee_1ft.wav,Spotted Towhee,Spotted Towhee,1ft,9.0,10.0,1.0,0.0,0.0,False,Fork-tailed Bush Katydid,0.0137,Engine,0.0127,Eurasian Eagle-Owl,0.0068,False,,0.0,False,False,False
E2_week_only,American_Robin_4ft.wav,Birdsongs Recordings\4ft\American_Robin_4ft.wav,American Robin,American Robin,4ft,0.0,3.0,3.0,2.45,0.8166666666666668,True,American Robin,0.9562,Summer Tanager,0.0349,Northern Mockingbird,0.015,True,1.0,0.9562,True,True,True
E2_week_only,American_Robin_4ft.wav,Birdsongs Recordings\4ft\American_Robin_4ft.wav,American Robin,American Robin,4ft,3.0,6.0,3.0,1.9000000000000004,0.6333333333333334,True,American Robin,0.9948,Austral Thrush,0.0044,Summer Tanager,0.0031,True,1.0,0.9948,True,True,True
E2_week_only,American_Robin_4ft.wav,Birdsongs Recordings\4ft\American_Robin_4ft.wav,American Robin,American Robin,4ft,6.0,9.0,3.0,1.4000000000000004,0.4666666666666668,True,American Robin,0.9539,Black Thrush,0.0518,Pale Thrush,0.0195,True,1.0,0.9539,True,True,True
E2_week_only,American_Robin_4ft.wav,Birdsongs Recordings\4ft\American_Robin_4ft.wav,American Robin,American Robin,4ft,9.0,10.0,1.0,1.0,1.0,True,American Robin,0.8464,Black-headed Grosbeak,0.1932,Rose-breasted Grosbeak,0.028,True,1.0,0.8464,True,True,True
E2_week_only,Annas_Hummingbird_4ft.wav,Birdsongs Recordings\4ft\Annas_Hummingbird_4ft.wav,Anna's Hummingbird,Anna's Hummingbird,4ft,0.0,3.0,3.0,1.5,0.5,True,Anna's Hummingbird,0.9932,Bananaquit,0.0008,Allen's Hummingbird,0.0007,True,1.0,0.9932,True,True,True
E2_week_only,Annas_Hummingbird_4ft.wav,Birdsongs Recordings\4ft\Annas_Hummingbird_4ft.wav,Anna's Hummingbird,Anna's Hummingbird,4ft,3.0,6.0,3.0,3.0,1.0,True,Anna's Hummingbird,0.9986,River Warbler,0.0022,House Wren,0.0019,True,1.0,0.9986,True,True,True
E2_week_only,Annas_Hummingbird_4ft.wav,Birdsongs Recordings\4ft\Annas_Hummingbird_4ft.wav,Anna's Hummingbird,Anna's Hummingbird,4ft,6.0,9.0,3.0,3.0,1.0,True,Anna's Hummingbird,0.9993,Bananaquit,0.005,Black Redstart,0.0024,True,1.0,0.9993,True,True,True
E2_week_only,Annas_Hummingbird_4ft.wav,Birdsongs Recordings\4ft\Annas_Hummingbird_4ft.wav,Anna's Hummingbird,Anna's Hummingbird,4ft,9.0,10.0,1.0,0.6999999999999993,0.6999999999999993,True,Anna's Hummingbird,0.9928,Rufous Hummingbird,0.0055,Blue-winged Warbler,0.0042,True,1.0,0.9928,True,True,True
E2_week_only,Barn_Swallow_4ft.wav,Birdsongs Recordings\4ft\Barn_Swallow_4ft.wav,Barn Swallow,Barn Swallow,4ft,0.0,3.0,3.0,2.7,0.9,True,Barn Swallow,0.9996,Bank Swallow,0.003,Tree Swallow,0.0005,True,1.0,0.9996,True,True,True
E2_week_only,Barn_Swallow_4ft.wav,Birdsongs Recordings\4ft\Barn_Swallow_4ft.wav,Barn Swallow,Barn Swallow,4ft,3.0,6.0,3.0,3.0,1.0,True,Barn Swallow,0.9995,Mistle Thrush,0.3064,Cliff Swallow,0.0416,True,1.0,0.9995,True,True,True
E2_week_only,Barn_Swallow_4ft.wav,Birdsongs Recordings\4ft\Barn_Swallow_4ft.wav,Barn Swallow,Barn Swallow,4ft,6.0,9.0,3.0,3.0,1.0,True,Barn Swallow,0.9991,Pacific Swallow,0.0512,Welcome Swallow,0.0163,True,1.0,0.9991,True,True,True
E2_week_only,Barn_Swallow_4ft.wav,Birdsongs Recordings\4ft\Barn_Swallow_4ft.wav,Barn Swallow,Barn Swallow,4ft,9.0,10.0,1.0,0.1999999999999993,0.1999999999999993,False,Mouse-colored Tyrannulet,0.0498,Streak-headed Antbird,0.0264,Rusty-headed Spinetail,0.0238,False,,0.0,False,False,False
E2_week_only,Bewicks_Wren_4ft.wav,Birdsongs Recordings\4ft\Bewicks_Wren_4ft.wav,Bewick's Wren,Bewick's Wren,4ft,0.0,3.0,3.0,2.4,0.7999999999999999,True,Bewick's Wren,0.7954,Black-throated Sparrow,0.0923,Song Sparrow,0.0666,True,1.0,0.7954,True,True,True
E2_week_only,Bewicks_Wren_4ft.wav,Birdsongs Recordings\4ft\Bewicks_Wren_4ft.wav,Bewick's Wren,Bewick's Wren,4ft,3.0,6.0,3.0,0.0,0.0,False,Black Phoebe,0.5682,Pygmy Nuthatch,0.0927,Engine,0.0403,False,,0.0,False,False,False
E2_week_only,Bewicks_Wren_4ft.wav,Birdsongs Recordings\4ft\Bewicks_Wren_4ft.wav,Bewick's Wren,Bewick's Wren,4ft,6.0,9.0,3.0,0.0,0.0,False,Engine,0.4912,Common Virtuoso Katydid,0.1749,Fork-tailed Bush Katydid,0.0786,False,,0.0,False,False,False
E2_week_only,Bewicks_Wren_4ft.wav,Birdsongs Recordings\4ft\Bewicks_Wren_4ft.wav,Bewick's Wren,Bewick's Wren,4ft,9.0,10.0,1.0,0.0,0.0,False,Engine,0.0246,Fireworks,0.0089,Fork-tailed Bush Katydid,0.006,False,,0.0,False,False,False
E2_week_only,Black_Phoebe_4ft.wav,Birdsongs Recordings\4ft\Black_Phoebe_4ft.wav,Black Phoebe,Black Phoebe,4ft,0.0,3.0,3.0,0.7500000000000002,0.25000000000000006,True,Black Phoebe,0.9975,Bushtit,0.0005,Engine,0.0004,True,1.0,0.9975,True,True,True
E2_week_only,Black_Phoebe_4ft.wav,Birdsongs Recordings\4ft\Black_Phoebe_4ft.wav,Black Phoebe,Black Phoebe,4ft,3.0,6.0,3.0,0.8999999999999999,0.3,True,Black Phoebe,0.9997,Engine,0.0089,Corn Bunting,0.0029,True,1.0,0.9997,True,True,True
E2_week_only,Black_Phoebe_4ft.wav,Birdsongs Recordings\4ft\Black_Phoebe_4ft.wav,Black Phoebe,Black Phoebe,4ft,6.0,9.0,3.0,0.7999999999999989,0.26666666666666633,True,Black Phoebe,0.9992,Eastern Phoebe,0.0011,Bushtit,0.0009,True,1.0,0.9992,True,True,True
E2_week_only,Black_Phoebe_4ft.wav,Birdsongs Recordings\4ft\Black_Phoebe_4ft.wav,Black Phoebe,Black Phoebe,4ft,9.0,10.0,1.0,0.40000000000000036,0.40000000000000036,True,Black Phoebe,0.9991,Engine,0.0011,Eastern Phoebe,0.001,True,1.0,0.9991,True,True,True
E2_week_only,California_Towhee_4ft.wav,Birdsongs Recordings\4ft\California_Towhee_4ft.wav,California Towhee,California Towhee,4ft,0.0,3.0,3.0,1.35,0.45,True,California Towhee,0.9997,White-throated Towhee,0.0056,Hooded Oriole,0.002,True,1.0,0.9997,True,True,True
E2_week_only,California_Towhee_4ft.wav,Birdsongs Recordings\4ft\California_Towhee_4ft.wav,California Towhee,California Towhee,4ft,3.0,6.0,3.0,0.0,0.0,False,Black Phoebe,0.4158,Common Virtuoso Katydid,0.0866,Olive-backed Sunbird,0.0384,False,,0.0,False,False,False
E2_week_only,California_Towhee_4ft.wav,Birdsongs Recordings\4ft\California_Towhee_4ft.wav,California Towhee,California Towhee,4ft,6.0,9.0,3.0,1.4499999999999993,0.4833333333333331,True,California Towhee,0.9922,Abert's Towhee,0.003,Hooded Oriole,0.0005,True,1.0,0.9922,True,True,True
E2_week_only,California_Towhee_4ft.wav,Birdsongs Recordings\4ft\California_Towhee_4ft.wav,California Towhee,California Towhee,4ft,9.0,10.0,1.0,0.0,0.0,False,Engine,0.0105,Common Virtuoso Katydid,0.0092,Fork-tailed Bush Katydid,0.0087,False,,0.0,False,False,False
E2_week_only,Dark_eyed_Junco_4ft.wav,Birdsongs Recordings\4ft\Dark_eyed_Junco_4ft.wav,Dark-eyed Junco,Dark-eyed Junco,4ft,0.0,3.0,3.0,1.7500000000000002,0.5833333333333334,True,Dark-eyed Junco,0.9602,Swamp Sparrow,0.097,Chipping Sparrow,0.0192,True,1.0,0.9602,True,True,True
E2_week_only,Dark_eyed_Junco_4ft.wav,Birdsongs Recordings\4ft\Dark_eyed_Junco_4ft.wav,Dark-eyed Junco,Dark-eyed Junco,4ft,3.0,6.0,3.0,0.0,0.0,False,Black Phoebe,0.4782,Common Virtuoso Katydid,0.1415,Pygmy Nuthatch,0.0642,False,,0.0,False,False,False
E2_week_only,Dark_eyed_Junco_4ft.wav,Birdsongs Recordings\4ft\Dark_eyed_Junco_4ft.wav,Dark-eyed Junco,Dark-eyed Junco,4ft,6.0,9.0,3.0,1.8500000000000005,0.6166666666666668,True,Dark-eyed Junco,0.983,Swamp Sparrow,0.073,Chipping Sparrow,0.0205,True,1.0,0.983,True,True,True
E2_week_only,Dark_eyed_Junco_4ft.wav,Birdsongs Recordings\4ft\Dark_eyed_Junco_4ft.wav,Dark-eyed Junco,Dark-eyed Junco,4ft,9.0,10.0,1.0,0.0,0.0,False,Black Phoebe,0.8861,Pygmy Nuthatch,0.1041,Hammond's Flycatcher,0.0632,False,,0.0,False,False,False
E2_week_only,European_Starling_4ft.wav,Birdsongs Recordings\4ft\European_Starling_4ft.wav,European Starling,European Starling,4ft,0.0,3.0,3.0,2.6,0.8666666666666667,True,Rusty Blackbird,0.2243,American Robin,0.1196,Freckle-breasted Thornbird,0.1025,True,14.0,0.0039,False,False,False
E2_week_only,European_Starling_4ft.wav,Birdsongs Recordings\4ft\European_Starling_4ft.wav,European Starling,European Starling,4ft,3.0,6.0,3.0,3.0,1.0,True,Black-capped Chickadee,0.2679,American Robin,0.2158,European Starling,0.078,True,3.0,0.078,False,True,True
E2_week_only,European_Starling_4ft.wav,Birdsongs Recordings\4ft\European_Starling_4ft.wav,European Starling,European Starling,4ft,6.0,9.0,3.0,3.0,1.0,True,European Starling,0.6804,Golden-crowned Sparrow,0.4729,Spotless Starling,0.1053,True,1.0,0.6804,True,True,True
E2_week_only,European_Starling_4ft.wav,Birdsongs Recordings\4ft\European_Starling_4ft.wav,European Starling,European Starling,4ft,9.0,10.0,1.0,1.0,1.0,True,European Starling,0.2921,Spotless Starling,0.2626,Rosy Starling,0.0979,True,1.0,0.2921,True,True,True
E2_week_only,Hooded_Oriole_4ft.wav,Birdsongs Recordings\4ft\Hooded_Oriole_4ft.wav,Hooded Oriole,Hooded Oriole,4ft,0.0,3.0,3.0,1.35,0.45,True,Hooded Oriole,0.9994,Cassin's Kingbird,0.0268,Bullock's Oriole,0.0228,True,1.0,0.9994,True,True,True
E2_week_only,Hooded_Oriole_4ft.wav,Birdsongs Recordings\4ft\Hooded_Oriole_4ft.wav,Hooded Oriole,Hooded Oriole,4ft,3.0,6.0,3.0,1.6500000000000008,0.5500000000000003,True,Hooded Oriole,0.9278,Curve-billed Thrasher,0.2312,Gray Catbird,0.0262,True,1.0,0.9278,True,True,True
E2_week_only,Hooded_Oriole_4ft.wav,Birdsongs Recordings\4ft\Hooded_Oriole_4ft.wav,Hooded Oriole,Hooded Oriole,4ft,6.0,9.0,3.0,2.4000000000000004,0.8000000000000002,True,Hooded Oriole,0.9863,Curve-billed Thrasher,0.4941,Orchard Oriole,0.0228,True,1.0,0.9863,True,True,True
E2_week_only,Hooded_Oriole_4ft.wav,Birdsongs Recordings\4ft\Hooded_Oriole_4ft.wav,Hooded Oriole,Hooded Oriole,4ft,9.0,10.0,1.0,0.8499999999999996,0.8499999999999996,True,Hooded Oriole,0.8006,Western Tanager,0.7782,California Thrasher,0.0171,True,1.0,0.8006,True,True,True
E2_week_only,House_Finch_4ft.wav,Birdsongs Recordings\4ft\House_Finch_4ft.wav,House Finch,House Finch,4ft,0.0,3.0,3.0,2.55,0.85,True,House Finch,0.937,Russet-crowned Warbler,0.0148,Purple Finch,0.013,True,1.0,0.937,True,True,True
E2_week_only,House_Finch_4ft.wav,Birdsongs Recordings\4ft\House_Finch_4ft.wav,House Finch,House Finch,4ft,3.0,6.0,3.0,0.6999999999999997,0.23333333333333325,True,House Finch,0.7383,Blue Grosbeak,0.0223,Olive Warbler,0.0182,True,1.0,0.7383,True,True,True
E2_week_only,House_Finch_4ft.wav,Birdsongs Recordings\4ft\House_Finch_4ft.wav,House Finch,House Finch,4ft,6.0,9.0,3.0,2.0,0.6666666666666666,True,House Finch,0.9675,Purple Finch,0.0473,Townsend's Solitaire,0.0364,True,1.0,0.9675,True,True,True
E2_week_only,House_Finch_4ft.wav,Birdsongs Recordings\4ft\House_Finch_4ft.wav,House Finch,House Finch,4ft,9.0,10.0,1.0,0.0,0.0,False,Eastern Bluebird,0.0447,Western Bluebird,0.0318,Rusty Blackbird,0.0244,False,,0.0,False,False,False
E2_week_only,House_Sparrow_4ft.wav,Birdsongs Recordings\4ft\House_Sparrow_4ft.wav,House Sparrow,House Sparrow,4ft,0.0,3.0,3.0,1.7420000000000002,0.5806666666666668,True,House Sparrow,0.6731,Italian Sparrow,0.1109,Spanish Sparrow,0.0202,True,1.0,0.6731,True,True,True
E2_week_only,House_Sparrow_4ft.wav,Birdsongs Recordings\4ft\House_Sparrow_4ft.wav,House Sparrow,House Sparrow,4ft,3.0,6.0,3.0,1.8359999999999999,0.612,True,House Sparrow,0.6954,Italian Sparrow,0.0184,Tree Swallow,0.0067,True,1.0,0.6954,True,True,True
E2_week_only,House_Sparrow_4ft.wav,Birdsongs Recordings\4ft\House_Sparrow_4ft.wav,House Sparrow,House Sparrow,4ft,6.0,9.0,3.0,1.8360000000000003,0.6120000000000001,True,House Sparrow,0.4291,Italian Sparrow,0.0291,Spanish Sparrow,0.0074,True,1.0,0.4291,True,True,True
E2_week_only,House_Sparrow_4ft.wav,Birdsongs Recordings\4ft\House_Sparrow_4ft.wav,House Sparrow,House Sparrow,4ft,9.0,10.0,1.0,0.6420000000000012,0.6420000000000012,True,House Sparrow,0.1432,Jungle Myna,0.0551,Yellow-throated Sparrow,0.0407,True,1.0,0.1432,True,True,True
E2_week_only,Lesser_Goldfinch_4ft.wav,Birdsongs Recordings\4ft\Lesser_Goldfinch_4ft.wav,Lesser Goldfinch,Lesser Goldfinch,4ft,0.0,3.0,3.0,3.0,1.0,True,Lesser Goldfinch,0.4046,Yellow-legged Thrush,0.0107,Yellow-bellied Siskin,0.0067,True,1.0,0.4046,True,True,True
E2_week_only,Lesser_Goldfinch_4ft.wav,Birdsongs Recordings\4ft\Lesser_Goldfinch_4ft.wav,Lesser Goldfinch,Lesser Goldfinch,4ft,3.0,6.0,3.0,2.3999999999999995,0.7999999999999998,True,Pallas's Leaf Warbler,0.5406,Lesser Goldfinch,0.0713,White-browed Wagtail,0.0308,True,2.0,0.0713,False,True,True
E2_week_only,Lesser_Goldfinch_4ft.wav,Birdsongs Recordings\4ft\Lesser_Goldfinch_4ft.wav,Lesser Goldfinch,Lesser Goldfinch,4ft,6.0,9.0,3.0,3.0,1.0,True,Lesser Goldfinch,0.3872,Yellow-legged Thrush,0.0513,Lawrence's Goldfinch,0.0281,True,1.0,0.3872,True,True,True
E2_week_only,Lesser_Goldfinch_4ft.wav,Birdsongs Recordings\4ft\Lesser_Goldfinch_4ft.wav,Lesser Goldfinch,Lesser Goldfinch,4ft,9.0,10.0,1.0,0.9920000000000009,0.9920000000000009,True,Collared Sunbird,0.4535,American Goldfinch,0.4459,Orinocan Saltator,0.0363,True,8.0,0.0076,False,False,False
E2_week_only,Mourning_Dove_4ft.wav,Birdsongs Recordings\4ft\Mourning_Dove_4ft.wav,Mourning Dove,Mourning Dove,4ft,0.0,3.0,3.0,1.0,0.3333333333333333,True,Mourning Dove,0.8717,Buff-spotted Flufftail,0.083,White-tipped Dove,0.0681,True,1.0,0.8717,True,True,True
E2_week_only,Mourning_Dove_4ft.wav,Birdsongs Recordings\4ft\Mourning_Dove_4ft.wav,Mourning Dove,Mourning Dove,4ft,3.0,6.0,3.0,2.3,0.7666666666666666,True,Mourning Dove,0.9449,Zenaida Dove,0.0296,White-winged Dove,0.0137,True,1.0,0.9449,True,True,True
E2_week_only,Mourning_Dove_4ft.wav,Birdsongs Recordings\4ft\Mourning_Dove_4ft.wav,Mourning Dove,Mourning Dove,4ft,6.0,9.0,3.0,1.2999999999999998,0.4333333333333333,True,Mourning Dove,0.6778,Eurasian Collared-Dove,0.0192,White-tipped Dove,0.0132,True,1.0,0.6778,True,True,True
E2_week_only,Mourning_Dove_4ft.wav,Birdsongs Recordings\4ft\Mourning_Dove_4ft.wav,Mourning Dove,Mourning Dove,4ft,9.0,10.0,1.0,0.0,0.0,False,Black Phoebe,0.9566,Yellow-bellied Flycatcher,0.0918,Hammond's Flycatcher,0.0736,False,,0.0,False,False,False
E2_week_only,Northern_House_Wren_4ft.wav,Birdsongs Recordings\4ft\Northern_House_Wren_4ft.wav,Northern House Wren,House Wren,4ft,0.0,3.0,3.0,2.7,0.9,True,House Wren,0.9954,Lewis's Woodpecker,0.0026,Lincoln's Sparrow,0.0015,True,1.0,0.9954,True,True,True
E2_week_only,Northern_House_Wren_4ft.wav,Birdsongs Recordings\4ft\Northern_House_Wren_4ft.wav,Northern House Wren,House Wren,4ft,3.0,6.0,3.0,0.8000000000000003,0.2666666666666668,True,House Wren,0.5479,Marsh Wren,0.0693,Connecticut Warbler,0.0674,True,1.0,0.5479,True,True,True
E2_week_only,Northern_House_Wren_4ft.wav,Birdsongs Recordings\4ft\Northern_House_Wren_4ft.wav,Northern House Wren,House Wren,4ft,6.0,9.0,3.0,2.8000000000000007,0.9333333333333336,True,House Wren,0.9978,Eastern Wood-Pewee,0.0021,Carolina Chickadee,0.0018,True,1.0,0.9978,True,True,True
E2_week_only,Northern_House_Wren_4ft.wav,Birdsongs Recordings\4ft\Northern_House_Wren_4ft.wav,Northern House Wren,House Wren,4ft,9.0,10.0,1.0,0.0,0.0,False,Yellow-bellied Flycatcher,0.3215,Hammond's Flycatcher,0.0333,Black Phoebe,0.0287,False,,0.0,False,False,False
E2_week_only,Northern_Mockingbird_4ft.wav,Birdsongs Recordings\4ft\Northern_Mockingbird_4ft.wav,Northern Mockingbird,Northern Mockingbird,4ft,0.0,3.0,3.0,1.6499999999999997,0.5499999999999999,True,Northern Mockingbird,0.8118,Brown Thrasher,0.313,Chalk-browed Mockingbird,0.1514,True,1.0,0.8118,True,True,True
E2_week_only,Northern_Mockingbird_4ft.wav,Birdsongs Recordings\4ft\Northern_Mockingbird_4ft.wav,Northern Mockingbird,Northern Mockingbird,4ft,3.0,6.0,3.0,1.1499999999999995,0.38333333333333314,True,Northern Mockingbird,0.3423,Tropical Mockingbird,0.054,Crissal Thrasher,0.0098,True,1.0,0.3423,True,True,True
E2_week_only,Northern_Mockingbird_4ft.wav,Birdsongs Recordings\4ft\Northern_Mockingbird_4ft.wav,Northern Mockingbird,Northern Mockingbird,4ft,6.0,9.0,3.0,2.13,0.71,True,Northern Mockingbird,0.2844,Chinese Blackbird,0.1124,Tropical Mockingbird,0.0283,True,1.0,0.2844,True,True,True
E2_week_only,Northern_Mockingbird_4ft.wav,Birdsongs Recordings\4ft\Northern_Mockingbird_4ft.wav,Northern Mockingbird,Northern Mockingbird,4ft,9.0,10.0,1.0,0.27999999999999936,0.27999999999999936,True,Black Drongo,0.0397,Square-tailed Bulbul,0.039,Chinese Blackbird,0.0322,False,,0.0,False,False,False
E2_week_only,Northern_Yellow_Warbler_4ft.wav,Birdsongs Recordings\4ft\Northern_Yellow_Warbler_4ft.wav,Northern Yellow Warbler,Yellow Warbler,4ft,0.0,3.0,3.0,0.0,0.0,False,Common Virtuoso Katydid,0.9627,Allen's Hummingbird,0.1939,Rufous Hummingbird,0.1637,False,,0.0,False,False,False
E2_week_only,Northern_Yellow_Warbler_4ft.wav,Birdsongs Recordings\4ft\Northern_Yellow_Warbler_4ft.wav,Northern Yellow Warbler,Yellow Warbler,4ft,3.0,6.0,3.0,1.3499999999999996,0.4499999999999999,True,Yellow Warbler,0.9331,American Redstart,0.0306,Chestnut-sided Warbler,0.0075,True,1.0,0.9331,True,True,True
E2_week_only,Northern_Yellow_Warbler_4ft.wav,Birdsongs Recordings\4ft\Northern_Yellow_Warbler_4ft.wav,Northern Yellow Warbler,Yellow Warbler,4ft,6.0,9.0,3.0,0.09999999999999964,0.033333333333333215,False,Common Virtuoso Katydid,0.2776,American Redstart,0.2445,Pacific-slope Flycatcher,0.0233,False,,0.0,False,False,False
E2_week_only,Northern_Yellow_Warbler_4ft.wav,Birdsongs Recordings\4ft\Northern_Yellow_Warbler_4ft.wav,Northern Yellow Warbler,Yellow Warbler,4ft,9.0,10.0,1.0,0.0,0.0,False,Sickle-winged Guan,0.0196,Philadelphia Vireo,0.0177,Eastern Towhee,0.0167,False,,0.0,False,False,False
E2_week_only,Oak_Titmouse_4ft.wav,Birdsongs Recordings\4ft\Oak_Titmouse_4ft.wav,Oak Titmouse,Oak Titmouse,4ft,0.0,3.0,3.0,1.3,0.43333333333333335,True,Juniper Titmouse,0.9185,Oak Titmouse,0.5834,Canyon Towhee,0.0095,True,2.0,0.5834,False,True,True
E2_week_only,Oak_Titmouse_4ft.wav,Birdsongs Recordings\4ft\Oak_Titmouse_4ft.wav,Oak Titmouse,Oak Titmouse,4ft,3.0,6.0,3.0,1.0000000000000004,0.3333333333333335,True,Oak Titmouse,0.9986,Tufted Titmouse,0.0041,Spotted Towhee,0.0023,True,1.0,0.9986,True,True,True
E2_week_only,Oak_Titmouse_4ft.wav,Birdsongs Recordings\4ft\Oak_Titmouse_4ft.wav,Oak Titmouse,Oak Titmouse,4ft,6.0,9.0,3.0,1.4499999999999993,0.4833333333333331,True,Oak Titmouse,0.9978,Carolina Wren,0.0227,Tufted Titmouse,0.0062,True,1.0,0.9978,True,True,True
E2_week_only,Oak_Titmouse_4ft.wav,Birdsongs Recordings\4ft\Oak_Titmouse_4ft.wav,Oak Titmouse,Oak Titmouse,4ft,9.0,10.0,1.0,0.9000000000000004,0.9000000000000004,True,Oak Titmouse,0.9989,Juniper Titmouse,0.0086,Tufted Titmouse,0.0022,True,1.0,0.9989,True,True,True
E2_week_only,Rock_Pigeon_4ft.wav,Birdsongs Recordings\4ft\Rock_Pigeon_4ft.wav,Rock Pigeon,Rock Pigeon,4ft,0.0,3.0,3.0,1.5499999999999998,0.5166666666666666,True,Rock Pigeon,0.9918,Tawny-browed Owl,0.0045,Speckled Pigeon,0.0043,True,1.0,0.9918,True,True,True
E2_week_only,Rock_Pigeon_4ft.wav,Birdsongs Recordings\4ft\Rock_Pigeon_4ft.wav,Rock Pigeon,Rock Pigeon,4ft,3.0,6.0,3.0,1.0499999999999998,0.3499999999999999,True,Rock Pigeon,0.9938,Least Bittern,0.0051,Tawny-browed Owl,0.0042,True,1.0,0.9938,True,True,True
E2_week_only,Rock_Pigeon_4ft.wav,Birdsongs Recordings\4ft\Rock_Pigeon_4ft.wav,Rock Pigeon,Rock Pigeon,4ft,6.0,9.0,3.0,1.0999999999999996,0.36666666666666653,True,Rock Pigeon,0.9948,Tawny-browed Owl,0.0149,Great Horned Owl,0.0026,True,1.0,0.9948,True,True,True
E2_week_only,Rock_Pigeon_4ft.wav,Birdsongs Recordings\4ft\Rock_Pigeon_4ft.wav,Rock Pigeon,Rock Pigeon,4ft,9.0,10.0,1.0,0.0,0.0,False,Scarlet Tanager,0.086,Ruby-throated Hummingbird,0.0254,Allen's Hummingbird,0.023,False,,0.0,False,False,False
E2_week_only,Song_Sparrow_4ft.wav,Birdsongs Recordings\4ft\Song_Sparrow_4ft.wav,Song Sparrow,Song Sparrow,4ft,0.0,3.0,3.0,0.0,0.0,False,Common Virtuoso Katydid,0.3351,Great Tit,0.0958,Northern Cardinal,0.0852,True,5.0,0.0392,False,False,True
E2_week_only,Song_Sparrow_4ft.wav,Birdsongs Recordings\4ft\Song_Sparrow_4ft.wav,Song Sparrow,Song Sparrow,4ft,3.0,6.0,3.0,2.6500000000000004,0.8833333333333334,True,Song Sparrow,0.9624,Swamp Sparrow,0.0028,Bewick's Wren,0.0019,True,1.0,0.9624,True,True,True
E2_week_only,Song_Sparrow_4ft.wav,Birdsongs Recordings\4ft\Song_Sparrow_4ft.wav,Song Sparrow,Song Sparrow,4ft,6.0,9.0,3.0,0.0,0.0,False,Scarlet Tanager,0.0707,Common Virtuoso Katydid,0.0384,Cape May Warbler,0.0297,False,,0.0,False,False,False
E2_week_only,Song_Sparrow_4ft.wav,Birdsongs Recordings\4ft\Song_Sparrow_4ft.wav,Song Sparrow,Song Sparrow,4ft,9.0,10.0,1.0,0.0,0.0,False,Osprey,0.1213,Scarlet Tanager,0.1171,Summer Tanager,0.0689,False,,0.0,False,False,False
E2_week_only,Spotted_Towhee_4ft.wav,Birdsongs Recordings\4ft\Spotted_Towhee_4ft.wav,Spotted Towhee,Spotted Towhee,4ft,0.0,3.0,3.0,1.3,0.43333333333333335,True,Spotted Towhee,0.9862,Green-tailed Towhee,0.0338,Yellow-eyed Junco,0.003,True,1.0,0.9862,True,True,True
E2_week_only,Spotted_Towhee_4ft.wav,Birdsongs Recordings\4ft\Spotted_Towhee_4ft.wav,Spotted Towhee,Spotted Towhee,4ft,3.0,6.0,3.0,0.0,0.0,False,Common Virtuoso Katydid,0.0674,Little Ringed Plover,0.0359,Wrentit,0.0348,False,,0.0,False,False,False
E2_week_only,Spotted_Towhee_4ft.wav,Birdsongs Recordings\4ft\Spotted_Towhee_4ft.wav,Spotted Towhee,Spotted Towhee,4ft,6.0,9.0,3.0,1.3500000000000005,0.4500000000000002,True,Spotted Towhee,0.9896,Green-tailed Towhee,0.1019,Virginia's Warbler,0.0044,True,1.0,0.9896,True,True,True
E2_week_only,Spotted_Towhee_4ft.wav,Birdsongs Recordings\4ft\Spotted_Towhee_4ft.wav,Spotted Towhee,Spotted Towhee,4ft,9.0,10.0,1.0,0.0,0.0,False,Bohemian Waxwing,0.1361,Common Kingfisher,0.1208,Dunnock,0.0232,False,,0.0,False,False,False
E2_week_only,American_Robin_8ft.wav,Birdsongs Recordings\8ft\American_Robin_8ft.wav,American Robin,American Robin,8ft,0.0,3.0,3.0,2.45,0.8166666666666668,True,American Robin,0.7723,Summer Tanager,0.2135,Song Thrush,0.0357,True,1.0,0.7723,True,True,True
E2_week_only,American_Robin_8ft.wav,Birdsongs Recordings\8ft\American_Robin_8ft.wav,American Robin,American Robin,8ft,3.0,6.0,3.0,1.9000000000000004,0.6333333333333334,True,American Robin,0.9597,Black-billed Thrush,0.0241,Austral Thrush,0.0155,True,1.0,0.9597,True,True,True
E2_week_only,American_Robin_8ft.wav,Birdsongs Recordings\8ft\American_Robin_8ft.wav,American Robin,American Robin,8ft,6.0,9.0,3.0,1.4000000000000004,0.4666666666666668,True,American Robin,0.969,Black Thrush,0.0365,Baltimore Oriole,0.0228,True,1.0,0.969,True,True,True
E2_week_only,American_Robin_8ft.wav,Birdsongs Recordings\8ft\American_Robin_8ft.wav,American Robin,American Robin,8ft,9.0,10.0,1.0,1.0,1.0,True,American Robin,0.7264,Black-headed Grosbeak,0.1164,Austral Thrush,0.0267,True,1.0,0.7264,True,True,True
E2_week_only,Annas_Hummingbird_8ft.wav,Birdsongs Recordings\8ft\Annas_Hummingbird_8ft.wav,Anna's Hummingbird,Anna's Hummingbird,8ft,0.0,3.0,3.0,1.5,0.5,True,Anna's Hummingbird,0.991,River Warbler,0.0059,Black Phoebe,0.002,True,1.0,0.991,True,True,True
E2_week_only,Annas_Hummingbird_8ft.wav,Birdsongs Recordings\8ft\Annas_Hummingbird_8ft.wav,Anna's Hummingbird,Anna's Hummingbird,8ft,3.0,6.0,3.0,3.0,1.0,True,Anna's Hummingbird,0.9947,River Warbler,0.0892,White-browed Scrubwren,0.0037,True,1.0,0.9947,True,True,True
E2_week_only,Annas_Hummingbird_8ft.wav,Birdsongs Recordings\8ft\Annas_Hummingbird_8ft.wav,Anna's Hummingbird,Anna's Hummingbird,8ft,6.0,9.0,3.0,3.0,1.0,True,Anna's Hummingbird,0.9986,Black Redstart,0.0035,Savannah Sparrow,0.0014,True,1.0,0.9986,True,True,True
E2_week_only,Annas_Hummingbird_8ft.wav,Birdsongs Recordings\8ft\Annas_Hummingbird_8ft.wav,Anna's Hummingbird,Anna's Hummingbird,8ft,9.0,10.0,1.0,0.6999999999999993,0.6999999999999993,True,Anna's Hummingbird,0.8509,Grassland Yellow-Finch,0.1683,Clay-colored Sparrow,0.0979,True,1.0,0.8509,True,True,True
E2_week_only,Barn_Swallow_8ft.wav,Birdsongs Recordings\8ft\Barn_Swallow_8ft.wav,Barn Swallow,Barn Swallow,8ft,0.0,3.0,3.0,2.7,0.9,True,Barn Swallow,0.9986,Common House-Martin,0.0027,Bank Swallow,0.0009,True,1.0,0.9986,True,True,True
E2_week_only,Barn_Swallow_8ft.wav,Birdsongs Recordings\8ft\Barn_Swallow_8ft.wav,Barn Swallow,Barn Swallow,8ft,3.0,6.0,3.0,3.0,1.0,True,Barn Swallow,0.9943,Red-rumped Swallow,0.0892,Cliff Swallow,0.0683,True,1.0,0.9943,True,True,True
E2_week_only,Barn_Swallow_8ft.wav,Birdsongs Recordings\8ft\Barn_Swallow_8ft.wav,Barn Swallow,Barn Swallow,8ft,6.0,9.0,3.0,3.0,1.0,True,Barn Swallow,0.9782,Red-rumped Swallow,0.0159,Common House-Martin,0.0063,True,1.0,0.9782,True,True,True
E2_week_only,Barn_Swallow_8ft.wav,Birdsongs Recordings\8ft\Barn_Swallow_8ft.wav,Barn Swallow,Barn Swallow,8ft,9.0,10.0,1.0,0.1999999999999993,0.1999999999999993,False,White-bearded Manakin,0.0432,Rufous-crowned Pygmy-Tyrant,0.0342,Mouse-colored Tyrannulet,0.0205,False,,0.0,False,False,False
E2_week_only,Bewicks_Wren_8ft.wav,Birdsongs Recordings\8ft\Bewicks_Wren_8ft.wav,Bewick's Wren,Bewick's Wren,8ft,0.0,3.0,3.0,2.4,0.7999999999999999,True,Bewick's Wren,0.8914,Black-throated Sparrow,0.317,Song Sparrow,0.0098,True,1.0,0.8914,True,True,True
E2_week_only,Bewicks_Wren_8ft.wav,Birdsongs Recordings\8ft\Bewicks_Wren_8ft.wav,Bewick's Wren,Bewick's Wren,8ft,3.0,6.0,3.0,0.0,0.0,False,Black Phoebe,0.3167,Cooper's Hawk,0.1127,Indian Gray Hornbill,0.0508,False,,0.0,False,False,False
E2_week_only,Bewicks_Wren_8ft.wav,Birdsongs Recordings\8ft\Bewicks_Wren_8ft.wav,Bewick's Wren,Bewick's Wren,8ft,6.0,9.0,3.0,0.0,0.0,False,Black Phoebe,0.4148,Tufted Titmouse,0.0351,Gray Catbird,0.0328,False,,0.0,False,False,False
E2_week_only,Bewicks_Wren_8ft.wav,Birdsongs Recordings\8ft\Bewicks_Wren_8ft.wav,Bewick's Wren,Bewick's Wren,8ft,9.0,10.0,1.0,0.0,0.0,False,Jerdon's Nightjar,0.0137,Indian Scops-Owl,0.0104,Spotted Owlet,0.01,False,,0.0,False,False,False
E2_week_only,Black_Phoebe_8ft.wav,Birdsongs Recordings\8ft\Black_Phoebe_8ft.wav,Black Phoebe,Black Phoebe,8ft,0.0,3.0,3.0,0.7500000000000002,0.25000000000000006,True,Black Phoebe,0.9982,Bushtit,0.0005,Tropical Kingbird,0.0004,True,1.0,0.9982,True,True,True
E2_week_only,Black_Phoebe_8ft.wav,Birdsongs Recordings\8ft\Black_Phoebe_8ft.wav,Black Phoebe,Black Phoebe,8ft,3.0,6.0,3.0,0.8999999999999999,0.3,True,Black Phoebe,0.9994,Tropical Kingbird,0.001,Gray Kingbird,0.0006,True,1.0,0.9994,True,True,True
E2_week_only,Black_Phoebe_8ft.wav,Birdsongs Recordings\8ft\Black_Phoebe_8ft.wav,Black Phoebe,Black Phoebe,8ft,6.0,9.0,3.0,0.7999999999999989,0.26666666666666633,True,Black Phoebe,0.9984,Eastern Phoebe,0.001,Anna's Hummingbird,0.0007,True,1.0,0.9984,True,True,True
E2_week_only,Black_Phoebe_8ft.wav,Birdsongs Recordings\8ft\Black_Phoebe_8ft.wav,Black Phoebe,Black Phoebe,8ft,9.0,10.0,1.0,0.40000000000000036,0.40000000000000036,True,Black Phoebe,0.9996,Bushtit,0.0003,Lesser Goldfinch,0.0003,True,1.0,0.9996,True,True,True
E2_week_only,California_Towhee_8ft.wav,Birdsongs Recordings\8ft\California_Towhee_8ft.wav,California Towhee,California Towhee,8ft,0.0,3.0,3.0,1.35,0.45,True,California Towhee,0.9996,Orange-crowned Warbler,0.0013,Nuttall's Woodpecker,0.0012,True,1.0,0.9996,True,True,True
E2_week_only,California_Towhee_8ft.wav,Birdsongs Recordings\8ft\California_Towhee_8ft.wav,California Towhee,California Towhee,8ft,3.0,6.0,3.0,0.0,0.0,False,Black Phoebe,0.4809,Common Virtuoso Katydid,0.0792,Mississippi Kite,0.0133,False,,0.0,False,False,False
E2_week_only,California_Towhee_8ft.wav,Birdsongs Recordings\8ft\California_Towhee_8ft.wav,California Towhee,California Towhee,8ft,6.0,9.0,3.0,1.4499999999999993,0.4833333333333331,True,California Towhee,0.9931,Abert's Towhee,0.0021,California Thrasher,0.0005,True,1.0,0.9931,True,True,True
E2_week_only,California_Towhee_8ft.wav,Birdsongs Recordings\8ft\California_Towhee_8ft.wav,California Towhee,California Towhee,8ft,9.0,10.0,1.0,0.0,0.0,False,Yellow-bellied Tyrannulet,0.0731,Southern Beardless-Tyrannulet,0.0325,Cooper's Hawk,0.0307,False,,0.0,False,False,False
E2_week_only,Dark_eyed_Junco_8ft.wav,Birdsongs Recordings\8ft\Dark_eyed_Junco_8ft.wav,Dark-eyed Junco,Dark-eyed Junco,8ft,0.0,3.0,3.0,1.7500000000000002,0.5833333333333334,True,Dark-eyed Junco,0.9579,Swamp Sparrow,0.0669,Cirl Bunting,0.0161,True,1.0,0.9579,True,True,True
E2_week_only,Dark_eyed_Junco_8ft.wav,Birdsongs Recordings\8ft\Dark_eyed_Junco_8ft.wav,Dark-eyed Junco,Dark-eyed Junco,8ft,3.0,6.0,3.0,0.0,0.0,False,Black Phoebe,0.5473,Yellow-bellied Flycatcher,0.1212,Common Virtuoso Katydid,0.1156,False,,0.0,False,False,False
E2_week_only,Dark_eyed_Junco_8ft.wav,Birdsongs Recordings\8ft\Dark_eyed_Junco_8ft.wav,Dark-eyed Junco,Dark-eyed Junco,8ft,6.0,9.0,3.0,1.8500000000000005,0.6166666666666668,True,Dark-eyed Junco,0.9858,Swamp Sparrow,0.0394,Chipping Sparrow,0.0211,True,1.0,0.9858,True,True,True
E2_week_only,Dark_eyed_Junco_8ft.wav,Birdsongs Recordings\8ft\Dark_eyed_Junco_8ft.wav,Dark-eyed Junco,Dark-eyed Junco,8ft,9.0,10.0,1.0,0.0,0.0,False,Black Phoebe,0.0506,Mississippi Kite,0.0499,Cooper's Hawk,0.0146,False,,0.0,False,False,False
E2_week_only,European_Starling_8ft.wav,Birdsongs Recordings\8ft\European_Starling_8ft.wav,European Starling,European Starling,8ft,0.0,3.0,3.0,2.6,0.8666666666666667,True,Rusty Blackbird,0.4225,Boat-tailed Grackle,0.1772,American Robin,0.1391,False,,0.0,False,False,False
E2_week_only,European_Starling_8ft.wav,Birdsongs Recordings\8ft\European_Starling_8ft.wav,European Starling,European Starling,8ft,3.0,6.0,3.0,3.0,1.0,True,American Robin,0.113,European Starling,0.0692,Black-capped Chickadee,0.0544,True,2.0,0.0692,False,True,True
E2_week_only,European_Starling_8ft.wav,Birdsongs Recordings\8ft\European_Starling_8ft.wav,European Starling,European Starling,8ft,6.0,9.0,3.0,3.0,1.0,True,European Starling,0.3068,Lemon-rumped Warbler,0.0576,Spotless Starling,0.0534,True,1.0,0.3068,True,True,True
E2_week_only,European_Starling_8ft.wav,Birdsongs Recordings\8ft\European_Starling_8ft.wav,European Starling,European Starling,8ft,9.0,10.0,1.0,1.0,1.0,True,Spotless Starling,0.2851,European Starling,0.2004,Yellow-rumped Marshbird,0.1815,True,2.0,0.2004,False,True,True
E2_week_only,Hooded_Oriole_8ft.wav,Birdsongs Recordings\8ft\Hooded_Oriole_8ft.wav,Hooded Oriole,Hooded Oriole,8ft,0.0,3.0,3.0,1.35,0.45,True,Hooded Oriole,0.9939,Orchard Oriole,0.0203,White-eyed Vireo,0.0081,True,1.0,0.9939,True,True,True
E2_week_only,Hooded_Oriole_8ft.wav,Birdsongs Recordings\8ft\Hooded_Oriole_8ft.wav,Hooded Oriole,Hooded Oriole,8ft,3.0,6.0,3.0,1.6500000000000008,0.5500000000000003,True,Hooded Oriole,0.3795,Gray Catbird,0.013,Streak-backed Oriole,0.006,True,1.0,0.3795,True,True,True
E2_week_only,Hooded_Oriole_8ft.wav,Birdsongs Recordings\8ft\Hooded_Oriole_8ft.wav,Hooded Oriole,Hooded Oriole,8ft,6.0,9.0,3.0,2.4000000000000004,0.8000000000000002,True,Hooded Oriole,0.9871,Curve-billed Thrasher,0.0992,Orchard Oriole,0.0503,True,1.0,0.9871,True,True,True
E2_week_only,Hooded_Oriole_8ft.wav,Birdsongs Recordings\8ft\Hooded_Oriole_8ft.wav,Hooded Oriole,Hooded Oriole,8ft,9.0,10.0,1.0,0.8499999999999996,0.8499999999999996,True,Western Tanager,0.863,Hooded Oriole,0.3495,Cassin's Finch,0.0171,True,2.0,0.3495,False,True,True
E2_week_only,House_Finch_8ft.wav,Birdsongs Recordings\8ft\House_Finch_8ft.wav,House Finch,House Finch,8ft,0.0,3.0,3.0,2.55,0.85,True,House Finch,0.6912,European Robin,0.0646,European Greenfinch,0.021,True,1.0,0.6912,True,True,True
E2_week_only,House_Finch_8ft.wav,Birdsongs Recordings\8ft\House_Finch_8ft.wav,House Finch,House Finch,8ft,3.0,6.0,3.0,0.6999999999999997,0.23333333333333325,True,Red-whiskered Bulbul,0.0407,House Finch,0.0358,Sooty-headed Bulbul,0.0243,True,2.0,0.0358,False,True,True
E2_week_only,House_Finch_8ft.wav,Birdsongs Recordings\8ft\House_Finch_8ft.wav,House Finch,House Finch,8ft,6.0,9.0,3.0,2.0,0.6666666666666666,True,House Finch,0.1712,European Robin,0.047,Snow Bunting,0.0241,True,1.0,0.1712,True,True,True
E2_week_only,House_Finch_8ft.wav,Birdsongs Recordings\8ft\House_Finch_8ft.wav,House Finch,House Finch,8ft,9.0,10.0,1.0,0.0,0.0,False,Black Phoebe,0.8078,Yellow-bellied Flycatcher,0.0332,Cooper's Hawk,0.0139,False,,0.0,False,False,False
E2_week_only,House_Sparrow_8ft.wav,Birdsongs Recordings\8ft\House_Sparrow_8ft.wav,House Sparrow,House Sparrow,8ft,0.0,3.0,3.0,1.7420000000000002,0.5806666666666668,True,House Sparrow,0.1793,Karoo Scrub-Robin,0.0475,Italian Sparrow,0.0433,True,1.0,0.1793,True,True,True
E2_week_only,House_Sparrow_8ft.wav,Birdsongs Recordings\8ft\House_Sparrow_8ft.wav,House Sparrow,House Sparrow,8ft,3.0,6.0,3.0,1.8359999999999999,0.612,True,House Sparrow,0.2466,Reed Bunting,0.0517,Patagonian Sierra Finch,0.0406,True,1.0,0.2466,True,True,True
E2_week_only,House_Sparrow_8ft.wav,Birdsongs Recordings\8ft\House_Sparrow_8ft.wav,House Sparrow,House Sparrow,8ft,6.0,9.0,3.0,1.8360000000000003,0.6120000000000001,True,House Sparrow,0.3691,Italian Sparrow,0.0951,Tree Swallow,0.0179,True,1.0,0.3691,True,True,True
E2_week_only,House_Sparrow_8ft.wav,Birdsongs Recordings\8ft\House_Sparrow_8ft.wav,House Sparrow,House Sparrow,8ft,9.0,10.0,1.0,0.6420000000000012,0.6420000000000012,True,House Sparrow,0.3607,Italian Sparrow,0.0624,Spanish Sparrow,0.0516,True,1.0,0.3607,True,True,True
E2_week_only,Lesser_Goldfinch_8ft.wav,Birdsongs Recordings\8ft\Lesser_Goldfinch_8ft.wav,Lesser Goldfinch,Lesser Goldfinch,8ft,0.0,3.0,3.0,3.0,1.0,True,Lesser Goldfinch,0.4873,Lawrence's Goldfinch,0.0206,Yellow-bellied Siskin,0.0061,True,1.0,0.4873,True,True,True
E2_week_only,Lesser_Goldfinch_8ft.wav,Birdsongs Recordings\8ft\Lesser_Goldfinch_8ft.wav,Lesser Goldfinch,Lesser Goldfinch,8ft,3.0,6.0,3.0,2.3999999999999995,0.7999999999999998,True,Pallas's Leaf Warbler,0.1024,Lesser Goldfinch,0.0463,Lazuli Bunting,0.0431,True,2.0,0.0463,False,True,True
E2_week_only,Lesser_Goldfinch_8ft.wav,Birdsongs Recordings\8ft\Lesser_Goldfinch_8ft.wav,Lesser Goldfinch,Lesser Goldfinch,8ft,6.0,9.0,3.0,3.0,1.0,True,Lesser Goldfinch,0.2305,Bluethroat,0.0627,Masked Gnatcatcher,0.0048,True,1.0,0.2305,True,True,True
E2_week_only,Lesser_Goldfinch_8ft.wav,Birdsongs Recordings\8ft\Lesser_Goldfinch_8ft.wav,Lesser Goldfinch,Lesser Goldfinch,8ft,9.0,10.0,1.0,0.9920000000000009,0.9920000000000009,True,American Goldfinch,0.226,Black-faced Brushfinch,0.1644,Orinocan Saltator,0.0739,True,18.0,0.0047,False,False,False
E2_week_only,Mourning_Dove_8ft.wav,Birdsongs Recordings\8ft\Mourning_Dove_8ft.wav,Mourning Dove,Mourning Dove,8ft,0.0,3.0,3.0,1.0,0.3333333333333333,True,Black Phoebe,0.4863,White-tipped Dove,0.3808,Buff-spotted Flufftail,0.2854,True,5.0,0.1052,False,False,True
E2_week_only,Mourning_Dove_8ft.wav,Birdsongs Recordings\8ft\Mourning_Dove_8ft.wav,Mourning Dove,Mourning Dove,8ft,3.0,6.0,3.0,2.3,0.7666666666666666,True,Mourning Dove,0.5156,Black Phoebe,0.0798,Zenaida Dove,0.06,True,1.0,0.5156,True,True,True
E2_week_only,Mourning_Dove_8ft.wav,Birdsongs Recordings\8ft\Mourning_Dove_8ft.wav,Mourning Dove,Mourning Dove,8ft,6.0,9.0,3.0,1.2999999999999998,0.4333333333333333,True,White-tipped Dove,0.3151,Eurasian Collared-Dove,0.0292,Mourning Dove,0.0199,True,3.0,0.0199,False,True,True
E2_week_only,Mourning_Dove_8ft.wav,Birdsongs Recordings\8ft\Mourning_Dove_8ft.wav,Mourning Dove,Mourning Dove,8ft,9.0,10.0,1.0,0.0,0.0,False,Black Phoebe,0.8517,Lemon-browed Flycatcher,0.015,Gray Kingbird,0.0052,False,,0.0,False,False,False
E2_week_only,Northern_House_Wren_8ft.wav,Birdsongs Recordings\8ft\Northern_House_Wren_8ft.wav,Northern House Wren,House Wren,8ft,0.0,3.0,3.0,2.7,0.9,True,House Wren,0.9912,Orange-crowned Warbler,0.0024,Black-chinned Siskin,0.0021,True,1.0,0.9912,True,True,True
E2_week_only,Northern_House_Wren_8ft.wav,Birdsongs Recordings\8ft\Northern_House_Wren_8ft.wav,Northern House Wren,House Wren,8ft,3.0,6.0,3.0,0.8000000000000003,0.2666666666666668,True,House Wren,0.1471,Rufous-crowned Sparrow,0.0966,Yellow-green Vireo,0.0964,True,1.0,0.1471,True,True,True
E2_week_only,Northern_House_Wren_8ft.wav,Birdsongs Recordings\8ft\Northern_House_Wren_8ft.wav,Northern House Wren,House Wren,8ft,6.0,9.0,3.0,2.8000000000000007,0.9333333333333336,True,House Wren,0.9958,Eastern Wood-Pewee,0.002,American Goldfinch,0.0015,True,1.0,0.9958,True,True,True
E2_week_only,Northern_House_Wren_8ft.wav,Birdsongs Recordings\8ft\Northern_House_Wren_8ft.wav,Northern House Wren,House Wren,8ft,9.0,10.0,1.0,0.0,0.0,False,Black Phoebe,0.9019,Lemon-browed Flycatcher,0.0044,Lesser Goldfinch,0.0043,False,,0.0,False,False,False
E2_week_only,Northern_Mockingbird_8ft.wav,Birdsongs Recordings\8ft\Northern_Mockingbird_8ft.wav,Northern Mockingbird,Northern Mockingbird,8ft,0.0,3.0,3.0,1.6499999999999997,0.5499999999999999,True,Northern Mockingbird,0.3954,Brown Thrasher,0.1815,Chalk-browed Mockingbird,0.0439,True,1.0,0.3954,True,True,True
E2_week_only,Northern_Mockingbird_8ft.wav,Birdsongs Recordings\8ft\Northern_Mockingbird_8ft.wav,Northern Mockingbird,Northern Mockingbird,8ft,3.0,6.0,3.0,1.1499999999999995,0.38333333333333314,True,Northern Mockingbird,0.5643,Tropical Mockingbird,0.4621,Great-tailed Grackle,0.0247,True,1.0,0.5643,True,True,True
E2_week_only,Northern_Mockingbird_8ft.wav,Birdsongs Recordings\8ft\Northern_Mockingbird_8ft.wav,Northern Mockingbird,Northern Mockingbird,8ft,6.0,9.0,3.0,2.13,0.71,True,Northern Mockingbird,0.8684,Tropical Mockingbird,0.1242,Chinese Blackbird,0.0733,True,1.0,0.8684,True,True,True
E2_week_only,Northern_Mockingbird_8ft.wav,Birdsongs Recordings\8ft\Northern_Mockingbird_8ft.wav,Northern Mockingbird,Northern Mockingbird,8ft,9.0,10.0,1.0,0.27999999999999936,0.27999999999999936,True,Jacky-winter,0.547,Wrentit,0.3603,Orange Oriole,0.1192,True,10.0,0.0151,False,False,False
E2_week_only,Northern_Yellow_Warbler_8ft.wav,Birdsongs Recordings\8ft\Northern_Yellow_Warbler_8ft.wav,Northern Yellow Warbler,Yellow Warbler,8ft,0.0,3.0,3.0,0.0,0.0,False,Black Phoebe,0.8058,Couch's Kingbird,0.0271,Cooper's Hawk,0.0138,False,,0.0,False,False,False
E2_week_only,Northern_Yellow_Warbler_8ft.wav,Birdsongs Recordings\8ft\Northern_Yellow_Warbler_8ft.wav,Northern Yellow Warbler,Yellow Warbler,8ft,3.0,6.0,3.0,1.3499999999999996,0.4499999999999999,True,Yellow Warbler,0.9017,Black Phoebe,0.0411,Willow Flycatcher,0.0056,True,1.0,0.9017,True,True,True
E2_week_only,Northern_Yellow_Warbler_8ft.wav,Birdsongs Recordings\8ft\Northern_Yellow_Warbler_8ft.wav,Northern Yellow Warbler,Yellow Warbler,8ft,6.0,9.0,3.0,0.09999999999999964,0.033333333333333215,False,Black Phoebe,0.9709,Song Sparrow,0.0303,Common Virtuoso Katydid,0.0097,True,11.0,0.005,False,False,False
E2_week_only,Northern_Yellow_Warbler_8ft.wav,Birdsongs Recordings\8ft\Northern_Yellow_Warbler_8ft.wav,Northern Yellow Warbler,Yellow Warbler,8ft,9.0,10.0,1.0,0.0,0.0,False,Black Phoebe,0.9328,Ruddy-tailed Flycatcher,0.0153,White-tailed Nightjar,0.011,False,,0.0,False,False,False
E2_week_only,Oak_Titmouse_8ft.wav,Birdsongs Recordings\8ft\Oak_Titmouse_8ft.wav,Oak Titmouse,Oak Titmouse,8ft,0.0,3.0,3.0,1.3,0.43333333333333335,True,Black Phoebe,0.063,Juniper Titmouse,0.0268,Oak Titmouse,0.0161,True,3.0,0.0161,False,True,True
E2_week_only,Oak_Titmouse_8ft.wav,Birdsongs Recordings\8ft\Oak_Titmouse_8ft.wav,Oak Titmouse,Oak Titmouse,8ft,3.0,6.0,3.0,1.0000000000000004,0.3333333333333335,True,Oak Titmouse,0.9964,Brown Thrasher,0.0088,Black Phoebe,0.006,True,1.0,0.9964,True,True,True
E2_week_only,Oak_Titmouse_8ft.wav,Birdsongs Recordings\8ft\Oak_Titmouse_8ft.wav,Oak Titmouse,Oak Titmouse,8ft,6.0,9.0,3.0,1.4499999999999993,0.4833333333333331,True,Oak Titmouse,0.9976,Carolina Wren,0.0246,Black Phoebe,0.0108,True,1.0,0.9976,True,True,True
E2_week_only,Oak_Titmouse_8ft.wav,Birdsongs Recordings\8ft\Oak_Titmouse_8ft.wav,Oak Titmouse,Oak Titmouse,8ft,9.0,10.0,1.0,0.9000000000000004,0.9000000000000004,True,Oak Titmouse,0.9995,Spotted Towhee,0.011,Great Tit,0.0097,True,1.0,0.9995,True,True,True
E2_week_only,Rock_Pigeon_8ft.wav,Birdsongs Recordings\8ft\Rock_Pigeon_8ft.wav,Rock Pigeon,Rock Pigeon,8ft,0.0,3.0,3.0,1.5499999999999998,0.5166666666666666,True,Rock Pigeon,0.9995,Black Phoebe,0.0152,Tawny-browed Owl,0.0074,True,1.0,0.9995,True,True,True
E2_week_only,Rock_Pigeon_8ft.wav,Birdsongs Recordings\8ft\Rock_Pigeon_8ft.wav,Rock Pigeon,Rock Pigeon,8ft,3.0,6.0,3.0,1.0499999999999998,0.3499999999999999,True,Rock Pigeon,0.9966,Black Phoebe,0.1867,Tawny-browed Owl,0.0084,True,1.0,0.9966,True,True,True
E2_week_only,Rock_Pigeon_8ft.wav,Birdsongs Recordings\8ft\Rock_Pigeon_8ft.wav,Rock Pigeon,Rock Pigeon,8ft,6.0,9.0,3.0,1.0999999999999996,0.36666666666666653,True,Rock Pigeon,0.9981,Black Phoebe,0.2282,Tawny-browed Owl,0.011,True,1.0,0.9981,True,True,True
E2_week_only,Rock_Pigeon_8ft.wav,Birdsongs Recordings\8ft\Rock_Pigeon_8ft.wav,Rock Pigeon,Rock Pigeon,8ft,9.0,10.0,1.0,0.0,0.0,False,Greater Racket-tailed Drongo,0.0549,Chestnut-naped Antpitta,0.0363,Banded Bay Cuckoo,0.0286,False,,0.0,False,False,False
E2_week_only,Song_Sparrow_8ft.wav,Birdsongs Recordings\8ft\Song_Sparrow_8ft.wav,Song Sparrow,Song Sparrow,8ft,0.0,3.0,3.0,0.0,0.0,False,House Finch,0.0982,Common Virtuoso Katydid,0.0635,Northern Rough-winged Swallow,0.0364,False,,0.0,False,False,False
E2_week_only,Song_Sparrow_8ft.wav,Birdsongs Recordings\8ft\Song_Sparrow_8ft.wav,Song Sparrow,Song Sparrow,8ft,3.0,6.0,3.0,2.6500000000000004,0.8833333333333334,True,Song Sparrow,0.9496,Swamp Sparrow,0.0057,Virginia Rail,0.0019,True,1.0,0.9496,True,True,True
E2_week_only,Song_Sparrow_8ft.wav,Birdsongs Recordings\8ft\Song_Sparrow_8ft.wav,Song Sparrow,Song Sparrow,8ft,6.0,9.0,3.0,0.0,0.0,False,Black Phoebe,0.9349,Gray Kingbird,0.0081,Common Nighthawk,0.0078,True,7.0,0.0052,False,False,False
E2_week_only,Song_Sparrow_8ft.wav,Birdsongs Recordings\8ft\Song_Sparrow_8ft.wav,Song Sparrow,Song Sparrow,8ft,9.0,10.0,1.0,0.0,0.0,False,Black Phoebe,0.9552,Couch's Kingbird,0.0137,White-tailed Nightjar,0.0116,False,,0.0,False,False,False
E2_week_only,Spotted_Towhee_8ft.wav,Birdsongs Recordings\8ft\Spotted_Towhee_8ft.wav,Spotted Towhee,Spotted Towhee,8ft,0.0,3.0,3.0,1.3,0.43333333333333335,True,Spotted Towhee,0.9755,Green-tailed Towhee,0.0427,Yellow-eyed Junco,0.0039,True,1.0,0.9755,True,True,True
E2_week_only,Spotted_Towhee_8ft.wav,Birdsongs Recordings\8ft\Spotted_Towhee_8ft.wav,Spotted Towhee,Spotted Towhee,8ft,3.0,6.0,3.0,0.0,0.0,False,Black Phoebe,0.3251,Common Virtuoso Katydid,0.238,Micronesian Starling,0.0338,False,,0.0,False,False,False
E2_week_only,Spotted_Towhee_8ft.wav,Birdsongs Recordings\8ft\Spotted_Towhee_8ft.wav,Spotted Towhee,Spotted Towhee,8ft,6.0,9.0,3.0,1.3500000000000005,0.4500000000000002,True,Spotted Towhee,0.9697,Green-tailed Towhee,0.0875,Eastern Towhee,0.0099,True,1.0,0.9697,True,True,True
E2_week_only,Spotted_Towhee_8ft.wav,Birdsongs Recordings\8ft\Spotted_Towhee_8ft.wav,Spotted Towhee,Spotted Towhee,8ft,9.0,10.0,1.0,0.0,0.0,False,Black Phoebe,0.7975,Rock Wren,0.0106,Vermilion Flycatcher,0.009,False,,0.0,False,False,False
E2_week_only,American_Robin_12ft.wav,Birdsongs Recordings\12ft\American_Robin_12ft.wav,American Robin,American Robin,12ft,0.0,3.0,3.0,2.45,0.8166666666666668,True,American Robin,0.6385,Summer Tanager,0.2341,Black-headed Grosbeak,0.0284,True,1.0,0.6385,True,True,True
E2_week_only,American_Robin_12ft.wav,Birdsongs Recordings\12ft\American_Robin_12ft.wav,American Robin,American Robin,12ft,3.0,6.0,3.0,1.9000000000000004,0.6333333333333334,True,American Robin,0.6101,Black-billed Thrush,0.1327,Austral Thrush,0.007,True,1.0,0.6101,True,True,True
E2_week_only,American_Robin_12ft.wav,Birdsongs Recordings\12ft\American_Robin_12ft.wav,American Robin,American Robin,12ft,6.0,9.0,3.0,1.4000000000000004,0.4666666666666668,True,American Robin,0.789,Black Thrush,0.024,Brown-headed Thrush,0.0211,True,1.0,0.789,True,True,True
E2_week_only,American_Robin_12ft.wav,Birdsongs Recordings\12ft\American_Robin_12ft.wav,American Robin,American Robin,12ft,9.0,10.0,1.0,1.0,1.0,True,American Robin,0.8056,Black-headed Grosbeak,0.2784,Pale Thrush,0.0316,True,1.0,0.8056,True,True,True
E2_week_only,Annas_Hummingbird_12ft.wav,Birdsongs Recordings\12ft\Annas_Hummingbird_12ft.wav,Anna's Hummingbird,Anna's Hummingbird,12ft,0.0,3.0,3.0,1.5,0.5,True,Anna's Hummingbird,0.9398,Bananaquit,0.0048,River Warbler,0.0047,True,1.0,0.9398,True,True,True
E2_week_only,Annas_Hummingbird_12ft.wav,Birdsongs Recordings\12ft\Annas_Hummingbird_12ft.wav,Anna's Hummingbird,Anna's Hummingbird,12ft,3.0,6.0,3.0,3.0,1.0,True,Anna's Hummingbird,0.9994,River Warbler,0.0114,Black Redstart,0.0059,True,1.0,0.9994,True,True,True
E2_week_only,Annas_Hummingbird_12ft.wav,Birdsongs Recordings\12ft\Annas_Hummingbird_12ft.wav,Anna's Hummingbird,Anna's Hummingbird,12ft,6.0,9.0,3.0,3.0,1.0,True,Anna's Hummingbird,0.9988,Black Redstart,0.0227,Russet Bush Warbler,0.0104,True,1.0,0.9988,True,True,True
E2_week_only,Annas_Hummingbird_12ft.wav,Birdsongs Recordings\12ft\Annas_Hummingbird_12ft.wav,Anna's Hummingbird,Anna's Hummingbird,12ft,9.0,10.0,1.0,0.6999999999999993,0.6999999999999993,True,Anna's Hummingbird,0.9942,Rufous Hummingbird,0.0184,Clay-colored Sparrow,0.0168,True,1.0,0.9942,True,True,True
E2_week_only,Barn_Swallow_12ft.wav,Birdsongs Recordings\12ft\Barn_Swallow_12ft.wav,Barn Swallow,Barn Swallow,12ft,0.0,3.0,3.0,2.7,0.9,True,Barn Swallow,0.9977,Nelson's Sparrow,0.0011,Grasshopper Sparrow,0.001,True,1.0,0.9977,True,True,True
E2_week_only,Barn_Swallow_12ft.wav,Birdsongs Recordings\12ft\Barn_Swallow_12ft.wav,Barn Swallow,Barn Swallow,12ft,3.0,6.0,3.0,3.0,1.0,True,Barn Swallow,0.9988,Cliff Swallow,0.2432,Pacific Swallow,0.0861,True,1.0,0.9988,True,True,True
E2_week_only,Barn_Swallow_12ft.wav,Birdsongs Recordings\12ft\Barn_Swallow_12ft.wav,Barn Swallow,Barn Swallow,12ft,6.0,9.0,3.0,3.0,1.0,True,Barn Swallow,0.9961,Cliff Swallow,0.0158,Cave Swallow,0.0092,True,1.0,0.9961,True,True,True
E2_week_only,Barn_Swallow_12ft.wav,Birdsongs Recordings\12ft\Barn_Swallow_12ft.wav,Barn Swallow,Barn Swallow,12ft,9.0,10.0,1.0,0.1999999999999993,0.1999999999999993,False,Mouse-colored Tyrannulet,0.0895,White-bearded Manakin,0.0763,Yellow-chinned Spinetail,0.0357,False,,0.0,False,False,False
E2_week_only,Bewicks_Wren_12ft.wav,Birdsongs Recordings\12ft\Bewicks_Wren_12ft.wav,Bewick's Wren,Bewick's Wren,12ft,0.0,3.0,3.0,2.4,0.7999999999999999,True,Bewick's Wren,0.8706,Black-throated Sparrow,0.0809,Song Sparrow,0.0201,True,1.0,0.8706,True,True,True
E2_week_only,Bewicks_Wren_12ft.wav,Birdsongs Recordings\12ft\Bewicks_Wren_12ft.wav,Bewick's Wren,Bewick's Wren,12ft,3.0,6.0,3.0,0.0,0.0,False,Common Virtuoso Katydid,0.0939,Red-rumped Swallow,0.0723,House Finch,0.0341,False,,0.0,False,False,False
E2_week_only,Bewicks_Wren_12ft.wav,Birdsongs Recordings\12ft\Bewicks_Wren_12ft.wav,Bewick's Wren,Bewick's Wren,12ft,6.0,9.0,3.0,0.0,0.0,False,Common Virtuoso Katydid,0.2198,Red-rumped Swallow,0.1189,Monk Parakeet,0.0295,False,,0.0,False,False,False
E2_week_only,Bewicks_Wren_12ft.wav,Birdsongs Recordings\12ft\Bewicks_Wren_12ft.wav,Bewick's Wren,Bewick's Wren,12ft,9.0,10.0,1.0,0.0,0.0,False,Indian Scops-Owl,0.0965,Jerdon's Nightjar,0.0474,Spotted Owlet,0.0433,False,,0.0,False,False,False
E2_week_only,Black_Phoebe_12ft.wav,Birdsongs Recordings\12ft\Black_Phoebe_12ft.wav,Black Phoebe,Black Phoebe,12ft,0.0,3.0,3.0,0.7500000000000002,0.25000000000000006,True,Black Phoebe,0.9958,White-breasted Waterhen,0.004,Shikra,0.002,True,1.0,0.9958,True,True,True
E2_week_only,Black_Phoebe_12ft.wav,Birdsongs Recordings\12ft\Black_Phoebe_12ft.wav,Black Phoebe,Black Phoebe,12ft,3.0,6.0,3.0,0.8999999999999999,0.3,True,Black Phoebe,0.9899,Common Virtuoso Katydid,0.0363,Gray Kingbird,0.0123,True,1.0,0.9899,True,True,True
E2_week_only,Black_Phoebe_12ft.wav,Birdsongs Recordings\12ft\Black_Phoebe_12ft.wav,Black Phoebe,Black Phoebe,12ft,6.0,9.0,3.0,0.7999999999999989,0.26666666666666633,True,Black Phoebe,0.9937,Common Virtuoso Katydid,0.0353,Song Sparrow,0.0136,True,1.0,0.9937,True,True,True
E2_week_only,Black_Phoebe_12ft.wav,Birdsongs Recordings\12ft\Black_Phoebe_12ft.wav,Black Phoebe,Black Phoebe,12ft,9.0,10.0,1.0,0.40000000000000036,0.40000000000000036,True,Black Phoebe,0.9997,Patagonian Tyrant,0.0009,Tropical Kingbird,0.0006,True,1.0,0.9997,True,True,True
E2_week_only,California_Towhee_12ft.wav,Birdsongs Recordings\12ft\California_Towhee_12ft.wav,California Towhee,California Towhee,12ft,0.0,3.0,3.0,1.35,0.45,True,California Towhee,0.999,Orange-crowned Warbler,0.0009,Pyrrhuloxia,0.0007,True,1.0,0.999,True,True,True
E2_week_only,California_Towhee_12ft.wav,Birdsongs Recordings\12ft\California_Towhee_12ft.wav,California Towhee,California Towhee,12ft,3.0,6.0,3.0,0.0,0.0,False,Common Virtuoso Katydid,0.7044,House Finch,0.3337,Austral Thrush,0.0574,False,,0.0,False,False,False
E2_week_only,California_Towhee_12ft.wav,Birdsongs Recordings\12ft\California_Towhee_12ft.wav,California Towhee,California Towhee,12ft,6.0,9.0,3.0,1.4499999999999993,0.4833333333333331,True,California Towhee,0.9913,Abert's Towhee,0.0072,White-throated Towhee,0.0004,True,1.0,0.9913,True,True,True
E2_week_only,California_Towhee_12ft.wav,Birdsongs Recordings\12ft\California_Towhee_12ft.wav,California Towhee,California Towhee,12ft,9.0,10.0,1.0,0.0,0.0,False,Savanna Nightjar,0.1446,Northern Rough-winged Swallow,0.0193,Woodhouse's Scrub-Jay,0.0148,False,,0.0,False,False,False
E2_week_only,Dark_eyed_Junco_12ft.wav,Birdsongs Recordings\12ft\Dark_eyed_Junco_12ft.wav,Dark-eyed Junco,Dark-eyed Junco,12ft,0.0,3.0,3.0,1.7500000000000002,0.5833333333333334,True,Dark-eyed Junco,0.929,Cirl Bunting,0.0463,Swamp Sparrow,0.0165,True,1.0,0.929,True,True,True
E2_week_only,Dark_eyed_Junco_12ft.wav,Birdsongs Recordings\12ft\Dark_eyed_Junco_12ft.wav,Dark-eyed Junco,Dark-eyed Junco,12ft,3.0,6.0,3.0,0.0,0.0,False,Savanna Nightjar,0.1435,Common Virtuoso Katydid,0.1318,Woodhouse's Scrub-Jay,0.0385,False,,0.0,False,False,False
E2_week_only,Dark_eyed_Junco_12ft.wav,Birdsongs Recordings\12ft\Dark_eyed_Junco_12ft.wav,Dark-eyed Junco,Dark-eyed Junco,12ft,6.0,9.0,3.0,1.8500000000000005,0.6166666666666668,True,Dark-eyed Junco,0.9696,Cirl Bunting,0.0754,Chipping Sparrow,0.0369,True,1.0,0.9696,True,True,True
E2_week_only,Dark_eyed_Junco_12ft.wav,Birdsongs Recordings\12ft\Dark_eyed_Junco_12ft.wav,Dark-eyed Junco,Dark-eyed Junco,12ft,9.0,10.0,1.0,0.0,0.0,False,Red-whiskered Bulbul,0.0483,Savanna Nightjar,0.034,Red-vented Bulbul,0.0312,False,,0.0,False,False,False
E2_week_only,European_Starling_12ft.wav,Birdsongs Recordings\12ft\European_Starling_12ft.wav,European Starling,European Starling,12ft,0.0,3.0,3.0,2.6,0.8666666666666667,True,Freckle-breasted Thornbird,0.4246,Broad-winged Hawk,0.2969,Rusty Blackbird,0.2959,False,,0.0,False,False,False
E2_week_only,European_Starling_12ft.wav,Birdsongs Recordings\12ft\European_Starling_12ft.wav,European Starling,European Starling,12ft,3.0,6.0,3.0,3.0,1.0,True,American Robin,0.0778,American Tree Sparrow,0.0426,Black-capped Chickadee,0.0265,True,4.0,0.0253,False,False,True
E2_week_only,European_Starling_12ft.wav,Birdsongs Recordings\12ft\European_Starling_12ft.wav,European Starling,European Starling,12ft,6.0,9.0,3.0,3.0,1.0,True,European Starling,0.562,Blue-throated Mountain-gem,0.0987,Spotless Starling,0.0864,True,1.0,0.562,True,True,True
E2_week_only,European_Starling_12ft.wav,Birdsongs Recordings\12ft\European_Starling_12ft.wav,European Starling,European Starling,12ft,9.0,10.0,1.0,1.0,1.0,True,European Starling,0.1816,Spotless Starling,0.1566,Rosy Starling,0.0668,True,1.0,0.1816,True,True,True
E2_week_only,Hooded_Oriole_12ft.wav,Birdsongs Recordings\12ft\Hooded_Oriole_12ft.wav,Hooded Oriole,Hooded Oriole,12ft,0.0,3.0,3.0,1.35,0.45,True,Hooded Oriole,0.9354,Cassin's Kingbird,0.0409,Orchard Oriole,0.0186,True,1.0,0.9354,True,True,True
E2_week_only,Hooded_Oriole_12ft.wav,Birdsongs Recordings\12ft\Hooded_Oriole_12ft.wav,Hooded Oriole,Hooded Oriole,12ft,3.0,6.0,3.0,1.6500000000000008,0.5500000000000003,True,Hooded Oriole,0.2606,Gray Catbird,0.0897,Curve-billed Thrasher,0.0313,True,1.0,0.2606,True,True,True
E2_week_only,Hooded_Oriole_12ft.wav,Birdsongs Recordings\12ft\Hooded_Oriole_12ft.wav,Hooded Oriole,Hooded Oriole,12ft,6.0,9.0,3.0,2.4000000000000004,0.8000000000000002,True,Hooded Oriole,0.9234,Orchard Oriole,0.1422,Curve-billed Thrasher,0.0436,True,1.0,0.9234,True,True,True
E2_week_only,Hooded_Oriole_12ft.wav,Birdsongs Recordings\12ft\Hooded_Oriole_12ft.wav,Hooded Oriole,Hooded Oriole,12ft,9.0,10.0,1.0,0.8499999999999996,0.8499999999999996,True,Western Tanager,0.8465,Hooded Oriole,0.3892,California Thrasher,0.1016,True,2.0,0.3892,False,True,True
E2_week_only,House_Finch_12ft.wav,Birdsongs Recordings\12ft\House_Finch_12ft.wav,House Finch,House Finch,12ft,0.0,3.0,3.0,2.55,0.85,True,House Finch,0.9257,Purple Finch,0.0445,Orchard Oriole,0.0155,True,1.0,0.9257,True,True,True
E2_week_only,House_Finch_12ft.wav,Birdsongs Recordings\12ft\House_Finch_12ft.wav,House Finch,House Finch,12ft,3.0,6.0,3.0,0.6999999999999997,0.23333333333333325,True,House Finch,0.278,Red-whiskered Bulbul,0.1128,Sooty-headed Bulbul,0.0248,True,1.0,0.278,True,True,True
E2_week_only,House_Finch_12ft.wav,Birdsongs Recordings\12ft\House_Finch_12ft.wav,House Finch,House Finch,12ft,6.0,9.0,3.0,2.0,0.6666666666666666,True,House Finch,0.7589,Orchard Oriole,0.0505,Townsend's Solitaire,0.022,True,1.0,0.7589,True,True,True
E2_week_only,House_Finch_12ft.wav,Birdsongs Recordings\12ft\House_Finch_12ft.wav,House Finch,House Finch,12ft,9.0,10.0,1.0,0.0,0.0,False,Savanna Nightjar,0.0839,Long-tailed Shrike,0.0522,Northern Rough-winged Swallow,0.0362,False,,0.0,False,False,False
E2_week_only,House_Sparrow_12ft.wav,Birdsongs Recordings\12ft\House_Sparrow_12ft.wav,House Sparrow,House Sparrow,12ft,0.0,3.0,3.0,1.7420000000000002,0.5806666666666668,True,House Sparrow,0.3421,Italian Sparrow,0.038,Gray Catbird,0.007,True,1.0,0.3421,True,True,True
E2_week_only,House_Sparrow_12ft.wav,Birdsongs Recordings\12ft\House_Sparrow_12ft.wav,House Sparrow,House Sparrow,12ft,3.0,6.0,3.0,1.8359999999999999,0.612,True,House Sparrow,0.7826,Italian Sparrow,0.0647,Eurasian Tree Sparrow,0.0124,True,1.0,0.7826,True,True,True
E2_week_only,House_Sparrow_12ft.wav,Birdsongs Recordings\12ft\House_Sparrow_12ft.wav,House Sparrow,House Sparrow,12ft,6.0,9.0,3.0,1.8360000000000003,0.6120000000000001,True,House Sparrow,0.5012,Italian Sparrow,0.0736,Spanish Sparrow,0.0054,True,1.0,0.5012,True,True,True
E2_week_only,House_Sparrow_12ft.wav,Birdsongs Recordings\12ft\House_Sparrow_12ft.wav,House Sparrow,House Sparrow,12ft,9.0,10.0,1.0,0.6420000000000012,0.6420000000000012,True,House Sparrow,0.2264,Yellow-legged Thrush,0.0433,Square-tailed Bulbul,0.0394,True,1.0,0.2264,True,True,True
E2_week_only,Lesser_Goldfinch_12ft.wav,Birdsongs Recordings\12ft\Lesser_Goldfinch_12ft.wav,Lesser Goldfinch,Lesser Goldfinch,12ft,0.0,3.0,3.0,3.0,1.0,True,Lesser Goldfinch,0.443,Pallas's Leaf Warbler,0.0736,Oriental Magpie-Robin,0.0587,True,1.0,0.443,True,True,True
E2_week_only,Lesser_Goldfinch_12ft.wav,Birdsongs Recordings\12ft\Lesser_Goldfinch_12ft.wav,Lesser Goldfinch,Lesser Goldfinch,12ft,3.0,6.0,3.0,2.3999999999999995,0.7999999999999998,True,Pallas's Leaf Warbler,0.6538,White-browed Wagtail,0.139,Oriental Magpie-Robin,0.0565,True,6.0,0.0137,False,False,False
E2_week_only,Lesser_Goldfinch_12ft.wav,Birdsongs Recordings\12ft\Lesser_Goldfinch_12ft.wav,Lesser Goldfinch,Lesser Goldfinch,12ft,6.0,9.0,3.0,3.0,1.0,True,Lesser Goldfinch,0.3586,Oriental Magpie-Robin,0.0139,Pallas's Leaf Warbler,0.0097,True,1.0,0.3586,True,True,True
E2_week_only,Lesser_Goldfinch_12ft.wav,Birdsongs Recordings\12ft\Lesser_Goldfinch_12ft.wav,Lesser Goldfinch,Lesser Goldfinch,12ft,9.0,10.0,1.0,0.9920000000000009,0.9920000000000009,True,American Goldfinch,0.1928,Collared Sunbird,0.1329,Sayaca Tanager,0.0738,False,,0.0,False,False,False
E2_week_only,Mourning_Dove_12ft.wav,Birdsongs Recordings\12ft\Mourning_Dove_12ft.wav,Mourning Dove,Mourning Dove,12ft,0.0,3.0,3.0,1.0,0.3333333333333333,True,Mourning Dove,0.4292,White-tipped Dove,0.0886,Wedge-tailed Shearwater,0.065,True,1.0,0.4292,True,True,True
E2_week_only,Mourning_Dove_12ft.wav,Birdsongs Recordings\12ft\Mourning_Dove_12ft.wav,Mourning Dove,Mourning Dove,12ft,3.0,6.0,3.0,2.3,0.7666666666666666,True,Mourning Dove,0.9556,Eurasian Collared-Dove,0.0205,Black-billed Wood-Dove,0.0126,True,1.0,0.9556,True,True,True
E2_week_only,Mourning_Dove_12ft.wav,Birdsongs Recordings\12ft\Mourning_Dove_12ft.wav,Mourning Dove,Mourning Dove,12ft,6.0,9.0,3.0,1.2999999999999998,0.4333333333333333,True,Eurasian Collared-Dove,0.2432,White-tipped Dove,0.2289,Mourning Dove,0.2079,True,3.0,0.2079,False,True,True
E2_week_only,Mourning_Dove_12ft.wav,Birdsongs Recordings\12ft\Mourning_Dove_12ft.wav,Mourning Dove,Mourning Dove,12ft,9.0,10.0,1.0,0.0,0.0,False,Indian Scops-Owl,0.0557,Spotted Owlet,0.0406,Savanna Nightjar,0.0333,False,,0.0,False,False,False
E2_week_only,Northern_House_Wren_12ft.wav,Birdsongs Recordings\12ft\Northern_House_Wren_12ft.wav,Northern House Wren,House Wren,12ft,0.0,3.0,3.0,2.7,0.9,True,House Wren,0.9864,Black-chinned Siskin,0.0063,Lewis's Woodpecker,0.0028,True,1.0,0.9864,True,True,True
E2_week_only,Northern_House_Wren_12ft.wav,Birdsongs Recordings\12ft\Northern_House_Wren_12ft.wav,Northern House Wren,House Wren,12ft,3.0,6.0,3.0,0.8000000000000003,0.2666666666666668,True,Marsh Wren,0.4008,House Wren,0.3552,Bell's Vireo,0.1616,True,2.0,0.3552,False,True,True
E2_week_only,Northern_House_Wren_12ft.wav,Birdsongs Recordings\12ft\Northern_House_Wren_12ft.wav,Northern House Wren,House Wren,12ft,6.0,9.0,3.0,2.8000000000000007,0.9333333333333336,True,House Wren,0.9941,Eastern Wood-Pewee,0.0019,Pine Warbler,0.0014,True,1.0,0.9941,True,True,True
E2_week_only,Northern_House_Wren_12ft.wav,Birdsongs Recordings\12ft\Northern_House_Wren_12ft.wav,Northern House Wren,House Wren,12ft,9.0,10.0,1.0,0.0,0.0,False,Savanna Nightjar,0.108,Black Drongo,0.0368,Long-tailed Shrike,0.0245,False,,0.0,False,False,False
E2_week_only,Northern_Mockingbird_12ft.wav,Birdsongs Recordings\12ft\Northern_Mockingbird_12ft.wav,Northern Mockingbird,Northern Mockingbird,12ft,0.0,3.0,3.0,1.6499999999999997,0.5499999999999999,True,Northern Mockingbird,0.7178,Brown Thrasher,0.1271,Chalk-browed Mockingbird,0.0678,True,1.0,0.7178,True,True,True
E2_week_only,Northern_Mockingbird_12ft.wav,Birdsongs Recordings\12ft\Northern_Mockingbird_12ft.wav,Northern Mockingbird,Northern Mockingbird,12ft,3.0,6.0,3.0,1.1499999999999995,0.38333333333333314,True,Northern Mockingbird,0.2311,Tropical Mockingbird,0.0645,American Robin,0.0127,True,1.0,0.2311,True,True,True
E2_week_only,Northern_Mockingbird_12ft.wav,Birdsongs Recordings\12ft\Northern_Mockingbird_12ft.wav,Northern Mockingbird,Northern Mockingbird,12ft,6.0,9.0,3.0,2.13,0.71,True,Chinese Blackbird,0.3301,Northern Mockingbird,0.2763,Song Thrush,0.0666,True,2.0,0.2763,False,True,True
E2_week_only,Northern_Mockingbird_12ft.wav,Birdsongs Recordings\12ft\Northern_Mockingbird_12ft.wav,Northern Mockingbird,Northern Mockingbird,12ft,9.0,10.0,1.0,0.27999999999999936,0.27999999999999936,True,Square-tailed Bulbul,0.1097,Orange-headed Thrush,0.1069,Bare-crowned Antbird,0.1031,False,,0.0,False,False,False
E2_week_only,Northern_Yellow_Warbler_12ft.wav,Birdsongs Recordings\12ft\Northern_Yellow_Warbler_12ft.wav,Northern Yellow Warbler,Yellow Warbler,12ft,0.0,3.0,3.0,0.0,0.0,False,Common Virtuoso Katydid,0.1134,Great Bittern,0.0646,Helmeted Curassow,0.0323,False,,0.0,False,False,False
E2_week_only,Northern_Yellow_Warbler_12ft.wav,Birdsongs Recordings\12ft\Northern_Yellow_Warbler_12ft.wav,Northern Yellow Warbler,Yellow Warbler,12ft,3.0,6.0,3.0,1.3499999999999996,0.4499999999999999,True,Yellow Warbler,0.8782,American Redstart,0.0408,Wilson's Warbler,0.0172,True,1.0,0.8782,True,True,True
E2_week_only,Northern_Yellow_Warbler_12ft.wav,Birdsongs Recordings\12ft\Northern_Yellow_Warbler_12ft.wav,Northern Yellow Warbler,Yellow Warbler,12ft,6.0,9.0,3.0,0.09999999999999964,0.033333333333333215,False,Common Virtuoso Katydid,0.2544,White-tailed Deer,0.1237,Greenish Warbler,0.0774,True,15.0,0.0071,False,False,False
E2_week_only,Northern_Yellow_Warbler_12ft.wav,Birdsongs Recordings\12ft\Northern_Yellow_Warbler_12ft.wav,Northern Yellow Warbler,Yellow Warbler,12ft,9.0,10.0,1.0,0.0,0.0,False,White-breasted Nuthatch,0.092,Red-shouldered Hawk,0.0244,Eastern Bluebird,0.0196,False,,0.0,False,False,False
E2_week_only,Oak_Titmouse_12ft.wav,Birdsongs Recordings\12ft\Oak_Titmouse_12ft.wav,Oak Titmouse,Oak Titmouse,12ft,0.0,3.0,3.0,1.3,0.43333333333333335,True,Juniper Titmouse,0.1665,Oak Titmouse,0.0763,Sahel Bush Sparrow,0.0127,True,2.0,0.0763,False,True,True
E2_week_only,Oak_Titmouse_12ft.wav,Birdsongs Recordings\12ft\Oak_Titmouse_12ft.wav,Oak Titmouse,Oak Titmouse,12ft,3.0,6.0,3.0,1.0000000000000004,0.3333333333333335,True,Oak Titmouse,0.9991,Carolina Wren,0.0091,Spotted Towhee,0.0089,True,1.0,0.9991,True,True,True
E2_week_only,Oak_Titmouse_12ft.wav,Birdsongs Recordings\12ft\Oak_Titmouse_12ft.wav,Oak Titmouse,Oak Titmouse,12ft,6.0,9.0,3.0,1.4499999999999993,0.4833333333333331,True,Oak Titmouse,0.9985,Carolina Wren,0.012,Juniper Titmouse,0.0054,True,1.0,0.9985,True,True,True
E2_week_only,Oak_Titmouse_12ft.wav,Birdsongs Recordings\12ft\Oak_Titmouse_12ft.wav,Oak Titmouse,Oak Titmouse,12ft,9.0,10.0,1.0,0.9000000000000004,0.9000000000000004,True,Oak Titmouse,0.9983,Juniper Titmouse,0.0139,California Towhee,0.0029,True,1.0,0.9983,True,True,True
E2_week_only,Rock_Pigeon_12ft.wav,Birdsongs Recordings\12ft\Rock_Pigeon_12ft.wav,Rock Pigeon,Rock Pigeon,12ft,0.0,3.0,3.0,1.5499999999999998,0.5166666666666666,True,Rock Pigeon,0.9946,American Crow,0.0561,Tawny-browed Owl,0.0411,True,1.0,0.9946,True,True,True
E2_week_only,Rock_Pigeon_12ft.wav,Birdsongs Recordings\12ft\Rock_Pigeon_12ft.wav,Rock Pigeon,Rock Pigeon,12ft,3.0,6.0,3.0,1.0499999999999998,0.3499999999999999,True,Rock Pigeon,0.9871,Tawny-browed Owl,0.0235,Engine,0.0113,True,1.0,0.9871,True,True,True
E2_week_only,Rock_Pigeon_12ft.wav,Birdsongs Recordings\12ft\Rock_Pigeon_12ft.wav,Rock Pigeon,Rock Pigeon,12ft,6.0,9.0,3.0,1.0999999999999996,0.36666666666666653,True,Rock Pigeon,0.9948,Tawny-browed Owl,0.0063,Engine,0.0021,True,1.0,0.9948,True,True,True
E2_week_only,Rock_Pigeon_12ft.wav,Birdsongs Recordings\12ft\Rock_Pigeon_12ft.wav,Rock Pigeon,Rock Pigeon,12ft,9.0,10.0,1.0,0.0,0.0,False,Common Redstart,0.0437,Gray-headed Woodpecker,0.037,Parrot Crossbill,0.0234,False,,0.0,False,False,False
E2_week_only,Song_Sparrow_12ft.wav,Birdsongs Recordings\12ft\Song_Sparrow_12ft.wav,Song Sparrow,Song Sparrow,12ft,0.0,3.0,3.0,0.0,0.0,False,Common Virtuoso Katydid,0.2343,Engine,0.0681,Red-whiskered Bulbul,0.0397,True,8.0,0.0095,False,False,False
E2_week_only,Song_Sparrow_12ft.wav,Birdsongs Recordings\12ft\Song_Sparrow_12ft.wav,Song Sparrow,Song Sparrow,12ft,3.0,6.0,3.0,2.6500000000000004,0.8833333333333334,True,Song Sparrow,0.9502,Swamp Sparrow,0.0033,Downy Woodpecker,0.0022,True,1.0,0.9502,True,True,True
E2_week_only,Song_Sparrow_12ft.wav,Birdsongs Recordings\12ft\Song_Sparrow_12ft.wav,Song Sparrow,Song Sparrow,12ft,6.0,9.0,3.0,0.0,0.0,False,Common Virtuoso Katydid,0.1852,Engine,0.1051,Red Crossbill,0.0897,True,12.0,0.0133,False,False,False
E2_week_only,Song_Sparrow_12ft.wav,Birdsongs Recordings\12ft\Song_Sparrow_12ft.wav,Song Sparrow,Song Sparrow,12ft,9.0,10.0,1.0,0.0,0.0,False,Indian Thick-knee,0.061,Bald Eagle,0.029,Brown Boobook,0.0285,False,,0.0,False,False,False
E2_week_only,Spotted_Towhee_12ft.wav,Birdsongs Recordings\12ft\Spotted_Towhee_12ft.wav,Spotted Towhee,Spotted Towhee,12ft,0.0,3.0,3.0,1.3,0.43333333333333335,True,Spotted Towhee,0.9569,Green-tailed Towhee,0.0393,Yellow-eyed Junco,0.0043,True,1.0,0.9569,True,True,True
E2_week_only,Spotted_Towhee_12ft.wav,Birdsongs Recordings\12ft\Spotted_Towhee_12ft.wav,Spotted Towhee,Spotted Towhee,12ft,3.0,6.0,3.0,0.0,0.0,False,Common Virtuoso Katydid,0.7827,Engine,0.1187,Human vocal,0.0372,False,,0.0,False,False,False
E2_week_only,Spotted_Towhee_12ft.wav,Birdsongs Recordings\12ft\Spotted_Towhee_12ft.wav,Spotted Towhee,Spotted Towhee,12ft,6.0,9.0,3.0,1.3500000000000005,0.4500000000000002,True,Spotted Towhee,0.9848,Green-tailed Towhee,0.0615,Yellow-eyed Junco,0.0057,True,1.0,0.9848,True,True,True
E2_week_only,Spotted_Towhee_12ft.wav,Birdsongs Recordings\12ft\Spotted_Towhee_12ft.wav,Spotted Towhee,Spotted Towhee,12ft,9.0,10.0,1.0,0.0,0.0,False,Brown Fish-Owl,0.0286,Human vocal,0.0266,Indian Peafowl,0.0173,False,,0.0,False,False,False
E2_week_only,American_Robin_24ft.wav,Birdsongs Recordings\24ft\American_Robin_24ft.wav,American Robin,American Robin,24ft,0.0,3.0,3.0,2.45,0.8166666666666668,True,American Robin,0.6834,Summer Tanager,0.0652,Pale Thrush,0.0433,True,1.0,0.6834,True,True,True
E2_week_only,American_Robin_24ft.wav,Birdsongs Recordings\24ft\American_Robin_24ft.wav,American Robin,American Robin,24ft,3.0,6.0,3.0,1.9000000000000004,0.6333333333333334,True,American Robin,0.5256,Austral Thrush,0.0191,Scarlet Tanager,0.0159,True,1.0,0.5256,True,True,True
E2_week_only,American_Robin_24ft.wav,Birdsongs Recordings\24ft\American_Robin_24ft.wav,American Robin,American Robin,24ft,6.0,9.0,3.0,1.4000000000000004,0.4666666666666668,True,American Robin,0.6638,Pale Thrush,0.2365,Black Thrush,0.0225,True,1.0,0.6638,True,True,True
E2_week_only,American_Robin_24ft.wav,Birdsongs Recordings\24ft\American_Robin_24ft.wav,American Robin,American Robin,24ft,9.0,10.0,1.0,1.0,1.0,True,American Robin,0.6091,Black-headed Grosbeak,0.2571,Austral Thrush,0.0492,True,1.0,0.6091,True,True,True
E2_week_only,Annas_Hummingbird_24ft.wav,Birdsongs Recordings\24ft\Annas_Hummingbird_24ft.wav,Anna's Hummingbird,Anna's Hummingbird,24ft,0.0,3.0,3.0,1.5,0.5,True,Anna's Hummingbird,0.797,Black-faced Grassquit,0.0179,Bananaquit,0.0161,True,1.0,0.797,True,True,True
E2_week_only,Annas_Hummingbird_24ft.wav,Birdsongs Recordings\24ft\Annas_Hummingbird_24ft.wav,Anna's Hummingbird,Anna's Hummingbird,24ft,3.0,6.0,3.0,3.0,1.0,True,Anna's Hummingbird,0.9897,Whitehead,0.0221,Sapphire-spangled Emerald,0.0135,True,1.0,0.9897,True,True,True
E2_week_only,Annas_Hummingbird_24ft.wav,Birdsongs Recordings\24ft\Annas_Hummingbird_24ft.wav,Anna's Hummingbird,Anna's Hummingbird,24ft,6.0,9.0,3.0,3.0,1.0,True,Anna's Hummingbird,0.9968,Pacific-slope Flycatcher,0.0055,Brown-headed Cowbird,0.0045,True,1.0,0.9968,True,True,True
E2_week_only,Annas_Hummingbird_24ft.wav,Birdsongs Recordings\24ft\Annas_Hummingbird_24ft.wav,Anna's Hummingbird,Anna's Hummingbird,24ft,9.0,10.0,1.0,0.6999999999999993,0.6999999999999993,True,Anna's Hummingbird,0.8778,Blue-winged Warbler,0.2025,Golden-winged Warbler,0.0443,True,1.0,0.8778,True,True,True
E2_week_only,Barn_Swallow_24ft.wav,Birdsongs Recordings\24ft\Barn_Swallow_24ft.wav,Barn Swallow,Barn Swallow,24ft,0.0,3.0,3.0,2.7,0.9,True,Barn Swallow,0.9924,Virginia Rail,0.0172,Grasshopper Sparrow,0.0096,True,1.0,0.9924,True,True,True
E2_week_only,Barn_Swallow_24ft.wav,Birdsongs Recordings\24ft\Barn_Swallow_24ft.wav,Barn Swallow,Barn Swallow,24ft,3.0,6.0,3.0,3.0,1.0,True,Barn Swallow,0.6192,Cliff Swallow,0.1638,Western Kingbird,0.1061,True,1.0,0.6192,True,True,True
E2_week_only,Barn_Swallow_24ft.wav,Birdsongs Recordings\24ft\Barn_Swallow_24ft.wav,Barn Swallow,Barn Swallow,24ft,6.0,9.0,3.0,3.0,1.0,True,Barn Swallow,0.5563,Gray-throated Leaftosser,0.0407,Rusty-faced Parrot,0.0336,True,1.0,0.5563,True,True,True
E2_week_only,Barn_Swallow_24ft.wav,Birdsongs Recordings\24ft\Barn_Swallow_24ft.wav,Barn Swallow,Barn Swallow,24ft,9.0,10.0,1.0,0.1999999999999993,0.1999999999999993,False,Ovenbird,0.063,White-bearded Manakin,0.0586,Sulphur-bellied Flycatcher,0.0337,False,,0.0,False,False,False
E2_week_only,Bewicks_Wren_24ft.wav,Birdsongs Recordings\24ft\Bewicks_Wren_24ft.wav,Bewick's Wren,Bewick's Wren,24ft,0.0,3.0,3.0,2.4,0.7999999999999999,True,Bewick's Wren,0.1983,Song Sparrow,0.1771,Grassland Sparrow,0.0253,True,1.0,0.1983,True,True,True
E2_week_only,Bewicks_Wren_24ft.wav,Birdsongs Recordings\24ft\Bewicks_Wren_24ft.wav,Bewick's Wren,Bewick's Wren,24ft,3.0,6.0,3.0,0.0,0.0,False,Common Virtuoso Katydid,0.0896,Shikra,0.0425,Brown Rock Chat,0.032,False,,0.0,False,False,False
E2_week_only,Bewicks_Wren_24ft.wav,Birdsongs Recordings\24ft\Bewicks_Wren_24ft.wav,Bewick's Wren,Bewick's Wren,24ft,6.0,9.0,3.0,0.0,0.0,False,Common Virtuoso Katydid,0.2336,Indian Golden Oriole,0.1269,Black-naped Oriole,0.072,False,,0.0,False,False,False
E2_week_only,Bewicks_Wren_24ft.wav,Birdsongs Recordings\24ft\Bewicks_Wren_24ft.wav,Bewick's Wren,Bewick's Wren,24ft,9.0,10.0,1.0,0.0,0.0,False,Little Grassbird,0.128,Striped Cuckoo,0.1101,Spotted Quail-thrush,0.048,False,,0.0,False,False,False
E2_week_only,Black_Phoebe_24ft.wav,Birdsongs Recordings\24ft\Black_Phoebe_24ft.wav,Black Phoebe,Black Phoebe,24ft,0.0,3.0,3.0,0.7500000000000002,0.25000000000000006,True,Black Phoebe,0.9962,Common Virtuoso Katydid,0.04,Texas Bush Katydid,0.0061,True,1.0,0.9962,True,True,True
E2_week_only,Black_Phoebe_24ft.wav,Birdsongs Recordings\24ft\Black_Phoebe_24ft.wav,Black Phoebe,Black Phoebe,24ft,3.0,6.0,3.0,0.8999999999999999,0.3,True,Black Phoebe,0.9939,Common Virtuoso Katydid,0.0592,Fork-tailed Bush Katydid,0.0086,True,1.0,0.9939,True,True,True
E2_week_only,Black_Phoebe_24ft.wav,Birdsongs Recordings\24ft\Black_Phoebe_24ft.wav,Black Phoebe,Black Phoebe,24ft,6.0,9.0,3.0,0.7999999999999989,0.26666666666666633,True,Black Phoebe,0.9927,Common Virtuoso Katydid,0.1929,Fork-tailed Bush Katydid,0.0465,True,1.0,0.9927,True,True,True
E2_week_only,Black_Phoebe_24ft.wav,Birdsongs Recordings\24ft\Black_Phoebe_24ft.wav,Black Phoebe,Black Phoebe,24ft,9.0,10.0,1.0,0.40000000000000036,0.40000000000000036,True,Black Phoebe,0.9995,Patagonian Tyrant,0.0088,Hume's Warbler,0.0011,True,1.0,0.9995,True,True,True
E2_week_only,California_Towhee_24ft.wav,Birdsongs Recordings\24ft\California_Towhee_24ft.wav,California Towhee,California Towhee,24ft,0.0,3.0,3.0,1.35,0.45,True,California Towhee,0.9971,Louisiana Waterthrush,0.0163,Orange-crowned Warbler,0.0055,True,1.0,0.9971,True,True,True
E2_week_only,California_Towhee_24ft.wav,Birdsongs Recordings\24ft\California_Towhee_24ft.wav,California Towhee,California Towhee,24ft,3.0,6.0,3.0,0.0,0.0,False,Common Virtuoso Katydid,0.5948,Canada Goose,0.0499,Indian Nightjar,0.0331,False,,0.0,False,False,False
E2_week_only,California_Towhee_24ft.wav,Birdsongs Recordings\24ft\California_Towhee_24ft.wav,California Towhee,California Towhee,24ft,6.0,9.0,3.0,1.4499999999999993,0.4833333333333331,True,California Towhee,0.9705,Abert's Towhee,0.0092,Summer Tanager,0.0065,True,1.0,0.9705,True,True,True
E2_week_only,California_Towhee_24ft.wav,Birdsongs Recordings\24ft\California_Towhee_24ft.wav,California Towhee,California Towhee,24ft,9.0,10.0,1.0,0.0,0.0,False,Indian Scops-Owl,0.0088,Engine,0.0071,Slaty-legged Crake,0.0064,False,,0.0,False,False,False
E2_week_only,Dark_eyed_Junco_24ft.wav,Birdsongs Recordings\24ft\Dark_eyed_Junco_24ft.wav,Dark-eyed Junco,Dark-eyed Junco,24ft,0.0,3.0,3.0,1.7500000000000002,0.5833333333333334,True,Dark-eyed Junco,0.6723,Pine Warbler,0.3787,Chipping Sparrow,0.091,True,1.0,0.6723,True,True,True
E2_week_only,Dark_eyed_Junco_24ft.wav,Birdsongs Recordings\24ft\Dark_eyed_Junco_24ft.wav,Dark-eyed Junco,Dark-eyed Junco,24ft,3.0,6.0,3.0,0.0,0.0,False,Common Virtuoso Katydid,0.1148,Canada Goose,0.0409,Northern Cardinal,0.0368,False,,0.0,False,False,False
E2_week_only,Dark_eyed_Junco_24ft.wav,Birdsongs Recordings\24ft\Dark_eyed_Junco_24ft.wav,Dark-eyed Junco,Dark-eyed Junco,24ft,6.0,9.0,3.0,1.8500000000000005,0.6166666666666668,True,Dark-eyed Junco,0.9113,Chipping Sparrow,0.0556,Pine Warbler,0.0329,True,1.0,0.9113,True,True,True
E2_week_only,Dark_eyed_Junco_24ft.wav,Birdsongs Recordings\24ft\Dark_eyed_Junco_24ft.wav,Dark-eyed Junco,Dark-eyed Junco,24ft,9.0,10.0,1.0,0.0,0.0,False,Engine,0.0133,Red-shouldered Hawk,0.008,Slaty-legged Crake,0.0071,False,,0.0,False,False,False
E2_week_only,European_Starling_24ft.wav,Birdsongs Recordings\24ft\European_Starling_24ft.wav,European Starling,European Starling,24ft,0.0,3.0,3.0,2.6,0.8666666666666667,True,American Robin,0.1228,Rusty Blackbird,0.0919,Freckle-breasted Thornbird,0.0616,False,,0.0,False,False,False
E2_week_only,European_Starling_24ft.wav,Birdsongs Recordings\24ft\European_Starling_24ft.wav,European Starling,European Starling,24ft,3.0,6.0,3.0,3.0,1.0,True,American Robin,0.1241,Black-capped Chickadee,0.0918,Rusty Blackbird,0.0586,True,7.0,0.0319,False,False,False
E2_week_only,European_Starling_24ft.wav,Birdsongs Recordings\24ft\European_Starling_24ft.wav,European Starling,European Starling,24ft,6.0,9.0,3.0,3.0,1.0,True,European Starling,0.2317,Spotless Starling,0.0429,American Tree Sparrow,0.042,True,1.0,0.2317,True,True,True
E2_week_only,European_Starling_24ft.wav,Birdsongs Recordings\24ft\European_Starling_24ft.wav,European Starling,European Starling,24ft,9.0,10.0,1.0,1.0,1.0,True,Spotless Starling,0.0487,European Starling,0.0419,Blue Mockingbird,0.0186,True,2.0,0.0419,False,True,True
E2_week_only,Hooded_Oriole_24ft.wav,Birdsongs Recordings\24ft\Hooded_Oriole_24ft.wav,Hooded Oriole,Hooded Oriole,24ft,0.0,3.0,3.0,1.35,0.45,True,Hooded Oriole,0.9843,Orchard Oriole,0.0248,White-eyed Vireo,0.0239,True,1.0,0.9843,True,True,True
E2_week_only,Hooded_Oriole_24ft.wav,Birdsongs Recordings\24ft\Hooded_Oriole_24ft.wav,Hooded Oriole,Hooded Oriole,24ft,3.0,6.0,3.0,1.6500000000000008,0.5500000000000003,True,Hooded Oriole,0.2034,Gray Catbird,0.0275,White-eyed Vireo,0.0171,True,1.0,0.2034,True,True,True
E2_week_only,Hooded_Oriole_24ft.wav,Birdsongs Recordings\24ft\Hooded_Oriole_24ft.wav,Hooded Oriole,Hooded Oriole,24ft,6.0,9.0,3.0,2.4000000000000004,0.8000000000000002,True,Hooded Oriole,0.9707,Orchard Oriole,0.1281,Curve-billed Thrasher,0.0639,True,1.0,0.9707,True,True,True
E2_week_only,Hooded_Oriole_24ft.wav,Birdsongs Recordings\24ft\Hooded_Oriole_24ft.wav,Hooded Oriole,Hooded Oriole,24ft,9.0,10.0,1.0,0.8499999999999996,0.8499999999999996,True,Western Tanager,0.9048,Hooded Oriole,0.4005,Fox Sparrow,0.0586,True,2.0,0.4005,False,True,True
E2_week_only,House_Finch_24ft.wav,Birdsongs Recordings\24ft\House_Finch_24ft.wav,House Finch,House Finch,24ft,0.0,3.0,3.0,2.55,0.85,True,House Finch,0.4622,European Greenfinch,0.2704,European Robin,0.1936,True,1.0,0.4622,True,True,True
E2_week_only,House_Finch_24ft.wav,Birdsongs Recordings\24ft\House_Finch_24ft.wav,House Finch,House Finch,24ft,3.0,6.0,3.0,0.6999999999999997,0.23333333333333325,True,Lemon-bellied Flycatcher,0.0211,Blue Grosbeak,0.0201,Yellow-rumped Flycatcher,0.0193,True,9.0,0.0024,False,False,False
E2_week_only,House_Finch_24ft.wav,Birdsongs Recordings\24ft\House_Finch_24ft.wav,House Finch,House Finch,24ft,6.0,9.0,3.0,2.0,0.6666666666666666,True,House Finch,0.1103,Oriental Magpie-Robin,0.0476,Orchard Oriole,0.0401,True,1.0,0.1103,True,True,True
E2_week_only,House_Finch_24ft.wav,Birdsongs Recordings\24ft\House_Finch_24ft.wav,House Finch,House Finch,24ft,9.0,10.0,1.0,0.0,0.0,False,Engine,0.0319,House Crow,0.0111,Power tools,0.0082,False,,0.0,False,False,False
E2_week_only,House_Sparrow_24ft.wav,Birdsongs Recordings\24ft\House_Sparrow_24ft.wav,House Sparrow,House Sparrow,24ft,0.0,3.0,3.0,1.7420000000000002,0.5806666666666668,True,House Sparrow,0.483,Italian Sparrow,0.0189,Austral Thrush,0.0155,True,1.0,0.483,True,True,True
E2_week_only,House_Sparrow_24ft.wav,Birdsongs Recordings\24ft\House_Sparrow_24ft.wav,House Sparrow,House Sparrow,24ft,3.0,6.0,3.0,1.8359999999999999,0.612,True,House Sparrow,0.8031,Italian Sparrow,0.0532,Patagonian Sierra Finch,0.0113,True,1.0,0.8031,True,True,True
E2_week_only,House_Sparrow_24ft.wav,Birdsongs Recordings\24ft\House_Sparrow_24ft.wav,House Sparrow,House Sparrow,24ft,6.0,9.0,3.0,1.8360000000000003,0.6120000000000001,True,House Sparrow,0.7361,Italian Sparrow,0.0734,Northern Mockingbird,0.0067,True,1.0,0.7361,True,True,True
E2_week_only,House_Sparrow_24ft.wav,Birdsongs Recordings\24ft\House_Sparrow_24ft.wav,House Sparrow,House Sparrow,24ft,9.0,10.0,1.0,0.6420000000000012,0.6420000000000012,True,House Sparrow,0.1614,Yellow-legged Thrush,0.1529,Oriental Magpie-Robin,0.0355,True,1.0,0.1614,True,True,True
E2_week_only,Lesser_Goldfinch_24ft.wav,Birdsongs Recordings\24ft\Lesser_Goldfinch_24ft.wav,Lesser Goldfinch,Lesser Goldfinch,24ft,0.0,3.0,3.0,3.0,1.0,True,Oriental Magpie-Robin,0.2157,Lesser Goldfinch,0.1727,House Wren,0.0295,True,2.0,0.1727,False,True,True
E2_week_only,Lesser_Goldfinch_24ft.wav,Birdsongs Recordings\24ft\Lesser_Goldfinch_24ft.wav,Lesser Goldfinch,Lesser Goldfinch,24ft,3.0,6.0,3.0,2.3999999999999995,0.7999999999999998,True,Pallas's Leaf Warbler,0.4307,Lazuli Bunting,0.0542,Yellow-legged Thrush,0.0401,False,,0.0,False,False,False
E2_week_only,Lesser_Goldfinch_24ft.wav,Birdsongs Recordings\24ft\Lesser_Goldfinch_24ft.wav,Lesser Goldfinch,Lesser Goldfinch,24ft,6.0,9.0,3.0,3.0,1.0,True,Lesser Goldfinch,0.1502,Oriental Magpie-Robin,0.1253,Dunnock,0.0239,True,1.0,0.1502,True,True,True
E2_week_only,Lesser_Goldfinch_24ft.wav,Birdsongs Recordings\24ft\Lesser_Goldfinch_24ft.wav,Lesser Goldfinch,Lesser Goldfinch,24ft,9.0,10.0,1.0,0.9920000000000009,0.9920000000000009,True,Collared Sunbird,0.2713,American Goldfinch,0.0691,Oriental Magpie-Robin,0.057,False,,0.0,False,False,False
E2_week_only,Mourning_Dove_24ft.wav,Birdsongs Recordings\24ft\Mourning_Dove_24ft.wav,Mourning Dove,Mourning Dove,24ft,0.0,3.0,3.0,1.0,0.3333333333333333,True,Mourning Dove,0.8334,Buff-spotted Flufftail,0.1525,White-tipped Dove,0.0355,True,1.0,0.8334,True,True,True
E2_week_only,Mourning_Dove_24ft.wav,Birdsongs Recordings\24ft\Mourning_Dove_24ft.wav,Mourning Dove,Mourning Dove,24ft,3.0,6.0,3.0,2.3,0.7666666666666666,True,Mourning Dove,0.9472,Buff-spotted Flufftail,0.0163,Zenaida Dove,0.0163,True,1.0,0.9472,True,True,True
E2_week_only,Mourning_Dove_24ft.wav,Birdsongs Recordings\24ft\Mourning_Dove_24ft.wav,Mourning Dove,Mourning Dove,24ft,6.0,9.0,3.0,1.2999999999999998,0.4333333333333333,True,Mourning Dove,0.6993,White-tipped Dove,0.1278,Eurasian Collared-Dove,0.0994,True,1.0,0.6993,True,True,True
E2_week_only,Mourning_Dove_24ft.wav,Birdsongs Recordings\24ft\Mourning_Dove_24ft.wav,Mourning Dove,Mourning Dove,24ft,9.0,10.0,1.0,0.0,0.0,False,Red-legged Tinamou,0.018,Rufous Treepie,0.0124,House Crow,0.0119,False,,0.0,False,False,False
E2_week_only,Northern_House_Wren_24ft.wav,Birdsongs Recordings\24ft\Northern_House_Wren_24ft.wav,Northern House Wren,House Wren,24ft,0.0,3.0,3.0,2.7,0.9,True,House Wren,0.9771,Black-chinned Siskin,0.0141,Lesser Whitethroat,0.0069,True,1.0,0.9771,True,True,True
E2_week_only,Northern_House_Wren_24ft.wav,Birdsongs Recordings\24ft\Northern_House_Wren_24ft.wav,Northern House Wren,House Wren,24ft,3.0,6.0,3.0,0.8000000000000003,0.2666666666666668,True,Marsh Wren,0.6286,House Wren,0.4358,Dark-necked Tailorbird,0.0564,True,2.0,0.4358,False,True,True
E2_week_only,Northern_House_Wren_24ft.wav,Birdsongs Recordings\24ft\Northern_House_Wren_24ft.wav,Northern House Wren,House Wren,24ft,6.0,9.0,3.0,2.8000000000000007,0.9333333333333336,True,House Wren,0.9749,Mourning Dove,0.0093,Eastern Wood-Pewee,0.0032,True,1.0,0.9749,True,True,True
E2_week_only,Northern_House_Wren_24ft.wav,Birdsongs Recordings\24ft\Northern_House_Wren_24ft.wav,Northern House Wren,House Wren,24ft,9.0,10.0,1.0,0.0,0.0,False,Brown Fish-Owl,0.0196,Engine,0.0175,Human vocal,0.0084,False,,0.0,False,False,False
E2_week_only,Northern_Mockingbird_24ft.wav,Birdsongs Recordings\24ft\Northern_Mockingbird_24ft.wav,Northern Mockingbird,Northern Mockingbird,24ft,0.0,3.0,3.0,1.6499999999999997,0.5499999999999999,True,Northern Mockingbird,0.1083,Northern Hawk-Cuckoo,0.0349,Chalk-browed Mockingbird,0.0219,True,1.0,0.1083,True,True,True
E2_week_only,Northern_Mockingbird_24ft.wav,Birdsongs Recordings\24ft\Northern_Mockingbird_24ft.wav,Northern Mockingbird,Northern Mockingbird,24ft,3.0,6.0,3.0,1.1499999999999995,0.38333333333333314,True,Great-tailed Grackle,0.0616,Black-tailed Crake,0.0484,Gray-headed Kingfisher,0.0377,True,6.0,0.0316,False,False,False
E2_week_only,Northern_Mockingbird_24ft.wav,Birdsongs Recordings\24ft\Northern_Mockingbird_24ft.wav,Northern Mockingbird,Northern Mockingbird,24ft,6.0,9.0,3.0,2.13,0.71,True,Northern Mockingbird,0.3493,Jacky-winter,0.16,Tropical Mockingbird,0.1269,True,1.0,0.3493,True,True,True
E2_week_only,Northern_Mockingbird_24ft.wav,Birdsongs Recordings\24ft\Northern_Mockingbird_24ft.wav,Northern Mockingbird,Northern Mockingbird,24ft,9.0,10.0,1.0,0.27999999999999936,0.27999999999999936,True,Square-tailed Bulbul,0.1247,Bare-crowned Antbird,0.0776,Orange-headed Thrush,0.0578,False,,0.0,False,False,False
E2_week_only,Northern_Yellow_Warbler_24ft.wav,Birdsongs Recordings\24ft\Northern_Yellow_Warbler_24ft.wav,Northern Yellow Warbler,Yellow Warbler,24ft,0.0,3.0,3.0,0.0,0.0,False,Common Virtuoso Katydid,0.9335,Agile Meadow Katydid,0.0716,Fork-tailed Bush Katydid,0.0489,False,,0.0,False,False,False
E2_week_only,Northern_Yellow_Warbler_24ft.wav,Birdsongs Recordings\24ft\Northern_Yellow_Warbler_24ft.wav,Northern Yellow Warbler,Yellow Warbler,24ft,3.0,6.0,3.0,1.3499999999999996,0.4499999999999999,True,Yellow Warbler,0.6093,Mourning Dove,0.1114,Brown Boobook,0.072,True,1.0,0.6093,True,True,True
E2_week_only,Northern_Yellow_Warbler_24ft.wav,Birdsongs Recordings\24ft\Northern_Yellow_Warbler_24ft.wav,Northern Yellow Warbler,Yellow Warbler,24ft,6.0,9.0,3.0,0.09999999999999964,0.033333333333333215,False,Common Virtuoso Katydid,0.4757,Greenish Warbler,0.1682,American Redstart,0.1523,True,14.0,0.0135,False,False,False
E2_week_only,Northern_Yellow_Warbler_24ft.wav,Birdsongs Recordings\24ft\Northern_Yellow_Warbler_24ft.wav,Northern Yellow Warbler,Yellow Warbler,24ft,9.0,10.0,1.0,0.0,0.0,False,Spotted Owlet,0.0291,Brown Fish-Owl,0.0213,Indian Peafowl,0.0158,False,,0.0,False,False,False
E2_week_only,Oak_Titmouse_24ft.wav,Birdsongs Recordings\24ft\Oak_Titmouse_24ft.wav,Oak Titmouse,Oak Titmouse,24ft,0.0,3.0,3.0,1.3,0.43333333333333335,True,Bar-throated Apalis,0.0772,Oak Titmouse,0.0374,Juniper Titmouse,0.0349,True,2.0,0.0374,False,True,True
E2_week_only,Oak_Titmouse_24ft.wav,Birdsongs Recordings\24ft\Oak_Titmouse_24ft.wav,Oak Titmouse,Oak Titmouse,24ft,3.0,6.0,3.0,1.0000000000000004,0.3333333333333335,True,Oak Titmouse,0.9987,Carolina Wren,0.0671,Tufted Titmouse,0.0094,True,1.0,0.9987,True,True,True
E2_week_only,Oak_Titmouse_24ft.wav,Birdsongs Recordings\24ft\Oak_Titmouse_24ft.wav,Oak Titmouse,Oak Titmouse,24ft,6.0,9.0,3.0,1.4499999999999993,0.4833333333333331,True,Oak Titmouse,0.9995,Carolina Wren,0.1734,Tufted Titmouse,0.0156,True,1.0,0.9995,True,True,True
E2_week_only,Oak_Titmouse_24ft.wav,Birdsongs Recordings\24ft\Oak_Titmouse_24ft.wav,Oak Titmouse,Oak Titmouse,24ft,9.0,10.0,1.0,0.9000000000000004,0.9000000000000004,True,Oak Titmouse,0.9978,Spotted Towhee,0.0136,California Towhee,0.0077,True,1.0,0.9978,True,True,True
E2_week_only,Rock_Pigeon_24ft.wav,Birdsongs Recordings\24ft\Rock_Pigeon_24ft.wav,Rock Pigeon,Rock Pigeon,24ft,0.0,3.0,3.0,1.5499999999999998,0.5166666666666666,True,Rock Pigeon,0.9708,Tawny-browed Owl,0.0112,Mottled Wood-Owl,0.004,True,1.0,0.9708,True,True,True
E2_week_only,Rock_Pigeon_24ft.wav,Birdsongs Recordings\24ft\Rock_Pigeon_24ft.wav,Rock Pigeon,Rock Pigeon,24ft,3.0,6.0,3.0,1.0499999999999998,0.3499999999999999,True,Rock Pigeon,0.9629,Tawny-browed Owl,0.0543,Engine,0.0169,True,1.0,0.9629,True,True,True
E2_week_only,Rock_Pigeon_24ft.wav,Birdsongs Recordings\24ft\Rock_Pigeon_24ft.wav,Rock Pigeon,Rock Pigeon,24ft,6.0,9.0,3.0,1.0999999999999996,0.36666666666666653,True,Rock Pigeon,0.9938,Tawny-browed Owl,0.1094,Engine,0.0043,True,1.0,0.9938,True,True,True
E2_week_only,Rock_Pigeon_24ft.wav,Birdsongs Recordings\24ft\Rock_Pigeon_24ft.wav,Rock Pigeon,Rock Pigeon,24ft,9.0,10.0,1.0,0.0,0.0,False,House Crow,0.0131,Spotted Owlet,0.009,Brown Fish-Owl,0.0088,False,,0.0,False,False,False
E2_week_only,Song_Sparrow_24ft.wav,Birdsongs Recordings\24ft\Song_Sparrow_24ft.wav,Song Sparrow,Song Sparrow,24ft,0.0,3.0,3.0,0.0,0.0,False,Common Virtuoso Katydid,0.4672,Engine,0.0389,Fork-tailed Bush Katydid,0.0159,False,,0.0,False,False,False
E2_week_only,Song_Sparrow_24ft.wav,Birdsongs Recordings\24ft\Song_Sparrow_24ft.wav,Song Sparrow,Song Sparrow,24ft,3.0,6.0,3.0,2.6500000000000004,0.8833333333333334,True,Song Sparrow,0.6543,Swamp Sparrow,0.0087,Clay-colored Sparrow,0.0032,True,1.0,0.6543,True,True,True
E2_week_only,Song_Sparrow_24ft.wav,Birdsongs Recordings\24ft\Song_Sparrow_24ft.wav,Song Sparrow,Song Sparrow,24ft,6.0,9.0,3.0,0.0,0.0,False,Common Virtuoso Katydid,0.1987,Engine,0.1146,Fork-tailed Bush Katydid,0.0232,False,,0.0,False,False,False
E2_week_only,Song_Sparrow_24ft.wav,Birdsongs Recordings\24ft\Song_Sparrow_24ft.wav,Song Sparrow,Song Sparrow,24ft,9.0,10.0,1.0,0.0,0.0,False,Engine,0.0124,American Woodcock,0.0093,Anna's Hummingbird,0.0077,False,,0.0,False,False,False
E2_week_only,Spotted_Towhee_24ft.wav,Birdsongs Recordings\24ft\Spotted_Towhee_24ft.wav,Spotted Towhee,Spotted Towhee,24ft,0.0,3.0,3.0,1.3,0.43333333333333335,True,Spotted Towhee,0.8805,Green-tailed Towhee,0.0601,Yellow-eyed Junco,0.0094,True,1.0,0.8805,True,True,True
E2_week_only,Spotted_Towhee_24ft.wav,Birdsongs Recordings\24ft\Spotted_Towhee_24ft.wav,Spotted Towhee,Spotted Towhee,24ft,3.0,6.0,3.0,0.0,0.0,False,Common Virtuoso Katydid,0.8295,Engine,0.1186,Fork-tailed Bush Katydid,0.0238,False,,0.0,False,False,False
E2_week_only,Spotted_Towhee_24ft.wav,Birdsongs Recordings\24ft\Spotted_Towhee_24ft.wav,Spotted Towhee,Spotted Towhee,24ft,6.0,9.0,3.0,1.3500000000000005,0.4500000000000002,True,Spotted Towhee,0.9325,Green-tailed Towhee,0.0373,Yellow-eyed Junco,0.0065,True,1.0,0.9325,True,True,True
E2_week_only,Spotted_Towhee_24ft.wav,Birdsongs Recordings\24ft\Spotted_Towhee_24ft.wav,Spotted Towhee,Spotted Towhee,24ft,9.0,10.0,1.0,0.0,0.0,False,Brown Fish-Owl,0.0465,Brown Wood-Owl,0.0355,Collared Scops-Owl,0.0242,False,,0.0,False,False,False
E2_week_only,American_Robin_36ft.wav,Birdsongs Recordings\36ft\American_Robin_36ft.wav,American Robin,American Robin,36ft,0.0,3.0,3.0,2.45,0.8166666666666668,True,American Robin,0.5239,Summer Tanager,0.0688,Pale Thrush,0.0393,True,1.0,0.5239,True,True,True
E2_week_only,American_Robin_36ft.wav,Birdsongs Recordings\36ft\American_Robin_36ft.wav,American Robin,American Robin,36ft,3.0,6.0,3.0,1.9000000000000004,0.6333333333333334,True,American Robin,0.5516,Summer Tanager,0.0401,Song Thrush,0.0363,True,1.0,0.5516,True,True,True
E2_week_only,American_Robin_36ft.wav,Birdsongs Recordings\36ft\American_Robin_36ft.wav,American Robin,American Robin,36ft,6.0,9.0,3.0,1.4000000000000004,0.4666666666666668,True,American Robin,0.5,Pale Thrush,0.1236,Black Thrush,0.1145,True,1.0,0.5,True,True,True
E2_week_only,American_Robin_36ft.wav,Birdsongs Recordings\36ft\American_Robin_36ft.wav,American Robin,American Robin,36ft,9.0,10.0,1.0,1.0,1.0,True,American Robin,0.3919,Austral Thrush,0.1778,Pale Thrush,0.0579,True,1.0,0.3919,True,True,True
E2_week_only,Annas_Hummingbird_36ft.wav,Birdsongs Recordings\36ft\Annas_Hummingbird_36ft.wav,Anna's Hummingbird,Anna's Hummingbird,36ft,0.0,3.0,3.0,1.5,0.5,True,Anna's Hummingbird,0.9352,Black Redstart,0.0473,Bananaquit,0.0152,True,1.0,0.9352,True,True,True
E2_week_only,Annas_Hummingbird_36ft.wav,Birdsongs Recordings\36ft\Annas_Hummingbird_36ft.wav,Anna's Hummingbird,Anna's Hummingbird,36ft,3.0,6.0,3.0,3.0,1.0,True,Anna's Hummingbird,0.8789,Horned Guan,0.0401,Whitehead,0.0239,True,1.0,0.8789,True,True,True
E2_week_only,Annas_Hummingbird_36ft.wav,Birdsongs Recordings\36ft\Annas_Hummingbird_36ft.wav,Anna's Hummingbird,Anna's Hummingbird,36ft,6.0,9.0,3.0,3.0,1.0,True,Anna's Hummingbird,0.9977,Black Redstart,0.0173,Cardinal Lory,0.0128,True,1.0,0.9977,True,True,True
E2_week_only,Annas_Hummingbird_36ft.wav,Birdsongs Recordings\36ft\Annas_Hummingbird_36ft.wav,Anna's Hummingbird,Anna's Hummingbird,36ft,9.0,10.0,1.0,0.6999999999999993,0.6999999999999993,True,Anna's Hummingbird,0.9531,Sparkling Violetear,0.0337,Whitehead,0.0318,True,1.0,0.9531,True,True,True
E2_week_only,Barn_Swallow_36ft.wav,Birdsongs Recordings\36ft\Barn_Swallow_36ft.wav,Barn Swallow,Barn Swallow,36ft,0.0,3.0,3.0,2.7,0.9,True,Barn Swallow,0.9801,Common House-Martin,0.004,Cave Swallow,0.0036,True,1.0,0.9801,True,True,True
E2_week_only,Barn_Swallow_36ft.wav,Birdsongs Recordings\36ft\Barn_Swallow_36ft.wav,Barn Swallow,Barn Swallow,36ft,3.0,6.0,3.0,3.0,1.0,True,Barn Swallow,0.788,Cliff Swallow,0.0313,Red-rumped Swallow,0.0262,True,1.0,0.788,True,True,True
E2_week_only,Barn_Swallow_36ft.wav,Birdsongs Recordings\36ft\Barn_Swallow_36ft.wav,Barn Swallow,Barn Swallow,36ft,6.0,9.0,3.0,3.0,1.0,True,Barn Swallow,0.4614,Gray-throated Leaftosser,0.0537,Australian Logrunner,0.0315,True,1.0,0.4614,True,True,True
E2_week_only,Barn_Swallow_36ft.wav,Birdsongs Recordings\36ft\Barn_Swallow_36ft.wav,Barn Swallow,Barn Swallow,36ft,9.0,10.0,1.0,0.1999999999999993,0.1999999999999993,False,Ash-colored Tapaculo,0.0876,Streak-headed Antbird,0.0724,Flammulated Treehunter,0.0303,False,,0.0,False,False,False
E2_week_only,Bewicks_Wren_36ft.wav,Birdsongs Recordings\36ft\Bewicks_Wren_36ft.wav,Bewick's Wren,Bewick's Wren,36ft,0.0,3.0,3.0,2.4,0.7999999999999999,True,Bewick's Wren,0.4043,Siberian Blue Robin,0.0499,Song Sparrow,0.026,True,1.0,0.4043,True,True,True
E2_week_only,Bewicks_Wren_36ft.wav,Birdsongs Recordings\36ft\Bewicks_Wren_36ft.wav,Bewick's Wren,Bewick's Wren,36ft,3.0,6.0,3.0,0.0,0.0,False,Louisiana Waterthrush,0.1275,Black Redstart,0.0347,Cetti's Warbler,0.0227,False,,0.0,False,False,False
E2_week_only,Bewicks_Wren_36ft.wav,Birdsongs Recordings\36ft\Bewicks_Wren_36ft.wav,Bewick's Wren,Bewick's Wren,36ft,6.0,9.0,3.0,0.0,0.0,False,Common Virtuoso Katydid,0.1187,Engine,0.0484,Fork-tailed Bush Katydid,0.0116,False,,0.0,False,False,False
E2_week_only,Bewicks_Wren_36ft.wav,Birdsongs Recordings\36ft\Bewicks_Wren_36ft.wav,Bewick's Wren,Bewick's Wren,36ft,9.0,10.0,1.0,0.0,0.0,False,Engine,0.0088,Brown Fish-Owl,0.0065,Human vocal,0.0065,False,,0.0,False,False,False
E2_week_only,Black_Phoebe_36ft.wav,Birdsongs Recordings\36ft\Black_Phoebe_36ft.wav,Black Phoebe,Black Phoebe,36ft,0.0,3.0,3.0,0.7500000000000002,0.25000000000000006,True,Black Phoebe,0.9994,Common Virtuoso Katydid,0.0411,Cooper's Hawk,0.0072,True,1.0,0.9994,True,True,True
E2_week_only,Black_Phoebe_36ft.wav,Birdsongs Recordings\36ft\Black_Phoebe_36ft.wav,Black Phoebe,Black Phoebe,36ft,3.0,6.0,3.0,0.8999999999999999,0.3,True,Black Phoebe,0.9952,Common Virtuoso Katydid,0.0123,Fork-tailed Bush Katydid,0.0079,True,1.0,0.9952,True,True,True
E2_week_only,Black_Phoebe_36ft.wav,Birdsongs Recordings\36ft\Black_Phoebe_36ft.wav,Black Phoebe,Black Phoebe,36ft,6.0,9.0,3.0,0.7999999999999989,0.26666666666666633,True,Black Phoebe,0.998,Patagonian Tyrant,0.0053,Engine,0.0031,True,1.0,0.998,True,True,True
E2_week_only,Black_Phoebe_36ft.wav,Birdsongs Recordings\36ft\Black_Phoebe_36ft.wav,Black Phoebe,Black Phoebe,36ft,9.0,10.0,1.0,0.40000000000000036,0.40000000000000036,True,Black Phoebe,0.9988,Patagonian Tyrant,0.0086,Hume's Warbler,0.0018,True,1.0,0.9988,True,True,True
E2_week_only,California_Towhee_36ft.wav,Birdsongs Recordings\36ft\California_Towhee_36ft.wav,California Towhee,California Towhee,36ft,0.0,3.0,3.0,1.35,0.45,True,California Towhee,0.9984,Orange-crowned Warbler,0.013,Louisiana Waterthrush,0.0085,True,1.0,0.9984,True,True,True
E2_week_only,California_Towhee_36ft.wav,Birdsongs Recordings\36ft\California_Towhee_36ft.wav,California Towhee,California Towhee,36ft,3.0,6.0,3.0,0.0,0.0,False,Black Redstart,0.2145,Common Virtuoso Katydid,0.0892,Yellowhammer,0.053,False,,0.0,False,False,False
E2_week_only,California_Towhee_36ft.wav,Birdsongs Recordings\36ft\California_Towhee_36ft.wav,California Towhee,California Towhee,36ft,6.0,9.0,3.0,1.4499999999999993,0.4833333333333331,True,California Towhee,0.9855,Louisiana Waterthrush,0.0283,Northern Waterthrush,0.0111,True,1.0,0.9855,True,True,True
E2_week_only,California_Towhee_36ft.wav,Birdsongs Recordings\36ft\California_Towhee_36ft.wav,California Towhee,California Towhee,36ft,9.0,10.0,1.0,0.0,0.0,False,Broad-winged Hawk,0.0103,Bicknell's Thrush,0.0097,Ruffed Grouse,0.0075,False,,0.0,False,False,False
E2_week_only,Dark_eyed_Junco_36ft.wav,Birdsongs Recordings\36ft\Dark_eyed_Junco_36ft.wav,Dark-eyed Junco,Dark-eyed Junco,36ft,0.0,3.0,3.0,1.7500000000000002,0.5833333333333334,True,Dark-eyed Junco,0.8534,Pine Warbler,0.0872,Chipping Sparrow,0.0732,True,1.0,0.8534,True,True,True
E2_week_only,Dark_eyed_Junco_36ft.wav,Birdsongs Recordings\36ft\Dark_eyed_Junco_36ft.wav,Dark-eyed Junco,Dark-eyed Junco,36ft,3.0,6.0,3.0,0.0,0.0,False,Engine,0.1311,Common Virtuoso Katydid,0.0564,Eurasian Eagle-Owl,0.0109,False,,0.0,False,False,False
E2_week_only,Dark_eyed_Junco_36ft.wav,Birdsongs Recordings\36ft\Dark_eyed_Junco_36ft.wav,Dark-eyed Junco,Dark-eyed Junco,36ft,6.0,9.0,3.0,1.8500000000000005,0.6166666666666668,True,Dark-eyed Junco,0.8499,Cirl Bunting,0.128,Pine Warbler,0.0851,True,1.0,0.8499,True,True,True
E2_week_only,Dark_eyed_Junco_36ft.wav,Birdsongs Recordings\36ft\Dark_eyed_Junco_36ft.wav,Dark-eyed Junco,Dark-eyed Junco,36ft,9.0,10.0,1.0,0.0,0.0,False,Eurasian Oystercatcher,0.0221,Jacky-winter,0.0211,Song Thrush,0.0203,False,,0.0,False,False,False
E2_week_only,European_Starling_36ft.wav,Birdsongs Recordings\36ft\European_Starling_36ft.wav,European Starling,European Starling,36ft,0.0,3.0,3.0,2.6,0.8666666666666667,True,Rusty Blackbird,0.3128,Broad-winged Hawk,0.1531,American Robin,0.1267,False,,0.0,False,False,False
E2_week_only,European_Starling_36ft.wav,Birdsongs Recordings\36ft\European_Starling_36ft.wav,European Starling,European Starling,36ft,3.0,6.0,3.0,3.0,1.0,True,Black-capped Chickadee,0.0947,Carolina Chickadee,0.0646,Rusty Blackbird,0.0544,True,12.0,0.0159,False,False,False
E2_week_only,European_Starling_36ft.wav,Birdsongs Recordings\36ft\European_Starling_36ft.wav,European Starling,European Starling,36ft,6.0,9.0,3.0,3.0,1.0,True,Common Grackle,0.1913,Pacific-slope Flycatcher,0.0633,European Starling,0.059,True,3.0,0.059,False,True,True
E2_week_only,European_Starling_36ft.wav,Birdsongs Recordings\36ft\European_Starling_36ft.wav,European Starling,European Starling,36ft,9.0,10.0,1.0,1.0,1.0,True,Tooth-billed Bowerbird,0.0483,European Starling,0.0465,Spotless Starling,0.0337,True,2.0,0.0465,False,True,True
E2_week_only,Hooded_Oriole_36ft.wav,Birdsongs Recordings\36ft\Hooded_Oriole_36ft.wav,Hooded Oriole,Hooded Oriole,36ft,0.0,3.0,3.0,1.35,0.45,True,Hooded Oriole,0.1592,White-eyed Vireo,0.0744,Eastern Towhee,0.0445,True,1.0,0.1592,True,True,True
E2_week_only,Hooded_Oriole_36ft.wav,Birdsongs Recordings\36ft\Hooded_Oriole_36ft.wav,Hooded Oriole,Hooded Oriole,36ft,3.0,6.0,3.0,1.6500000000000008,0.5500000000000003,True,Curve-billed Thrasher,0.1487,Hooded Oriole,0.1373,Streak-backed Oriole,0.0329,True,2.0,0.1373,False,True,True
E2_week_only,Hooded_Oriole_36ft.wav,Birdsongs Recordings\36ft\Hooded_Oriole_36ft.wav,Hooded Oriole,Hooded Oriole,36ft,6.0,9.0,3.0,2.4000000000000004,0.8000000000000002,True,Hooded Oriole,0.5376,Curve-billed Thrasher,0.0551,Orchard Oriole,0.026,True,1.0,0.5376,True,True,True
E2_week_only,Hooded_Oriole_36ft.wav,Birdsongs Recordings\36ft\Hooded_Oriole_36ft.wav,Hooded Oriole,Hooded Oriole,36ft,9.0,10.0,1.0,0.8499999999999996,0.8499999999999996,True,Western Tanager,0.7313,Hooded Oriole,0.1946,Orchard Oriole,0.021,True,2.0,0.1946,False,True,True
E2_week_only,House_Finch_36ft.wav,Birdsongs Recordings\36ft\House_Finch_36ft.wav,House Finch,House Finch,36ft,0.0,3.0,3.0,2.55,0.85,True,House Finch,0.7507,European Robin,0.1754,Purple Finch,0.1382,True,1.0,0.7507,True,True,True
E2_week_only,House_Finch_36ft.wav,Birdsongs Recordings\36ft\House_Finch_36ft.wav,House Finch,House Finch,36ft,3.0,6.0,3.0,0.6999999999999997,0.23333333333333325,True,Blue Grosbeak,0.118,House Finch,0.0718,Red-whiskered Bulbul,0.0576,True,2.0,0.0718,False,True,True
E2_week_only,House_Finch_36ft.wav,Birdsongs Recordings\36ft\House_Finch_36ft.wav,House Finch,House Finch,36ft,6.0,9.0,3.0,2.0,0.6666666666666666,True,House Finch,0.6315,Purple Finch,0.0781,European Robin,0.0699,True,1.0,0.6315,True,True,True
E2_week_only,House_Finch_36ft.wav,Birdsongs Recordings\36ft\House_Finch_36ft.wav,House Finch,House Finch,36ft,9.0,10.0,1.0,0.0,0.0,False,Black-throated Tody-Tyrant,0.0089,Crimson-mantled Woodpecker,0.0084,Slaty-backed Chat-Tyrant,0.0065,False,,0.0,False,False,False
E2_week_only,House_Sparrow_36ft.wav,Birdsongs Recordings\36ft\House_Sparrow_36ft.wav,House Sparrow,House Sparrow,36ft,0.0,3.0,3.0,1.7420000000000002,0.5806666666666668,True,House Sparrow,0.3316,Austral Thrush,0.0186,Italian Sparrow,0.0177,True,1.0,0.3316,True,True,True
E2_week_only,House_Sparrow_36ft.wav,Birdsongs Recordings\36ft\House_Sparrow_36ft.wav,House Sparrow,House Sparrow,36ft,3.0,6.0,3.0,1.8359999999999999,0.612,True,House Sparrow,0.5626,Italian Sparrow,0.0412,Patagonian Sierra Finch,0.0101,True,1.0,0.5626,True,True,True
E2_week_only,House_Sparrow_36ft.wav,Birdsongs Recordings\36ft\House_Sparrow_36ft.wav,House Sparrow,House Sparrow,36ft,6.0,9.0,3.0,1.8360000000000003,0.6120000000000001,True,House Sparrow,0.4413,Italian Sparrow,0.068,Spanish Sparrow,0.0042,True,1.0,0.4413,True,True,True
E2_week_only,House_Sparrow_36ft.wav,Birdsongs Recordings\36ft\House_Sparrow_36ft.wav,House Sparrow,House Sparrow,36ft,9.0,10.0,1.0,0.6420000000000012,0.6420000000000012,True,House Sparrow,0.343,Square-tailed Bulbul,0.2119,Spanish Sparrow,0.1513,True,1.0,0.343,True,True,True
E2_week_only,Lesser_Goldfinch_36ft.wav,Birdsongs Recordings\36ft\Lesser_Goldfinch_36ft.wav,Lesser Goldfinch,Lesser Goldfinch,36ft,0.0,3.0,3.0,3.0,1.0,True,Lesser Goldfinch,0.3181,Oriental Magpie-Robin,0.0717,Orchard Oriole,0.0332,True,1.0,0.3181,True,True,True
E2_week_only,Lesser_Goldfinch_36ft.wav,Birdsongs Recordings\36ft\Lesser_Goldfinch_36ft.wav,Lesser Goldfinch,Lesser Goldfinch,36ft,3.0,6.0,3.0,2.3999999999999995,0.7999999999999998,True,Pallas's Leaf Warbler,0.0592,White-browed Wagtail,0.0281,American Kestrel,0.0215,False,,0.0,False,False,False
E2_week_only,Lesser_Goldfinch_36ft.wav,Birdsongs Recordings\36ft\Lesser_Goldfinch_36ft.wav,Lesser Goldfinch,Lesser Goldfinch,36ft,6.0,9.0,3.0,3.0,1.0,True,Oriental Magpie-Robin,0.1486,Lesser Goldfinch,0.052,Dunnock,0.033,True,2.0,0.052,False,True,True
E2_week_only,Lesser_Goldfinch_36ft.wav,Birdsongs Recordings\36ft\Lesser_Goldfinch_36ft.wav,Lesser Goldfinch,Lesser Goldfinch,36ft,9.0,10.0,1.0,0.9920000000000009,0.9920000000000009,True,Collared Sunbird,0.1731,Oriental Magpie-Robin,0.0735,Loten's Sunbird,0.0554,False,,0.0,False,False,False
E2_week_only,Mourning_Dove_36ft.wav,Birdsongs Recordings\36ft\Mourning_Dove_36ft.wav,Mourning Dove,Mourning Dove,36ft,0.0,3.0,3.0,1.0,0.3333333333333333,True,Mourning Dove,0.8648,Buff-spotted Flufftail,0.3338,White-tipped Dove,0.0659,True,1.0,0.8648,True,True,True
E2_week_only,Mourning_Dove_36ft.wav,Birdsongs Recordings\36ft\Mourning_Dove_36ft.wav,Mourning Dove,Mourning Dove,36ft,3.0,6.0,3.0,2.3,0.7666666666666666,True,Mourning Dove,0.9356,Buff-spotted Flufftail,0.0091,Zenaida Dove,0.008,True,1.0,0.9356,True,True,True
E2_week_only,Mourning_Dove_36ft.wav,Birdsongs Recordings\36ft\Mourning_Dove_36ft.wav,Mourning Dove,Mourning Dove,36ft,6.0,9.0,3.0,1.2999999999999998,0.4333333333333333,True,Mourning Dove,0.6696,White-tipped Dove,0.1062,Eurasian Eagle-Owl,0.0226,True,1.0,0.6696,True,True,True
E2_week_only,Mourning_Dove_36ft.wav,Birdsongs Recordings\36ft\Mourning_Dove_36ft.wav,Mourning Dove,Mourning Dove,36ft,9.0,10.0,1.0,0.0,0.0,False,Juan Fernandez Petrel,0.01,Ruffed Grouse,0.008,Island Canary,0.0072,False,,0.0,False,False,False
E2_week_only,Northern_House_Wren_36ft.wav,Birdsongs Recordings\36ft\Northern_House_Wren_36ft.wav,Northern House Wren,House Wren,36ft,0.0,3.0,3.0,2.7,0.9,True,House Wren,0.8652,American Goldfinch,0.0048,Louisiana Waterthrush,0.0041,True,1.0,0.8652,True,True,True
E2_week_only,Northern_House_Wren_36ft.wav,Birdsongs Recordings\36ft\Northern_House_Wren_36ft.wav,Northern House Wren,House Wren,36ft,3.0,6.0,3.0,0.8000000000000003,0.2666666666666668,True,Connecticut Warbler,0.0933,Kentucky Warbler,0.0688,House Wren,0.0663,True,3.0,0.0663,False,True,True
E2_week_only,Northern_House_Wren_36ft.wav,Birdsongs Recordings\36ft\Northern_House_Wren_36ft.wav,Northern House Wren,House Wren,36ft,6.0,9.0,3.0,2.8000000000000007,0.9333333333333336,True,House Wren,0.8912,Louisiana Waterthrush,0.0149,White-winged Crossbill,0.0046,True,1.0,0.8912,True,True,True
E2_week_only,Northern_House_Wren_36ft.wav,Birdsongs Recordings\36ft\Northern_House_Wren_36ft.wav,Northern House Wren,House Wren,36ft,9.0,10.0,1.0,0.0,0.0,False,Bicknell's Thrush,0.0059,Savanna Nightjar,0.0048,Broad-winged Hawk,0.0045,False,,0.0,False,False,False
E2_week_only,Northern_Mockingbird_36ft.wav,Birdsongs Recordings\36ft\Northern_Mockingbird_36ft.wav,Northern Mockingbird,Northern Mockingbird,36ft,0.0,3.0,3.0,1.6499999999999997,0.5499999999999999,True,Northern Mockingbird,0.0809,Australian Logrunner,0.0293,Chinese Blackbird,0.0212,True,1.0,0.0809,True,True,True
E2_week_only,Northern_Mockingbird_36ft.wav,Birdsongs Recordings\36ft\Northern_Mockingbird_36ft.wav,Northern Mockingbird,Northern Mockingbird,36ft,3.0,6.0,3.0,1.1499999999999995,0.38333333333333314,True,American Robin,0.0321,Siberian Blue Robin,0.0305,Northern Mockingbird,0.0175,True,3.0,0.0175,False,True,True
E2_week_only,Northern_Mockingbird_36ft.wav,Birdsongs Recordings\36ft\Northern_Mockingbird_36ft.wav,Northern Mockingbird,Northern Mockingbird,36ft,6.0,9.0,3.0,2.13,0.71,True,Jacky-winter,0.1283,Chinese Blackbird,0.0793,Northern Mockingbird,0.0232,True,3.0,0.0232,False,True,True
E2_week_only,Northern_Mockingbird_36ft.wav,Birdsongs Recordings\36ft\Northern_Mockingbird_36ft.wav,Northern Mockingbird,Northern Mockingbird,36ft,9.0,10.0,1.0,0.27999999999999936,0.27999999999999936,True,Bare-crowned Antbird,0.1262,Zeledon's Antbird,0.1259,Leymebamba Antpitta,0.0414,False,,0.0,False,False,False
E2_week_only,Northern_Yellow_Warbler_36ft.wav,Birdsongs Recordings\36ft\Northern_Yellow_Warbler_36ft.wav,Northern Yellow Warbler,Yellow Warbler,36ft,0.0,3.0,3.0,0.0,0.0,False,Fieldfare,0.0296,Eurasian Coot,0.0158,Common Virtuoso Katydid,0.0136,False,,0.0,False,False,False
E2_week_only,Northern_Yellow_Warbler_36ft.wav,Birdsongs Recordings\36ft\Northern_Yellow_Warbler_36ft.wav,Northern Yellow Warbler,Yellow Warbler,36ft,3.0,6.0,3.0,1.3499999999999996,0.4499999999999999,True,Yellow Warbler,0.5861,American Redstart,0.0279,Chestnut-sided Warbler,0.0245,True,1.0,0.5861,True,True,True
E2_week_only,Northern_Yellow_Warbler_36ft.wav,Birdsongs Recordings\36ft\Northern_Yellow_Warbler_36ft.wav,Northern Yellow Warbler,Yellow Warbler,36ft,6.0,9.0,3.0,0.09999999999999964,0.033333333333333215,False,Greenish Warbler,0.1793,Siberian Blue Robin,0.1129,American Redstart,0.0721,False,,0.0,False,False,False
E2_week_only,Northern_Yellow_Warbler_36ft.wav,Birdsongs Recordings\36ft\Northern_Yellow_Warbler_36ft.wav,Northern Yellow Warbler,Yellow Warbler,36ft,9.0,10.0,1.0,0.0,0.0,False,Ruffed Grouse,0.0072,Black-throated Tody-Tyrant,0.0056,Bicknell's Thrush,0.0053,False,,0.0,False,False,False
E2_week_only,Oak_Titmouse_36ft.wav,Birdsongs Recordings\36ft\Oak_Titmouse_36ft.wav,Oak Titmouse,Oak Titmouse,36ft,0.0,3.0,3.0,1.3,0.43333333333333335,True,Juniper Titmouse,0.29,Oak Titmouse,0.1174,Bar-throated Apalis,0.0949,True,2.0,0.1174,False,True,True
E2_week_only,Oak_Titmouse_36ft.wav,Birdsongs Recordings\36ft\Oak_Titmouse_36ft.wav,Oak Titmouse,Oak Titmouse,36ft,3.0,6.0,3.0,1.0000000000000004,0.3333333333333335,True,Oak Titmouse,0.9944,Tufted Titmouse,0.1288,Carolina Chickadee,0.0219,True,1.0,0.9944,True,True,True
E2_week_only,Oak_Titmouse_36ft.wav,Birdsongs Recordings\36ft\Oak_Titmouse_36ft.wav,Oak Titmouse,Oak Titmouse,36ft,6.0,9.0,3.0,1.4499999999999993,0.4833333333333331,True,Oak Titmouse,0.9369,Tufted Titmouse,0.1323,Carolina Wren,0.0934,True,1.0,0.9369,True,True,True
E2_week_only,Oak_Titmouse_36ft.wav,Birdsongs Recordings\36ft\Oak_Titmouse_36ft.wav,Oak Titmouse,Oak Titmouse,36ft,9.0,10.0,1.0,0.9000000000000004,0.9000000000000004,True,Oak Titmouse,0.9975,Hutton's Vireo,0.0074,Spotted Towhee,0.005,True,1.0,0.9975,True,True,True
E2_week_only,Rock_Pigeon_36ft.wav,Birdsongs Recordings\36ft\Rock_Pigeon_36ft.wav,Rock Pigeon,Rock Pigeon,36ft,0.0,3.0,3.0,1.5499999999999998,0.5166666666666666,True,Rock Pigeon,0.9251,Common Wood-Pigeon,0.0034,Red-eyed Dove,0.0021,True,1.0,0.9251,True,True,True
E2_week_only,Rock_Pigeon_36ft.wav,Birdsongs Recordings\36ft\Rock_Pigeon_36ft.wav,Rock Pigeon,Rock Pigeon,36ft,3.0,6.0,3.0,1.0499999999999998,0.3499999999999999,True,Rock Pigeon,0.9825,Rufous Hummingbird,0.1499,Ruby-throated Hummingbird,0.0362,True,1.0,0.9825,True,True,True
E2_week_only,Rock_Pigeon_36ft.wav,Birdsongs Recordings\36ft\Rock_Pigeon_36ft.wav,Rock Pigeon,Rock Pigeon,36ft,6.0,9.0,3.0,1.0999999999999996,0.36666666666666653,True,Rock Pigeon,0.9816,Tawny-browed Owl,0.0228,Band-tailed Pigeon,0.0051,True,1.0,0.9816,True,True,True
E2_week_only,Rock_Pigeon_36ft.wav,Birdsongs Recordings\36ft\Rock_Pigeon_36ft.wav,Rock Pigeon,Rock Pigeon,36ft,9.0,10.0,1.0,0.0,0.0,False,Common Tailorbird,0.0112,Western Capercaillie,0.0095,Zappey's Flycatcher,0.0061,False,,0.0,False,False,False
E2_week_only,Song_Sparrow_36ft.wav,Birdsongs Recordings\36ft\Song_Sparrow_36ft.wav,Song Sparrow,Song Sparrow,36ft,0.0,3.0,3.0,0.0,0.0,False,Common Virtuoso Katydid,0.188,Engine,0.0231,Eurasian Coot,0.0093,True,11.0,0.0036,False,False,False
E2_week_only,Song_Sparrow_36ft.wav,Birdsongs Recordings\36ft\Song_Sparrow_36ft.wav,Song Sparrow,Song Sparrow,36ft,3.0,6.0,3.0,2.6500000000000004,0.8833333333333334,True,Song Sparrow,0.6727,Swamp Sparrow,0.0124,Blue-winged Warbler,0.0055,True,1.0,0.6727,True,True,True
E2_week_only,Song_Sparrow_36ft.wav,Birdsongs Recordings\36ft\Song_Sparrow_36ft.wav,Song Sparrow,Song Sparrow,36ft,6.0,9.0,3.0,0.0,0.0,False,Common Virtuoso Katydid,0.2338,Bahama Mockingbird,0.0374,Red-bellied Woodpecker,0.0209,False,,0.0,False,False,False
E2_week_only,Song_Sparrow_36ft.wav,Birdsongs Recordings\36ft\Song_Sparrow_36ft.wav,Song Sparrow,Song Sparrow,36ft,9.0,10.0,1.0,0.0,0.0,False,Common Virtuoso Katydid,0.0084,Island Canary,0.0068,Honey Bee,0.0061,False,,0.0,False,False,False
E2_week_only,Spotted_Towhee_36ft.wav,Birdsongs Recordings\36ft\Spotted_Towhee_36ft.wav,Spotted Towhee,Spotted Towhee,36ft,0.0,3.0,3.0,1.3,0.43333333333333335,True,Spotted Towhee,0.8397,Green-tailed Towhee,0.082,Virginia's Warbler,0.0193,True,1.0,0.8397,True,True,True
E2_week_only,Spotted_Towhee_36ft.wav,Birdsongs Recordings\36ft\Spotted_Towhee_36ft.wav,Spotted Towhee,Spotted Towhee,36ft,3.0,6.0,3.0,0.0,0.0,False,Common Virtuoso Katydid,0.2417,Allen's Hummingbird,0.0305,Rufous Hummingbird,0.0267,False,,0.0,False,False,False
E2_week_only,Spotted_Towhee_36ft.wav,Birdsongs Recordings\36ft\Spotted_Towhee_36ft.wav,Spotted Towhee,Spotted Towhee,36ft,6.0,9.0,3.0,1.3500000000000005,0.4500000000000002,True,Spotted Towhee,0.8063,Green-tailed Towhee,0.0456,Yellow-eyed Junco,0.0177,True,1.0,0.8063,True,True,True
E2_week_only,Spotted_Towhee_36ft.wav,Birdsongs Recordings\36ft\Spotted_Towhee_36ft.wav,Spotted Towhee,Spotted Towhee,36ft,9.0,10.0,1.0,0.0,0.0,False,Brown Fish-Owl,0.0101,Broad-winged Hawk,0.0066,Engine,0.0064,False,,0.0,False,False,False
E2_week_only,American_Robin_48ft.wav,Birdsongs Recordings\48ft\American_Robin_48ft.wav,American Robin,American Robin,48ft,0.0,3.0,3.0,2.45,0.8166666666666668,True,Mottled Owl,0.0192,Engine,0.0096,Helmeted Curassow,0.0095,False,,0.0,False,False,False
E2_week_only,American_Robin_48ft.wav,Birdsongs Recordings\48ft\American_Robin_48ft.wav,American Robin,American Robin,48ft,3.0,6.0,3.0,1.9000000000000004,0.6333333333333334,True,American Robin,0.2161,Summer Tanager,0.0838,African Thrush,0.0506,True,1.0,0.2161,True,True,True
E2_week_only,American_Robin_48ft.wav,Birdsongs Recordings\48ft\American_Robin_48ft.wav,American Robin,American Robin,48ft,6.0,9.0,3.0,1.4000000000000004,0.4666666666666668,True,Summer Tanager,0.2419,Scarlet Tanager,0.1177,American Robin,0.0789,True,3.0,0.0789,False,True,True
E2_week_only,American_Robin_48ft.wav,Birdsongs Recordings\48ft\American_Robin_48ft.wav,American Robin,American Robin,48ft,9.0,10.0,1.0,1.0,1.0,True,Apolinar's Wren,0.0066,Bicknell's Thrush,0.0037,White-winged Crossbill,0.0034,False,,0.0,False,False,False
E2_week_only,Anna_s_Hummingbird_48ft.wav,Birdsongs Recordings\48ft\Anna_s_Hummingbird_48ft.wav,Anna's Hummingbird,Anna's Hummingbird,48ft,0.0,3.0,3.0,1.5,0.5,True,Anna's Hummingbird,0.9313,Sapphire-spangled Emerald,0.0327,Yellow-naped Parrot,0.0204,True,1.0,0.9313,True,True,True
E2_week_only,Anna_s_Hummingbird_48ft.wav,Birdsongs Recordings\48ft\Anna_s_Hummingbird_48ft.wav,Anna's Hummingbird,Anna's Hummingbird,48ft,3.0,6.0,3.0,3.0,1.0,True,Anna's Hummingbird,0.9961,Bananaquit,0.0522,Pacific Koel,0.0118,True,1.0,0.9961,True,True,True
E2_week_only,Anna_s_Hummingbird_48ft.wav,Birdsongs Recordings\48ft\Anna_s_Hummingbird_48ft.wav,Anna's Hummingbird,Anna's Hummingbird,48ft,6.0,9.0,3.0,3.0,1.0,True,Anna's Hummingbird,0.9937,Costa's Hummingbird,0.0104,Bananaquit,0.005,True,1.0,0.9937,True,True,True
E2_week_only,Anna_s_Hummingbird_48ft.wav,Birdsongs Recordings\48ft\Anna_s_Hummingbird_48ft.wav,Anna's Hummingbird,Anna's Hummingbird,48ft,9.0,10.0,1.0,0.6999999999999993,0.6999999999999993,True,Goldcrest,0.0077,Red-shouldered Hawk,0.0054,Wood Duck,0.0052,False,,0.0,False,False,False
E2_week_only,Barn_Swallow_48ft.wav,Birdsongs Recordings\48ft\Barn_Swallow_48ft.wav,Barn Swallow,Barn Swallow,48ft,0.0,3.0,3.0,2.7,0.9,True,Bell's Vireo,0.1415,Alder Flycatcher,0.0917,Savanna Nightjar,0.0479,True,14.0,0.0128,False,False,False
E2_week_only,Barn_Swallow_48ft.wav,Birdsongs Recordings\48ft\Barn_Swallow_48ft.wav,Barn Swallow,Barn Swallow,48ft,3.0,6.0,3.0,3.0,1.0,True,Barn Swallow,0.8637,White-throated Swift,0.0225,Western Kingbird,0.0188,True,1.0,0.8637,True,True,True
E2_week_only,Barn_Swallow_48ft.wav,Birdsongs Recordings\48ft\Barn_Swallow_48ft.wav,Barn Swallow,Barn Swallow,48ft,6.0,9.0,3.0,3.0,1.0,True,Barn Swallow,0.1961,House Finch,0.0922,Cliff Swallow,0.0265,True,1.0,0.1961,True,True,True
E2_week_only,Barn_Swallow_48ft.wav,Birdsongs Recordings\48ft\Barn_Swallow_48ft.wav,Barn Swallow,Barn Swallow,48ft,9.0,10.0,1.0,0.1999999999999993,0.1999999999999993,False,Barn Swallow,0.1149,Eurasian Siskin,0.0771,Redwing,0.0611,True,1.0,0.1149,True,True,True
E2_week_only,Bewick_s_Wren_48ft.wav,Birdsongs Recordings\48ft\Bewick_s_Wren_48ft.wav,Bewick's Wren,Bewick's Wren,48ft,0.0,3.0,3.0,2.4,0.7999999999999999,True,Bewick's Wren,0.1707,Orange-crowned Warbler,0.0154,Black-throated Sparrow,0.0149,True,1.0,0.1707,True,True,True
E2_week_only,Bewick_s_Wren_48ft.wav,Birdsongs Recordings\48ft\Bewick_s_Wren_48ft.wav,Bewick's Wren,Bewick's Wren,48ft,3.0,6.0,3.0,0.0,0.0,False,Eastern Towhee,0.1921,Dark-eyed Junco,0.0552,Siberian Blue Robin,0.0426,True,5.0,0.0362,False,False,True
E2_week_only,Bewick_s_Wren_48ft.wav,Birdsongs Recordings\48ft\Bewick_s_Wren_48ft.wav,Bewick's Wren,Bewick's Wren,48ft,6.0,9.0,3.0,0.0,0.0,False,Alpine Swift,0.0253,Collared Scops-Owl,0.0251,Peregrine Falcon,0.0187,False,,0.0,False,False,False
E2_week_only,Bewick_s_Wren_48ft.wav,Birdsongs Recordings\48ft\Bewick_s_Wren_48ft.wav,Bewick's Wren,Bewick's Wren,48ft,9.0,10.0,1.0,0.0,0.0,False,Savanna Nightjar,0.0145,Jerdon's Nightjar,0.0117,Asian Pied Starling,0.0115,False,,0.0,False,False,False
E2_week_only,Black_Phoebe_48ft.wav,Birdsongs Recordings\48ft\Black_Phoebe_48ft.wav,Black Phoebe,Black Phoebe,48ft,0.0,3.0,3.0,0.7500000000000002,0.25000000000000006,True,Black Phoebe,0.7884,Eurasian Moorhen,0.01,Lesser Coucal,0.0087,True,1.0,0.7884,True,True,True
E2_week_only,Black_Phoebe_48ft.wav,Birdsongs Recordings\48ft\Black_Phoebe_48ft.wav,Black Phoebe,Black Phoebe,48ft,3.0,6.0,3.0,0.8999999999999999,0.3,True,Black Phoebe,0.2923,Gray Kingbird,0.0141,Pacific-slope Flycatcher,0.0116,True,1.0,0.2923,True,True,True
E2_week_only,Black_Phoebe_48ft.wav,Birdsongs Recordings\48ft\Black_Phoebe_48ft.wav,Black Phoebe,Black Phoebe,48ft,6.0,9.0,3.0,0.7999999999999989,0.26666666666666633,True,Black Phoebe,0.932,Pacific-slope Flycatcher,0.0166,Brown-throated Sunbird,0.0068,True,1.0,0.932,True,True,True
E2_week_only,Black_Phoebe_48ft.wav,Birdsongs Recordings\48ft\Black_Phoebe_48ft.wav,Black Phoebe,Black Phoebe,48ft,9.0,10.0,1.0,0.40000000000000036,0.40000000000000036,True,Jerdon's Nightjar,0.026,Indian Scops-Owl,0.0212,Engine,0.0158,False,,0.0,False,False,False
E2_week_only,California_Towhee_48ft.wav,Birdsongs Recordings\48ft\California_Towhee_48ft.wav,California Towhee,California Towhee,48ft,0.0,3.0,3.0,1.35,0.45,True,California Towhee,0.6311,Peregrine Falcon,0.0071,Lesser Coucal,0.007,True,1.0,0.6311,True,True,True
E2_week_only,California_Towhee_48ft.wav,Birdsongs Recordings\48ft\California_Towhee_48ft.wav,California Towhee,California Towhee,48ft,3.0,6.0,3.0,0.0,0.0,False,California Towhee,0.7945,Oak Titmouse,0.0582,Orange-crowned Warbler,0.0541,True,1.0,0.7945,True,True,True
E2_week_only,California_Towhee_48ft.wav,Birdsongs Recordings\48ft\California_Towhee_48ft.wav,California Towhee,California Towhee,48ft,6.0,9.0,3.0,1.4499999999999993,0.4833333333333331,True,California Towhee,0.3482,Malaysian Pied-Fantail,0.0133,Alpine Swift,0.013,True,1.0,0.3482,True,True,True
E2_week_only,California_Towhee_48ft.wav,Birdsongs Recordings\48ft\California_Towhee_48ft.wav,California Towhee,California Towhee,48ft,9.0,10.0,1.0,0.0,0.0,False,California Towhee,0.8076,Black-crested Warbler,0.128,Black-tailed Gnatcatcher,0.013,True,1.0,0.8076,True,True,True
E2_week_only,Dark_eyed_Junco_48ft.wav,Birdsongs Recordings\48ft\Dark_eyed_Junco_48ft.wav,Dark-eyed Junco,Dark-eyed Junco,48ft,0.0,3.0,3.0,1.7500000000000002,0.5833333333333334,True,Dark-eyed Junco,0.5123,Cirl Bunting,0.2437,White-winged Crossbill,0.1185,True,1.0,0.5123,True,True,True
E2_week_only,Dark_eyed_Junco_48ft.wav,Birdsongs Recordings\48ft\Dark_eyed_Junco_48ft.wav,Dark-eyed Junco,Dark-eyed Junco,48ft,3.0,6.0,3.0,0.0,0.0,False,Dark-eyed Junco,0.3092,Eastern Towhee,0.0818,White-winged Crossbill,0.0486,True,1.0,0.3092,True,True,True
E2_week_only,Dark_eyed_Junco_48ft.wav,Birdsongs Recordings\48ft\Dark_eyed_Junco_48ft.wav,Dark-eyed Junco,Dark-eyed Junco,48ft,6.0,9.0,3.0,1.8500000000000005,0.6166666666666668,True,Dark-eyed Junco,0.5911,Cirl Bunting,0.2425,White-winged Crossbill,0.0919,True,1.0,0.5911,True,True,True
E2_week_only,Dark_eyed_Junco_48ft.wav,Birdsongs Recordings\48ft\Dark_eyed_Junco_48ft.wav,Dark-eyed Junco,Dark-eyed Junco,48ft,9.0,10.0,1.0,0.0,0.0,False,Black Redstart,0.1388,Yellow-rumped Warbler,0.0441,Grace's Warbler,0.04,True,4.0,0.0332,False,False,True
E2_week_only,European_Starling_48ft.wav,Birdsongs Recordings\48ft\European_Starling_48ft.wav,European Starling,European Starling,48ft,0.0,3.0,3.0,2.6,0.8666666666666667,True,Broad-winged Hawk,0.0866,American Robin,0.08,Black-capped Chickadee,0.0248,False,,0.0,False,False,False
E2_week_only,European_Starling_48ft.wav,Birdsongs Recordings\48ft\European_Starling_48ft.wav,European Starling,European Starling,48ft,3.0,6.0,3.0,3.0,1.0,True,Pacific-slope Flycatcher,0.0444,European Starling,0.0338,Black-crested Titmouse,0.0326,True,2.0,0.0338,False,True,True
E2_week_only,European_Starling_48ft.wav,Birdsongs Recordings\48ft\European_Starling_48ft.wav,European Starling,European Starling,48ft,6.0,9.0,3.0,3.0,1.0,True,Gray Fantail,0.2109,Eastern Whipbird,0.0727,New Zealand Fantail,0.0469,False,,0.0,False,False,False
E2_week_only,European_Starling_48ft.wav,Birdsongs Recordings\48ft\European_Starling_48ft.wav,European Starling,European Starling,48ft,9.0,10.0,1.0,1.0,1.0,True,Ruffed Grouse,0.0095,Slaty-legged Crake,0.009,Plain Prinia,0.007,False,,0.0,False,False,False
E2_week_only,Hooded_Oriole_48ft.wav,Birdsongs Recordings\48ft\Hooded_Oriole_48ft.wav,Hooded Oriole,Hooded Oriole,48ft,0.0,3.0,3.0,1.35,0.45,True,Ashy Tailorbird,0.0467,Micronesian Myzomela,0.0449,Red-whiskered Bulbul,0.0267,True,13.0,0.01,False,False,False
E2_week_only,Hooded_Oriole_48ft.wav,Birdsongs Recordings\48ft\Hooded_Oriole_48ft.wav,Hooded Oriole,Hooded Oriole,48ft,3.0,6.0,3.0,1.6500000000000008,0.5500000000000003,True,Hooded Oriole,0.3573,White-eyed Vireo,0.1246,Orchard Oriole,0.0866,True,1.0,0.3573,True,True,True
E2_week_only,Hooded_Oriole_48ft.wav,Birdsongs Recordings\48ft\Hooded_Oriole_48ft.wav,Hooded Oriole,Hooded Oriole,48ft,6.0,9.0,3.0,2.4000000000000004,0.8000000000000002,True,Western Tanager,0.6585,Malaysian Pied-Fantail,0.2844,Ashy Tailorbird,0.0455,False,,0.0,False,False,False
E2_week_only,Hooded_Oriole_48ft.wav,Birdsongs Recordings\48ft\Hooded_Oriole_48ft.wav,Hooded Oriole,Hooded Oriole,48ft,9.0,10.0,1.0,0.8499999999999996,0.8499999999999996,True,Engine,0.0156,Island Canary,0.0065,Human vocal,0.0052,False,,0.0,False,False,False
E2_week_only,House_Finch_48ft.wav,Birdsongs Recordings\48ft\House_Finch_48ft.wav,House Finch,House Finch,48ft,0.0,3.0,3.0,2.55,0.85,True,House Finch,0.9922,Micronesian Myzomela,0.0259,Purple Finch,0.0135,True,1.0,0.9922,True,True,True
E2_week_only,House_Finch_48ft.wav,Birdsongs Recordings\48ft\House_Finch_48ft.wav,House Finch,House Finch,48ft,3.0,6.0,3.0,0.6999999999999997,0.23333333333333325,True,Two-banded Warbler,0.2112,Blue Grosbeak,0.1382,House Finch,0.0438,True,3.0,0.0438,False,True,True
E2_week_only,House_Finch_48ft.wav,Birdsongs Recordings\48ft\House_Finch_48ft.wav,House Finch,House Finch,48ft,6.0,9.0,3.0,2.0,0.6666666666666666,True,House Finch,0.3692,Orchard Oriole,0.061,European Robin,0.0472,True,1.0,0.3692,True,True,True
E2_week_only,House_Finch_48ft.wav,Birdsongs Recordings\48ft\House_Finch_48ft.wav,House Finch,House Finch,48ft,9.0,10.0,1.0,0.0,0.0,False,Broad-winged Hawk,0.0111,Engine,0.0094,Ruffed Grouse,0.0072,False,,0.0,False,False,False
E2_week_only,House_Sparrow_48ft.wav,Birdsongs Recordings\48ft\House_Sparrow_48ft.wav,House Sparrow,House Sparrow,48ft,0.0,3.0,3.0,1.7420000000000002,0.5806666666666668,True,House Sparrow,0.558,Common Swift,0.0144,White-winged Dove,0.0135,True,1.0,0.558,True,True,True
E2_week_only,House_Sparrow_48ft.wav,Birdsongs Recordings\48ft\House_Sparrow_48ft.wav,House Sparrow,House Sparrow,48ft,3.0,6.0,3.0,1.8359999999999999,0.612,True,House Sparrow,0.4094,Austral Thrush,0.0402,Chimney Swift,0.0176,True,1.0,0.4094,True,True,True
E2_week_only,House_Sparrow_48ft.wav,Birdsongs Recordings\48ft\House_Sparrow_48ft.wav,House Sparrow,House Sparrow,48ft,6.0,9.0,3.0,1.8360000000000003,0.6120000000000001,True,House Sparrow,0.5323,Spanish Sparrow,0.0924,Gray Catbird,0.0229,True,1.0,0.5323,True,True,True
E2_week_only,House_Sparrow_48ft.wav,Birdsongs Recordings\48ft\House_Sparrow_48ft.wav,House Sparrow,House Sparrow,48ft,9.0,10.0,1.0,0.6420000000000012,0.6420000000000012,True,Fork-tailed Bush Katydid,0.0087,Engine,0.0076,Broad-winged Hawk,0.005,False,,0.0,False,False,False
E2_week_only,Lesser_Goldfinch_48ft.wav,Birdsongs Recordings\48ft\Lesser_Goldfinch_48ft.wav,Lesser Goldfinch,Lesser Goldfinch,48ft,0.0,3.0,3.0,3.0,1.0,True,Lesser Goldfinch,0.454,Pallas's Leaf Warbler,0.3264,American Goldfinch,0.0653,True,1.0,0.454,True,True,True
E2_week_only,Lesser_Goldfinch_48ft.wav,Birdsongs Recordings\48ft\Lesser_Goldfinch_48ft.wav,Lesser Goldfinch,Lesser Goldfinch,48ft,3.0,6.0,3.0,2.3999999999999995,0.7999999999999998,True,Micronesian Myzomela,0.1316,Abert's Towhee,0.1121,Bertoni's Antbird,0.0916,False,,0.0,False,False,False
E2_week_only,Lesser_Goldfinch_48ft.wav,Birdsongs Recordings\48ft\Lesser_Goldfinch_48ft.wav,Lesser Goldfinch,Lesser Goldfinch,48ft,6.0,9.0,3.0,3.0,1.0,True,Lesser Goldfinch,0.8851,American Goldfinch,0.0804,Pallas's Leaf Warbler,0.0618,True,1.0,0.8851,True,True,True
E2_week_only,Lesser_Goldfinch_48ft.wav,Birdsongs Recordings\48ft\Lesser_Goldfinch_48ft.wav,Lesser Goldfinch,Lesser Goldfinch,48ft,9.0,10.0,1.0,0.9920000000000009,0.9920000000000009,True,Cordilleran Flycatcher,0.0779,Olive-backed Sunbird,0.0514,American Goldfinch,0.0479,False,,0.0,False,False,False
E2_week_only,Mourning_Dove_48ft.wav,Birdsongs Recordings\48ft\Mourning_Dove_48ft.wav,Mourning Dove,Mourning Dove,48ft,0.0,3.0,3.0,1.0,0.3333333333333333,True,Mourning Dove,0.1729,Buff-spotted Flufftail,0.0633,White-tipped Dove,0.0498,True,1.0,0.1729,True,True,True
E2_week_only,Mourning_Dove_48ft.wav,Birdsongs Recordings\48ft\Mourning_Dove_48ft.wav,Mourning Dove,Mourning Dove,48ft,3.0,6.0,3.0,2.3,0.7666666666666666,True,Mourning Dove,0.9537,Zenaida Dove,0.0287,Marbled Frogmouth,0.0085,True,1.0,0.9537,True,True,True
E2_week_only,Mourning_Dove_48ft.wav,Birdsongs Recordings\48ft\Mourning_Dove_48ft.wav,Mourning Dove,Mourning Dove,48ft,6.0,9.0,3.0,1.2999999999999998,0.4333333333333333,True,Mourning Dove,0.4307,Eurasian Eagle-Owl,0.086,Mottled Wood-Owl,0.0178,True,1.0,0.4307,True,True,True
E2_week_only,Mourning_Dove_48ft.wav,Birdsongs Recordings\48ft\Mourning_Dove_48ft.wav,Mourning Dove,Mourning Dove,48ft,9.0,10.0,1.0,0.0,0.0,False,Engine,0.0068,Western Capercaillie,0.0066,Apolinar's Wren,0.0061,False,,0.0,False,False,False
E2_week_only,Northern_House_Wren_48ft.wav,Birdsongs Recordings\48ft\Northern_House_Wren_48ft.wav,Northern House Wren,House Wren,48ft,0.0,3.0,3.0,2.7,0.9,True,Connecticut Warbler,0.0819,Kentucky Warbler,0.047,Mourning Warbler,0.0379,True,15.0,0.0048,False,False,False
E2_week_only,Northern_House_Wren_48ft.wav,Birdsongs Recordings\48ft\Northern_House_Wren_48ft.wav,Northern House Wren,House Wren,48ft,3.0,6.0,3.0,0.8000000000000003,0.2666666666666668,True,House Wren,0.9277,Louisiana Waterthrush,0.0182,American Goldfinch,0.0126,True,1.0,0.9277,True,True,True
E2_week_only,Northern_House_Wren_48ft.wav,Birdsongs Recordings\48ft\Northern_House_Wren_48ft.wav,Northern House Wren,House Wren,48ft,6.0,9.0,3.0,2.8000000000000007,0.9333333333333336,True,Engine,0.0433,Alpine Swift,0.0124,Mottled Owl,0.0118,False,,0.0,False,False,False
E2_week_only,Northern_House_Wren_48ft.wav,Birdsongs Recordings\48ft\Northern_House_Wren_48ft.wav,Northern House Wren,House Wren,48ft,9.0,10.0,1.0,0.0,0.0,False,Engine,0.0189,Island Canary,0.0099,Cooper's Hawk,0.0053,False,,0.0,False,False,False
E2_week_only,Northern_Mockingbird_48ft.wav,Birdsongs Recordings\48ft\Northern_Mockingbird_48ft.wav,Northern Mockingbird,Northern Mockingbird,48ft,0.0,3.0,3.0,1.6499999999999997,0.5499999999999999,True,Northern Mockingbird,0.2162,American Dipper,0.017,Tropical Mockingbird,0.0161,True,1.0,0.2162,True,True,True
E2_week_only,Northern_Mockingbird_48ft.wav,Birdsongs Recordings\48ft\Northern_Mockingbird_48ft.wav,Northern Mockingbird,Northern Mockingbird,48ft,3.0,6.0,3.0,1.1499999999999995,0.38333333333333314,True,European Greenfinch,0.3193,White-winged Crossbill,0.03,Bridled Titmouse,0.0254,True,4.0,0.0249,False,False,True
E2_week_only,Northern_Mockingbird_48ft.wav,Birdsongs Recordings\48ft\Northern_Mockingbird_48ft.wav,Northern Mockingbird,Northern Mockingbird,48ft,6.0,9.0,3.0,2.13,0.71,True,Northern Mockingbird,0.1677,Song Thrush,0.0973,Jacky-winter,0.0214,True,1.0,0.1677,True,True,True
E2_week_only,Northern_Mockingbird_48ft.wav,Birdsongs Recordings\48ft\Northern_Mockingbird_48ft.wav,Northern Mockingbird,Northern Mockingbird,48ft,9.0,10.0,1.0,0.27999999999999936,0.27999999999999936,True,Jacky-winter,0.0494,White-tailed Nuthatch,0.0461,Leymebamba Antpitta,0.0251,False,,0.0,False,False,False
E2_week_only,Northern_Yellow_Warbler_48ft.wav,Birdsongs Recordings\48ft\Northern_Yellow_Warbler_48ft.wav,Northern Yellow Warbler,Yellow Warbler,48ft,0.0,3.0,3.0,0.0,0.0,False,Eurasian Coot,0.0071,Common Quail,0.007,Mallard,0.0068,False,,0.0,False,False,False
E2_week_only,Northern_Yellow_Warbler_48ft.wav,Birdsongs Recordings\48ft\Northern_Yellow_Warbler_48ft.wav,Northern Yellow Warbler,Yellow Warbler,48ft,3.0,6.0,3.0,1.3499999999999996,0.4499999999999999,True,Yellow Warbler,0.5094,Clay-colored Sparrow,0.0323,American Redstart,0.0247,True,1.0,0.5094,True,True,True
E2_week_only,Northern_Yellow_Warbler_48ft.wav,Birdsongs Recordings\48ft\Northern_Yellow_Warbler_48ft.wav,Northern Yellow Warbler,Yellow Warbler,48ft,6.0,9.0,3.0,0.09999999999999964,0.033333333333333215,False,Engine,0.0124,Mallard,0.0093,Tree Pipit,0.0078,False,,0.0,False,False,False
E2_week_only,Northern_Yellow_Warbler_48ft.wav,Birdsongs Recordings\48ft\Northern_Yellow_Warbler_48ft.wav,Northern Yellow Warbler,Yellow Warbler,48ft,9.0,10.0,1.0,0.0,0.0,False,Island Canary,0.0059,Ruffed Grouse,0.0059,Broad-winged Hawk,0.005,False,,0.0,False,False,False
E2_week_only,Oak_Titmouse_48ft.wav,Birdsongs Recordings\48ft\Oak_Titmouse_48ft.wav,Oak Titmouse,Oak Titmouse,48ft,0.0,3.0,3.0,1.3,0.43333333333333335,True,Oak Titmouse,0.0966,Juniper Titmouse,0.0456,Bridled Titmouse,0.0209,True,1.0,0.0966,True,True,True
E2_week_only,Oak_Titmouse_48ft.wav,Birdsongs Recordings\48ft\Oak_Titmouse_48ft.wav,Oak Titmouse,Oak Titmouse,48ft,3.0,6.0,3.0,1.0000000000000004,0.3333333333333335,True,Oak Titmouse,0.9687,Great Tit,0.0317,Carolina Wren,0.0257,True,1.0,0.9687,True,True,True
E2_week_only,Oak_Titmouse_48ft.wav,Birdsongs Recordings\48ft\Oak_Titmouse_48ft.wav,Oak Titmouse,Oak Titmouse,48ft,6.0,9.0,3.0,1.4499999999999993,0.4833333333333331,True,Oak Titmouse,0.1785,Carolina Wren,0.17,Mourning Dove,0.0805,True,1.0,0.1785,True,True,True
E2_week_only,Oak_Titmouse_48ft.wav,Birdsongs Recordings\48ft\Oak_Titmouse_48ft.wav,Oak Titmouse,Oak Titmouse,48ft,9.0,10.0,1.0,0.9000000000000004,0.9000000000000004,True,Micronesian Myzomela,0.045,Golden-bellied Euphonia,0.0405,Loten's Sunbird,0.0313,False,,0.0,False,False,False
E2_week_only,Rock_Pigeon_48ft.wav,Birdsongs Recordings\48ft\Rock_Pigeon_48ft.wav,Rock Pigeon,Rock Pigeon,48ft,0.0,3.0,3.0,1.5499999999999998,0.5166666666666666,True,Rock Pigeon,0.6812,Crested Owl,0.0472,Brown Wood-Owl,0.015,True,1.0,0.6812,True,True,True
E2_week_only,Rock_Pigeon_48ft.wav,Birdsongs Recordings\48ft\Rock_Pigeon_48ft.wav,Rock Pigeon,Rock Pigeon,48ft,3.0,6.0,3.0,1.0499999999999998,0.3499999999999999,True,Great Horned Owl,0.1197,Greater Coucal,0.0784,Brown Wood-Owl,0.0635,True,4.0,0.024,False,False,True
E2_week_only,Rock_Pigeon_48ft.wav,Birdsongs Recordings\48ft\Rock_Pigeon_48ft.wav,Rock Pigeon,Rock Pigeon,48ft,6.0,9.0,3.0,1.0999999999999996,0.36666666666666653,True,Great Horned Owl,0.172,Rock Pigeon,0.0502,Band-tailed Pigeon,0.0382,True,2.0,0.0502,False,True,True
E2_week_only,Rock_Pigeon_48ft.wav,Birdsongs Recordings\48ft\Rock_Pigeon_48ft.wav,Rock Pigeon,Rock Pigeon,48ft,9.0,10.0,1.0,0.0,0.0,False,Slaty-legged Crake,0.0085,Indian Scops-Owl,0.0084,Jerdon's Nightjar,0.0073,False,,0.0,False,False,False
E2_week_only,Song_Sparrow_48ft.wav,Birdsongs Recordings\48ft\Song_Sparrow_48ft.wav,Song Sparrow,Song Sparrow,48ft,0.0,3.0,3.0,0.0,0.0,False,Song Thrush,0.0116,Mallard,0.0106,Plain Prinia,0.0094,False,,0.0,False,False,False
E2_week_only,Song_Sparrow_48ft.wav,Birdsongs Recordings\48ft\Song_Sparrow_48ft.wav,Song Sparrow,Song Sparrow,48ft,3.0,6.0,3.0,2.6500000000000004,0.8833333333333334,True,Song Sparrow,0.299,Downy Woodpecker,0.0162,Willow Flycatcher,0.0139,True,1.0,0.299,True,True,True
E2_week_only,Song_Sparrow_48ft.wav,Birdsongs Recordings\48ft\Song_Sparrow_48ft.wav,Song Sparrow,Song Sparrow,48ft,6.0,9.0,3.0,0.0,0.0,False,Carolina Chickadee,0.0485,House Wren,0.0238,Bewick's Wren,0.015,True,7.0,0.0106,False,False,False
E2_week_only,Song_Sparrow_48ft.wav,Birdsongs Recordings\48ft\Song_Sparrow_48ft.wav,Song Sparrow,Song Sparrow,48ft,9.0,10.0,1.0,0.0,0.0,False,Slaty-legged Crake,0.0256,Jerdon's Nightjar,0.0209,Indian Nightjar,0.0167,False,,0.0,False,False,False
E2_week_only,Spotted_Towhee_48ft.wav,Birdsongs Recordings\48ft\Spotted_Towhee_48ft.wav,Spotted Towhee,Spotted Towhee,48ft,0.0,3.0,3.0,1.3,0.43333333333333335,True,Cerulean Warbler,0.3605,Spotted Towhee,0.0927,Green-tailed Towhee,0.0535,True,2.0,0.0927,False,True,True
E2_week_only,Spotted_Towhee_48ft.wav,Birdsongs Recordings\48ft\Spotted_Towhee_48ft.wav,Spotted Towhee,Spotted Towhee,48ft,3.0,6.0,3.0,0.0,0.0,False,Spotted Towhee,0.1384,Ashy Prinia,0.1278,Siberian Blue Robin,0.1171,True,1.0,0.1384,True,True,True
E2_week_only,Spotted_Towhee_48ft.wav,Birdsongs Recordings\48ft\Spotted_Towhee_48ft.wav,Spotted Towhee,Spotted Towhee,48ft,6.0,9.0,3.0,1.3500000000000005,0.4500000000000002,True,Cerulean Warbler,0.5976,Lincoln's Sparrow,0.0405,Green-tailed Towhee,0.037,True,4.0,0.0267,False,False,True
E2_week_only,Spotted_Towhee_48ft.wav,Birdsongs Recordings\48ft\Spotted_Towhee_48ft.wav,Spotted Towhee,Spotted Towhee,48ft,9.0,10.0,1.0,0.0,0.0,False,Plain Prinia,0.0213,Slaty-legged Crake,0.0119,Jerdon's Nightjar,0.008,False,,0.0,False,False,False
E3_location_only,American_Robin_1ft.wav,Birdsongs Recordings\1ft\American_Robin_1ft.wav,American Robin,American Robin,1ft,0.0,3.0,3.0,2.45,0.8166666666666668,True,American Robin,0.9215,Black-headed Grosbeak,0.0299,Northern Mockingbird,0.0257,True,1.0,0.9215,True,True,True
E3_location_only,American_Robin_1ft.wav,Birdsongs Recordings\1ft\American_Robin_1ft.wav,American Robin,American Robin,1ft,3.0,6.0,3.0,1.9000000000000004,0.6333333333333334,True,American Robin,0.9906,Northern Mockingbird,0.0007,Northern Cardinal,0.0007,True,1.0,0.9906,True,True,True
E3_location_only,American_Robin_1ft.wav,Birdsongs Recordings\1ft\American_Robin_1ft.wav,American Robin,American Robin,1ft,6.0,9.0,3.0,1.4000000000000004,0.4666666666666668,True,American Robin,0.957,Northern Mockingbird,0.0201,Red-winged Blackbird,0.0018,True,1.0,0.957,True,True,True
E3_location_only,American_Robin_1ft.wav,Birdsongs Recordings\1ft\American_Robin_1ft.wav,American Robin,American Robin,1ft,9.0,10.0,1.0,1.0,1.0,True,American Robin,0.8093,Black-headed Grosbeak,0.1026,Northern Flicker,0.002,True,1.0,0.8093,True,True,True
E3_location_only,Annas_Hummingbird_1ft.wav,Birdsongs Recordings\1ft\Annas_Hummingbird_1ft.wav,Anna's Hummingbird,Anna's Hummingbird,1ft,0.0,3.0,3.0,1.5,0.5,True,Anna's Hummingbird,0.9936,Savannah Sparrow,0.0013,Costa's Hummingbird,0.0012,True,1.0,0.9936,True,True,True
E3_location_only,Annas_Hummingbird_1ft.wav,Birdsongs Recordings\1ft\Annas_Hummingbird_1ft.wav,Anna's Hummingbird,Anna's Hummingbird,1ft,3.0,6.0,3.0,3.0,1.0,True,Anna's Hummingbird,0.9869,House Finch,0.0032,House Wren,0.002,True,1.0,0.9869,True,True,True
E3_location_only,Annas_Hummingbird_1ft.wav,Birdsongs Recordings\1ft\Annas_Hummingbird_1ft.wav,Anna's Hummingbird,Anna's Hummingbird,1ft,6.0,9.0,3.0,3.0,1.0,True,Anna's Hummingbird,0.9953,Savannah Sparrow,0.0065,Brewer's Sparrow,0.0018,True,1.0,0.9953,True,True,True
E3_location_only,Annas_Hummingbird_1ft.wav,Birdsongs Recordings\1ft\Annas_Hummingbird_1ft.wav,Anna's Hummingbird,Anna's Hummingbird,1ft,9.0,10.0,1.0,0.6999999999999993,0.6999999999999993,True,Anna's Hummingbird,0.802,Savannah Sparrow,0.0069,Chipping Sparrow,0.0023,True,1.0,0.802,True,True,True
E3_location_only,Barn_Swallow_1ft.wav,Birdsongs Recordings\1ft\Barn_Swallow_1ft.wav,Barn Swallow,Barn Swallow,1ft,0.0,3.0,3.0,2.7,0.9,True,Barn Swallow,0.981,Savannah Sparrow,0.009,Bank Swallow,0.0089,True,1.0,0.981,True,True,True
E3_location_only,Barn_Swallow_1ft.wav,Birdsongs Recordings\1ft\Barn_Swallow_1ft.wav,Barn Swallow,Barn Swallow,1ft,3.0,6.0,3.0,3.0,1.0,True,Barn Swallow,0.9841,Cliff Swallow,0.052,House Finch,0.0112,True,1.0,0.9841,True,True,True
E3_location_only,Barn_Swallow_1ft.wav,Birdsongs Recordings\1ft\Barn_Swallow_1ft.wav,Barn Swallow,Barn Swallow,1ft,6.0,9.0,3.0,3.0,1.0,True,Barn Swallow,0.9786,Brewer's Sparrow,0.0061,Least Tern,0.0056,True,1.0,0.9786,True,True,True
E3_location_only,Barn_Swallow_1ft.wav,Birdsongs Recordings\1ft\Barn_Swallow_1ft.wav,Barn Swallow,Barn Swallow,1ft,9.0,10.0,1.0,0.1999999999999993,0.1999999999999993,False,Red-necked Phalarope,0.0012,Western Kingbird,0.0004,Belted Kingfisher,0.0002,False,,0.0,False,False,False
E3_location_only,Bewicks_Wren_1ft.wav,Birdsongs Recordings\1ft\Bewicks_Wren_1ft.wav,Bewick's Wren,Bewick's Wren,1ft,0.0,3.0,3.0,2.4,0.7999999999999999,True,Bewick's Wren,0.8609,Black-throated Sparrow,0.1658,Song Sparrow,0.0579,True,1.0,0.8609,True,True,True
E3_location_only,Bewicks_Wren_1ft.wav,Birdsongs Recordings\1ft\Bewicks_Wren_1ft.wav,Bewick's Wren,Bewick's Wren,1ft,3.0,6.0,3.0,0.0,0.0,False,Merlin,0.0604,Black-throated Gray Warbler,0.0199,Yellow-rumped Warbler,0.0136,True,16.0,0.007,False,False,False
E3_location_only,Bewicks_Wren_1ft.wav,Birdsongs Recordings\1ft\Bewicks_Wren_1ft.wav,Bewick's Wren,Bewick's Wren,1ft,6.0,9.0,3.0,0.0,0.0,False,Canada Goose,0.0225,Northern Cardinal,0.0158,White-breasted Nuthatch,0.0149,False,,0.0,False,False,False
E3_location_only,Bewicks_Wren_1ft.wav,Birdsongs Recordings\1ft\Bewicks_Wren_1ft.wav,Bewick's Wren,Bewick's Wren,1ft,9.0,10.0,1.0,0.0,0.0,False,Great Horned Owl,0.0053,Red-shouldered Hawk,0.0052,Anna's Hummingbird,0.0051,False,,0.0,False,False,False
E3_location_only,Black_Phoebe_1ft.wav,Birdsongs Recordings\1ft\Black_Phoebe_1ft.wav,Black Phoebe,Black Phoebe,1ft,0.0,3.0,3.0,0.7500000000000002,0.25000000000000006,True,Black Phoebe,0.9998,Wrentit,0.0003,Song Sparrow,0.0002,True,1.0,0.9998,True,True,True
E3_location_only,Black_Phoebe_1ft.wav,Birdsongs Recordings\1ft\Black_Phoebe_1ft.wav,Black Phoebe,Black Phoebe,1ft,3.0,6.0,3.0,0.8999999999999999,0.3,True,Black Phoebe,0.9995,Wrentit,0.0002,Bushtit,0.0001,True,1.0,0.9995,True,True,True
E3_location_only,Black_Phoebe_1ft.wav,Birdsongs Recordings\1ft\Black_Phoebe_1ft.wav,Black Phoebe,Black Phoebe,1ft,6.0,9.0,3.0,0.7999999999999989,0.26666666666666633,True,Black Phoebe,0.9998,Verdin,0.0001,Bushtit,0.0001,True,1.0,0.9998,True,True,True
E3_location_only,Black_Phoebe_1ft.wav,Birdsongs Recordings\1ft\Black_Phoebe_1ft.wav,Black Phoebe,Black Phoebe,1ft,9.0,10.0,1.0,0.40000000000000036,0.40000000000000036,True,Black Phoebe,0.9998,Bushtit,0.0005,Oak Titmouse,0.0005,True,1.0,0.9998,True,True,True
E3_location_only,California_Towhee_1ft.wav,Birdsongs Recordings\1ft\California_Towhee_1ft.wav,California Towhee,California Towhee,1ft,0.0,3.0,3.0,1.35,0.45,True,California Towhee,0.9986,Spotted Towhee,0.0014,Abert's Towhee,0.0011,True,1.0,0.9986,True,True,True
E3_location_only,California_Towhee_1ft.wav,Birdsongs Recordings\1ft\California_Towhee_1ft.wav,California Towhee,California Towhee,1ft,3.0,6.0,3.0,0.0,0.0,False,Black Phoebe,0.2448,House Sparrow,0.1063,American Goldfinch,0.0194,False,,0.0,False,False,False
E3_location_only,California_Towhee_1ft.wav,Birdsongs Recordings\1ft\California_Towhee_1ft.wav,California Towhee,California Towhee,1ft,6.0,9.0,3.0,1.4499999999999993,0.4833333333333331,True,California Towhee,0.9976,Abert's Towhee,0.0066,Spotted Towhee,0.0019,True,1.0,0.9976,True,True,True
E3_location_only,California_Towhee_1ft.wav,Birdsongs Recordings\1ft\California_Towhee_1ft.wav,California Towhee,California Towhee,1ft,9.0,10.0,1.0,0.0,0.0,False,Allen's Hummingbird,0.0368,Rufous Hummingbird,0.0226,Anna's Hummingbird,0.0127,False,,0.0,False,False,False
E3_location_only,Dark_eyed_Junco_1ft.wav,Birdsongs Recordings\1ft\Dark_eyed_Junco_1ft.wav,Dark-eyed Junco,Dark-eyed Junco,1ft,0.0,3.0,3.0,1.7500000000000002,0.5833333333333334,True,Dark-eyed Junco,0.9843,Chipping Sparrow,0.0215,Yellow-rumped Warbler,0.0039,True,1.0,0.9843,True,True,True
E3_location_only,Dark_eyed_Junco_1ft.wav,Birdsongs Recordings\1ft\Dark_eyed_Junco_1ft.wav,Dark-eyed Junco,Dark-eyed Junco,1ft,3.0,6.0,3.0,0.0,0.0,False,Black Phoebe,0.154,American Goldfinch,0.0466,White-breasted Nuthatch,0.0166,False,,0.0,False,False,False
E3_location_only,Dark_eyed_Junco_1ft.wav,Birdsongs Recordings\1ft\Dark_eyed_Junco_1ft.wav,Dark-eyed Junco,Dark-eyed Junco,1ft,6.0,9.0,3.0,1.8500000000000005,0.6166666666666668,True,Dark-eyed Junco,0.9687,Chipping Sparrow,0.104,Brewer's Sparrow,0.0043,True,1.0,0.9687,True,True,True
E3_location_only,Dark_eyed_Junco_1ft.wav,Birdsongs Recordings\1ft\Dark_eyed_Junco_1ft.wav,Dark-eyed Junco,Dark-eyed Junco,1ft,9.0,10.0,1.0,0.0,0.0,False,Allen's Hummingbird,0.1443,Rufous Hummingbird,0.1402,Anna's Hummingbird,0.0115,False,,0.0,False,False,False
E3_location_only,European_Starling_1ft.wav,Birdsongs Recordings\1ft\European_Starling_1ft.wav,European Starling,European Starling,1ft,0.0,3.0,3.0,2.6,0.8666666666666667,True,Chipping Sparrow,0.0241,Brewer's Blackbird,0.0126,European Starling,0.0103,True,3.0,0.0103,False,True,True
E3_location_only,European_Starling_1ft.wav,Birdsongs Recordings\1ft\European_Starling_1ft.wav,European Starling,European Starling,1ft,3.0,6.0,3.0,3.0,1.0,True,European Starling,0.2909,American Robin,0.0212,Mountain Chickadee,0.0068,True,1.0,0.2909,True,True,True
E3_location_only,European_Starling_1ft.wav,Birdsongs Recordings\1ft\European_Starling_1ft.wav,European Starling,European Starling,1ft,6.0,9.0,3.0,3.0,1.0,True,European Starling,0.7345,Golden-crowned Sparrow,0.2468,Chipping Sparrow,0.0237,True,1.0,0.7345,True,True,True
E3_location_only,European_Starling_1ft.wav,Birdsongs Recordings\1ft\European_Starling_1ft.wav,European Starling,European Starling,1ft,9.0,10.0,1.0,1.0,1.0,True,European Starling,0.3416,Brewer's Blackbird,0.0342,Great-tailed Grackle,0.0093,True,1.0,0.3416,True,True,True
E3_location_only,Hooded_Oriole_1ft.wav,Birdsongs Recordings\1ft\Hooded_Oriole_1ft.wav,Hooded Oriole,Hooded Oriole,1ft,0.0,3.0,3.0,1.35,0.45,True,Hooded Oriole,0.8867,American Coot,0.0186,Bullock's Oriole,0.0146,True,1.0,0.8867,True,True,True
E3_location_only,Hooded_Oriole_1ft.wav,Birdsongs Recordings\1ft\Hooded_Oriole_1ft.wav,Hooded Oriole,Hooded Oriole,1ft,3.0,6.0,3.0,1.6500000000000008,0.5500000000000003,True,Hooded Oriole,0.6742,California Thrasher,0.0062,Phainopepla,0.0058,True,1.0,0.6742,True,True,True
E3_location_only,Hooded_Oriole_1ft.wav,Birdsongs Recordings\1ft\Hooded_Oriole_1ft.wav,Hooded Oriole,Hooded Oriole,1ft,6.0,9.0,3.0,2.4000000000000004,0.8000000000000002,True,Hooded Oriole,0.7003,Bullock's Oriole,0.034,Gambel's Quail,0.0124,True,1.0,0.7003,True,True,True
E3_location_only,Hooded_Oriole_1ft.wav,Birdsongs Recordings\1ft\Hooded_Oriole_1ft.wav,Hooded Oriole,Hooded Oriole,1ft,9.0,10.0,1.0,0.8499999999999996,0.8499999999999996,True,Hooded Oriole,0.7601,Western Tanager,0.3424,Fox Sparrow,0.0523,True,1.0,0.7601,True,True,True
E3_location_only,House_Finch_1ft.wav,Birdsongs Recordings\1ft\House_Finch_1ft.wav,House Finch,House Finch,1ft,0.0,3.0,3.0,2.55,0.85,True,House Finch,0.5639,Purple Finch,0.0262,Fox Sparrow,0.0097,True,1.0,0.5639,True,True,True
E3_location_only,House_Finch_1ft.wav,Birdsongs Recordings\1ft\House_Finch_1ft.wav,House Finch,House Finch,1ft,3.0,6.0,3.0,0.6999999999999997,0.23333333333333325,True,House Finch,0.6925,Blue Grosbeak,0.032,Purple Finch,0.0139,True,1.0,0.6925,True,True,True
E3_location_only,House_Finch_1ft.wav,Birdsongs Recordings\1ft\House_Finch_1ft.wav,House Finch,House Finch,1ft,6.0,9.0,3.0,2.0,0.6666666666666666,True,House Finch,0.6925,Purple Finch,0.0255,Fox Sparrow,0.0186,True,1.0,0.6925,True,True,True
E3_location_only,House_Finch_1ft.wav,Birdsongs Recordings\1ft\House_Finch_1ft.wav,House Finch,House Finch,1ft,9.0,10.0,1.0,0.0,0.0,False,Wild Turkey,0.0031,Red-shouldered Hawk,0.003,Merlin,0.0022,True,4.0,0.0022,False,False,True
E3_location_only,House_Sparrow_1ft.wav,Birdsongs Recordings\1ft\House_Sparrow_1ft.wav,House Sparrow,House Sparrow,1ft,0.0,3.0,3.0,1.7420000000000002,0.5806666666666668,True,House Sparrow,0.8738,House Finch,0.0068,American Robin,0.0053,True,1.0,0.8738,True,True,True
E3_location_only,House_Sparrow_1ft.wav,Birdsongs Recordings\1ft\House_Sparrow_1ft.wav,House Sparrow,House Sparrow,1ft,3.0,6.0,3.0,1.8359999999999999,0.612,True,House Sparrow,0.4907,Tree Swallow,0.0252,Barn Swallow,0.0064,True,1.0,0.4907,True,True,True
E3_location_only,House_Sparrow_1ft.wav,Birdsongs Recordings\1ft\House_Sparrow_1ft.wav,House Sparrow,House Sparrow,1ft,6.0,9.0,3.0,1.8360000000000003,0.6120000000000001,True,House Sparrow,0.5018,Tree Swallow,0.0167,Cactus Wren,0.0018,True,1.0,0.5018,True,True,True
E3_location_only,House_Sparrow_1ft.wav,Birdsongs Recordings\1ft\House_Sparrow_1ft.wav,House Sparrow,House Sparrow,1ft,9.0,10.0,1.0,0.6420000000000012,0.6420000000000012,True,House Sparrow,0.5193,House Finch,0.0097,Townsend's Solitaire,0.0004,True,1.0,0.5193,True,True,True
E3_location_only,Lesser_Goldfinch_1ft.wav,Birdsongs Recordings\1ft\Lesser_Goldfinch_1ft.wav,Lesser Goldfinch,Lesser Goldfinch,1ft,0.0,3.0,3.0,3.0,1.0,True,Lesser Goldfinch,0.1137,Abert's Towhee,0.0005,Lark Sparrow,0.0004,True,1.0,0.1137,True,True,True
E3_location_only,Lesser_Goldfinch_1ft.wav,Birdsongs Recordings\1ft\Lesser_Goldfinch_1ft.wav,Lesser Goldfinch,Lesser Goldfinch,1ft,3.0,6.0,3.0,2.3999999999999995,0.7999999999999998,True,Lazuli Bunting,0.0188,Lesser Goldfinch,0.0156,American Goldfinch,0.0077,True,2.0,0.0156,False,True,True
E3_location_only,Lesser_Goldfinch_1ft.wav,Birdsongs Recordings\1ft\Lesser_Goldfinch_1ft.wav,Lesser Goldfinch,Lesser Goldfinch,1ft,6.0,9.0,3.0,3.0,1.0,True,Lesser Goldfinch,0.1079,Fox Sparrow,0.0208,Golden-crowned Sparrow,0.0117,True,1.0,0.1079,True,True,True
E3_location_only,Lesser_Goldfinch_1ft.wav,Birdsongs Recordings\1ft\Lesser_Goldfinch_1ft.wav,Lesser Goldfinch,Lesser Goldfinch,1ft,9.0,10.0,1.0,0.9920000000000009,0.9920000000000009,True,American Goldfinch,0.6807,Lesser Goldfinch,0.0131,Fox Sparrow,0.0008,True,2.0,0.0131,False,True,True
E3_location_only,Mourning_Dove_1ft.wav,Birdsongs Recordings\1ft\Mourning_Dove_1ft.wav,Mourning Dove,Mourning Dove,1ft,0.0,3.0,3.0,1.0,0.3333333333333333,True,Mourning Dove,0.5822,White-winged Dove,0.0032,Common Loon,0.003,True,1.0,0.5822,True,True,True
E3_location_only,Mourning_Dove_1ft.wav,Birdsongs Recordings\1ft\Mourning_Dove_1ft.wav,Mourning Dove,Mourning Dove,1ft,3.0,6.0,3.0,2.3,0.7666666666666666,True,Mourning Dove,0.9285,White-winged Dove,0.0057,Greater Roadrunner,0.0012,True,1.0,0.9285,True,True,True
E3_location_only,Mourning_Dove_1ft.wav,Birdsongs Recordings\1ft\Mourning_Dove_1ft.wav,Mourning Dove,Mourning Dove,1ft,6.0,9.0,3.0,1.2999999999999998,0.4333333333333333,True,Mourning Dove,0.8296,Eurasian Collared-Dove,0.0393,White-winged Dove,0.0019,True,1.0,0.8296,True,True,True
E3_location_only,Mourning_Dove_1ft.wav,Birdsongs Recordings\1ft\Mourning_Dove_1ft.wav,Mourning Dove,Mourning Dove,1ft,9.0,10.0,1.0,0.0,0.0,False,Red-shouldered Hawk,0.0045,Cooper's Hawk,0.003,Anna's Hummingbird,0.003,False,,0.0,False,False,False
E3_location_only,Northern_House_Wren_1ft.wav,Birdsongs Recordings\1ft\Northern_House_Wren_1ft.wav,Northern House Wren,House Wren,1ft,0.0,3.0,3.0,2.7,0.9,True,House Wren,0.9754,Marsh Wren,0.0037,Cassin's Finch,0.0027,True,1.0,0.9754,True,True,True
E3_location_only,Northern_House_Wren_1ft.wav,Birdsongs Recordings\1ft\Northern_House_Wren_1ft.wav,Northern House Wren,House Wren,1ft,3.0,6.0,3.0,0.8000000000000003,0.2666666666666668,True,House Wren,0.3107,Marsh Wren,0.1221,Rufous-crowned Sparrow,0.0804,True,1.0,0.3107,True,True,True
E3_location_only,Northern_House_Wren_1ft.wav,Birdsongs Recordings\1ft\Northern_House_Wren_1ft.wav,Northern House Wren,House Wren,1ft,6.0,9.0,3.0,2.8000000000000007,0.9333333333333336,True,House Wren,0.992,American Goldfinch,0.0014,Western Wood-Pewee,0.0009,True,1.0,0.992,True,True,True
E3_location_only,Northern_House_Wren_1ft.wav,Birdsongs Recordings\1ft\Northern_House_Wren_1ft.wav,Northern House Wren,House Wren,1ft,9.0,10.0,1.0,0.0,0.0,False,Nashville Warbler,0.0103,Cassin's Vireo,0.0095,Cooper's Hawk,0.0092,True,4.0,0.0081,False,False,True
E3_location_only,Northern_Mockingbird_1ft.wav,Birdsongs Recordings\1ft\Northern_Mockingbird_1ft.wav,Northern Mockingbird,Northern Mockingbird,1ft,0.0,3.0,3.0,1.6499999999999997,0.5499999999999999,True,Northern Mockingbird,0.4919,Spotted Towhee,0.005,Rock Wren,0.0047,True,1.0,0.4919,True,True,True
E3_location_only,Northern_Mockingbird_1ft.wav,Birdsongs Recordings\1ft\Northern_Mockingbird_1ft.wav,Northern Mockingbird,Northern Mockingbird,1ft,3.0,6.0,3.0,1.1499999999999995,0.38333333333333314,True,Northern Mockingbird,0.5772,American Robin,0.0142,Spotted Towhee,0.0134,True,1.0,0.5772,True,True,True
E3_location_only,Northern_Mockingbird_1ft.wav,Birdsongs Recordings\1ft\Northern_Mockingbird_1ft.wav,Northern Mockingbird,Northern Mockingbird,1ft,6.0,9.0,3.0,2.13,0.71,True,Northern Mockingbird,0.1793,Wrentit,0.1652,Rock Wren,0.0202,True,1.0,0.1793,True,True,True
E3_location_only,Northern_Mockingbird_1ft.wav,Birdsongs Recordings\1ft\Northern_Mockingbird_1ft.wav,Northern Mockingbird,Northern Mockingbird,1ft,9.0,10.0,1.0,0.27999999999999936,0.27999999999999936,True,Wrentit,0.1834,Great-tailed Grackle,0.0046,Rock Wren,0.0039,True,5.0,0.002,False,False,True
E3_location_only,Northern_Yellow_Warbler_1ft.wav,Birdsongs Recordings\1ft\Northern_Yellow_Warbler_1ft.wav,Northern Yellow Warbler,Yellow Warbler,1ft,0.0,3.0,3.0,0.0,0.0,False,American Goldfinch,0.0425,Canada Goose,0.0397,House Finch,0.0248,False,,0.0,False,False,False
E3_location_only,Northern_Yellow_Warbler_1ft.wav,Birdsongs Recordings\1ft\Northern_Yellow_Warbler_1ft.wav,Northern Yellow Warbler,Yellow Warbler,1ft,3.0,6.0,3.0,1.3499999999999996,0.4499999999999999,True,Yellow Warbler,0.9617,Willow Flycatcher,0.0077,Wilson's Warbler,0.0054,True,1.0,0.9617,True,True,True
E3_location_only,Northern_Yellow_Warbler_1ft.wav,Birdsongs Recordings\1ft\Northern_Yellow_Warbler_1ft.wav,Northern Yellow Warbler,Yellow Warbler,1ft,6.0,9.0,3.0,0.09999999999999964,0.033333333333333215,False,Nashville Warbler,0.0151,Hairy Woodpecker,0.0129,Chipping Sparrow,0.0123,True,4.0,0.0098,False,False,True
E3_location_only,Northern_Yellow_Warbler_1ft.wav,Birdsongs Recordings\1ft\Northern_Yellow_Warbler_1ft.wav,Northern Yellow Warbler,Yellow Warbler,1ft,9.0,10.0,1.0,0.0,0.0,False,Great Horned Owl,0.0028,Red-shouldered Hawk,0.0025,Common Poorwill,0.0023,False,,0.0,False,False,False
E3_location_only,Oak_Titmouse_1ft.wav,Birdsongs Recordings\1ft\Oak_Titmouse_1ft.wav,Oak Titmouse,Oak Titmouse,1ft,0.0,3.0,3.0,1.3,0.43333333333333335,True,Oak Titmouse,0.6607,California Scrub-Jay,0.0006,Great-tailed Grackle,0.0005,True,1.0,0.6607,True,True,True
E3_location_only,Oak_Titmouse_1ft.wav,Birdsongs Recordings\1ft\Oak_Titmouse_1ft.wav,Oak Titmouse,Oak Titmouse,1ft,3.0,6.0,3.0,1.0000000000000004,0.3333333333333335,True,Oak Titmouse,0.9997,Spotted Towhee,0.0237,Rock Wren,0.0085,True,1.0,0.9997,True,True,True
E3_location_only,Oak_Titmouse_1ft.wav,Birdsongs Recordings\1ft\Oak_Titmouse_1ft.wav,Oak Titmouse,Oak Titmouse,1ft,6.0,9.0,3.0,1.4499999999999993,0.4833333333333331,True,Oak Titmouse,0.9994,Rock Wren,0.0111,Dark-eyed Junco,0.005,True,1.0,0.9994,True,True,True
E3_location_only,Oak_Titmouse_1ft.wav,Birdsongs Recordings\1ft\Oak_Titmouse_1ft.wav,Oak Titmouse,Oak Titmouse,1ft,9.0,10.0,1.0,0.9000000000000004,0.9000000000000004,True,Oak Titmouse,0.9817,Spotted Towhee,0.0479,Northern Mockingbird,0.0177,True,1.0,0.9817,True,True,True
E3_location_only,Rock_Pigeon_1ft.wav,Birdsongs Recordings\1ft\Rock_Pigeon_1ft.wav,Rock Pigeon,Rock Pigeon,1ft,0.0,3.0,3.0,1.5499999999999998,0.5166666666666666,True,Rock Pigeon,0.9875,Double-crested Cormorant,0.0067,Black Phoebe,0.0029,True,1.0,0.9875,True,True,True
E3_location_only,Rock_Pigeon_1ft.wav,Birdsongs Recordings\1ft\Rock_Pigeon_1ft.wav,Rock Pigeon,Rock Pigeon,1ft,3.0,6.0,3.0,1.0499999999999998,0.3499999999999999,True,Rock Pigeon,0.9081,Black Phoebe,0.0683,Double-crested Cormorant,0.009,True,1.0,0.9081,True,True,True
E3_location_only,Rock_Pigeon_1ft.wav,Birdsongs Recordings\1ft\Rock_Pigeon_1ft.wav,Rock Pigeon,Rock Pigeon,1ft,6.0,9.0,3.0,1.0999999999999996,0.36666666666666653,True,Rock Pigeon,0.7613,Black Phoebe,0.1134,Canyon Wren,0.0178,True,1.0,0.7613,True,True,True
E3_location_only,Rock_Pigeon_1ft.wav,Birdsongs Recordings\1ft\Rock_Pigeon_1ft.wav,Rock Pigeon,Rock Pigeon,1ft,9.0,10.0,1.0,0.0,0.0,False,Red-shouldered Hawk,0.0036,Brown Creeper,0.0031,Great Horned Owl,0.0025,True,19.0,0.0014,False,False,False
E3_location_only,Song_Sparrow_1ft.wav,Birdsongs Recordings\1ft\Song_Sparrow_1ft.wav,Song Sparrow,Song Sparrow,1ft,0.0,3.0,3.0,0.0,0.0,False,Pygmy Nuthatch,0.1193,Canada Goose,0.0546,Northern Cardinal,0.0542,True,4.0,0.0516,False,False,True
E3_location_only,Song_Sparrow_1ft.wav,Birdsongs Recordings\1ft\Song_Sparrow_1ft.wav,Song Sparrow,Song Sparrow,1ft,3.0,6.0,3.0,2.6500000000000004,0.8833333333333334,True,Song Sparrow,0.9159,Virginia Rail,0.0063,Savannah Sparrow,0.0052,True,1.0,0.9159,True,True,True
E3_location_only,Song_Sparrow_1ft.wav,Birdsongs Recordings\1ft\Song_Sparrow_1ft.wav,Song Sparrow,Song Sparrow,1ft,6.0,9.0,3.0,0.0,0.0,False,House Sparrow,0.049,Canada Goose,0.0403,Pygmy Nuthatch,0.0227,True,5.0,0.0163,False,False,True
E3_location_only,Song_Sparrow_1ft.wav,Birdsongs Recordings\1ft\Song_Sparrow_1ft.wav,Song Sparrow,Song Sparrow,1ft,9.0,10.0,1.0,0.0,0.0,False,Rock Pigeon,0.0047,Great Horned Owl,0.0039,Brown Creeper,0.0023,False,,0.0,False,False,False
E3_location_only,Spotted_Towhee_1ft.wav,Birdsongs Recordings\1ft\Spotted_Towhee_1ft.wav,Spotted Towhee,Spotted Towhee,1ft,0.0,3.0,3.0,1.3,0.43333333333333335,True,Spotted Towhee,0.9864,Green-tailed Towhee,0.046,Dark-eyed Junco,0.0022,True,1.0,0.9864,True,True,True
E3_location_only,Spotted_Towhee_1ft.wav,Birdsongs Recordings\1ft\Spotted_Towhee_1ft.wav,Spotted Towhee,Spotted Towhee,1ft,3.0,6.0,3.0,0.0,0.0,False,Hammond's Flycatcher,0.0295,Canada Goose,0.0252,Hairy Woodpecker,0.0186,False,,0.0,False,False,False
E3_location_only,Spotted_Towhee_1ft.wav,Birdsongs Recordings\1ft\Spotted_Towhee_1ft.wav,Spotted Towhee,Spotted Towhee,1ft,6.0,9.0,3.0,1.3500000000000005,0.4500000000000002,True,Spotted Towhee,0.9658,Green-tailed Towhee,0.0828,Fox Sparrow,0.0041,True,1.0,0.9658,True,True,True
E3_location_only,Spotted_Towhee_1ft.wav,Birdsongs Recordings\1ft\Spotted_Towhee_1ft.wav,Spotted Towhee,Spotted Towhee,1ft,9.0,10.0,1.0,0.0,0.0,False,Anna's Hummingbird,0.004,Great Horned Owl,0.0032,Hairy Woodpecker,0.0031,False,,0.0,False,False,False
E3_location_only,American_Robin_4ft.wav,Birdsongs Recordings\4ft\American_Robin_4ft.wav,American Robin,American Robin,4ft,0.0,3.0,3.0,2.45,0.8166666666666668,True,American Robin,0.9562,Northern Mockingbird,0.015,Black-headed Grosbeak,0.0039,True,1.0,0.9562,True,True,True
E3_location_only,American_Robin_4ft.wav,Birdsongs Recordings\4ft\American_Robin_4ft.wav,American Robin,American Robin,4ft,3.0,6.0,3.0,1.9000000000000004,0.6333333333333334,True,American Robin,0.9948,Short-billed Dowitcher,0.001,Townsend's Solitaire,0.0009,True,1.0,0.9948,True,True,True
E3_location_only,American_Robin_4ft.wav,Birdsongs Recordings\4ft\American_Robin_4ft.wav,American Robin,American Robin,4ft,6.0,9.0,3.0,1.4000000000000004,0.4666666666666668,True,American Robin,0.9539,Northern Mockingbird,0.0023,Brown-headed Cowbird,0.0002,True,1.0,0.9539,True,True,True
E3_location_only,American_Robin_4ft.wav,Birdsongs Recordings\4ft\American_Robin_4ft.wav,American Robin,American Robin,4ft,9.0,10.0,1.0,1.0,1.0,True,American Robin,0.8464,Black-headed Grosbeak,0.1932,Black-throated Gray Warbler,0.0039,True,1.0,0.8464,True,True,True
E3_location_only,Annas_Hummingbird_4ft.wav,Birdsongs Recordings\4ft\Annas_Hummingbird_4ft.wav,Anna's Hummingbird,Anna's Hummingbird,4ft,0.0,3.0,3.0,1.5,0.5,True,Anna's Hummingbird,0.9932,Allen's Hummingbird,0.0007,Bewick's Wren,0.0006,True,1.0,0.9932,True,True,True
E3_location_only,Annas_Hummingbird_4ft.wav,Birdsongs Recordings\4ft\Annas_Hummingbird_4ft.wav,Anna's Hummingbird,Anna's Hummingbird,4ft,3.0,6.0,3.0,3.0,1.0,True,Anna's Hummingbird,0.9986,House Wren,0.0019,Bewick's Wren,0.0017,True,1.0,0.9986,True,True,True
E3_location_only,Annas_Hummingbird_4ft.wav,Birdsongs Recordings\4ft\Annas_Hummingbird_4ft.wav,Anna's Hummingbird,Anna's Hummingbird,4ft,6.0,9.0,3.0,3.0,1.0,True,Anna's Hummingbird,0.9993,Savannah Sparrow,0.0017,Merlin,0.0009,True,1.0,0.9993,True,True,True
E3_location_only,Annas_Hummingbird_4ft.wav,Birdsongs Recordings\4ft\Annas_Hummingbird_4ft.wav,Anna's Hummingbird,Anna's Hummingbird,4ft,9.0,10.0,1.0,0.6999999999999993,0.6999999999999993,True,Anna's Hummingbird,0.9928,Rufous Hummingbird,0.0055,Black Phoebe,0.004,True,1.0,0.9928,True,True,True
E3_location_only,Barn_Swallow_4ft.wav,Birdsongs Recordings\4ft\Barn_Swallow_4ft.wav,Barn Swallow,Barn Swallow,4ft,0.0,3.0,3.0,2.7,0.9,True,Barn Swallow,0.9996,Bank Swallow,0.003,Tree Swallow,0.0005,True,1.0,0.9996,True,True,True
E3_location_only,Barn_Swallow_4ft.wav,Birdsongs Recordings\4ft\Barn_Swallow_4ft.wav,Barn Swallow,Barn Swallow,4ft,3.0,6.0,3.0,3.0,1.0,True,Barn Swallow,0.9995,Cliff Swallow,0.0416,House Finch,0.0007,True,1.0,0.9995,True,True,True
E3_location_only,Barn_Swallow_4ft.wav,Birdsongs Recordings\4ft\Barn_Swallow_4ft.wav,Barn Swallow,Barn Swallow,4ft,6.0,9.0,3.0,3.0,1.0,True,Barn Swallow,0.9991,Cliff Swallow,0.0158,Belted Kingfisher,0.006,True,1.0,0.9991,True,True,True
E3_location_only,Barn_Swallow_4ft.wav,Birdsongs Recordings\4ft\Barn_Swallow_4ft.wav,Barn Swallow,Barn Swallow,4ft,9.0,10.0,1.0,0.1999999999999993,0.1999999999999993,False,Hairy Woodpecker,0.0083,Downy Woodpecker,0.0048,Black Phoebe,0.0048,False,,0.0,False,False,False
E3_location_only,Bewicks_Wren_4ft.wav,Birdsongs Recordings\4ft\Bewicks_Wren_4ft.wav,Bewick's Wren,Bewick's Wren,4ft,0.0,3.0,3.0,2.4,0.7999999999999999,True,Bewick's Wren,0.7954,Black-throated Sparrow,0.0923,Song Sparrow,0.0666,True,1.0,0.7954,True,True,True
E3_location_only,Bewicks_Wren_4ft.wav,Birdsongs Recordings\4ft\Bewicks_Wren_4ft.wav,Bewick's Wren,Bewick's Wren,4ft,3.0,6.0,3.0,0.0,0.0,False,Black Phoebe,0.5682,Pygmy Nuthatch,0.0927,Hairy Woodpecker,0.0255,False,,0.0,False,False,False
E3_location_only,Bewicks_Wren_4ft.wav,Birdsongs Recordings\4ft\Bewicks_Wren_4ft.wav,Bewick's Wren,Bewick's Wren,4ft,6.0,9.0,3.0,0.0,0.0,False,Canada Goose,0.014,Downy Woodpecker,0.005,White-breasted Nuthatch,0.0043,False,,0.0,False,False,False
E3_location_only,Bewicks_Wren_4ft.wav,Birdsongs Recordings\4ft\Bewicks_Wren_4ft.wav,Bewick's Wren,Bewick's Wren,4ft,9.0,10.0,1.0,0.0,0.0,False,Pine Siskin,0.0059,House Finch,0.0044,Anna's Hummingbird,0.0034,False,,0.0,False,False,False
E3_location_only,Black_Phoebe_4ft.wav,Birdsongs Recordings\4ft\Black_Phoebe_4ft.wav,Black Phoebe,Black Phoebe,4ft,0.0,3.0,3.0,0.7500000000000002,0.25000000000000006,True,Black Phoebe,0.9975,Bushtit,0.0005,Anna's Hummingbird,0.0002,True,1.0,0.9975,True,True,True
E3_location_only,Black_Phoebe_4ft.wav,Birdsongs Recordings\4ft\Black_Phoebe_4ft.wav,Black Phoebe,Black Phoebe,4ft,3.0,6.0,3.0,0.8999999999999999,0.3,True,Black Phoebe,0.9997,Bushtit,0.0012,Chestnut-backed Chickadee,0.0005,True,1.0,0.9997,True,True,True
E3_location_only,Black_Phoebe_4ft.wav,Birdsongs Recordings\4ft\Black_Phoebe_4ft.wav,Black Phoebe,Black Phoebe,4ft,6.0,9.0,3.0,0.7999999999999989,0.26666666666666633,True,Black Phoebe,0.9992,Bushtit,0.0009,Anna's Hummingbird,0.0005,True,1.0,0.9992,True,True,True
E3_location_only,Black_Phoebe_4ft.wav,Birdsongs Recordings\4ft\Black_Phoebe_4ft.wav,Black Phoebe,Black Phoebe,4ft,9.0,10.0,1.0,0.40000000000000036,0.40000000000000036,True,Black Phoebe,0.9991,Bushtit,0.0008,Oak Titmouse,0.0003,True,1.0,0.9991,True,True,True
E3_location_only,California_Towhee_4ft.wav,Birdsongs Recordings\4ft\California_Towhee_4ft.wav,California Towhee,California Towhee,4ft,0.0,3.0,3.0,1.35,0.45,True,California Towhee,0.9997,Hooded Oriole,0.002,Orange-crowned Warbler,0.0006,True,1.0,0.9997,True,True,True
E3_location_only,California_Towhee_4ft.wav,Birdsongs Recordings\4ft\California_Towhee_4ft.wav,California Towhee,California Towhee,4ft,3.0,6.0,3.0,0.0,0.0,False,Black Phoebe,0.4158,Pygmy Nuthatch,0.0101,Long-billed Dowitcher,0.0036,False,,0.0,False,False,False
E3_location_only,California_Towhee_4ft.wav,Birdsongs Recordings\4ft\California_Towhee_4ft.wav,California Towhee,California Towhee,4ft,6.0,9.0,3.0,1.4499999999999993,0.4833333333333331,True,California Towhee,0.9922,Abert's Towhee,0.003,Hooded Oriole,0.0005,True,1.0,0.9922,True,True,True
E3_location_only,California_Towhee_4ft.wav,Birdsongs Recordings\4ft\California_Towhee_4ft.wav,California Towhee,California Towhee,4ft,9.0,10.0,1.0,0.0,0.0,False,Great Horned Owl,0.0026,Red-shouldered Hawk,0.0023,Merlin,0.0022,False,,0.0,False,False,False
E3_location_only,Dark_eyed_Junco_4ft.wav,Birdsongs Recordings\4ft\Dark_eyed_Junco_4ft.wav,Dark-eyed Junco,Dark-eyed Junco,4ft,0.0,3.0,3.0,1.7500000000000002,0.5833333333333334,True,Dark-eyed Junco,0.9602,Chipping Sparrow,0.0192,Yellow-rumped Warbler,0.0012,True,1.0,0.9602,True,True,True
E3_location_only,Dark_eyed_Junco_4ft.wav,Birdsongs Recordings\4ft\Dark_eyed_Junco_4ft.wav,Dark-eyed Junco,Dark-eyed Junco,4ft,3.0,6.0,3.0,0.0,0.0,False,Black Phoebe,0.4782,Pygmy Nuthatch,0.0642,American Goldfinch,0.0124,False,,0.0,False,False,False
E3_location_only,Dark_eyed_Junco_4ft.wav,Birdsongs Recordings\4ft\Dark_eyed_Junco_4ft.wav,Dark-eyed Junco,Dark-eyed Junco,4ft,6.0,9.0,3.0,1.8500000000000005,0.6166666666666668,True,Dark-eyed Junco,0.983,Chipping Sparrow,0.0205,Yellow-rumped Warbler,0.0007,True,1.0,0.983,True,True,True
E3_location_only,Dark_eyed_Junco_4ft.wav,Birdsongs Recordings\4ft\Dark_eyed_Junco_4ft.wav,Dark-eyed Junco,Dark-eyed Junco,4ft,9.0,10.0,1.0,0.0,0.0,False,Black Phoebe,0.8861,Pygmy Nuthatch,0.1041,Hammond's Flycatcher,0.0632,False,,0.0,False,False,False
E3_location_only,European_Starling_4ft.wav,Birdsongs Recordings\4ft\European_Starling_4ft.wav,European Starling,European Starling,4ft,0.0,3.0,3.0,2.6,0.8666666666666667,True,American Robin,0.1196,Red-tailed Hawk,0.0063,Chipping Sparrow,0.0058,True,6.0,0.0039,False,False,False
E3_location_only,European_Starling_4ft.wav,Birdsongs Recordings\4ft\European_Starling_4ft.wav,European Starling,European Starling,4ft,3.0,6.0,3.0,3.0,1.0,True,American Robin,0.2158,European Starling,0.078,Mountain Chickadee,0.0103,True,2.0,0.078,False,True,True
E3_location_only,European_Starling_4ft.wav,Birdsongs Recordings\4ft\European_Starling_4ft.wav,European Starling,European Starling,4ft,6.0,9.0,3.0,3.0,1.0,True,European Starling,0.6804,Golden-crowned Sparrow,0.4729,Chipping Sparrow,0.0459,True,1.0,0.6804,True,True,True
E3_location_only,European_Starling_4ft.wav,Birdsongs Recordings\4ft\European_Starling_4ft.wav,European Starling,European Starling,4ft,9.0,10.0,1.0,1.0,1.0,True,European Starling,0.2921,California Quail,0.0102,Bufflehead,0.0098,True,1.0,0.2921,True,True,True
E3_location_only,Hooded_Oriole_4ft.wav,Birdsongs Recordings\4ft\Hooded_Oriole_4ft.wav,Hooded Oriole,Hooded Oriole,4ft,0.0,3.0,3.0,1.35,0.45,True,Hooded Oriole,0.9994,Cassin's Kingbird,0.0268,Bullock's Oriole,0.0228,True,1.0,0.9994,True,True,True
E3_location_only,Hooded_Oriole_4ft.wav,Birdsongs Recordings\4ft\Hooded_Oriole_4ft.wav,Hooded Oriole,Hooded Oriole,4ft,3.0,6.0,3.0,1.6500000000000008,0.5500000000000003,True,Hooded Oriole,0.9278,Brewer's Blackbird,0.0029,California Thrasher,0.0024,True,1.0,0.9278,True,True,True
E3_location_only,Hooded_Oriole_4ft.wav,Birdsongs Recordings\4ft\Hooded_Oriole_4ft.wav,Hooded Oriole,Hooded Oriole,4ft,6.0,9.0,3.0,2.4000000000000004,0.8000000000000002,True,Hooded Oriole,0.9863,Bullock's Oriole,0.0135,Cassin's Kingbird,0.0045,True,1.0,0.9863,True,True,True
E3_location_only,Hooded_Oriole_4ft.wav,Birdsongs Recordings\4ft\Hooded_Oriole_4ft.wav,Hooded Oriole,Hooded Oriole,4ft,9.0,10.0,1.0,0.8499999999999996,0.8499999999999996,True,Hooded Oriole,0.8006,Western Tanager,0.7782,California Thrasher,0.0171,True,1.0,0.8006,True,True,True
E3_location_only,House_Finch_4ft.wav,Birdsongs Recordings\4ft\House_Finch_4ft.wav,House Finch,House Finch,4ft,0.0,3.0,3.0,2.55,0.85,True,House Finch,0.937,Purple Finch,0.013,Northern Mockingbird,0.0025,True,1.0,0.937,True,True,True
E3_location_only,House_Finch_4ft.wav,Birdsongs Recordings\4ft\House_Finch_4ft.wav,House Finch,House Finch,4ft,3.0,6.0,3.0,0.6999999999999997,0.23333333333333325,True,House Finch,0.7383,Blue Grosbeak,0.0223,Cassin's Finch,0.0115,True,1.0,0.7383,True,True,True
E3_location_only,House_Finch_4ft.wav,Birdsongs Recordings\4ft\House_Finch_4ft.wav,House Finch,House Finch,4ft,6.0,9.0,3.0,2.0,0.6666666666666666,True,House Finch,0.9675,Purple Finch,0.0473,Townsend's Solitaire,0.0364,True,1.0,0.9675,True,True,True
E3_location_only,House_Finch_4ft.wav,Birdsongs Recordings\4ft\House_Finch_4ft.wav,House Finch,House Finch,4ft,9.0,10.0,1.0,0.0,0.0,False,Western Bluebird,0.0318,Red-shouldered Hawk,0.0188,Chipping Sparrow,0.0171,False,,0.0,False,False,False
E3_location_only,House_Sparrow_4ft.wav,Birdsongs Recordings\4ft\House_Sparrow_4ft.wav,House Sparrow,House Sparrow,4ft,0.0,3.0,3.0,1.7420000000000002,0.5806666666666668,True,House Sparrow,0.6731,Northern Mockingbird,0.0044,Townsend's Solitaire,0.004,True,1.0,0.6731,True,True,True
E3_location_only,House_Sparrow_4ft.wav,Birdsongs Recordings\4ft\House_Sparrow_4ft.wav,House Sparrow,House Sparrow,4ft,3.0,6.0,3.0,1.8359999999999999,0.612,True,House Sparrow,0.6954,Tree Swallow,0.0067,Northern Mockingbird,0.0025,True,1.0,0.6954,True,True,True
E3_location_only,House_Sparrow_4ft.wav,Birdsongs Recordings\4ft\House_Sparrow_4ft.wav,House Sparrow,House Sparrow,4ft,6.0,9.0,3.0,1.8360000000000003,0.6120000000000001,True,House Sparrow,0.4291,Northern Mockingbird,0.0039,Tree Swallow,0.0035,True,1.0,0.4291,True,True,True
E3_location_only,House_Sparrow_4ft.wav,Birdsongs Recordings\4ft\House_Sparrow_4ft.wav,House Sparrow,House Sparrow,4ft,9.0,10.0,1.0,0.6420000000000012,0.6420000000000012,True,House Sparrow,0.1432,House Finch,0.0053,Black-headed Grosbeak,0.0023,True,1.0,0.1432,True,True,True
E3_location_only,Lesser_Goldfinch_4ft.wav,Birdsongs Recordings\4ft\Lesser_Goldfinch_4ft.wav,Lesser Goldfinch,Lesser Goldfinch,4ft,0.0,3.0,3.0,3.0,1.0,True,Lesser Goldfinch,0.4046,American Goldfinch,0.0023,Lark Sparrow,0.0009,True,1.0,0.4046,True,True,True
E3_location_only,Lesser_Goldfinch_4ft.wav,Birdsongs Recordings\4ft\Lesser_Goldfinch_4ft.wav,Lesser Goldfinch,Lesser Goldfinch,4ft,3.0,6.0,3.0,2.3999999999999995,0.7999999999999998,True,Lesser Goldfinch,0.0713,American Goldfinch,0.0154,Lazuli Bunting,0.0102,True,1.0,0.0713,True,True,True
E3_location_only,Lesser_Goldfinch_4ft.wav,Birdsongs Recordings\4ft\Lesser_Goldfinch_4ft.wav,Lesser Goldfinch,Lesser Goldfinch,4ft,6.0,9.0,3.0,3.0,1.0,True,Lesser Goldfinch,0.3872,Lawrence's Goldfinch,0.0281,Lark Sparrow,0.0066,True,1.0,0.3872,True,True,True
E3_location_only,Lesser_Goldfinch_4ft.wav,Birdsongs Recordings\4ft\Lesser_Goldfinch_4ft.wav,Lesser Goldfinch,Lesser Goldfinch,4ft,9.0,10.0,1.0,0.9920000000000009,0.9920000000000009,True,American Goldfinch,0.4459,Lesser Goldfinch,0.0076,Blue-gray Gnatcatcher,0.0023,True,2.0,0.0076,False,True,True
E3_location_only,Mourning_Dove_4ft.wav,Birdsongs Recordings\4ft\Mourning_Dove_4ft.wav,Mourning Dove,Mourning Dove,4ft,0.0,3.0,3.0,1.0,0.3333333333333333,True,Mourning Dove,0.8717,White-winged Dove,0.0228,Common Loon,0.0032,True,1.0,0.8717,True,True,True
E3_location_only,Mourning_Dove_4ft.wav,Birdsongs Recordings\4ft\Mourning_Dove_4ft.wav,Mourning Dove,Mourning Dove,4ft,3.0,6.0,3.0,2.3,0.7666666666666666,True,Mourning Dove,0.9449,White-winged Dove,0.0137,Eurasian Collared-Dove,0.0098,True,1.0,0.9449,True,True,True
E3_location_only,Mourning_Dove_4ft.wav,Birdsongs Recordings\4ft\Mourning_Dove_4ft.wav,Mourning Dove,Mourning Dove,4ft,6.0,9.0,3.0,1.2999999999999998,0.4333333333333333,True,Mourning Dove,0.6778,Eurasian Collared-Dove,0.0192,White-winged Dove,0.0104,True,1.0,0.6778,True,True,True
E3_location_only,Mourning_Dove_4ft.wav,Birdsongs Recordings\4ft\Mourning_Dove_4ft.wav,Mourning Dove,Mourning Dove,4ft,9.0,10.0,1.0,0.0,0.0,False,Black Phoebe,0.9566,Hammond's Flycatcher,0.0736,Vermilion Flycatcher,0.0126,False,,0.0,False,False,False
E3_location_only,Northern_House_Wren_4ft.wav,Birdsongs Recordings\4ft\Northern_House_Wren_4ft.wav,Northern House Wren,House Wren,4ft,0.0,3.0,3.0,2.7,0.9,True,House Wren,0.9954,Lincoln's Sparrow,0.0015,Marsh Wren,0.0015,True,1.0,0.9954,True,True,True
E3_location_only,Northern_House_Wren_4ft.wav,Birdsongs Recordings\4ft\Northern_House_Wren_4ft.wav,Northern House Wren,House Wren,4ft,3.0,6.0,3.0,0.8000000000000003,0.2666666666666668,True,House Wren,0.5479,Marsh Wren,0.0693,Bell's Vireo,0.0246,True,1.0,0.5479,True,True,True
E3_location_only,Northern_House_Wren_4ft.wav,Birdsongs Recordings\4ft\Northern_House_Wren_4ft.wav,Northern House Wren,House Wren,4ft,6.0,9.0,3.0,2.8000000000000007,0.9333333333333336,True,House Wren,0.9978,American Goldfinch,0.0014,Western Wood-Pewee,0.001,True,1.0,0.9978,True,True,True
E3_location_only,Northern_House_Wren_4ft.wav,Birdsongs Recordings\4ft\Northern_House_Wren_4ft.wav,Northern House Wren,House Wren,4ft,9.0,10.0,1.0,0.0,0.0,False,Hammond's Flycatcher,0.0333,Black Phoebe,0.0287,Dusky Flycatcher,0.0087,False,,0.0,False,False,False
E3_location_only,Northern_Mockingbird_4ft.wav,Birdsongs Recordings\4ft\Northern_Mockingbird_4ft.wav,Northern Mockingbird,Northern Mockingbird,4ft,0.0,3.0,3.0,1.6499999999999997,0.5499999999999999,True,Northern Mockingbird,0.8118,Spotted Towhee,0.0019,California Thrasher,0.0007,True,1.0,0.8118,True,True,True
E3_location_only,Northern_Mockingbird_4ft.wav,Birdsongs Recordings\4ft\Northern_Mockingbird_4ft.wav,Northern Mockingbird,Northern Mockingbird,4ft,3.0,6.0,3.0,1.1499999999999995,0.38333333333333314,True,Northern Mockingbird,0.3423,Crissal Thrasher,0.0098,American Robin,0.0034,True,1.0,0.3423,True,True,True
E3_location_only,Northern_Mockingbird_4ft.wav,Birdsongs Recordings\4ft\Northern_Mockingbird_4ft.wav,Northern Mockingbird,Northern Mockingbird,4ft,6.0,9.0,3.0,2.13,0.71,True,Northern Mockingbird,0.2844,American Robin,0.0012,Wrentit,0.0011,True,1.0,0.2844,True,True,True
E3_location_only,Northern_Mockingbird_4ft.wav,Birdsongs Recordings\4ft\Northern_Mockingbird_4ft.wav,Northern Mockingbird,Northern Mockingbird,4ft,9.0,10.0,1.0,0.27999999999999936,0.27999999999999936,True,Wrentit,0.0234,Great-tailed Grackle,0.002,House Finch,0.0017,True,4.0,0.0005,False,False,True
E3_location_only,Northern_Yellow_Warbler_4ft.wav,Birdsongs Recordings\4ft\Northern_Yellow_Warbler_4ft.wav,Northern Yellow Warbler,Yellow Warbler,4ft,0.0,3.0,3.0,0.0,0.0,False,Allen's Hummingbird,0.1939,Rufous Hummingbird,0.1637,Costa's Hummingbird,0.0074,False,,0.0,False,False,False
E3_location_only,Northern_Yellow_Warbler_4ft.wav,Birdsongs Recordings\4ft\Northern_Yellow_Warbler_4ft.wav,Northern Yellow Warbler,Yellow Warbler,4ft,3.0,6.0,3.0,1.3499999999999996,0.4499999999999999,True,Yellow Warbler,0.9331,Willow Flycatcher,0.0069,Wilson's Warbler,0.005,True,1.0,0.9331,True,True,True
E3_location_only,Northern_Yellow_Warbler_4ft.wav,Birdsongs Recordings\4ft\Northern_Yellow_Warbler_4ft.wav,Northern Yellow Warbler,Yellow Warbler,4ft,6.0,9.0,3.0,0.09999999999999964,0.033333333333333215,False,Pacific-slope Flycatcher,0.0233,Chipping Sparrow,0.0093,Brown Creeper,0.0087,True,9.0,0.0028,False,False,False
E3_location_only,Northern_Yellow_Warbler_4ft.wav,Birdsongs Recordings\4ft\Northern_Yellow_Warbler_4ft.wav,Northern Yellow Warbler,Yellow Warbler,4ft,9.0,10.0,1.0,0.0,0.0,False,Cassin's Vireo,0.0124,House Finch,0.0081,Hutton's Vireo,0.0065,False,,0.0,False,False,False
E3_location_only,Oak_Titmouse_4ft.wav,Birdsongs Recordings\4ft\Oak_Titmouse_4ft.wav,Oak Titmouse,Oak Titmouse,4ft,0.0,3.0,3.0,1.3,0.43333333333333335,True,Oak Titmouse,0.5834,Northern Mockingbird,0.0012,Crissal Thrasher,0.0008,True,1.0,0.5834,True,True,True
E3_location_only,Oak_Titmouse_4ft.wav,Birdsongs Recordings\4ft\Oak_Titmouse_4ft.wav,Oak Titmouse,Oak Titmouse,4ft,3.0,6.0,3.0,1.0000000000000004,0.3333333333333335,True,Oak Titmouse,0.9986,Spotted Towhee,0.0023,California Towhee,0.0017,True,1.0,0.9986,True,True,True
E3_location_only,Oak_Titmouse_4ft.wav,Birdsongs Recordings\4ft\Oak_Titmouse_4ft.wav,Oak Titmouse,Oak Titmouse,4ft,6.0,9.0,3.0,1.4499999999999993,0.4833333333333331,True,Oak Titmouse,0.9978,Bewick's Wren,0.0005,California Towhee,0.0004,True,1.0,0.9978,True,True,True
E3_location_only,Oak_Titmouse_4ft.wav,Birdsongs Recordings\4ft\Oak_Titmouse_4ft.wav,Oak Titmouse,Oak Titmouse,4ft,9.0,10.0,1.0,0.9000000000000004,0.9000000000000004,True,Oak Titmouse,0.9989,Spotted Towhee,0.002,California Towhee,0.0015,True,1.0,0.9989,True,True,True
E3_location_only,Rock_Pigeon_4ft.wav,Birdsongs Recordings\4ft\Rock_Pigeon_4ft.wav,Rock Pigeon,Rock Pigeon,4ft,0.0,3.0,3.0,1.5499999999999998,0.5166666666666666,True,Rock Pigeon,0.9918,Hooded Merganser,0.0005,Band-tailed Pigeon,0.0005,True,1.0,0.9918,True,True,True
E3_location_only,Rock_Pigeon_4ft.wav,Birdsongs Recordings\4ft\Rock_Pigeon_4ft.wav,Rock Pigeon,Rock Pigeon,4ft,3.0,6.0,3.0,1.0499999999999998,0.3499999999999999,True,Rock Pigeon,0.9938,Least Bittern,0.0051,Northern Cardinal,0.0003,True,1.0,0.9938,True,True,True
E3_location_only,Rock_Pigeon_4ft.wav,Birdsongs Recordings\4ft\Rock_Pigeon_4ft.wav,Rock Pigeon,Rock Pigeon,4ft,6.0,9.0,3.0,1.0999999999999996,0.36666666666666653,True,Rock Pigeon,0.9948,Great Horned Owl,0.0026,Band-tailed Pigeon,0.0026,True,1.0,0.9948,True,True,True
E3_location_only,Rock_Pigeon_4ft.wav,Birdsongs Recordings\4ft\Rock_Pigeon_4ft.wav,Rock Pigeon,Rock Pigeon,4ft,9.0,10.0,1.0,0.0,0.0,False,Allen's Hummingbird,0.023,Rufous Hummingbird,0.0207,Anna's Hummingbird,0.0196,False,,0.0,False,False,False
E3_location_only,Song_Sparrow_4ft.wav,Birdsongs Recordings\4ft\Song_Sparrow_4ft.wav,Song Sparrow,Song Sparrow,4ft,0.0,3.0,3.0,0.0,0.0,False,Northern Cardinal,0.0852,Canada Goose,0.0796,Song Sparrow,0.0392,True,3.0,0.0392,False,True,True
E3_location_only,Song_Sparrow_4ft.wav,Birdsongs Recordings\4ft\Song_Sparrow_4ft.wav,Song Sparrow,Song Sparrow,4ft,3.0,6.0,3.0,2.6500000000000004,0.8833333333333334,True,Song Sparrow,0.9624,Bewick's Wren,0.0019,Virginia Rail,0.0016,True,1.0,0.9624,True,True,True
E3_location_only,Song_Sparrow_4ft.wav,Birdsongs Recordings\4ft\Song_Sparrow_4ft.wav,Song Sparrow,Song Sparrow,4ft,6.0,9.0,3.0,0.0,0.0,False,Black-throated Gray Warbler,0.0279,Osprey,0.0156,Brown Creeper,0.011,False,,0.0,False,False,False
E3_location_only,Song_Sparrow_4ft.wav,Birdsongs Recordings\4ft\Song_Sparrow_4ft.wav,Song Sparrow,Song Sparrow,4ft,9.0,10.0,1.0,0.0,0.0,False,Osprey,0.1213,American Robin,0.0291,Western Bluebird,0.0148,False,,0.0,False,False,False
E3_location_only,Spotted_Towhee_4ft.wav,Birdsongs Recordings\4ft\Spotted_Towhee_4ft.wav,Spotted Towhee,Spotted Towhee,4ft,0.0,3.0,3.0,1.3,0.43333333333333335,True,Spotted Towhee,0.9862,Green-tailed Towhee,0.0338,Dark-eyed Junco,0.0007,True,1.0,0.9862,True,True,True
E3_location_only,Spotted_Towhee_4ft.wav,Birdsongs Recordings\4ft\Spotted_Towhee_4ft.wav,Spotted Towhee,Spotted Towhee,4ft,3.0,6.0,3.0,0.0,0.0,False,Wrentit,0.0348,Northern Cardinal,0.0179,Virginia Rail,0.0122,False,,0.0,False,False,False
E3_location_only,Spotted_Towhee_4ft.wav,Birdsongs Recordings\4ft\Spotted_Towhee_4ft.wav,Spotted Towhee,Spotted Towhee,4ft,6.0,9.0,3.0,1.3500000000000005,0.4500000000000002,True,Spotted Towhee,0.9896,Green-tailed Towhee,0.1019,Rufous-crowned Sparrow,0.0007,True,1.0,0.9896,True,True,True
E3_location_only,Spotted_Towhee_4ft.wav,Birdsongs Recordings\4ft\Spotted_Towhee_4ft.wav,Spotted Towhee,Spotted Towhee,4ft,9.0,10.0,1.0,0.0,0.0,False,California Towhee,0.0095,Lazuli Bunting,0.0085,Cooper's Hawk,0.0078,True,15.0,0.0037,False,False,False
E3_location_only,American_Robin_8ft.wav,Birdsongs Recordings\8ft\American_Robin_8ft.wav,American Robin,American Robin,8ft,0.0,3.0,3.0,2.45,0.8166666666666668,True,American Robin,0.7723,Black-headed Grosbeak,0.0246,Northern Mockingbird,0.0125,True,1.0,0.7723,True,True,True
E3_location_only,American_Robin_8ft.wav,Birdsongs Recordings\8ft\American_Robin_8ft.wav,American Robin,American Robin,8ft,3.0,6.0,3.0,1.9000000000000004,0.6333333333333334,True,American Robin,0.9597,Purple Finch,0.0008,Northern Mockingbird,0.0006,True,1.0,0.9597,True,True,True
E3_location_only,American_Robin_8ft.wav,Birdsongs Recordings\8ft\American_Robin_8ft.wav,American Robin,American Robin,8ft,6.0,9.0,3.0,1.4000000000000004,0.4666666666666668,True,American Robin,0.969,Northern Mockingbird,0.0073,Black-headed Grosbeak,0.0013,True,1.0,0.969,True,True,True
E3_location_only,American_Robin_8ft.wav,Birdsongs Recordings\8ft\American_Robin_8ft.wav,American Robin,American Robin,8ft,9.0,10.0,1.0,1.0,1.0,True,American Robin,0.7264,Black-headed Grosbeak,0.1164,Townsend's Solitaire,0.0076,True,1.0,0.7264,True,True,True
E3_location_only,Annas_Hummingbird_8ft.wav,Birdsongs Recordings\8ft\Annas_Hummingbird_8ft.wav,Anna's Hummingbird,Anna's Hummingbird,8ft,0.0,3.0,3.0,1.5,0.5,True,Anna's Hummingbird,0.991,Black Phoebe,0.002,Pacific-slope Flycatcher,0.0012,True,1.0,0.991,True,True,True
E3_location_only,Annas_Hummingbird_8ft.wav,Birdsongs Recordings\8ft\Annas_Hummingbird_8ft.wav,Anna's Hummingbird,Anna's Hummingbird,8ft,3.0,6.0,3.0,3.0,1.0,True,Anna's Hummingbird,0.9947,House Wren,0.0011,Bewick's Wren,0.0008,True,1.0,0.9947,True,True,True
E3_location_only,Annas_Hummingbird_8ft.wav,Birdsongs Recordings\8ft\Annas_Hummingbird_8ft.wav,Anna's Hummingbird,Anna's Hummingbird,8ft,6.0,9.0,3.0,3.0,1.0,True,Anna's Hummingbird,0.9986,Savannah Sparrow,0.0014,Barn Owl,0.0011,True,1.0,0.9986,True,True,True
E3_location_only,Annas_Hummingbird_8ft.wav,Birdsongs Recordings\8ft\Annas_Hummingbird_8ft.wav,Anna's Hummingbird,Anna's Hummingbird,8ft,9.0,10.0,1.0,0.6999999999999993,0.6999999999999993,True,Anna's Hummingbird,0.8509,Savannah Sparrow,0.0157,Brewer's Sparrow,0.0041,True,1.0,0.8509,True,True,True
E3_location_only,Barn_Swallow_8ft.wav,Birdsongs Recordings\8ft\Barn_Swallow_8ft.wav,Barn Swallow,Barn Swallow,8ft,0.0,3.0,3.0,2.7,0.9,True,Barn Swallow,0.9986,Bank Swallow,0.0009,White-throated Swift,0.0008,True,1.0,0.9986,True,True,True
E3_location_only,Barn_Swallow_8ft.wav,Birdsongs Recordings\8ft\Barn_Swallow_8ft.wav,Barn Swallow,Barn Swallow,8ft,3.0,6.0,3.0,3.0,1.0,True,Barn Swallow,0.9943,Cliff Swallow,0.0683,White-throated Swift,0.0024,True,1.0,0.9943,True,True,True
E3_location_only,Barn_Swallow_8ft.wav,Birdsongs Recordings\8ft\Barn_Swallow_8ft.wav,Barn Swallow,Barn Swallow,8ft,6.0,9.0,3.0,3.0,1.0,True,Barn Swallow,0.9782,Cliff Swallow,0.0042,Marsh Wren,0.0017,True,1.0,0.9782,True,True,True
E3_location_only,Barn_Swallow_8ft.wav,Birdsongs Recordings\8ft\Barn_Swallow_8ft.wav,Barn Swallow,Barn Swallow,8ft,9.0,10.0,1.0,0.1999999999999993,0.1999999999999993,False,Belted Kingfisher,0.0145,Wrentit,0.0028,Hairy Woodpecker,0.0019,False,,0.0,False,False,False
E3_location_only,Bewicks_Wren_8ft.wav,Birdsongs Recordings\8ft\Bewicks_Wren_8ft.wav,Bewick's Wren,Bewick's Wren,8ft,0.0,3.0,3.0,2.4,0.7999999999999999,True,Bewick's Wren,0.8914,Black-throated Sparrow,0.317,Song Sparrow,0.0098,True,1.0,0.8914,True,True,True
E3_location_only,Bewicks_Wren_8ft.wav,Birdsongs Recordings\8ft\Bewicks_Wren_8ft.wav,Bewick's Wren,Bewick's Wren,8ft,3.0,6.0,3.0,0.0,0.0,False,Black Phoebe,0.3167,Cooper's Hawk,0.1127,Downy Woodpecker,0.0183,False,,0.0,False,False,False
E3_location_only,Bewicks_Wren_8ft.wav,Birdsongs Recordings\8ft\Bewicks_Wren_8ft.wav,Bewick's Wren,Bewick's Wren,8ft,6.0,9.0,3.0,0.0,0.0,False,Black Phoebe,0.4148,Song Sparrow,0.0261,Canada Goose,0.0141,False,,0.0,False,False,False
E3_location_only,Bewicks_Wren_8ft.wav,Birdsongs Recordings\8ft\Bewicks_Wren_8ft.wav,Bewick's Wren,Bewick's Wren,8ft,9.0,10.0,1.0,0.0,0.0,False,Red-shouldered Hawk,0.007,Red-tailed Hawk,0.0069,American Crow,0.0055,False,,0.0,False,False,False
E3_location_only,Black_Phoebe_8ft.wav,Birdsongs Recordings\8ft\Black_Phoebe_8ft.wav,Black Phoebe,Black Phoebe,8ft,0.0,3.0,3.0,0.7500000000000002,0.25000000000000006,True,Black Phoebe,0.9982,Bushtit,0.0005,Wrentit,0.0003,True,1.0,0.9982,True,True,True
E3_location_only,Black_Phoebe_8ft.wav,Birdsongs Recordings\8ft\Black_Phoebe_8ft.wav,Black Phoebe,Black Phoebe,8ft,3.0,6.0,3.0,0.8999999999999999,0.3,True,Black Phoebe,0.9994,Cooper's Hawk,0.0005,Bushtit,0.0005,True,1.0,0.9994,True,True,True
E3_location_only,Black_Phoebe_8ft.wav,Birdsongs Recordings\8ft\Black_Phoebe_8ft.wav,Black Phoebe,Black Phoebe,8ft,6.0,9.0,3.0,0.7999999999999989,0.26666666666666633,True,Black Phoebe,0.9984,Anna's Hummingbird,0.0007,Bushtit,0.0006,True,1.0,0.9984,True,True,True
E3_location_only,Black_Phoebe_8ft.wav,Birdsongs Recordings\8ft\Black_Phoebe_8ft.wav,Black Phoebe,Black Phoebe,8ft,9.0,10.0,1.0,0.40000000000000036,0.40000000000000036,True,Black Phoebe,0.9996,Bushtit,0.0003,Lesser Goldfinch,0.0003,True,1.0,0.9996,True,True,True
E3_location_only,California_Towhee_8ft.wav,Birdsongs Recordings\8ft\California_Towhee_8ft.wav,California Towhee,California Towhee,8ft,0.0,3.0,3.0,1.35,0.45,True,California Towhee,0.9996,Orange-crowned Warbler,0.0013,Nuttall's Woodpecker,0.0012,True,1.0,0.9996,True,True,True
E3_location_only,California_Towhee_8ft.wav,Birdsongs Recordings\8ft\California_Towhee_8ft.wav,California Towhee,California Towhee,8ft,3.0,6.0,3.0,0.0,0.0,False,Black Phoebe,0.4809,Cooper's Hawk,0.0111,Northern Mockingbird,0.008,False,,0.0,False,False,False
E3_location_only,California_Towhee_8ft.wav,Birdsongs Recordings\8ft\California_Towhee_8ft.wav,California Towhee,California Towhee,8ft,6.0,9.0,3.0,1.4499999999999993,0.4833333333333331,True,California Towhee,0.9931,Abert's Towhee,0.0021,California Thrasher,0.0005,True,1.0,0.9931,True,True,True
E3_location_only,California_Towhee_8ft.wav,Birdsongs Recordings\8ft\California_Towhee_8ft.wav,California Towhee,California Towhee,8ft,9.0,10.0,1.0,0.0,0.0,False,Cooper's Hawk,0.0307,Black Phoebe,0.0196,Western Wood-Pewee,0.0037,False,,0.0,False,False,False
E3_location_only,Dark_eyed_Junco_8ft.wav,Birdsongs Recordings\8ft\Dark_eyed_Junco_8ft.wav,Dark-eyed Junco,Dark-eyed Junco,8ft,0.0,3.0,3.0,1.7500000000000002,0.5833333333333334,True,Dark-eyed Junco,0.9579,Chipping Sparrow,0.0105,Yellow-rumped Warbler,0.0021,True,1.0,0.9579,True,True,True
E3_location_only,Dark_eyed_Junco_8ft.wav,Birdsongs Recordings\8ft\Dark_eyed_Junco_8ft.wav,Dark-eyed Junco,Dark-eyed Junco,8ft,3.0,6.0,3.0,0.0,0.0,False,Black Phoebe,0.5473,Cooper's Hawk,0.0069,Killdeer,0.0047,False,,0.0,False,False,False
E3_location_only,Dark_eyed_Junco_8ft.wav,Birdsongs Recordings\8ft\Dark_eyed_Junco_8ft.wav,Dark-eyed Junco,Dark-eyed Junco,8ft,6.0,9.0,3.0,1.8500000000000005,0.6166666666666668,True,Dark-eyed Junco,0.9858,Chipping Sparrow,0.0211,Yellow-rumped Warbler,0.0012,True,1.0,0.9858,True,True,True
E3_location_only,Dark_eyed_Junco_8ft.wav,Birdsongs Recordings\8ft\Dark_eyed_Junco_8ft.wav,Dark-eyed Junco,Dark-eyed Junco,8ft,9.0,10.0,1.0,0.0,0.0,False,Black Phoebe,0.0506,Cooper's Hawk,0.0146,Red-tailed Hawk,0.0076,False,,0.0,False,False,False
E3_location_only,European_Starling_8ft.wav,Birdsongs Recordings\8ft\European_Starling_8ft.wav,European Starling,European Starling,8ft,0.0,3.0,3.0,2.6,0.8666666666666667,True,American Robin,0.1391,Spotted Sandpiper,0.0201,Red-tailed Hawk,0.0187,True,18.0,0.0029,False,False,False
E3_location_only,European_Starling_8ft.wav,Birdsongs Recordings\8ft\European_Starling_8ft.wav,European Starling,European Starling,8ft,3.0,6.0,3.0,3.0,1.0,True,American Robin,0.113,European Starling,0.0692,Mountain Chickadee,0.0103,True,2.0,0.0692,False,True,True
E3_location_only,European_Starling_8ft.wav,Birdsongs Recordings\8ft\European_Starling_8ft.wav,European Starling,European Starling,8ft,6.0,9.0,3.0,3.0,1.0,True,European Starling,0.3068,Oak Titmouse,0.0205,Mallard,0.0115,True,1.0,0.3068,True,True,True
E3_location_only,European_Starling_8ft.wav,Birdsongs Recordings\8ft\European_Starling_8ft.wav,European Starling,European Starling,8ft,9.0,10.0,1.0,1.0,1.0,True,European Starling,0.2004,Brewer's Blackbird,0.0071,House Sparrow,0.0034,True,1.0,0.2004,True,True,True
E3_location_only,Hooded_Oriole_8ft.wav,Birdsongs Recordings\8ft\Hooded_Oriole_8ft.wav,Hooded Oriole,Hooded Oriole,8ft,0.0,3.0,3.0,1.35,0.45,True,Hooded Oriole,0.9939,Cassin's Kingbird,0.0075,Bullock's Oriole,0.0028,True,1.0,0.9939,True,True,True
E3_location_only,Hooded_Oriole_8ft.wav,Birdsongs Recordings\8ft\Hooded_Oriole_8ft.wav,Hooded Oriole,Hooded Oriole,8ft,3.0,6.0,3.0,1.6500000000000008,0.5500000000000003,True,Hooded Oriole,0.3795,Western Tanager,0.001,Loggerhead Shrike,0.0002,True,1.0,0.3795,True,True,True
E3_location_only,Hooded_Oriole_8ft.wav,Birdsongs Recordings\8ft\Hooded_Oriole_8ft.wav,Hooded Oriole,Hooded Oriole,8ft,6.0,9.0,3.0,2.4000000000000004,0.8000000000000002,True,Hooded Oriole,0.9871,Bullock's Oriole,0.0075,Cassin's Kingbird,0.0008,True,1.0,0.9871,True,True,True
E3_location_only,Hooded_Oriole_8ft.wav,Birdsongs Recordings\8ft\Hooded_Oriole_8ft.wav,Hooded Oriole,Hooded Oriole,8ft,9.0,10.0,1.0,0.8499999999999996,0.8499999999999996,True,Western Tanager,0.863,Hooded Oriole,0.3495,Cassin's Finch,0.0171,True,2.0,0.3495,False,True,True
E3_location_only,House_Finch_8ft.wav,Birdsongs Recordings\8ft\House_Finch_8ft.wav,House Finch,House Finch,8ft,0.0,3.0,3.0,2.55,0.85,True,House Finch,0.6912,Purple Finch,0.0048,Townsend's Solitaire,0.0032,True,1.0,0.6912,True,True,True
E3_location_only,House_Finch_8ft.wav,Birdsongs Recordings\8ft\House_Finch_8ft.wav,House Finch,House Finch,8ft,3.0,6.0,3.0,0.6999999999999997,0.23333333333333325,True,House Finch,0.0358,Purple Finch,0.0099,Blue Grosbeak,0.0091,True,1.0,0.0358,True,True,True
E3_location_only,House_Finch_8ft.wav,Birdsongs Recordings\8ft\House_Finch_8ft.wav,House Finch,House Finch,8ft,6.0,9.0,3.0,2.0,0.6666666666666666,True,House Finch,0.1712,Townsend's Solitaire,0.0044,Purple Finch,0.0025,True,1.0,0.1712,True,True,True
E3_location_only,House_Finch_8ft.wav,Birdsongs Recordings\8ft\House_Finch_8ft.wav,House Finch,House Finch,8ft,9.0,10.0,1.0,0.0,0.0,False,Black Phoebe,0.8078,Cooper's Hawk,0.0139,Hammond's Flycatcher,0.0098,False,,0.0,False,False,False
E3_location_only,House_Sparrow_8ft.wav,Birdsongs Recordings\8ft\House_Sparrow_8ft.wav,House Sparrow,House Sparrow,8ft,0.0,3.0,3.0,1.7420000000000002,0.5806666666666668,True,House Sparrow,0.1793,House Finch,0.0013,Tree Swallow,0.0009,True,1.0,0.1793,True,True,True
E3_location_only,House_Sparrow_8ft.wav,Birdsongs Recordings\8ft\House_Sparrow_8ft.wav,House Sparrow,House Sparrow,8ft,3.0,6.0,3.0,1.8359999999999999,0.612,True,House Sparrow,0.2466,Tree Swallow,0.005,Cactus Wren,0.0006,True,1.0,0.2466,True,True,True
E3_location_only,House_Sparrow_8ft.wav,Birdsongs Recordings\8ft\House_Sparrow_8ft.wav,House Sparrow,House Sparrow,8ft,6.0,9.0,3.0,1.8360000000000003,0.6120000000000001,True,House Sparrow,0.3691,Tree Swallow,0.0179,Northern Mockingbird,0.0007,True,1.0,0.3691,True,True,True
E3_location_only,House_Sparrow_8ft.wav,Birdsongs Recordings\8ft\House_Sparrow_8ft.wav,House Sparrow,House Sparrow,8ft,9.0,10.0,1.0,0.6420000000000012,0.6420000000000012,True,House Sparrow,0.3607,House Finch,0.0213,Black-headed Grosbeak,0.0047,True,1.0,0.3607,True,True,True
E3_location_only,Lesser_Goldfinch_8ft.wav,Birdsongs Recordings\8ft\Lesser_Goldfinch_8ft.wav,Lesser Goldfinch,Lesser Goldfinch,8ft,0.0,3.0,3.0,3.0,1.0,True,Lesser Goldfinch,0.4873,Lawrence's Goldfinch,0.0206,Lark Sparrow,0.006,True,1.0,0.4873,True,True,True
E3_location_only,Lesser_Goldfinch_8ft.wav,Birdsongs Recordings\8ft\Lesser_Goldfinch_8ft.wav,Lesser Goldfinch,Lesser Goldfinch,8ft,3.0,6.0,3.0,2.3999999999999995,0.7999999999999998,True,Lesser Goldfinch,0.0463,Lazuli Bunting,0.0431,American Goldfinch,0.0095,True,1.0,0.0463,True,True,True
E3_location_only,Lesser_Goldfinch_8ft.wav,Birdsongs Recordings\8ft\Lesser_Goldfinch_8ft.wav,Lesser Goldfinch,Lesser Goldfinch,8ft,6.0,9.0,3.0,3.0,1.0,True,Lesser Goldfinch,0.2305,Lawrence's Goldfinch,0.0047,Lark Sparrow,0.0033,True,1.0,0.2305,True,True,True
E3_location_only,Lesser_Goldfinch_8ft.wav,Birdsongs Recordings\8ft\Lesser_Goldfinch_8ft.wav,Lesser Goldfinch,Lesser Goldfinch,8ft,9.0,10.0,1.0,0.9920000000000009,0.9920000000000009,True,American Goldfinch,0.226,Lesser Goldfinch,0.0047,Fox Sparrow,0.0018,True,2.0,0.0047,False,True,True
E3_location_only,Mourning_Dove_8ft.wav,Birdsongs Recordings\8ft\Mourning_Dove_8ft.wav,Mourning Dove,Mourning Dove,8ft,0.0,3.0,3.0,1.0,0.3333333333333333,True,Black Phoebe,0.4863,Mourning Dove,0.1052,Eurasian Collared-Dove,0.0102,True,2.0,0.1052,False,True,True
E3_location_only,Mourning_Dove_8ft.wav,Birdsongs Recordings\8ft\Mourning_Dove_8ft.wav,Mourning Dove,Mourning Dove,8ft,3.0,6.0,3.0,2.3,0.7666666666666666,True,Mourning Dove,0.5156,Black Phoebe,0.0798,Eurasian Collared-Dove,0.0076,True,1.0,0.5156,True,True,True
E3_location_only,Mourning_Dove_8ft.wav,Birdsongs Recordings\8ft\Mourning_Dove_8ft.wav,Mourning Dove,Mourning Dove,8ft,6.0,9.0,3.0,1.2999999999999998,0.4333333333333333,True,Eurasian Collared-Dove,0.0292,Mourning Dove,0.0199,Black Phoebe,0.0156,True,2.0,0.0199,False,True,True
E3_location_only,Mourning_Dove_8ft.wav,Birdsongs Recordings\8ft\Mourning_Dove_8ft.wav,Mourning Dove,Mourning Dove,8ft,9.0,10.0,1.0,0.0,0.0,False,Black Phoebe,0.8517,Cooper's Hawk,0.0025,Great-tailed Grackle,0.0006,False,,0.0,False,False,False
E3_location_only,Northern_House_Wren_8ft.wav,Birdsongs Recordings\8ft\Northern_House_Wren_8ft.wav,Northern House Wren,House Wren,8ft,0.0,3.0,3.0,2.7,0.9,True,House Wren,0.9912,Orange-crowned Warbler,0.0024,Western Wood-Pewee,0.0018,True,1.0,0.9912,True,True,True
E3_location_only,Northern_House_Wren_8ft.wav,Birdsongs Recordings\8ft\Northern_House_Wren_8ft.wav,Northern House Wren,House Wren,8ft,3.0,6.0,3.0,0.8000000000000003,0.2666666666666668,True,House Wren,0.1471,Rufous-crowned Sparrow,0.0966,Marsh Wren,0.0575,True,1.0,0.1471,True,True,True
E3_location_only,Northern_House_Wren_8ft.wav,Birdsongs Recordings\8ft\Northern_House_Wren_8ft.wav,Northern House Wren,House Wren,8ft,6.0,9.0,3.0,2.8000000000000007,0.9333333333333336,True,House Wren,0.9958,American Goldfinch,0.0015,Western Wood-Pewee,0.0013,True,1.0,0.9958,True,True,True
E3_location_only,Northern_House_Wren_8ft.wav,Birdsongs Recordings\8ft\Northern_House_Wren_8ft.wav,Northern House Wren,House Wren,8ft,9.0,10.0,1.0,0.0,0.0,False,Black Phoebe,0.9019,Lesser Goldfinch,0.0043,Rock Wren,0.002,False,,0.0,False,False,False
E3_location_only,Northern_Mockingbird_8ft.wav,Birdsongs Recordings\8ft\Northern_Mockingbird_8ft.wav,Northern Mockingbird,Northern Mockingbird,8ft,0.0,3.0,3.0,1.6499999999999997,0.5499999999999999,True,Northern Mockingbird,0.3954,California Thrasher,0.0028,Rock Wren,0.0027,True,1.0,0.3954,True,True,True
E3_location_only,Northern_Mockingbird_8ft.wav,Birdsongs Recordings\8ft\Northern_Mockingbird_8ft.wav,Northern Mockingbird,Northern Mockingbird,8ft,3.0,6.0,3.0,1.1499999999999995,0.38333333333333314,True,Northern Mockingbird,0.5643,Great-tailed Grackle,0.0247,Spotted Towhee,0.0121,True,1.0,0.5643,True,True,True
E3_location_only,Northern_Mockingbird_8ft.wav,Birdsongs Recordings\8ft\Northern_Mockingbird_8ft.wav,Northern Mockingbird,Northern Mockingbird,8ft,6.0,9.0,3.0,2.13,0.71,True,Northern Mockingbird,0.8684,Wrentit,0.0131,Yellow-breasted Chat,0.0042,True,1.0,0.8684,True,True,True
E3_location_only,Northern_Mockingbird_8ft.wav,Birdsongs Recordings\8ft\Northern_Mockingbird_8ft.wav,Northern Mockingbird,Northern Mockingbird,8ft,9.0,10.0,1.0,0.27999999999999936,0.27999999999999936,True,Wrentit,0.3603,House Finch,0.0242,Northern Mockingbird,0.0151,True,3.0,0.0151,False,True,True
E3_location_only,Northern_Yellow_Warbler_8ft.wav,Birdsongs Recordings\8ft\Northern_Yellow_Warbler_8ft.wav,Northern Yellow Warbler,Yellow Warbler,8ft,0.0,3.0,3.0,0.0,0.0,False,Black Phoebe,0.8058,Cooper's Hawk,0.0138,White-breasted Nuthatch,0.0068,False,,0.0,False,False,False
E3_location_only,Northern_Yellow_Warbler_8ft.wav,Birdsongs Recordings\8ft\Northern_Yellow_Warbler_8ft.wav,Northern Yellow Warbler,Yellow Warbler,8ft,3.0,6.0,3.0,1.3499999999999996,0.4499999999999999,True,Yellow Warbler,0.9017,Black Phoebe,0.0411,Willow Flycatcher,0.0056,True,1.0,0.9017,True,True,True
E3_location_only,Northern_Yellow_Warbler_8ft.wav,Birdsongs Recordings\8ft\Northern_Yellow_Warbler_8ft.wav,Northern Yellow Warbler,Yellow Warbler,8ft,6.0,9.0,3.0,0.09999999999999964,0.033333333333333215,False,Black Phoebe,0.9709,Song Sparrow,0.0303,White-breasted Nuthatch,0.0091,True,6.0,0.005,False,False,False
E3_location_only,Northern_Yellow_Warbler_8ft.wav,Birdsongs Recordings\8ft\Northern_Yellow_Warbler_8ft.wav,Northern Yellow Warbler,Yellow Warbler,8ft,9.0,10.0,1.0,0.0,0.0,False,Black Phoebe,0.9328,Western Wood-Pewee,0.0009,Cooper's Hawk,0.0008,False,,0.0,False,False,False
E3_location_only,Oak_Titmouse_8ft.wav,Birdsongs Recordings\8ft\Oak_Titmouse_8ft.wav,Oak Titmouse,Oak Titmouse,8ft,0.0,3.0,3.0,1.3,0.43333333333333335,True,Black Phoebe,0.063,Oak Titmouse,0.0161,Crissal Thrasher,0.0049,True,2.0,0.0161,False,True,True
E3_location_only,Oak_Titmouse_8ft.wav,Birdsongs Recordings\8ft\Oak_Titmouse_8ft.wav,Oak Titmouse,Oak Titmouse,8ft,3.0,6.0,3.0,1.0000000000000004,0.3333333333333335,True,Oak Titmouse,0.9964,Black Phoebe,0.006,Spotted Towhee,0.0025,True,1.0,0.9964,True,True,True
E3_location_only,Oak_Titmouse_8ft.wav,Birdsongs Recordings\8ft\Oak_Titmouse_8ft.wav,Oak Titmouse,Oak Titmouse,8ft,6.0,9.0,3.0,1.4499999999999993,0.4833333333333331,True,Oak Titmouse,0.9976,Black Phoebe,0.0108,Nuttall's Woodpecker,0.0029,True,1.0,0.9976,True,True,True
E3_location_only,Oak_Titmouse_8ft.wav,Birdsongs Recordings\8ft\Oak_Titmouse_8ft.wav,Oak Titmouse,Oak Titmouse,8ft,9.0,10.0,1.0,0.9000000000000004,0.9000000000000004,True,Oak Titmouse,0.9995,Spotted Towhee,0.011,California Towhee,0.0066,True,1.0,0.9995,True,True,True
E3_location_only,Rock_Pigeon_8ft.wav,Birdsongs Recordings\8ft\Rock_Pigeon_8ft.wav,Rock Pigeon,Rock Pigeon,8ft,0.0,3.0,3.0,1.5499999999999998,0.5166666666666666,True,Rock Pigeon,0.9995,Black Phoebe,0.0152,Cooper's Hawk,0.0015,True,1.0,0.9995,True,True,True
E3_location_only,Rock_Pigeon_8ft.wav,Birdsongs Recordings\8ft\Rock_Pigeon_8ft.wav,Rock Pigeon,Rock Pigeon,8ft,3.0,6.0,3.0,1.0499999999999998,0.3499999999999999,True,Rock Pigeon,0.9966,Black Phoebe,0.1867,Cooper's Hawk,0.0016,True,1.0,0.9966,True,True,True
E3_location_only,Rock_Pigeon_8ft.wav,Birdsongs Recordings\8ft\Rock_Pigeon_8ft.wav,Rock Pigeon,Rock Pigeon,8ft,6.0,9.0,3.0,1.0999999999999996,0.36666666666666653,True,Rock Pigeon,0.9981,Black Phoebe,0.2282,Cooper's Hawk,0.001,True,1.0,0.9981,True,True,True
E3_location_only,Rock_Pigeon_8ft.wav,Birdsongs Recordings\8ft\Rock_Pigeon_8ft.wav,Rock Pigeon,Rock Pigeon,8ft,9.0,10.0,1.0,0.0,0.0,False,Pileated Woodpecker,0.0078,Yellow-breasted Chat,0.0061,Northern Cardinal,0.0019,True,17.0,0.0005,False,False,False
E3_location_only,Song_Sparrow_8ft.wav,Birdsongs Recordings\8ft\Song_Sparrow_8ft.wav,Song Sparrow,Song Sparrow,8ft,0.0,3.0,3.0,0.0,0.0,False,House Finch,0.0982,Northern Rough-winged Swallow,0.0364,Red-shouldered Hawk,0.0104,False,,0.0,False,False,False
E3_location_only,Song_Sparrow_8ft.wav,Birdsongs Recordings\8ft\Song_Sparrow_8ft.wav,Song Sparrow,Song Sparrow,8ft,3.0,6.0,3.0,2.6500000000000004,0.8833333333333334,True,Song Sparrow,0.9496,Virginia Rail,0.0019,Vesper Sparrow,0.0015,True,1.0,0.9496,True,True,True
E3_location_only,Song_Sparrow_8ft.wav,Birdsongs Recordings\8ft\Song_Sparrow_8ft.wav,Song Sparrow,Song Sparrow,8ft,6.0,9.0,3.0,0.0,0.0,False,Black Phoebe,0.9349,White-breasted Nuthatch,0.0073,Cooper's Hawk,0.0054,True,4.0,0.0052,False,False,True
E3_location_only,Song_Sparrow_8ft.wav,Birdsongs Recordings\8ft\Song_Sparrow_8ft.wav,Song Sparrow,Song Sparrow,8ft,9.0,10.0,1.0,0.0,0.0,False,Black Phoebe,0.9552,Cooper's Hawk,0.0099,Western Wood-Pewee,0.0021,False,,0.0,False,False,False
E3_location_only,Spotted_Towhee_8ft.wav,Birdsongs Recordings\8ft\Spotted_Towhee_8ft.wav,Spotted Towhee,Spotted Towhee,8ft,0.0,3.0,3.0,1.3,0.43333333333333335,True,Spotted Towhee,0.9755,Green-tailed Towhee,0.0427,Black-chinned Sparrow,0.0009,True,1.0,0.9755,True,True,True
E3_location_only,Spotted_Towhee_8ft.wav,Birdsongs Recordings\8ft\Spotted_Towhee_8ft.wav,Spotted Towhee,Spotted Towhee,8ft,3.0,6.0,3.0,0.0,0.0,False,Black Phoebe,0.3251,Cooper's Hawk,0.0098,White-breasted Nuthatch,0.0062,False,,0.0,False,False,False
E3_location_only,Spotted_Towhee_8ft.wav,Birdsongs Recordings\8ft\Spotted_Towhee_8ft.wav,Spotted Towhee,Spotted Towhee,8ft,6.0,9.0,3.0,1.3500000000000005,0.4500000000000002,True,Spotted Towhee,0.9697,Green-tailed Towhee,0.0875,Lincoln's Sparrow,0.0007,True,1.0,0.9697,True,True,True
E3_location_only,Spotted_Towhee_8ft.wav,Birdsongs Recordings\8ft\Spotted_Towhee_8ft.wav,Spotted Towhee,Spotted Towhee,8ft,9.0,10.0,1.0,0.0,0.0,False,Black Phoebe,0.7975,Rock Wren,0.0106,Vermilion Flycatcher,0.009,False,,0.0,False,False,False
E3_location_only,American_Robin_12ft.wav,Birdsongs Recordings\12ft\American_Robin_12ft.wav,American Robin,American Robin,12ft,0.0,3.0,3.0,2.45,0.8166666666666668,True,American Robin,0.6385,Black-headed Grosbeak,0.0284,Northern Mockingbird,0.0045,True,1.0,0.6385,True,True,True
E3_location_only,American_Robin_12ft.wav,Birdsongs Recordings\12ft\American_Robin_12ft.wav,American Robin,American Robin,12ft,3.0,6.0,3.0,1.9000000000000004,0.6333333333333334,True,American Robin,0.6101,Short-billed Dowitcher,0.0007,Northern Mockingbird,0.0005,True,1.0,0.6101,True,True,True
E3_location_only,American_Robin_12ft.wav,Birdsongs Recordings\12ft\American_Robin_12ft.wav,American Robin,American Robin,12ft,6.0,9.0,3.0,1.4000000000000004,0.4666666666666668,True,American Robin,0.789,Northern Mockingbird,0.0014,Black-headed Grosbeak,0.0008,True,1.0,0.789,True,True,True
E3_location_only,American_Robin_12ft.wav,Birdsongs Recordings\12ft\American_Robin_12ft.wav,American Robin,American Robin,12ft,9.0,10.0,1.0,1.0,1.0,True,American Robin,0.8056,Black-headed Grosbeak,0.2784,Townsend's Solitaire,0.0081,True,1.0,0.8056,True,True,True
E3_location_only,Annas_Hummingbird_12ft.wav,Birdsongs Recordings\12ft\Annas_Hummingbird_12ft.wav,Anna's Hummingbird,Anna's Hummingbird,12ft,0.0,3.0,3.0,1.5,0.5,True,Anna's Hummingbird,0.9398,Savannah Sparrow,0.0007,Marsh Wren,0.0002,True,1.0,0.9398,True,True,True
E3_location_only,Annas_Hummingbird_12ft.wav,Birdsongs Recordings\12ft\Annas_Hummingbird_12ft.wav,Anna's Hummingbird,Anna's Hummingbird,12ft,3.0,6.0,3.0,3.0,1.0,True,Anna's Hummingbird,0.9994,Bewick's Wren,0.001,Pacific-slope Flycatcher,0.0009,True,1.0,0.9994,True,True,True
E3_location_only,Annas_Hummingbird_12ft.wav,Birdsongs Recordings\12ft\Annas_Hummingbird_12ft.wav,Anna's Hummingbird,Anna's Hummingbird,12ft,6.0,9.0,3.0,3.0,1.0,True,Anna's Hummingbird,0.9988,Barn Swallow,0.0012,Black-chinned Hummingbird,0.0012,True,1.0,0.9988,True,True,True
E3_location_only,Annas_Hummingbird_12ft.wav,Birdsongs Recordings\12ft\Annas_Hummingbird_12ft.wav,Anna's Hummingbird,Anna's Hummingbird,12ft,9.0,10.0,1.0,0.6999999999999993,0.6999999999999993,True,Anna's Hummingbird,0.9942,Rufous Hummingbird,0.0184,Allen's Hummingbird,0.0035,True,1.0,0.9942,True,True,True
E3_location_only,Barn_Swallow_12ft.wav,Birdsongs Recordings\12ft\Barn_Swallow_12ft.wav,Barn Swallow,Barn Swallow,12ft,0.0,3.0,3.0,2.7,0.9,True,Barn Swallow,0.9977,Tree Swallow,0.0008,Bell's Vireo,0.0008,True,1.0,0.9977,True,True,True
E3_location_only,Barn_Swallow_12ft.wav,Birdsongs Recordings\12ft\Barn_Swallow_12ft.wav,Barn Swallow,Barn Swallow,12ft,3.0,6.0,3.0,3.0,1.0,True,Barn Swallow,0.9988,Cliff Swallow,0.2432,Greater Roadrunner,0.005,True,1.0,0.9988,True,True,True
E3_location_only,Barn_Swallow_12ft.wav,Birdsongs Recordings\12ft\Barn_Swallow_12ft.wav,Barn Swallow,Barn Swallow,12ft,6.0,9.0,3.0,3.0,1.0,True,Barn Swallow,0.9961,Cliff Swallow,0.0158,Marsh Wren,0.0013,True,1.0,0.9961,True,True,True
E3_location_only,Barn_Swallow_12ft.wav,Birdsongs Recordings\12ft\Barn_Swallow_12ft.wav,Barn Swallow,Barn Swallow,12ft,9.0,10.0,1.0,0.1999999999999993,0.1999999999999993,False,Belted Kingfisher,0.0009,Northern Cardinal,0.0009,Marsh Wren,0.0004,False,,0.0,False,False,False
E3_location_only,Bewicks_Wren_12ft.wav,Birdsongs Recordings\12ft\Bewicks_Wren_12ft.wav,Bewick's Wren,Bewick's Wren,12ft,0.0,3.0,3.0,2.4,0.7999999999999999,True,Bewick's Wren,0.8706,Black-throated Sparrow,0.0809,Song Sparrow,0.0201,True,1.0,0.8706,True,True,True
E3_location_only,Bewicks_Wren_12ft.wav,Birdsongs Recordings\12ft\Bewicks_Wren_12ft.wav,Bewick's Wren,Bewick's Wren,12ft,3.0,6.0,3.0,0.0,0.0,False,House Finch,0.0341,House Sparrow,0.0089,California Scrub-Jay,0.0077,False,,0.0,False,False,False
E3_location_only,Bewicks_Wren_12ft.wav,Birdsongs Recordings\12ft\Bewicks_Wren_12ft.wav,Bewick's Wren,Bewick's Wren,12ft,6.0,9.0,3.0,0.0,0.0,False,California Scrub-Jay,0.0158,Northern Rough-winged Swallow,0.0149,House Sparrow,0.0124,False,,0.0,False,False,False
E3_location_only,Bewicks_Wren_12ft.wav,Birdsongs Recordings\12ft\Bewicks_Wren_12ft.wav,Bewick's Wren,Bewick's Wren,12ft,9.0,10.0,1.0,0.0,0.0,False,Barn Owl,0.0016,Canada Goose,0.0015,Common Poorwill,0.001,False,,0.0,False,False,False
E3_location_only,Black_Phoebe_12ft.wav,Birdsongs Recordings\12ft\Black_Phoebe_12ft.wav,Black Phoebe,Black Phoebe,12ft,0.0,3.0,3.0,0.7500000000000002,0.25000000000000006,True,Black Phoebe,0.9958,Cooper's Hawk,0.0011,Song Sparrow,0.0006,True,1.0,0.9958,True,True,True
E3_location_only,Black_Phoebe_12ft.wav,Birdsongs Recordings\12ft\Black_Phoebe_12ft.wav,Black Phoebe,Black Phoebe,12ft,3.0,6.0,3.0,0.8999999999999999,0.3,True,Black Phoebe,0.9899,Song Sparrow,0.0045,Downy Woodpecker,0.003,True,1.0,0.9899,True,True,True
E3_location_only,Black_Phoebe_12ft.wav,Birdsongs Recordings\12ft\Black_Phoebe_12ft.wav,Black Phoebe,Black Phoebe,12ft,6.0,9.0,3.0,0.7999999999999989,0.26666666666666633,True,Black Phoebe,0.9937,Song Sparrow,0.0136,Canada Goose,0.0053,True,1.0,0.9937,True,True,True
E3_location_only,Black_Phoebe_12ft.wav,Birdsongs Recordings\12ft\Black_Phoebe_12ft.wav,Black Phoebe,Black Phoebe,12ft,9.0,10.0,1.0,0.40000000000000036,0.40000000000000036,True,Black Phoebe,0.9997,Bushtit,0.0003,Western Wood-Pewee,0.0003,True,1.0,0.9997,True,True,True
E3_location_only,California_Towhee_12ft.wav,Birdsongs Recordings\12ft\California_Towhee_12ft.wav,California Towhee,California Towhee,12ft,0.0,3.0,3.0,1.35,0.45,True,California Towhee,0.999,Orange-crowned Warbler,0.0009,Abert's Towhee,0.0005,True,1.0,0.999,True,True,True
E3_location_only,California_Towhee_12ft.wav,Birdsongs Recordings\12ft\California_Towhee_12ft.wav,California Towhee,California Towhee,12ft,3.0,6.0,3.0,0.0,0.0,False,House Finch,0.3337,White-breasted Nuthatch,0.0456,Hooded Oriole,0.03,False,,0.0,False,False,False
E3_location_only,California_Towhee_12ft.wav,Birdsongs Recordings\12ft\California_Towhee_12ft.wav,California Towhee,California Towhee,12ft,6.0,9.0,3.0,1.4499999999999993,0.4833333333333331,True,California Towhee,0.9913,Abert's Towhee,0.0072,Spotted Towhee,0.0001,True,1.0,0.9913,True,True,True
E3_location_only,California_Towhee_12ft.wav,Birdsongs Recordings\12ft\California_Towhee_12ft.wav,California Towhee,California Towhee,12ft,9.0,10.0,1.0,0.0,0.0,False,Northern Rough-winged Swallow,0.0193,House Finch,0.0081,Northern Cardinal,0.0035,False,,0.0,False,False,False
E3_location_only,Dark_eyed_Junco_12ft.wav,Birdsongs Recordings\12ft\Dark_eyed_Junco_12ft.wav,Dark-eyed Junco,Dark-eyed Junco,12ft,0.0,3.0,3.0,1.7500000000000002,0.5833333333333334,True,Dark-eyed Junco,0.929,Chipping Sparrow,0.0127,Dusky Flycatcher,0.0017,True,1.0,0.929,True,True,True
E3_location_only,Dark_eyed_Junco_12ft.wav,Birdsongs Recordings\12ft\Dark_eyed_Junco_12ft.wav,Dark-eyed Junco,Dark-eyed Junco,12ft,3.0,6.0,3.0,0.0,0.0,False,California Scrub-Jay,0.0269,Northern Rough-winged Swallow,0.008,White-breasted Nuthatch,0.0079,False,,0.0,False,False,False
E3_location_only,Dark_eyed_Junco_12ft.wav,Birdsongs Recordings\12ft\Dark_eyed_Junco_12ft.wav,Dark-eyed Junco,Dark-eyed Junco,12ft,6.0,9.0,3.0,1.8500000000000005,0.6166666666666668,True,Dark-eyed Junco,0.9696,Chipping Sparrow,0.0369,Yellow-rumped Warbler,0.0011,True,1.0,0.9696,True,True,True
E3_location_only,Dark_eyed_Junco_12ft.wav,Birdsongs Recordings\12ft\Dark_eyed_Junco_12ft.wav,Dark-eyed Junco,Dark-eyed Junco,12ft,9.0,10.0,1.0,0.0,0.0,False,Western Kingbird,0.0015,Western Tanager,0.0013,Downy Woodpecker,0.0006,False,,0.0,False,False,False
E3_location_only,European_Starling_12ft.wav,Birdsongs Recordings\12ft\European_Starling_12ft.wav,European Starling,European Starling,12ft,0.0,3.0,3.0,2.6,0.8666666666666667,True,American Robin,0.1576,Chipping Sparrow,0.0193,Red-tailed Hawk,0.0166,False,,0.0,False,False,False
E3_location_only,European_Starling_12ft.wav,Birdsongs Recordings\12ft\European_Starling_12ft.wav,European Starling,European Starling,12ft,3.0,6.0,3.0,3.0,1.0,True,American Robin,0.0778,European Starling,0.0253,Great-tailed Grackle,0.0097,True,2.0,0.0253,False,True,True
E3_location_only,European_Starling_12ft.wav,Birdsongs Recordings\12ft\European_Starling_12ft.wav,European Starling,European Starling,12ft,6.0,9.0,3.0,3.0,1.0,True,European Starling,0.562,Mallard,0.0162,Pacific-slope Flycatcher,0.0093,True,1.0,0.562,True,True,True
E3_location_only,European_Starling_12ft.wav,Birdsongs Recordings\12ft\European_Starling_12ft.wav,European Starling,European Starling,12ft,9.0,10.0,1.0,1.0,1.0,True,European Starling,0.1816,House Sparrow,0.0187,Swainson's Thrush,0.0067,True,1.0,0.1816,True,True,True
E3_location_only,Hooded_Oriole_12ft.wav,Birdsongs Recordings\12ft\Hooded_Oriole_12ft.wav,Hooded Oriole,Hooded Oriole,12ft,0.0,3.0,3.0,1.35,0.45,True,Hooded Oriole,0.9354,Cassin's Kingbird,0.0409,Bullock's Oriole,0.0017,True,1.0,0.9354,True,True,True
E3_location_only,Hooded_Oriole_12ft.wav,Birdsongs Recordings\12ft\Hooded_Oriole_12ft.wav,Hooded Oriole,Hooded Oriole,12ft,3.0,6.0,3.0,1.6500000000000008,0.5500000000000003,True,Hooded Oriole,0.2606,Western Tanager,0.0019,Northern Mockingbird,0.0009,True,1.0,0.2606,True,True,True
E3_location_only,Hooded_Oriole_12ft.wav,Birdsongs Recordings\12ft\Hooded_Oriole_12ft.wav,Hooded Oriole,Hooded Oriole,12ft,6.0,9.0,3.0,2.4000000000000004,0.8000000000000002,True,Hooded Oriole,0.9234,Bullock's Oriole,0.0215,Cassin's Kingbird,0.0017,True,1.0,0.9234,True,True,True
E3_location_only,Hooded_Oriole_12ft.wav,Birdsongs Recordings\12ft\Hooded_Oriole_12ft.wav,Hooded Oriole,Hooded Oriole,12ft,9.0,10.0,1.0,0.8499999999999996,0.8499999999999996,True,Western Tanager,0.8465,Hooded Oriole,0.3892,California Thrasher,0.1016,True,2.0,0.3892,False,True,True
E3_location_only,House_Finch_12ft.wav,Birdsongs Recordings\12ft\House_Finch_12ft.wav,House Finch,House Finch,12ft,0.0,3.0,3.0,2.55,0.85,True,House Finch,0.9257,Purple Finch,0.0445,Northern Mockingbird,0.0103,True,1.0,0.9257,True,True,True
E3_location_only,House_Finch_12ft.wav,Birdsongs Recordings\12ft\House_Finch_12ft.wav,House Finch,House Finch,12ft,3.0,6.0,3.0,0.6999999999999997,0.23333333333333325,True,House Finch,0.278,Purple Finch,0.0232,Blue Grosbeak,0.0223,True,1.0,0.278,True,True,True
E3_location_only,House_Finch_12ft.wav,Birdsongs Recordings\12ft\House_Finch_12ft.wav,House Finch,House Finch,12ft,6.0,9.0,3.0,2.0,0.6666666666666666,True,House Finch,0.7589,Townsend's Solitaire,0.022,Purple Finch,0.0172,True,1.0,0.7589,True,True,True
E3_location_only,House_Finch_12ft.wav,Birdsongs Recordings\12ft\House_Finch_12ft.wav,House Finch,House Finch,12ft,9.0,10.0,1.0,0.0,0.0,False,Northern Rough-winged Swallow,0.0362,California Scrub-Jay,0.0171,Great Horned Owl,0.0036,True,4.0,0.0034,False,False,True
E3_location_only,House_Sparrow_12ft.wav,Birdsongs Recordings\12ft\House_Sparrow_12ft.wav,House Sparrow,House Sparrow,12ft,0.0,3.0,3.0,1.7420000000000002,0.5806666666666668,True,House Sparrow,0.3421,Townsend's Solitaire,0.0069,Northern Mockingbird,0.0023,True,1.0,0.3421,True,True,True
E3_location_only,House_Sparrow_12ft.wav,Birdsongs Recordings\12ft\House_Sparrow_12ft.wav,House Sparrow,House Sparrow,12ft,3.0,6.0,3.0,1.8359999999999999,0.612,True,House Sparrow,0.7826,Tree Swallow,0.004,Northern Mockingbird,0.0029,True,1.0,0.7826,True,True,True
E3_location_only,House_Sparrow_12ft.wav,Birdsongs Recordings\12ft\House_Sparrow_12ft.wav,House Sparrow,House Sparrow,12ft,6.0,9.0,3.0,1.8360000000000003,0.6120000000000001,True,House Sparrow,0.5012,Tree Swallow,0.0008,Rock Pigeon,0.0007,True,1.0,0.5012,True,True,True
E3_location_only,House_Sparrow_12ft.wav,Birdsongs Recordings\12ft\House_Sparrow_12ft.wav,House Sparrow,House Sparrow,12ft,9.0,10.0,1.0,0.6420000000000012,0.6420000000000012,True,House Sparrow,0.2264,House Finch,0.0068,Townsend's Solitaire,0.0025,True,1.0,0.2264,True,True,True
E3_location_only,Lesser_Goldfinch_12ft.wav,Birdsongs Recordings\12ft\Lesser_Goldfinch_12ft.wav,Lesser Goldfinch,Lesser Goldfinch,12ft,0.0,3.0,3.0,3.0,1.0,True,Lesser Goldfinch,0.443,American Goldfinch,0.0072,Purple Finch,0.0041,True,1.0,0.443,True,True,True
E3_location_only,Lesser_Goldfinch_12ft.wav,Birdsongs Recordings\12ft\Lesser_Goldfinch_12ft.wav,Lesser Goldfinch,Lesser Goldfinch,12ft,3.0,6.0,3.0,2.3999999999999995,0.7999999999999998,True,Lazuli Bunting,0.0175,Lesser Goldfinch,0.0137,Black Phoebe,0.0131,True,2.0,0.0137,False,True,True
E3_location_only,Lesser_Goldfinch_12ft.wav,Birdsongs Recordings\12ft\Lesser_Goldfinch_12ft.wav,Lesser Goldfinch,Lesser Goldfinch,12ft,6.0,9.0,3.0,3.0,1.0,True,Lesser Goldfinch,0.3586,Lawrence's Goldfinch,0.0033,Black Phoebe,0.0025,True,1.0,0.3586,True,True,True
E3_location_only,Lesser_Goldfinch_12ft.wav,Birdsongs Recordings\12ft\Lesser_Goldfinch_12ft.wav,Lesser Goldfinch,Lesser Goldfinch,12ft,9.0,10.0,1.0,0.9920000000000009,0.9920000000000009,True,American Goldfinch,0.1928,Lesser Goldfinch,0.0033,House Finch,0.0007,True,2.0,0.0033,False,True,True
E3_location_only,Mourning_Dove_12ft.wav,Birdsongs Recordings\12ft\Mourning_Dove_12ft.wav,Mourning Dove,Mourning Dove,12ft,0.0,3.0,3.0,1.0,0.3333333333333333,True,Mourning Dove,0.4292,Eurasian Collared-Dove,0.0022,White-winged Dove,0.002,True,1.0,0.4292,True,True,True
E3_location_only,Mourning_Dove_12ft.wav,Birdsongs Recordings\12ft\Mourning_Dove_12ft.wav,Mourning Dove,Mourning Dove,12ft,3.0,6.0,3.0,2.3,0.7666666666666666,True,Mourning Dove,0.9556,Eurasian Collared-Dove,0.0205,Northern Cardinal,0.0015,True,1.0,0.9556,True,True,True
E3_location_only,Mourning_Dove_12ft.wav,Birdsongs Recordings\12ft\Mourning_Dove_12ft.wav,Mourning Dove,Mourning Dove,12ft,6.0,9.0,3.0,1.2999999999999998,0.4333333333333333,True,Eurasian Collared-Dove,0.2432,Mourning Dove,0.2079,Northern Cardinal,0.0041,True,2.0,0.2079,False,True,True
E3_location_only,Mourning_Dove_12ft.wav,Birdsongs Recordings\12ft\Mourning_Dove_12ft.wav,Mourning Dove,Mourning Dove,12ft,9.0,10.0,1.0,0.0,0.0,False,Barn Owl,0.0013,Common Poorwill,0.0009,Canada Goose,0.0008,False,,0.0,False,False,False
E3_location_only,Northern_House_Wren_12ft.wav,Birdsongs Recordings\12ft\Northern_House_Wren_12ft.wav,Northern House Wren,House Wren,12ft,0.0,3.0,3.0,2.7,0.9,True,House Wren,0.9864,Lincoln's Sparrow,0.0012,Western Wood-Pewee,0.001,True,1.0,0.9864,True,True,True
E3_location_only,Northern_House_Wren_12ft.wav,Birdsongs Recordings\12ft\Northern_House_Wren_12ft.wav,Northern House Wren,House Wren,12ft,3.0,6.0,3.0,0.8000000000000003,0.2666666666666668,True,Marsh Wren,0.4008,House Wren,0.3552,Bell's Vireo,0.1616,True,2.0,0.3552,False,True,True
E3_location_only,Northern_House_Wren_12ft.wav,Birdsongs Recordings\12ft\Northern_House_Wren_12ft.wav,Northern House Wren,House Wren,12ft,6.0,9.0,3.0,2.8000000000000007,0.9333333333333336,True,House Wren,0.9941,Western Wood-Pewee,0.0012,American Goldfinch,0.0012,True,1.0,0.9941,True,True,True
E3_location_only,Northern_House_Wren_12ft.wav,Birdsongs Recordings\12ft\Northern_House_Wren_12ft.wav,Northern House Wren,House Wren,12ft,9.0,10.0,1.0,0.0,0.0,False,House Wren,0.0022,Belted Kingfisher,0.0018,Downy Woodpecker,0.0017,True,1.0,0.0022,True,True,True
E3_location_only,Northern_Mockingbird_12ft.wav,Birdsongs Recordings\12ft\Northern_Mockingbird_12ft.wav,Northern Mockingbird,Northern Mockingbird,12ft,0.0,3.0,3.0,1.6499999999999997,0.5499999999999999,True,Northern Mockingbird,0.7178,Spotted Towhee,0.0013,Rock Wren,0.001,True,1.0,0.7178,True,True,True
E3_location_only,Northern_Mockingbird_12ft.wav,Birdsongs Recordings\12ft\Northern_Mockingbird_12ft.wav,Northern Mockingbird,Northern Mockingbird,12ft,3.0,6.0,3.0,1.1499999999999995,0.38333333333333314,True,Northern Mockingbird,0.2311,American Robin,0.0127,Great-tailed Grackle,0.007,True,1.0,0.2311,True,True,True
E3_location_only,Northern_Mockingbird_12ft.wav,Birdsongs Recordings\12ft\Northern_Mockingbird_12ft.wav,Northern Mockingbird,Northern Mockingbird,12ft,6.0,9.0,3.0,2.13,0.71,True,Northern Mockingbird,0.2763,Wrentit,0.0032,House Finch,0.0006,True,1.0,0.2763,True,True,True
E3_location_only,Northern_Mockingbird_12ft.wav,Birdsongs Recordings\12ft\Northern_Mockingbird_12ft.wav,Northern Mockingbird,Northern Mockingbird,12ft,9.0,10.0,1.0,0.27999999999999936,0.27999999999999936,True,Wrentit,0.0138,Great-tailed Grackle,0.0015,House Finch,0.0009,True,4.0,0.0008,False,False,True
E3_location_only,Northern_Yellow_Warbler_12ft.wav,Birdsongs Recordings\12ft\Northern_Yellow_Warbler_12ft.wav,Northern Yellow Warbler,Yellow Warbler,12ft,0.0,3.0,3.0,0.0,0.0,False,Osprey,0.0191,Northern Cardinal,0.0141,Canada Goose,0.0062,False,,0.0,False,False,False
E3_location_only,Northern_Yellow_Warbler_12ft.wav,Birdsongs Recordings\12ft\Northern_Yellow_Warbler_12ft.wav,Northern Yellow Warbler,Yellow Warbler,12ft,3.0,6.0,3.0,1.3499999999999996,0.4499999999999999,True,Yellow Warbler,0.8782,Wilson's Warbler,0.0172,Willow Flycatcher,0.006,True,1.0,0.8782,True,True,True
E3_location_only,Northern_Yellow_Warbler_12ft.wav,Birdsongs Recordings\12ft\Northern_Yellow_Warbler_12ft.wav,Northern Yellow Warbler,Yellow Warbler,12ft,6.0,9.0,3.0,0.09999999999999964,0.033333333333333215,False,Green-winged Teal,0.0139,Yellow Warbler,0.0071,Osprey,0.0069,True,2.0,0.0071,False,True,True
E3_location_only,Northern_Yellow_Warbler_12ft.wav,Birdsongs Recordings\12ft\Northern_Yellow_Warbler_12ft.wav,Northern Yellow Warbler,Yellow Warbler,12ft,9.0,10.0,1.0,0.0,0.0,False,White-breasted Nuthatch,0.092,Red-shouldered Hawk,0.0244,Osprey,0.0069,False,,0.0,False,False,False
E3_location_only,Oak_Titmouse_12ft.wav,Birdsongs Recordings\12ft\Oak_Titmouse_12ft.wav,Oak Titmouse,Oak Titmouse,12ft,0.0,3.0,3.0,1.3,0.43333333333333335,True,Oak Titmouse,0.0763,Rock Wren,0.0006,Northern Mockingbird,0.0005,True,1.0,0.0763,True,True,True
E3_location_only,Oak_Titmouse_12ft.wav,Birdsongs Recordings\12ft\Oak_Titmouse_12ft.wav,Oak Titmouse,Oak Titmouse,12ft,3.0,6.0,3.0,1.0000000000000004,0.3333333333333335,True,Oak Titmouse,0.9991,Spotted Towhee,0.0089,Rock Wren,0.0018,True,1.0,0.9991,True,True,True
E3_location_only,Oak_Titmouse_12ft.wav,Birdsongs Recordings\12ft\Oak_Titmouse_12ft.wav,Oak Titmouse,Oak Titmouse,12ft,6.0,9.0,3.0,1.4499999999999993,0.4833333333333331,True,Oak Titmouse,0.9985,California Towhee,0.0009,Bewick's Wren,0.0003,True,1.0,0.9985,True,True,True
E3_location_only,Oak_Titmouse_12ft.wav,Birdsongs Recordings\12ft\Oak_Titmouse_12ft.wav,Oak Titmouse,Oak Titmouse,12ft,9.0,10.0,1.0,0.9000000000000004,0.9000000000000004,True,Oak Titmouse,0.9983,California Towhee,0.0029,Spotted Towhee,0.0029,True,1.0,0.9983,True,True,True
E3_location_only,Rock_Pigeon_12ft.wav,Birdsongs Recordings\12ft\Rock_Pigeon_12ft.wav,Rock Pigeon,Rock Pigeon,12ft,0.0,3.0,3.0,1.5499999999999998,0.5166666666666666,True,Rock Pigeon,0.9946,American Crow,0.0561,Least Bittern,0.0025,True,1.0,0.9946,True,True,True
E3_location_only,Rock_Pigeon_12ft.wav,Birdsongs Recordings\12ft\Rock_Pigeon_12ft.wav,Rock Pigeon,Rock Pigeon,12ft,3.0,6.0,3.0,1.0499999999999998,0.3499999999999999,True,Rock Pigeon,0.9871,Band-tailed Pigeon,0.0007,Great Horned Owl,0.0001,True,1.0,0.9871,True,True,True
E3_location_only,Rock_Pigeon_12ft.wav,Birdsongs Recordings\12ft\Rock_Pigeon_12ft.wav,Rock Pigeon,Rock Pigeon,12ft,6.0,9.0,3.0,1.0999999999999996,0.36666666666666653,True,Rock Pigeon,0.9948,Great Horned Owl,0.0004,Band-tailed Pigeon,0.0003,True,1.0,0.9948,True,True,True
E3_location_only,Rock_Pigeon_12ft.wav,Birdsongs Recordings\12ft\Rock_Pigeon_12ft.wav,Rock Pigeon,Rock Pigeon,12ft,9.0,10.0,1.0,0.0,0.0,False,Hairy Woodpecker,0.0052,House Finch,0.004,Purple Finch,0.0037,False,,0.0,False,False,False
E3_location_only,Song_Sparrow_12ft.wav,Birdsongs Recordings\12ft\Song_Sparrow_12ft.wav,Song Sparrow,Song Sparrow,12ft,0.0,3.0,3.0,0.0,0.0,False,Song Sparrow,0.0095,Canada Goose,0.009,White-breasted Nuthatch,0.0059,True,1.0,0.0095,True,True,True
E3_location_only,Song_Sparrow_12ft.wav,Birdsongs Recordings\12ft\Song_Sparrow_12ft.wav,Song Sparrow,Song Sparrow,12ft,3.0,6.0,3.0,2.6500000000000004,0.8833333333333334,True,Song Sparrow,0.9502,Downy Woodpecker,0.0022,Savannah Sparrow,0.0018,True,1.0,0.9502,True,True,True
E3_location_only,Song_Sparrow_12ft.wav,Birdsongs Recordings\12ft\Song_Sparrow_12ft.wav,Song Sparrow,Song Sparrow,12ft,6.0,9.0,3.0,0.0,0.0,False,White-breasted Nuthatch,0.0366,Canada Goose,0.0338,Downy Woodpecker,0.0249,True,4.0,0.0133,False,False,True
E3_location_only,Song_Sparrow_12ft.wav,Birdsongs Recordings\12ft\Song_Sparrow_12ft.wav,Song Sparrow,Song Sparrow,12ft,9.0,10.0,1.0,0.0,0.0,False,Peregrine Falcon,0.0054,Barn Owl,0.0053,Red-tailed Hawk,0.0024,False,,0.0,False,False,False
E3_location_only,Spotted_Towhee_12ft.wav,Birdsongs Recordings\12ft\Spotted_Towhee_12ft.wav,Spotted Towhee,Spotted Towhee,12ft,0.0,3.0,3.0,1.3,0.43333333333333335,True,Spotted Towhee,0.9569,Green-tailed Towhee,0.0393,Lincoln's Sparrow,0.0012,True,1.0,0.9569,True,True,True
E3_location_only,Spotted_Towhee_12ft.wav,Birdsongs Recordings\12ft\Spotted_Towhee_12ft.wav,Spotted Towhee,Spotted Towhee,12ft,3.0,6.0,3.0,0.0,0.0,False,Canada Goose,0.0201,Song Sparrow,0.018,Rufous Hummingbird,0.0135,False,,0.0,False,False,False
E3_location_only,Spotted_Towhee_12ft.wav,Birdsongs Recordings\12ft\Spotted_Towhee_12ft.wav,Spotted Towhee,Spotted Towhee,12ft,6.0,9.0,3.0,1.3500000000000005,0.4500000000000002,True,Spotted Towhee,0.9848,Green-tailed Towhee,0.0615,MacGillivray's Warbler,0.001,True,1.0,0.9848,True,True,True
E3_location_only,Spotted_Towhee_12ft.wav,Birdsongs Recordings\12ft\Spotted_Towhee_12ft.wav,Spotted Towhee,Spotted Towhee,12ft,9.0,10.0,1.0,0.0,0.0,False,Common Loon,0.0034,Eurasian Collared-Dove,0.0016,Red-shouldered Hawk,0.0013,False,,0.0,False,False,False
E3_location_only,American_Robin_24ft.wav,Birdsongs Recordings\24ft\American_Robin_24ft.wav,American Robin,American Robin,24ft,0.0,3.0,3.0,2.45,0.8166666666666668,True,American Robin,0.6834,Northern Mockingbird,0.0084,Black-headed Grosbeak,0.0035,True,1.0,0.6834,True,True,True
E3_location_only,American_Robin_24ft.wav,Birdsongs Recordings\24ft\American_Robin_24ft.wav,American Robin,American Robin,24ft,3.0,6.0,3.0,1.9000000000000004,0.6333333333333334,True,American Robin,0.5256,Bufflehead,0.0045,White-breasted Nuthatch,0.0037,True,1.0,0.5256,True,True,True
E3_location_only,American_Robin_24ft.wav,Birdsongs Recordings\24ft\American_Robin_24ft.wav,American Robin,American Robin,24ft,6.0,9.0,3.0,1.4000000000000004,0.4666666666666668,True,American Robin,0.6638,Black-headed Grosbeak,0.0047,Northern Mockingbird,0.0013,True,1.0,0.6638,True,True,True
E3_location_only,American_Robin_24ft.wav,Birdsongs Recordings\24ft\American_Robin_24ft.wav,American Robin,American Robin,24ft,9.0,10.0,1.0,1.0,1.0,True,American Robin,0.6091,Black-headed Grosbeak,0.2571,Townsend's Solitaire,0.0126,True,1.0,0.6091,True,True,True
E3_location_only,Annas_Hummingbird_24ft.wav,Birdsongs Recordings\24ft\Annas_Hummingbird_24ft.wav,Anna's Hummingbird,Anna's Hummingbird,24ft,0.0,3.0,3.0,1.5,0.5,True,Anna's Hummingbird,0.797,Oak Titmouse,0.0025,Savannah Sparrow,0.0019,True,1.0,0.797,True,True,True
E3_location_only,Annas_Hummingbird_24ft.wav,Birdsongs Recordings\24ft\Annas_Hummingbird_24ft.wav,Anna's Hummingbird,Anna's Hummingbird,24ft,3.0,6.0,3.0,3.0,1.0,True,Anna's Hummingbird,0.9897,Chipping Sparrow,0.0038,Bewick's Wren,0.0025,True,1.0,0.9897,True,True,True
E3_location_only,Annas_Hummingbird_24ft.wav,Birdsongs Recordings\24ft\Annas_Hummingbird_24ft.wav,Anna's Hummingbird,Anna's Hummingbird,24ft,6.0,9.0,3.0,3.0,1.0,True,Anna's Hummingbird,0.9968,Pacific-slope Flycatcher,0.0055,Brown-headed Cowbird,0.0045,True,1.0,0.9968,True,True,True
E3_location_only,Annas_Hummingbird_24ft.wav,Birdsongs Recordings\24ft\Annas_Hummingbird_24ft.wav,Anna's Hummingbird,Anna's Hummingbird,24ft,9.0,10.0,1.0,0.6999999999999993,0.6999999999999993,True,Anna's Hummingbird,0.8778,Bewick's Wren,0.0032,Savannah Sparrow,0.0028,True,1.0,0.8778,True,True,True
E3_location_only,Barn_Swallow_24ft.wav,Birdsongs Recordings\24ft\Barn_Swallow_24ft.wav,Barn Swallow,Barn Swallow,24ft,0.0,3.0,3.0,2.7,0.9,True,Barn Swallow,0.9924,Virginia Rail,0.0172,Western Kingbird,0.003,True,1.0,0.9924,True,True,True
E3_location_only,Barn_Swallow_24ft.wav,Birdsongs Recordings\24ft\Barn_Swallow_24ft.wav,Barn Swallow,Barn Swallow,24ft,3.0,6.0,3.0,3.0,1.0,True,Barn Swallow,0.6192,Cliff Swallow,0.1638,Western Kingbird,0.1061,True,1.0,0.6192,True,True,True
E3_location_only,Barn_Swallow_24ft.wav,Birdsongs Recordings\24ft\Barn_Swallow_24ft.wav,Barn Swallow,Barn Swallow,24ft,6.0,9.0,3.0,3.0,1.0,True,Barn Swallow,0.5563,House Finch,0.0228,House Sparrow,0.0156,True,1.0,0.5563,True,True,True
E3_location_only,Barn_Swallow_24ft.wav,Birdsongs Recordings\24ft\Barn_Swallow_24ft.wav,Barn Swallow,Barn Swallow,24ft,9.0,10.0,1.0,0.1999999999999993,0.1999999999999993,False,Nashville Warbler,0.0083,Northern Cardinal,0.0061,American Crow,0.0053,False,,0.0,False,False,False
E3_location_only,Bewicks_Wren_24ft.wav,Birdsongs Recordings\24ft\Bewicks_Wren_24ft.wav,Bewick's Wren,Bewick's Wren,24ft,0.0,3.0,3.0,2.4,0.7999999999999999,True,Bewick's Wren,0.1983,Song Sparrow,0.1771,Northern Mockingbird,0.0136,True,1.0,0.1983,True,True,True
E3_location_only,Bewicks_Wren_24ft.wav,Birdsongs Recordings\24ft\Bewicks_Wren_24ft.wav,Bewick's Wren,Bewick's Wren,24ft,3.0,6.0,3.0,0.0,0.0,False,Merlin,0.0039,Wood Duck,0.0032,Swainson's Thrush,0.0028,False,,0.0,False,False,False
E3_location_only,Bewicks_Wren_24ft.wav,Birdsongs Recordings\24ft\Bewicks_Wren_24ft.wav,Bewick's Wren,Bewick's Wren,24ft,6.0,9.0,3.0,0.0,0.0,False,Northern Cardinal,0.0065,White-breasted Nuthatch,0.0048,Canada Goose,0.0031,False,,0.0,False,False,False
E3_location_only,Bewicks_Wren_24ft.wav,Birdsongs Recordings\24ft\Bewicks_Wren_24ft.wav,Bewick's Wren,Bewick's Wren,24ft,9.0,10.0,1.0,0.0,0.0,False,Townsend's Solitaire,0.0074,Song Sparrow,0.0036,Red-breasted Nuthatch,0.0033,False,,0.0,False,False,False
E3_location_only,Black_Phoebe_24ft.wav,Birdsongs Recordings\24ft\Black_Phoebe_24ft.wav,Black Phoebe,Black Phoebe,24ft,0.0,3.0,3.0,0.7500000000000002,0.25000000000000006,True,Black Phoebe,0.9962,Cooper's Hawk,0.0047,White-breasted Nuthatch,0.0025,True,1.0,0.9962,True,True,True
E3_location_only,Black_Phoebe_24ft.wav,Birdsongs Recordings\24ft\Black_Phoebe_24ft.wav,Black Phoebe,Black Phoebe,24ft,3.0,6.0,3.0,0.8999999999999999,0.3,True,Black Phoebe,0.9939,Say's Phoebe,0.0041,Cooper's Hawk,0.0031,True,1.0,0.9939,True,True,True
E3_location_only,Black_Phoebe_24ft.wav,Birdsongs Recordings\24ft\Black_Phoebe_24ft.wav,Black Phoebe,Black Phoebe,24ft,6.0,9.0,3.0,0.7999999999999989,0.26666666666666633,True,Black Phoebe,0.9927,Hairy Woodpecker,0.0104,Savannah Sparrow,0.0073,True,1.0,0.9927,True,True,True
E3_location_only,Black_Phoebe_24ft.wav,Birdsongs Recordings\24ft\Black_Phoebe_24ft.wav,Black Phoebe,Black Phoebe,24ft,9.0,10.0,1.0,0.40000000000000036,0.40000000000000036,True,Black Phoebe,0.9995,Pacific-slope Flycatcher,0.0009,Cooper's Hawk,0.0006,True,1.0,0.9995,True,True,True
E3_location_only,California_Towhee_24ft.wav,Birdsongs Recordings\24ft\California_Towhee_24ft.wav,California Towhee,California Towhee,24ft,0.0,3.0,3.0,1.35,0.45,True,California Towhee,0.9971,Orange-crowned Warbler,0.0055,Spotted Towhee,0.0038,True,1.0,0.9971,True,True,True
E3_location_only,California_Towhee_24ft.wav,Birdsongs Recordings\24ft\California_Towhee_24ft.wav,California Towhee,California Towhee,24ft,3.0,6.0,3.0,0.0,0.0,False,Canada Goose,0.0499,Northern Cardinal,0.0103,White-breasted Nuthatch,0.0093,False,,0.0,False,False,False
E3_location_only,California_Towhee_24ft.wav,Birdsongs Recordings\24ft\California_Towhee_24ft.wav,California Towhee,California Towhee,24ft,6.0,9.0,3.0,1.4499999999999993,0.4833333333333331,True,California Towhee,0.9705,Abert's Towhee,0.0092,Spotted Towhee,0.0045,True,1.0,0.9705,True,True,True
E3_location_only,California_Towhee_24ft.wav,Birdsongs Recordings\24ft\California_Towhee_24ft.wav,California Towhee,California Towhee,24ft,9.0,10.0,1.0,0.0,0.0,False,American Crow,0.0034,Red-shouldered Hawk,0.0033,Cooper's Hawk,0.0032,False,,0.0,False,False,False
E3_location_only,Dark_eyed_Junco_24ft.wav,Birdsongs Recordings\24ft\Dark_eyed_Junco_24ft.wav,Dark-eyed Junco,Dark-eyed Junco,24ft,0.0,3.0,3.0,1.7500000000000002,0.5833333333333334,True,Dark-eyed Junco,0.6723,Chipping Sparrow,0.091,Brown Creeper,0.0125,True,1.0,0.6723,True,True,True
E3_location_only,Dark_eyed_Junco_24ft.wav,Birdsongs Recordings\24ft\Dark_eyed_Junco_24ft.wav,Dark-eyed Junco,Dark-eyed Junco,24ft,3.0,6.0,3.0,0.0,0.0,False,Canada Goose,0.0409,Northern Cardinal,0.0368,Song Sparrow,0.0131,False,,0.0,False,False,False
E3_location_only,Dark_eyed_Junco_24ft.wav,Birdsongs Recordings\24ft\Dark_eyed_Junco_24ft.wav,Dark-eyed Junco,Dark-eyed Junco,24ft,6.0,9.0,3.0,1.8500000000000005,0.6166666666666668,True,Dark-eyed Junco,0.9113,Chipping Sparrow,0.0556,Yellow-rumped Warbler,0.0043,True,1.0,0.9113,True,True,True
E3_location_only,Dark_eyed_Junco_24ft.wav,Birdsongs Recordings\24ft\Dark_eyed_Junco_24ft.wav,Dark-eyed Junco,Dark-eyed Junco,24ft,9.0,10.0,1.0,0.0,0.0,False,Red-shouldered Hawk,0.008,Anna's Hummingbird,0.0046,Red-tailed Hawk,0.0042,False,,0.0,False,False,False
E3_location_only,European_Starling_24ft.wav,Birdsongs Recordings\24ft\European_Starling_24ft.wav,European Starling,European Starling,24ft,0.0,3.0,3.0,2.6,0.8666666666666667,True,American Robin,0.1228,Hairy Woodpecker,0.0192,Chipping Sparrow,0.0166,True,11.0,0.0036,False,False,False
E3_location_only,European_Starling_24ft.wav,Birdsongs Recordings\24ft\European_Starling_24ft.wav,European Starling,European Starling,24ft,3.0,6.0,3.0,3.0,1.0,True,American Robin,0.1241,European Starling,0.0319,Dark-eyed Junco,0.0074,True,2.0,0.0319,False,True,True
E3_location_only,European_Starling_24ft.wav,Birdsongs Recordings\24ft\European_Starling_24ft.wav,European Starling,European Starling,24ft,6.0,9.0,3.0,3.0,1.0,True,European Starling,0.2317,Pacific-slope Flycatcher,0.0284,Golden-crowned Sparrow,0.0251,True,1.0,0.2317,True,True,True
E3_location_only,European_Starling_24ft.wav,Birdsongs Recordings\24ft\European_Starling_24ft.wav,European Starling,European Starling,24ft,9.0,10.0,1.0,1.0,1.0,True,European Starling,0.0419,Swainson's Thrush,0.0123,Wild Turkey,0.0044,True,1.0,0.0419,True,True,True
E3_location_only,Hooded_Oriole_24ft.wav,Birdsongs Recordings\24ft\Hooded_Oriole_24ft.wav,Hooded Oriole,Hooded Oriole,24ft,0.0,3.0,3.0,1.35,0.45,True,Hooded Oriole,0.9843,House Sparrow,0.0132,Bullock's Oriole,0.0061,True,1.0,0.9843,True,True,True
E3_location_only,Hooded_Oriole_24ft.wav,Birdsongs Recordings\24ft\Hooded_Oriole_24ft.wav,Hooded Oriole,Hooded Oriole,24ft,3.0,6.0,3.0,1.6500000000000008,0.5500000000000003,True,Hooded Oriole,0.2034,Loggerhead Shrike,0.0029,Virginia Rail,0.0026,True,1.0,0.2034,True,True,True
E3_location_only,Hooded_Oriole_24ft.wav,Birdsongs Recordings\24ft\Hooded_Oriole_24ft.wav,Hooded Oriole,Hooded Oriole,24ft,6.0,9.0,3.0,2.4000000000000004,0.8000000000000002,True,Hooded Oriole,0.9707,Bullock's Oriole,0.0209,Western Kingbird,0.0058,True,1.0,0.9707,True,True,True
E3_location_only,Hooded_Oriole_24ft.wav,Birdsongs Recordings\24ft\Hooded_Oriole_24ft.wav,Hooded Oriole,Hooded Oriole,24ft,9.0,10.0,1.0,0.8499999999999996,0.8499999999999996,True,Western Tanager,0.9048,Hooded Oriole,0.4005,Fox Sparrow,0.0586,True,2.0,0.4005,False,True,True
E3_location_only,House_Finch_24ft.wav,Birdsongs Recordings\24ft\House_Finch_24ft.wav,House Finch,House Finch,24ft,0.0,3.0,3.0,2.55,0.85,True,House Finch,0.4622,Purple Finch,0.0189,Northern Mockingbird,0.0042,True,1.0,0.4622,True,True,True
E3_location_only,House_Finch_24ft.wav,Birdsongs Recordings\24ft\House_Finch_24ft.wav,House Finch,House Finch,24ft,3.0,6.0,3.0,0.6999999999999997,0.23333333333333325,True,Blue Grosbeak,0.0201,Purple Finch,0.0095,House Finch,0.0024,True,3.0,0.0024,False,True,True
E3_location_only,House_Finch_24ft.wav,Birdsongs Recordings\24ft\House_Finch_24ft.wav,House Finch,House Finch,24ft,6.0,9.0,3.0,2.0,0.6666666666666666,True,House Finch,0.1103,Purple Finch,0.0086,Fox Sparrow,0.0023,True,1.0,0.1103,True,True,True
E3_location_only,House_Finch_24ft.wav,Birdsongs Recordings\24ft\House_Finch_24ft.wav,House Finch,House Finch,24ft,9.0,10.0,1.0,0.0,0.0,False,Red-shouldered Hawk,0.0034,Red-tailed Hawk,0.0025,Belted Kingfisher,0.0023,False,,0.0,False,False,False
E3_location_only,House_Sparrow_24ft.wav,Birdsongs Recordings\24ft\House_Sparrow_24ft.wav,House Sparrow,House Sparrow,24ft,0.0,3.0,3.0,1.7420000000000002,0.5806666666666668,True,House Sparrow,0.483,Purple Finch,0.0042,American Robin,0.0042,True,1.0,0.483,True,True,True
E3_location_only,House_Sparrow_24ft.wav,Birdsongs Recordings\24ft\House_Sparrow_24ft.wav,House Sparrow,House Sparrow,24ft,3.0,6.0,3.0,1.8359999999999999,0.612,True,House Sparrow,0.8031,Northern Mockingbird,0.0068,White-winged Dove,0.0049,True,1.0,0.8031,True,True,True
E3_location_only,House_Sparrow_24ft.wav,Birdsongs Recordings\24ft\House_Sparrow_24ft.wav,House Sparrow,House Sparrow,24ft,6.0,9.0,3.0,1.8360000000000003,0.6120000000000001,True,House Sparrow,0.7361,Northern Mockingbird,0.0067,White-winged Dove,0.0063,True,1.0,0.7361,True,True,True
E3_location_only,House_Sparrow_24ft.wav,Birdsongs Recordings\24ft\House_Sparrow_24ft.wav,House Sparrow,House Sparrow,24ft,9.0,10.0,1.0,0.6420000000000012,0.6420000000000012,True,House Sparrow,0.1614,Black-headed Grosbeak,0.0054,Townsend's Solitaire,0.0012,True,1.0,0.1614,True,True,True
E3_location_only,Lesser_Goldfinch_24ft.wav,Birdsongs Recordings\24ft\Lesser_Goldfinch_24ft.wav,Lesser Goldfinch,Lesser Goldfinch,24ft,0.0,3.0,3.0,3.0,1.0,True,Lesser Goldfinch,0.1727,House Wren,0.0295,Purple Finch,0.0046,True,1.0,0.1727,True,True,True
E3_location_only,Lesser_Goldfinch_24ft.wav,Birdsongs Recordings\24ft\Lesser_Goldfinch_24ft.wav,Lesser Goldfinch,Lesser Goldfinch,24ft,3.0,6.0,3.0,2.3999999999999995,0.7999999999999998,True,Lazuli Bunting,0.0542,Fox Sparrow,0.0114,American Kestrel,0.0103,True,7.0,0.004,False,False,False
E3_location_only,Lesser_Goldfinch_24ft.wav,Birdsongs Recordings\24ft\Lesser_Goldfinch_24ft.wav,Lesser Goldfinch,Lesser Goldfinch,24ft,6.0,9.0,3.0,3.0,1.0,True,Lesser Goldfinch,0.1502,Abert's Towhee,0.0153,Wild Turkey,0.0129,True,1.0,0.1502,True,True,True
E3_location_only,Lesser_Goldfinch_24ft.wav,Birdsongs Recordings\24ft\Lesser_Goldfinch_24ft.wav,Lesser Goldfinch,Lesser Goldfinch,24ft,9.0,10.0,1.0,0.9920000000000009,0.9920000000000009,True,American Goldfinch,0.0691,Lesser Goldfinch,0.0012,Hutton's Vireo,0.0005,True,2.0,0.0012,False,True,True
E3_location_only,Mourning_Dove_24ft.wav,Birdsongs Recordings\24ft\Mourning_Dove_24ft.wav,Mourning Dove,Mourning Dove,24ft,0.0,3.0,3.0,1.0,0.3333333333333333,True,Mourning Dove,0.8334,Eurasian Collared-Dove,0.0028,White-winged Dove,0.0026,True,1.0,0.8334,True,True,True
E3_location_only,Mourning_Dove_24ft.wav,Birdsongs Recordings\24ft\Mourning_Dove_24ft.wav,Mourning Dove,Mourning Dove,24ft,3.0,6.0,3.0,2.3,0.7666666666666666,True,Mourning Dove,0.9472,Eurasian Collared-Dove,0.0078,White-winged Dove,0.0038,True,1.0,0.9472,True,True,True
E3_location_only,Mourning_Dove_24ft.wav,Birdsongs Recordings\24ft\Mourning_Dove_24ft.wav,Mourning Dove,Mourning Dove,24ft,6.0,9.0,3.0,1.2999999999999998,0.4333333333333333,True,Mourning Dove,0.6993,Eurasian Collared-Dove,0.0994,Red-shouldered Hawk,0.0043,True,1.0,0.6993,True,True,True
E3_location_only,Mourning_Dove_24ft.wav,Birdsongs Recordings\24ft\Mourning_Dove_24ft.wav,Mourning Dove,Mourning Dove,24ft,9.0,10.0,1.0,0.0,0.0,False,Red-shouldered Hawk,0.0011,Black Phoebe,0.0009,Swainson's Thrush,0.0006,False,,0.0,False,False,False
E3_location_only,Northern_House_Wren_24ft.wav,Birdsongs Recordings\24ft\Northern_House_Wren_24ft.wav,Northern House Wren,House Wren,24ft,0.0,3.0,3.0,2.7,0.9,True,House Wren,0.9771,American Goldfinch,0.0033,Orange-crowned Warbler,0.0023,True,1.0,0.9771,True,True,True
E3_location_only,Northern_House_Wren_24ft.wav,Birdsongs Recordings\24ft\Northern_House_Wren_24ft.wav,Northern House Wren,House Wren,24ft,3.0,6.0,3.0,0.8000000000000003,0.2666666666666668,True,Marsh Wren,0.6286,House Wren,0.4358,Bell's Vireo,0.0278,True,2.0,0.4358,False,True,True
E3_location_only,Northern_House_Wren_24ft.wav,Birdsongs Recordings\24ft\Northern_House_Wren_24ft.wav,Northern House Wren,House Wren,24ft,6.0,9.0,3.0,2.8000000000000007,0.9333333333333336,True,House Wren,0.9749,Mourning Dove,0.0093,White-breasted Nuthatch,0.0022,True,1.0,0.9749,True,True,True
E3_location_only,Northern_House_Wren_24ft.wav,Birdsongs Recordings\24ft\Northern_House_Wren_24ft.wav,Northern House Wren,House Wren,24ft,9.0,10.0,1.0,0.0,0.0,False,Red-shouldered Hawk,0.0014,Barn Owl,0.0009,Wild Turkey,0.0008,False,,0.0,False,False,False
E3_location_only,Northern_Mockingbird_24ft.wav,Birdsongs Recordings\24ft\Northern_Mockingbird_24ft.wav,Northern Mockingbird,Northern Mockingbird,24ft,0.0,3.0,3.0,1.6499999999999997,0.5499999999999999,True,Northern Mockingbird,0.1083,Spotted Towhee,0.0009,Rock Wren,0.0003,True,1.0,0.1083,True,True,True
E3_location_only,Northern_Mockingbird_24ft.wav,Birdsongs Recordings\24ft\Northern_Mockingbird_24ft.wav,Northern Mockingbird,Northern Mockingbird,24ft,3.0,6.0,3.0,1.1499999999999995,0.38333333333333314,True,Great-tailed Grackle,0.0616,Nuttall's Woodpecker,0.0357,Northern Mockingbird,0.0316,True,3.0,0.0316,False,True,True
E3_location_only,Northern_Mockingbird_24ft.wav,Birdsongs Recordings\24ft\Northern_Mockingbird_24ft.wav,Northern Mockingbird,Northern Mockingbird,24ft,6.0,9.0,3.0,2.13,0.71,True,Northern Mockingbird,0.3493,Wrentit,0.0032,Great-tailed Grackle,0.0018,True,1.0,0.3493,True,True,True
E3_location_only,Northern_Mockingbird_24ft.wav,Birdsongs Recordings\24ft\Northern_Mockingbird_24ft.wav,Northern Mockingbird,Northern Mockingbird,24ft,9.0,10.0,1.0,0.27999999999999936,0.27999999999999936,True,Great-tailed Grackle,0.0022,Wrentit,0.0009,House Finch,0.0002,True,6.0,0.0001,False,False,False
E3_location_only,Northern_Yellow_Warbler_24ft.wav,Birdsongs Recordings\24ft\Northern_Yellow_Warbler_24ft.wav,Northern Yellow Warbler,Yellow Warbler,24ft,0.0,3.0,3.0,0.0,0.0,False,White-breasted Nuthatch,0.0071,Black-crowned Night-Heron,0.0037,American Goldfinch,0.0036,False,,0.0,False,False,False
E3_location_only,Northern_Yellow_Warbler_24ft.wav,Birdsongs Recordings\24ft\Northern_Yellow_Warbler_24ft.wav,Northern Yellow Warbler,Yellow Warbler,24ft,3.0,6.0,3.0,1.3499999999999996,0.4499999999999999,True,Yellow Warbler,0.6093,Mourning Dove,0.1114,Common Ground Dove,0.0281,True,1.0,0.6093,True,True,True
E3_location_only,Northern_Yellow_Warbler_24ft.wav,Birdsongs Recordings\24ft\Northern_Yellow_Warbler_24ft.wav,Northern Yellow Warbler,Yellow Warbler,24ft,6.0,9.0,3.0,0.09999999999999964,0.033333333333333215,False,Mourning Dove,0.0183,Yellow Warbler,0.0135,American Crow,0.0105,True,2.0,0.0135,False,True,True
E3_location_only,Northern_Yellow_Warbler_24ft.wav,Birdsongs Recordings\24ft\Northern_Yellow_Warbler_24ft.wav,Northern Yellow Warbler,Yellow Warbler,24ft,9.0,10.0,1.0,0.0,0.0,False,Barn Owl,0.0016,Red-shouldered Hawk,0.0016,Wood Duck,0.0015,False,,0.0,False,False,False
E3_location_only,Oak_Titmouse_24ft.wav,Birdsongs Recordings\24ft\Oak_Titmouse_24ft.wav,Oak Titmouse,Oak Titmouse,24ft,0.0,3.0,3.0,1.3,0.43333333333333335,True,Oak Titmouse,0.0374,Rock Wren,0.0013,Great-tailed Grackle,0.0008,True,1.0,0.0374,True,True,True
E3_location_only,Oak_Titmouse_24ft.wav,Birdsongs Recordings\24ft\Oak_Titmouse_24ft.wav,Oak Titmouse,Oak Titmouse,24ft,3.0,6.0,3.0,1.0000000000000004,0.3333333333333335,True,Oak Titmouse,0.9987,Spotted Towhee,0.0028,Rock Wren,0.0016,True,1.0,0.9987,True,True,True
E3_location_only,Oak_Titmouse_24ft.wav,Birdsongs Recordings\24ft\Oak_Titmouse_24ft.wav,Oak Titmouse,Oak Titmouse,24ft,6.0,9.0,3.0,1.4499999999999993,0.4833333333333331,True,Oak Titmouse,0.9995,California Towhee,0.0014,Rock Wren,0.0006,True,1.0,0.9995,True,True,True
E3_location_only,Oak_Titmouse_24ft.wav,Birdsongs Recordings\24ft\Oak_Titmouse_24ft.wav,Oak Titmouse,Oak Titmouse,24ft,9.0,10.0,1.0,0.9000000000000004,0.9000000000000004,True,Oak Titmouse,0.9978,Spotted Towhee,0.0136,California Towhee,0.0077,True,1.0,0.9978,True,True,True
E3_location_only,Rock_Pigeon_24ft.wav,Birdsongs Recordings\24ft\Rock_Pigeon_24ft.wav,Rock Pigeon,Rock Pigeon,24ft,0.0,3.0,3.0,1.5499999999999998,0.5166666666666666,True,Rock Pigeon,0.9708,Least Bittern,0.0002,Great Horned Owl,0.0001,True,1.0,0.9708,True,True,True
E3_location_only,Rock_Pigeon_24ft.wav,Birdsongs Recordings\24ft\Rock_Pigeon_24ft.wav,Rock Pigeon,Rock Pigeon,24ft,3.0,6.0,3.0,1.0499999999999998,0.3499999999999999,True,Rock Pigeon,0.9629,Least Bittern,0.0005,Great Horned Owl,0.0002,True,1.0,0.9629,True,True,True
E3_location_only,Rock_Pigeon_24ft.wav,Birdsongs Recordings\24ft\Rock_Pigeon_24ft.wav,Rock Pigeon,Rock Pigeon,24ft,6.0,9.0,3.0,1.0999999999999996,0.36666666666666653,True,Rock Pigeon,0.9938,Great Horned Owl,0.0004,Least Bittern,0.0004,True,1.0,0.9938,True,True,True
E3_location_only,Rock_Pigeon_24ft.wav,Birdsongs Recordings\24ft\Rock_Pigeon_24ft.wav,Rock Pigeon,Rock Pigeon,24ft,9.0,10.0,1.0,0.0,0.0,False,Red-shouldered Hawk,0.002,Red-tailed Hawk,0.0011,White-breasted Nuthatch,0.0011,False,,0.0,False,False,False
E3_location_only,Song_Sparrow_24ft.wav,Birdsongs Recordings\24ft\Song_Sparrow_24ft.wav,Song Sparrow,Song Sparrow,24ft,0.0,3.0,3.0,0.0,0.0,False,White-breasted Nuthatch,0.0016,Black-crowned Night-Heron,0.0015,Canada Goose,0.0012,False,,0.0,False,False,False
E3_location_only,Song_Sparrow_24ft.wav,Birdsongs Recordings\24ft\Song_Sparrow_24ft.wav,Song Sparrow,Song Sparrow,24ft,3.0,6.0,3.0,2.6500000000000004,0.8833333333333334,True,Song Sparrow,0.6543,Willow Flycatcher,0.0024,Downy Woodpecker,0.0022,True,1.0,0.6543,True,True,True
E3_location_only,Song_Sparrow_24ft.wav,Birdsongs Recordings\24ft\Song_Sparrow_24ft.wav,Song Sparrow,Song Sparrow,24ft,6.0,9.0,3.0,0.0,0.0,False,White-breasted Nuthatch,0.0128,Canada Goose,0.0125,American Crow,0.0077,True,16.0,0.002,False,False,False
E3_location_only,Song_Sparrow_24ft.wav,Birdsongs Recordings\24ft\Song_Sparrow_24ft.wav,Song Sparrow,Song Sparrow,24ft,9.0,10.0,1.0,0.0,0.0,False,Anna's Hummingbird,0.0077,Red-shouldered Hawk,0.0069,Cooper's Hawk,0.006,False,,0.0,False,False,False
E3_location_only,Spotted_Towhee_24ft.wav,Birdsongs Recordings\24ft\Spotted_Towhee_24ft.wav,Spotted Towhee,Spotted Towhee,24ft,0.0,3.0,3.0,1.3,0.43333333333333335,True,Spotted Towhee,0.8805,Green-tailed Towhee,0.0601,Lincoln's Sparrow,0.0034,True,1.0,0.8805,True,True,True
E3_location_only,Spotted_Towhee_24ft.wav,Birdsongs Recordings\24ft\Spotted_Towhee_24ft.wav,Spotted Towhee,Spotted Towhee,24ft,3.0,6.0,3.0,0.0,0.0,False,Barn Owl,0.0049,Black-crowned Night-Heron,0.0039,White-breasted Nuthatch,0.0009,False,,0.0,False,False,False
E3_location_only,Spotted_Towhee_24ft.wav,Birdsongs Recordings\24ft\Spotted_Towhee_24ft.wav,Spotted Towhee,Spotted Towhee,24ft,6.0,9.0,3.0,1.3500000000000005,0.4500000000000002,True,Spotted Towhee,0.9325,Green-tailed Towhee,0.0373,MacGillivray's Warbler,0.0009,True,1.0,0.9325,True,True,True
E3_location_only,Spotted_Towhee_24ft.wav,Birdsongs Recordings\24ft\Spotted_Towhee_24ft.wav,Spotted Towhee,Spotted Towhee,24ft,9.0,10.0,1.0,0.0,0.0,False,Barn Owl,0.0014,Red-tailed Hawk,0.0012,Cooper's Hawk,0.001,False,,0.0,False,False,False
E3_location_only,American_Robin_36ft.wav,Birdsongs Recordings\36ft\American_Robin_36ft.wav,American Robin,American Robin,36ft,0.0,3.0,3.0,2.45,0.8166666666666668,True,American Robin,0.5239,Black-headed Grosbeak,0.0038,Wild Turkey,0.0022,True,1.0,0.5239,True,True,True
E3_location_only,American_Robin_36ft.wav,Birdsongs Recordings\36ft\American_Robin_36ft.wav,American Robin,American Robin,36ft,3.0,6.0,3.0,1.9000000000000004,0.6333333333333334,True,American Robin,0.5516,Bufflehead,0.0096,Marsh Wren,0.0057,True,1.0,0.5516,True,True,True
E3_location_only,American_Robin_36ft.wav,Birdsongs Recordings\36ft\American_Robin_36ft.wav,American Robin,American Robin,36ft,6.0,9.0,3.0,1.4000000000000004,0.4666666666666668,True,American Robin,0.5,Brewer's Blackbird,0.0058,Wild Turkey,0.0038,True,1.0,0.5,True,True,True
E3_location_only,American_Robin_36ft.wav,Birdsongs Recordings\36ft\American_Robin_36ft.wav,American Robin,American Robin,36ft,9.0,10.0,1.0,1.0,1.0,True,American Robin,0.3919,Black-headed Grosbeak,0.022,Black-throated Gray Warbler,0.0044,True,1.0,0.3919,True,True,True
E3_location_only,Annas_Hummingbird_36ft.wav,Birdsongs Recordings\36ft\Annas_Hummingbird_36ft.wav,Anna's Hummingbird,Anna's Hummingbird,36ft,0.0,3.0,3.0,1.5,0.5,True,Anna's Hummingbird,0.9352,Northern Flicker,0.0017,House Wren,0.0016,True,1.0,0.9352,True,True,True
E3_location_only,Annas_Hummingbird_36ft.wav,Birdsongs Recordings\36ft\Annas_Hummingbird_36ft.wav,Anna's Hummingbird,Anna's Hummingbird,36ft,3.0,6.0,3.0,3.0,1.0,True,Anna's Hummingbird,0.8789,Northern Flicker,0.0178,American Robin,0.0091,True,1.0,0.8789,True,True,True
E3_location_only,Annas_Hummingbird_36ft.wav,Birdsongs Recordings\36ft\Annas_Hummingbird_36ft.wav,Anna's Hummingbird,Anna's Hummingbird,36ft,6.0,9.0,3.0,3.0,1.0,True,Anna's Hummingbird,0.9977,Barn Swallow,0.0046,Pacific-slope Flycatcher,0.0034,True,1.0,0.9977,True,True,True
E3_location_only,Annas_Hummingbird_36ft.wav,Birdsongs Recordings\36ft\Annas_Hummingbird_36ft.wav,Anna's Hummingbird,Anna's Hummingbird,36ft,9.0,10.0,1.0,0.6999999999999993,0.6999999999999993,True,Anna's Hummingbird,0.9531,Chestnut-backed Chickadee,0.0093,Rufous Hummingbird,0.0051,True,1.0,0.9531,True,True,True
E3_location_only,Barn_Swallow_36ft.wav,Birdsongs Recordings\36ft\Barn_Swallow_36ft.wav,Barn Swallow,Barn Swallow,36ft,0.0,3.0,3.0,2.7,0.9,True,Barn Swallow,0.9801,Canada Goose,0.0023,Great Blue Heron,0.0016,True,1.0,0.9801,True,True,True
E3_location_only,Barn_Swallow_36ft.wav,Birdsongs Recordings\36ft\Barn_Swallow_36ft.wav,Barn Swallow,Barn Swallow,36ft,3.0,6.0,3.0,3.0,1.0,True,Barn Swallow,0.788,Cliff Swallow,0.0313,Western Kingbird,0.0094,True,1.0,0.788,True,True,True
E3_location_only,Barn_Swallow_36ft.wav,Birdsongs Recordings\36ft\Barn_Swallow_36ft.wav,Barn Swallow,Barn Swallow,36ft,6.0,9.0,3.0,3.0,1.0,True,Barn Swallow,0.4614,Cliff Swallow,0.002,Western Kingbird,0.0014,True,1.0,0.4614,True,True,True
E3_location_only,Barn_Swallow_36ft.wav,Birdsongs Recordings\36ft\Barn_Swallow_36ft.wav,Barn Swallow,Barn Swallow,36ft,9.0,10.0,1.0,0.1999999999999993,0.1999999999999993,False,Black-throated Gray Warbler,0.0016,Nashville Warbler,0.0014,Sharp-shinned Hawk,0.0011,False,,0.0,False,False,False
E3_location_only,Bewicks_Wren_36ft.wav,Birdsongs Recordings\36ft\Bewicks_Wren_36ft.wav,Bewick's Wren,Bewick's Wren,36ft,0.0,3.0,3.0,2.4,0.7999999999999999,True,Bewick's Wren,0.4043,Song Sparrow,0.026,Spotted Towhee,0.0218,True,1.0,0.4043,True,True,True
E3_location_only,Bewicks_Wren_36ft.wav,Birdsongs Recordings\36ft\Bewicks_Wren_36ft.wav,Bewick's Wren,Bewick's Wren,36ft,3.0,6.0,3.0,0.0,0.0,False,Hairy Woodpecker,0.0106,MacGillivray's Warbler,0.0065,Brown Creeper,0.0061,False,,0.0,False,False,False
E3_location_only,Bewicks_Wren_36ft.wav,Birdsongs Recordings\36ft\Bewicks_Wren_36ft.wav,Bewick's Wren,Bewick's Wren,36ft,6.0,9.0,3.0,0.0,0.0,False,Merlin,0.0054,Hairy Woodpecker,0.0036,Canada Goose,0.0035,False,,0.0,False,False,False
E3_location_only,Bewicks_Wren_36ft.wav,Birdsongs Recordings\36ft\Bewicks_Wren_36ft.wav,Bewick's Wren,Bewick's Wren,36ft,9.0,10.0,1.0,0.0,0.0,False,Great Horned Owl,0.0023,Olive-sided Flycatcher,0.0015,Brown Creeper,0.0015,False,,0.0,False,False,False
E3_location_only,Black_Phoebe_36ft.wav,Birdsongs Recordings\36ft\Black_Phoebe_36ft.wav,Black Phoebe,Black Phoebe,36ft,0.0,3.0,3.0,0.7500000000000002,0.25000000000000006,True,Black Phoebe,0.9994,Cooper's Hawk,0.0072,Song Sparrow,0.0043,True,1.0,0.9994,True,True,True
E3_location_only,Black_Phoebe_36ft.wav,Birdsongs Recordings\36ft\Black_Phoebe_36ft.wav,Black Phoebe,Black Phoebe,36ft,3.0,6.0,3.0,0.8999999999999999,0.3,True,Black Phoebe,0.9952,Downy Woodpecker,0.0077,Song Sparrow,0.0063,True,1.0,0.9952,True,True,True
E3_location_only,Black_Phoebe_36ft.wav,Birdsongs Recordings\36ft\Black_Phoebe_36ft.wav,Black Phoebe,Black Phoebe,36ft,6.0,9.0,3.0,0.7999999999999989,0.26666666666666633,True,Black Phoebe,0.998,Pacific-slope Flycatcher,0.0029,Brown Creeper,0.0016,True,1.0,0.998,True,True,True
E3_location_only,Black_Phoebe_36ft.wav,Birdsongs Recordings\36ft\Black_Phoebe_36ft.wav,Black Phoebe,Black Phoebe,36ft,9.0,10.0,1.0,0.40000000000000036,0.40000000000000036,True,Black Phoebe,0.9988,Pacific-slope Flycatcher,0.0008,Cooper's Hawk,0.0004,True,1.0,0.9988,True,True,True
E3_location_only,California_Towhee_36ft.wav,Birdsongs Recordings\36ft\California_Towhee_36ft.wav,California Towhee,California Towhee,36ft,0.0,3.0,3.0,1.35,0.45,True,California Towhee,0.9984,Orange-crowned Warbler,0.013,Spotted Towhee,0.0063,True,1.0,0.9984,True,True,True
E3_location_only,California_Towhee_36ft.wav,Birdsongs Recordings\36ft\California_Towhee_36ft.wav,California Towhee,California Towhee,36ft,3.0,6.0,3.0,0.0,0.0,False,Dark-eyed Junco,0.0319,Yellow-rumped Warbler,0.0078,Brown Creeper,0.0068,False,,0.0,False,False,False
E3_location_only,California_Towhee_36ft.wav,Birdsongs Recordings\36ft\California_Towhee_36ft.wav,California Towhee,California Towhee,36ft,6.0,9.0,3.0,1.4499999999999993,0.4833333333333331,True,California Towhee,0.9855,Spotted Towhee,0.0058,Abert's Towhee,0.0048,True,1.0,0.9855,True,True,True
E3_location_only,California_Towhee_36ft.wav,Birdsongs Recordings\36ft\California_Towhee_36ft.wav,California Towhee,California Towhee,36ft,9.0,10.0,1.0,0.0,0.0,False,Olive-sided Flycatcher,0.0027,Red-shouldered Hawk,0.0026,Rock Pigeon,0.0026,False,,0.0,False,False,False
E3_location_only,Dark_eyed_Junco_36ft.wav,Birdsongs Recordings\36ft\Dark_eyed_Junco_36ft.wav,Dark-eyed Junco,Dark-eyed Junco,36ft,0.0,3.0,3.0,1.7500000000000002,0.5833333333333334,True,Dark-eyed Junco,0.8534,Chipping Sparrow,0.0732,Yellow-rumped Warbler,0.0076,True,1.0,0.8534,True,True,True
E3_location_only,Dark_eyed_Junco_36ft.wav,Birdsongs Recordings\36ft\Dark_eyed_Junco_36ft.wav,Dark-eyed Junco,Dark-eyed Junco,36ft,3.0,6.0,3.0,0.0,0.0,False,Hairy Woodpecker,0.0066,Song Sparrow,0.0051,American Goldfinch,0.0051,False,,0.0,False,False,False
E3_location_only,Dark_eyed_Junco_36ft.wav,Birdsongs Recordings\36ft\Dark_eyed_Junco_36ft.wav,Dark-eyed Junco,Dark-eyed Junco,36ft,6.0,9.0,3.0,1.8500000000000005,0.6166666666666668,True,Dark-eyed Junco,0.8499,Chipping Sparrow,0.0604,Brown Creeper,0.0132,True,1.0,0.8499,True,True,True
E3_location_only,Dark_eyed_Junco_36ft.wav,Birdsongs Recordings\36ft\Dark_eyed_Junco_36ft.wav,Dark-eyed Junco,Dark-eyed Junco,36ft,9.0,10.0,1.0,0.0,0.0,False,Northern Mockingbird,0.0143,Olive-sided Flycatcher,0.014,Wrentit,0.0136,False,,0.0,False,False,False
E3_location_only,European_Starling_36ft.wav,Birdsongs Recordings\36ft\European_Starling_36ft.wav,European Starling,European Starling,36ft,0.0,3.0,3.0,2.6,0.8666666666666667,True,American Robin,0.1267,Red-tailed Hawk,0.0216,Chipping Sparrow,0.0053,True,13.0,0.0021,False,False,False
E3_location_only,European_Starling_36ft.wav,Birdsongs Recordings\36ft\European_Starling_36ft.wav,European Starling,European Starling,36ft,3.0,6.0,3.0,3.0,1.0,True,American Robin,0.0317,Cassin's Vireo,0.0206,European Starling,0.0159,True,3.0,0.0159,False,True,True
E3_location_only,European_Starling_36ft.wav,Birdsongs Recordings\36ft\European_Starling_36ft.wav,European Starling,European Starling,36ft,6.0,9.0,3.0,3.0,1.0,True,Pacific-slope Flycatcher,0.0633,European Starling,0.059,Mallard,0.0293,True,2.0,0.059,False,True,True
E3_location_only,European_Starling_36ft.wav,Birdsongs Recordings\36ft\European_Starling_36ft.wav,European Starling,European Starling,36ft,9.0,10.0,1.0,1.0,1.0,True,European Starling,0.0465,Red-tailed Hawk,0.0183,House Sparrow,0.0121,True,1.0,0.0465,True,True,True
E3_location_only,Hooded_Oriole_36ft.wav,Birdsongs Recordings\36ft\Hooded_Oriole_36ft.wav,Hooded Oriole,Hooded Oriole,36ft,0.0,3.0,3.0,1.35,0.45,True,Hooded Oriole,0.1592,Cassin's Vireo,0.0046,Hairy Woodpecker,0.0038,True,1.0,0.1592,True,True,True
E3_location_only,Hooded_Oriole_36ft.wav,Birdsongs Recordings\36ft\Hooded_Oriole_36ft.wav,Hooded Oriole,Hooded Oriole,36ft,3.0,6.0,3.0,1.6500000000000008,0.5500000000000003,True,Hooded Oriole,0.1373,Western Tanager,0.0105,Brewer's Blackbird,0.0049,True,1.0,0.1373,True,True,True
E3_location_only,Hooded_Oriole_36ft.wav,Birdsongs Recordings\36ft\Hooded_Oriole_36ft.wav,Hooded Oriole,Hooded Oriole,36ft,6.0,9.0,3.0,2.4000000000000004,0.8000000000000002,True,Hooded Oriole,0.5376,Bullock's Oriole,0.0192,Brewer's Blackbird,0.0017,True,1.0,0.5376,True,True,True
E3_location_only,Hooded_Oriole_36ft.wav,Birdsongs Recordings\36ft\Hooded_Oriole_36ft.wav,Hooded Oriole,Hooded Oriole,36ft,9.0,10.0,1.0,0.8499999999999996,0.8499999999999996,True,Western Tanager,0.7313,Hooded Oriole,0.1946,Black-headed Grosbeak,0.0083,True,2.0,0.1946,False,True,True
E3_location_only,House_Finch_36ft.wav,Birdsongs Recordings\36ft\House_Finch_36ft.wav,House Finch,House Finch,36ft,0.0,3.0,3.0,2.55,0.85,True,House Finch,0.7507,Purple Finch,0.1382,Fox Sparrow,0.0086,True,1.0,0.7507,True,True,True
E3_location_only,House_Finch_36ft.wav,Birdsongs Recordings\36ft\House_Finch_36ft.wav,House Finch,House Finch,36ft,3.0,6.0,3.0,0.6999999999999997,0.23333333333333325,True,Blue Grosbeak,0.118,House Finch,0.0718,Purple Finch,0.028,True,2.0,0.0718,False,True,True
E3_location_only,House_Finch_36ft.wav,Birdsongs Recordings\36ft\House_Finch_36ft.wav,House Finch,House Finch,36ft,6.0,9.0,3.0,2.0,0.6666666666666666,True,House Finch,0.6315,Purple Finch,0.0781,Townsend's Solitaire,0.0057,True,1.0,0.6315,True,True,True
E3_location_only,House_Finch_36ft.wav,Birdsongs Recordings\36ft\House_Finch_36ft.wav,House Finch,House Finch,36ft,9.0,10.0,1.0,0.0,0.0,False,Hammond's Flycatcher,0.0018,Sharp-shinned Hawk,0.0014,Olive-sided Flycatcher,0.0014,False,,0.0,False,False,False
E3_location_only,House_Sparrow_36ft.wav,Birdsongs Recordings\36ft\House_Sparrow_36ft.wav,House Sparrow,House Sparrow,36ft,0.0,3.0,3.0,1.7420000000000002,0.5806666666666668,True,House Sparrow,0.3316,Mourning Dove,0.0017,Purple Finch,0.0015,True,1.0,0.3316,True,True,True
E3_location_only,House_Sparrow_36ft.wav,Birdsongs Recordings\36ft\House_Sparrow_36ft.wav,House Sparrow,House Sparrow,36ft,3.0,6.0,3.0,1.8359999999999999,0.612,True,House Sparrow,0.5626,Eurasian Collared-Dove,0.0093,Mourning Dove,0.0037,True,1.0,0.5626,True,True,True
E3_location_only,House_Sparrow_36ft.wav,Birdsongs Recordings\36ft\House_Sparrow_36ft.wav,House Sparrow,House Sparrow,36ft,6.0,9.0,3.0,1.8360000000000003,0.6120000000000001,True,House Sparrow,0.4413,Mourning Dove,0.0025,White-winged Dove,0.0017,True,1.0,0.4413,True,True,True
E3_location_only,House_Sparrow_36ft.wav,Birdsongs Recordings\36ft\House_Sparrow_36ft.wav,House Sparrow,House Sparrow,36ft,9.0,10.0,1.0,0.6420000000000012,0.6420000000000012,True,House Sparrow,0.343,House Finch,0.0022,Black-footed Albatross,0.0009,True,1.0,0.343,True,True,True
E3_location_only,Lesser_Goldfinch_36ft.wav,Birdsongs Recordings\36ft\Lesser_Goldfinch_36ft.wav,Lesser Goldfinch,Lesser Goldfinch,36ft,0.0,3.0,3.0,3.0,1.0,True,Lesser Goldfinch,0.3181,American Goldfinch,0.018,Purple Finch,0.0113,True,1.0,0.3181,True,True,True
E3_location_only,Lesser_Goldfinch_36ft.wav,Birdsongs Recordings\36ft\Lesser_Goldfinch_36ft.wav,Lesser Goldfinch,Lesser Goldfinch,36ft,3.0,6.0,3.0,2.3999999999999995,0.7999999999999998,True,American Kestrel,0.0215,Lazuli Bunting,0.0183,Black Phoebe,0.009,True,14.0,0.0018,False,False,False
E3_location_only,Lesser_Goldfinch_36ft.wav,Birdsongs Recordings\36ft\Lesser_Goldfinch_36ft.wav,Lesser Goldfinch,Lesser Goldfinch,36ft,6.0,9.0,3.0,3.0,1.0,True,Lesser Goldfinch,0.052,Fox Sparrow,0.0126,Song Sparrow,0.0092,True,1.0,0.052,True,True,True
E3_location_only,Lesser_Goldfinch_36ft.wav,Birdsongs Recordings\36ft\Lesser_Goldfinch_36ft.wav,Lesser Goldfinch,Lesser Goldfinch,36ft,9.0,10.0,1.0,0.9920000000000009,0.9920000000000009,True,American Goldfinch,0.0071,Fox Sparrow,0.0007,Blue-gray Gnatcatcher,0.0006,True,8.0,0.0002,False,False,False
E3_location_only,Mourning_Dove_36ft.wav,Birdsongs Recordings\36ft\Mourning_Dove_36ft.wav,Mourning Dove,Mourning Dove,36ft,0.0,3.0,3.0,1.0,0.3333333333333333,True,Mourning Dove,0.8648,White-winged Dove,0.0102,Eurasian Collared-Dove,0.0047,True,1.0,0.8648,True,True,True
E3_location_only,Mourning_Dove_36ft.wav,Birdsongs Recordings\36ft\Mourning_Dove_36ft.wav,Mourning Dove,Mourning Dove,36ft,3.0,6.0,3.0,2.3,0.7666666666666666,True,Mourning Dove,0.9356,Great Horned Owl,0.0072,Eurasian Collared-Dove,0.0017,True,1.0,0.9356,True,True,True
E3_location_only,Mourning_Dove_36ft.wav,Birdsongs Recordings\36ft\Mourning_Dove_36ft.wav,Mourning Dove,Mourning Dove,36ft,6.0,9.0,3.0,1.2999999999999998,0.4333333333333333,True,Mourning Dove,0.6696,Eurasian Collared-Dove,0.0033,Great Horned Owl,0.0013,True,1.0,0.6696,True,True,True
E3_location_only,Mourning_Dove_36ft.wav,Birdsongs Recordings\36ft\Mourning_Dove_36ft.wav,Mourning Dove,Mourning Dove,36ft,9.0,10.0,1.0,0.0,0.0,False,Hairy Woodpecker,0.0024,Olive-sided Flycatcher,0.0023,Red-shouldered Hawk,0.002,False,,0.0,False,False,False
E3_location_only,Northern_House_Wren_36ft.wav,Birdsongs Recordings\36ft\Northern_House_Wren_36ft.wav,Northern House Wren,House Wren,36ft,0.0,3.0,3.0,2.7,0.9,True,House Wren,0.8652,American Goldfinch,0.0048,Wild Turkey,0.0028,True,1.0,0.8652,True,True,True
E3_location_only,Northern_House_Wren_36ft.wav,Birdsongs Recordings\36ft\Northern_House_Wren_36ft.wav,Northern House Wren,House Wren,36ft,3.0,6.0,3.0,0.8000000000000003,0.2666666666666668,True,House Wren,0.0663,Marsh Wren,0.0386,Common Yellowthroat,0.0207,True,1.0,0.0663,True,True,True
E3_location_only,Northern_House_Wren_36ft.wav,Birdsongs Recordings\36ft\Northern_House_Wren_36ft.wav,Northern House Wren,House Wren,36ft,6.0,9.0,3.0,2.8000000000000007,0.9333333333333336,True,House Wren,0.8912,American Goldfinch,0.0039,Purple Finch,0.0022,True,1.0,0.8912,True,True,True
E3_location_only,Northern_House_Wren_36ft.wav,Birdsongs Recordings\36ft\Northern_House_Wren_36ft.wav,Northern House Wren,House Wren,36ft,9.0,10.0,1.0,0.0,0.0,False,Hammond's Flycatcher,0.0021,Olive-sided Flycatcher,0.0019,Black-throated Gray Warbler,0.0015,True,14.0,0.001,False,False,False
E3_location_only,Northern_Mockingbird_36ft.wav,Birdsongs Recordings\36ft\Northern_Mockingbird_36ft.wav,Northern Mockingbird,Northern Mockingbird,36ft,0.0,3.0,3.0,1.6499999999999997,0.5499999999999999,True,Northern Mockingbird,0.0809,Spotted Towhee,0.0034,American Robin,0.0019,True,1.0,0.0809,True,True,True
E3_location_only,Northern_Mockingbird_36ft.wav,Birdsongs Recordings\36ft\Northern_Mockingbird_36ft.wav,Northern Mockingbird,Northern Mockingbird,36ft,3.0,6.0,3.0,1.1499999999999995,0.38333333333333314,True,American Robin,0.0321,Northern Mockingbird,0.0175,Great-tailed Grackle,0.0069,True,2.0,0.0175,False,True,True
E3_location_only,Northern_Mockingbird_36ft.wav,Birdsongs Recordings\36ft\Northern_Mockingbird_36ft.wav,Northern Mockingbird,Northern Mockingbird,36ft,6.0,9.0,3.0,2.13,0.71,True,Northern Mockingbird,0.0232,Wrentit,0.0023,Northern Cardinal,0.0006,True,1.0,0.0232,True,True,True
E3_location_only,Northern_Mockingbird_36ft.wav,Birdsongs Recordings\36ft\Northern_Mockingbird_36ft.wav,Northern Mockingbird,Northern Mockingbird,36ft,9.0,10.0,1.0,0.27999999999999936,0.27999999999999936,True,Great-tailed Grackle,0.0009,Wrentit,0.0004,Wild Turkey,0.0002,False,,0.0,False,False,False
E3_location_only,Northern_Yellow_Warbler_36ft.wav,Birdsongs Recordings\36ft\Northern_Yellow_Warbler_36ft.wav,Northern Yellow Warbler,Yellow Warbler,36ft,0.0,3.0,3.0,0.0,0.0,False,White-breasted Nuthatch,0.0033,Canada Goose,0.0027,Common Poorwill,0.0025,False,,0.0,False,False,False
E3_location_only,Northern_Yellow_Warbler_36ft.wav,Birdsongs Recordings\36ft\Northern_Yellow_Warbler_36ft.wav,Northern Yellow Warbler,Yellow Warbler,36ft,3.0,6.0,3.0,1.3499999999999996,0.4499999999999999,True,Yellow Warbler,0.5861,Wilson's Warbler,0.0102,Nashville Warbler,0.0084,True,1.0,0.5861,True,True,True
E3_location_only,Northern_Yellow_Warbler_36ft.wav,Birdsongs Recordings\36ft\Northern_Yellow_Warbler_36ft.wav,Northern Yellow Warbler,Yellow Warbler,36ft,6.0,9.0,3.0,0.09999999999999964,0.033333333333333215,False,Nashville Warbler,0.0069,Pacific-slope Flycatcher,0.0069,Yellow Warbler,0.0046,True,3.0,0.0046,False,True,True
E3_location_only,Northern_Yellow_Warbler_36ft.wav,Birdsongs Recordings\36ft\Northern_Yellow_Warbler_36ft.wav,Northern Yellow Warbler,Yellow Warbler,36ft,9.0,10.0,1.0,0.0,0.0,False,Olive-sided Flycatcher,0.0026,Red-shouldered Hawk,0.0023,Hammond's Flycatcher,0.002,False,,0.0,False,False,False
E3_location_only,Oak_Titmouse_36ft.wav,Birdsongs Recordings\36ft\Oak_Titmouse_36ft.wav,Oak Titmouse,Oak Titmouse,36ft,0.0,3.0,3.0,1.3,0.43333333333333335,True,Oak Titmouse,0.1174,Rock Wren,0.0008,Rufous Hummingbird,0.0007,True,1.0,0.1174,True,True,True
E3_location_only,Oak_Titmouse_36ft.wav,Birdsongs Recordings\36ft\Oak_Titmouse_36ft.wav,Oak Titmouse,Oak Titmouse,36ft,3.0,6.0,3.0,1.0000000000000004,0.3333333333333335,True,Oak Titmouse,0.9944,Spotted Towhee,0.006,Dark-eyed Junco,0.0037,True,1.0,0.9944,True,True,True
E3_location_only,Oak_Titmouse_36ft.wav,Birdsongs Recordings\36ft\Oak_Titmouse_36ft.wav,Oak Titmouse,Oak Titmouse,36ft,6.0,9.0,3.0,1.4499999999999993,0.4833333333333331,True,Oak Titmouse,0.9369,Rock Wren,0.018,Dark-eyed Junco,0.0057,True,1.0,0.9369,True,True,True
E3_location_only,Oak_Titmouse_36ft.wav,Birdsongs Recordings\36ft\Oak_Titmouse_36ft.wav,Oak Titmouse,Oak Titmouse,36ft,9.0,10.0,1.0,0.9000000000000004,0.9000000000000004,True,Oak Titmouse,0.9975,Hutton's Vireo,0.0074,Spotted Towhee,0.005,True,1.0,0.9975,True,True,True
E3_location_only,Rock_Pigeon_36ft.wav,Birdsongs Recordings\36ft\Rock_Pigeon_36ft.wav,Rock Pigeon,Rock Pigeon,36ft,0.0,3.0,3.0,1.5499999999999998,0.5166666666666666,True,Rock Pigeon,0.9251,Band-tailed Pigeon,0.0009,Great Horned Owl,0.0007,True,1.0,0.9251,True,True,True
E3_location_only,Rock_Pigeon_36ft.wav,Birdsongs Recordings\36ft\Rock_Pigeon_36ft.wav,Rock Pigeon,Rock Pigeon,36ft,3.0,6.0,3.0,1.0499999999999998,0.3499999999999999,True,Rock Pigeon,0.9825,Rufous Hummingbird,0.1499,Band-tailed Pigeon,0.0056,True,1.0,0.9825,True,True,True
E3_location_only,Rock_Pigeon_36ft.wav,Birdsongs Recordings\36ft\Rock_Pigeon_36ft.wav,Rock Pigeon,Rock Pigeon,36ft,6.0,9.0,3.0,1.0999999999999996,0.36666666666666653,True,Rock Pigeon,0.9816,Band-tailed Pigeon,0.0051,Great Horned Owl,0.0012,True,1.0,0.9816,True,True,True
E3_location_only,Rock_Pigeon_36ft.wav,Birdsongs Recordings\36ft\Rock_Pigeon_36ft.wav,Rock Pigeon,Rock Pigeon,36ft,9.0,10.0,1.0,0.0,0.0,False,Wrentit,0.0046,Nashville Warbler,0.0026,Northern Cardinal,0.0024,False,,0.0,False,False,False
E3_location_only,Song_Sparrow_36ft.wav,Birdsongs Recordings\36ft\Song_Sparrow_36ft.wav,Song Sparrow,Song Sparrow,36ft,0.0,3.0,3.0,0.0,0.0,False,Canada Goose,0.0087,White-breasted Nuthatch,0.0085,Northern Cardinal,0.0081,True,4.0,0.0036,False,False,True
E3_location_only,Song_Sparrow_36ft.wav,Birdsongs Recordings\36ft\Song_Sparrow_36ft.wav,Song Sparrow,Song Sparrow,36ft,3.0,6.0,3.0,2.6500000000000004,0.8833333333333334,True,Song Sparrow,0.6727,Common Yellowthroat,0.004,Nashville Warbler,0.0038,True,1.0,0.6727,True,True,True
E3_location_only,Song_Sparrow_36ft.wav,Birdsongs Recordings\36ft\Song_Sparrow_36ft.wav,Song Sparrow,Song Sparrow,36ft,6.0,9.0,3.0,0.0,0.0,False,Northern Cardinal,0.02,Northern Mockingbird,0.0128,White-breasted Nuthatch,0.0109,True,6.0,0.0044,False,False,False
E3_location_only,Song_Sparrow_36ft.wav,Birdsongs Recordings\36ft\Song_Sparrow_36ft.wav,Song Sparrow,Song Sparrow,36ft,9.0,10.0,1.0,0.0,0.0,False,Red-shouldered Hawk,0.0021,Wild Turkey,0.0019,Olive-sided Flycatcher,0.0017,False,,0.0,False,False,False
E3_location_only,Spotted_Towhee_36ft.wav,Birdsongs Recordings\36ft\Spotted_Towhee_36ft.wav,Spotted Towhee,Spotted Towhee,36ft,0.0,3.0,3.0,1.3,0.43333333333333335,True,Spotted Towhee,0.8397,Green-tailed Towhee,0.082,MacGillivray's Warbler,0.0091,True,1.0,0.8397,True,True,True
E3_location_only,Spotted_Towhee_36ft.wav,Birdsongs Recordings\36ft\Spotted_Towhee_36ft.wav,Spotted Towhee,Spotted Towhee,36ft,3.0,6.0,3.0,0.0,0.0,False,Allen's Hummingbird,0.0305,Rufous Hummingbird,0.0267,Lincoln's Sparrow,0.0136,False,,0.0,False,False,False
E3_location_only,Spotted_Towhee_36ft.wav,Birdsongs Recordings\36ft\Spotted_Towhee_36ft.wav,Spotted Towhee,Spotted Towhee,36ft,6.0,9.0,3.0,1.3500000000000005,0.4500000000000002,True,Spotted Towhee,0.8063,Green-tailed Towhee,0.0456,Lincoln's Sparrow,0.0135,True,1.0,0.8063,True,True,True
E3_location_only,Spotted_Towhee_36ft.wav,Birdsongs Recordings\36ft\Spotted_Towhee_36ft.wav,Spotted Towhee,Spotted Towhee,36ft,9.0,10.0,1.0,0.0,0.0,False,Olive-sided Flycatcher,0.0014,Red-shouldered Hawk,0.0012,Black-throated Gray Warbler,0.0009,False,,0.0,False,False,False
E3_location_only,American_Robin_48ft.wav,Birdsongs Recordings\48ft\American_Robin_48ft.wav,American Robin,American Robin,48ft,0.0,3.0,3.0,2.45,0.8166666666666668,True,Western Screech-Owl,0.0046,Great Horned Owl,0.0039,American Coot,0.0013,False,,0.0,False,False,False
E3_location_only,American_Robin_48ft.wav,Birdsongs Recordings\48ft\American_Robin_48ft.wav,American Robin,American Robin,48ft,3.0,6.0,3.0,1.9000000000000004,0.6333333333333334,True,American Robin,0.2161,Black-headed Grosbeak,0.0115,Bufflehead,0.0032,True,1.0,0.2161,True,True,True
E3_location_only,American_Robin_48ft.wav,Birdsongs Recordings\48ft\American_Robin_48ft.wav,American Robin,American Robin,48ft,6.0,9.0,3.0,1.4000000000000004,0.4666666666666668,True,American Robin,0.0789,Western Tanager,0.0302,Rock Pigeon,0.0285,True,1.0,0.0789,True,True,True
E3_location_only,American_Robin_48ft.wav,Birdsongs Recordings\48ft\American_Robin_48ft.wav,American Robin,American Robin,48ft,9.0,10.0,1.0,1.0,1.0,True,House Finch,0.0022,Olive-sided Flycatcher,0.0019,Black-throated Gray Warbler,0.0014,False,,0.0,False,False,False
E3_location_only,Anna_s_Hummingbird_48ft.wav,Birdsongs Recordings\48ft\Anna_s_Hummingbird_48ft.wav,Anna's Hummingbird,Anna's Hummingbird,48ft,0.0,3.0,3.0,1.5,0.5,True,Anna's Hummingbird,0.9313,Oak Titmouse,0.0075,Black-crowned Night-Heron,0.0023,True,1.0,0.9313,True,True,True
E3_location_only,Anna_s_Hummingbird_48ft.wav,Birdsongs Recordings\48ft\Anna_s_Hummingbird_48ft.wav,Anna's Hummingbird,Anna's Hummingbird,48ft,3.0,6.0,3.0,3.0,1.0,True,Anna's Hummingbird,0.9961,Costa's Hummingbird,0.0057,Chestnut-backed Chickadee,0.0053,True,1.0,0.9961,True,True,True
E3_location_only,Anna_s_Hummingbird_48ft.wav,Birdsongs Recordings\48ft\Anna_s_Hummingbird_48ft.wav,Anna's Hummingbird,Anna's Hummingbird,48ft,6.0,9.0,3.0,3.0,1.0,True,Anna's Hummingbird,0.9937,Costa's Hummingbird,0.0104,Allen's Hummingbird,0.0035,True,1.0,0.9937,True,True,True
E3_location_only,Anna_s_Hummingbird_48ft.wav,Birdsongs Recordings\48ft\Anna_s_Hummingbird_48ft.wav,Anna's Hummingbird,Anna's Hummingbird,48ft,9.0,10.0,1.0,0.6999999999999993,0.6999999999999993,True,Red-shouldered Hawk,0.0054,Wood Duck,0.0052,Merlin,0.0044,True,13.0,0.0015,False,False,False
E3_location_only,Barn_Swallow_48ft.wav,Birdsongs Recordings\48ft\Barn_Swallow_48ft.wav,Barn Swallow,Barn Swallow,48ft,0.0,3.0,3.0,2.7,0.9,True,Bell's Vireo,0.1415,Common Yellowthroat,0.0281,Red-breasted Nuthatch,0.0167,True,6.0,0.0128,False,False,False
E3_location_only,Barn_Swallow_48ft.wav,Birdsongs Recordings\48ft\Barn_Swallow_48ft.wav,Barn Swallow,Barn Swallow,48ft,3.0,6.0,3.0,3.0,1.0,True,Barn Swallow,0.8637,White-throated Swift,0.0225,Western Kingbird,0.0188,True,1.0,0.8637,True,True,True
E3_location_only,Barn_Swallow_48ft.wav,Birdsongs Recordings\48ft\Barn_Swallow_48ft.wav,Barn Swallow,Barn Swallow,48ft,6.0,9.0,3.0,3.0,1.0,True,Barn Swallow,0.1961,House Finch,0.0922,Cliff Swallow,0.0265,True,1.0,0.1961,True,True,True
E3_location_only,Barn_Swallow_48ft.wav,Birdsongs Recordings\48ft\Barn_Swallow_48ft.wav,Barn Swallow,Barn Swallow,48ft,9.0,10.0,1.0,0.1999999999999993,0.1999999999999993,False,Barn Swallow,0.1149,House Finch,0.0337,Warbling Vireo,0.0105,True,1.0,0.1149,True,True,True
E3_location_only,Bewick_s_Wren_48ft.wav,Birdsongs Recordings\48ft\Bewick_s_Wren_48ft.wav,Bewick's Wren,Bewick's Wren,48ft,0.0,3.0,3.0,2.4,0.7999999999999999,True,Bewick's Wren,0.1707,Orange-crowned Warbler,0.0154,Black-throated Sparrow,0.0149,True,1.0,0.1707,True,True,True
E3_location_only,Bewick_s_Wren_48ft.wav,Birdsongs Recordings\48ft\Bewick_s_Wren_48ft.wav,Bewick's Wren,Bewick's Wren,48ft,3.0,6.0,3.0,0.0,0.0,False,Dark-eyed Junco,0.0552,Bewick's Wren,0.0362,Orange-crowned Warbler,0.0209,True,2.0,0.0362,False,True,True
E3_location_only,Bewick_s_Wren_48ft.wav,Birdsongs Recordings\48ft\Bewick_s_Wren_48ft.wav,Bewick's Wren,Bewick's Wren,48ft,6.0,9.0,3.0,0.0,0.0,False,Peregrine Falcon,0.0187,Black-crowned Night-Heron,0.01,American Coot,0.0029,False,,0.0,False,False,False
E3_location_only,Bewick_s_Wren_48ft.wav,Birdsongs Recordings\48ft\Bewick_s_Wren_48ft.wav,Bewick's Wren,Bewick's Wren,48ft,9.0,10.0,1.0,0.0,0.0,False,Herring Gull,0.0012,Common Tern,0.0011,Great Egret,0.0011,False,,0.0,False,False,False
E3_location_only,Black_Phoebe_48ft.wav,Birdsongs Recordings\48ft\Black_Phoebe_48ft.wav,Black Phoebe,Black Phoebe,48ft,0.0,3.0,3.0,0.7500000000000002,0.25000000000000006,True,Black Phoebe,0.7884,Wild Turkey,0.0054,Western Kingbird,0.0041,True,1.0,0.7884,True,True,True
E3_location_only,Black_Phoebe_48ft.wav,Birdsongs Recordings\48ft\Black_Phoebe_48ft.wav,Black Phoebe,Black Phoebe,48ft,3.0,6.0,3.0,0.8999999999999999,0.3,True,Black Phoebe,0.2923,Pacific-slope Flycatcher,0.0116,Vermilion Flycatcher,0.0075,True,1.0,0.2923,True,True,True
E3_location_only,Black_Phoebe_48ft.wav,Birdsongs Recordings\48ft\Black_Phoebe_48ft.wav,Black Phoebe,Black Phoebe,48ft,6.0,9.0,3.0,0.7999999999999989,0.26666666666666633,True,Black Phoebe,0.932,Pacific-slope Flycatcher,0.0166,Cooper's Hawk,0.0058,True,1.0,0.932,True,True,True
E3_location_only,Black_Phoebe_48ft.wav,Birdsongs Recordings\48ft\Black_Phoebe_48ft.wav,Black Phoebe,Black Phoebe,48ft,9.0,10.0,1.0,0.40000000000000036,0.40000000000000036,True,Cedar Waxwing,0.0017,Peregrine Falcon,0.0013,Red-shouldered Hawk,0.0013,False,,0.0,False,False,False
E3_location_only,California_Towhee_48ft.wav,Birdsongs Recordings\48ft\California_Towhee_48ft.wav,California Towhee,California Towhee,48ft,0.0,3.0,3.0,1.35,0.45,True,California Towhee,0.6311,Peregrine Falcon,0.0071,Orange-crowned Warbler,0.005,True,1.0,0.6311,True,True,True
E3_location_only,California_Towhee_48ft.wav,Birdsongs Recordings\48ft\California_Towhee_48ft.wav,California Towhee,California Towhee,48ft,3.0,6.0,3.0,0.0,0.0,False,California Towhee,0.7945,Oak Titmouse,0.0582,Orange-crowned Warbler,0.0541,True,1.0,0.7945,True,True,True
E3_location_only,California_Towhee_48ft.wav,Birdsongs Recordings\48ft\California_Towhee_48ft.wav,California Towhee,California Towhee,48ft,6.0,9.0,3.0,1.4499999999999993,0.4833333333333331,True,California Towhee,0.3482,Wrentit,0.0046,Cooper's Hawk,0.0035,True,1.0,0.3482,True,True,True
E3_location_only,California_Towhee_48ft.wav,Birdsongs Recordings\48ft\California_Towhee_48ft.wav,California Towhee,California Towhee,48ft,9.0,10.0,1.0,0.0,0.0,False,California Towhee,0.8076,Black-tailed Gnatcatcher,0.013,Abert's Towhee,0.0075,True,1.0,0.8076,True,True,True
E3_location_only,Dark_eyed_Junco_48ft.wav,Birdsongs Recordings\48ft\Dark_eyed_Junco_48ft.wav,Dark-eyed Junco,Dark-eyed Junco,48ft,0.0,3.0,3.0,1.7500000000000002,0.5833333333333334,True,Dark-eyed Junco,0.5123,Chipping Sparrow,0.0139,Yellow-rumped Warbler,0.0068,True,1.0,0.5123,True,True,True
E3_location_only,Dark_eyed_Junco_48ft.wav,Birdsongs Recordings\48ft\Dark_eyed_Junco_48ft.wav,Dark-eyed Junco,Dark-eyed Junco,48ft,3.0,6.0,3.0,0.0,0.0,False,Dark-eyed Junco,0.3092,Yellow-rumped Warbler,0.048,Lincoln's Sparrow,0.0236,True,1.0,0.3092,True,True,True
E3_location_only,Dark_eyed_Junco_48ft.wav,Birdsongs Recordings\48ft\Dark_eyed_Junco_48ft.wav,Dark-eyed Junco,Dark-eyed Junco,48ft,6.0,9.0,3.0,1.8500000000000005,0.6166666666666668,True,Dark-eyed Junco,0.5911,Chipping Sparrow,0.0294,Yellow-rumped Warbler,0.0112,True,1.0,0.5911,True,True,True
E3_location_only,Dark_eyed_Junco_48ft.wav,Birdsongs Recordings\48ft\Dark_eyed_Junco_48ft.wav,Dark-eyed Junco,Dark-eyed Junco,48ft,9.0,10.0,1.0,0.0,0.0,False,Yellow-rumped Warbler,0.0441,Dark-eyed Junco,0.0332,Black-throated Gray Warbler,0.0197,True,2.0,0.0332,False,True,True
E3_location_only,European_Starling_48ft.wav,Birdsongs Recordings\48ft\European_Starling_48ft.wav,European Starling,European Starling,48ft,0.0,3.0,3.0,2.6,0.8666666666666667,True,American Robin,0.08,Pacific-slope Flycatcher,0.0153,Purple Finch,0.013,False,,0.0,False,False,False
E3_location_only,European_Starling_48ft.wav,Birdsongs Recordings\48ft\European_Starling_48ft.wav,European Starling,European Starling,48ft,3.0,6.0,3.0,3.0,1.0,True,Pacific-slope Flycatcher,0.0444,European Starling,0.0338,Brown Creeper,0.0129,True,2.0,0.0338,False,True,True
E3_location_only,European_Starling_48ft.wav,Birdsongs Recordings\48ft\European_Starling_48ft.wav,European Starling,European Starling,48ft,6.0,9.0,3.0,3.0,1.0,True,European Starling,0.0044,Mallard,0.0021,Northern Cardinal,0.0021,True,1.0,0.0044,True,True,True
E3_location_only,European_Starling_48ft.wav,Birdsongs Recordings\48ft\European_Starling_48ft.wav,European Starling,European Starling,48ft,9.0,10.0,1.0,1.0,1.0,True,Common Poorwill,0.0026,Western Screech-Owl,0.0013,Great Horned Owl,0.0012,False,,0.0,False,False,False
E3_location_only,Hooded_Oriole_48ft.wav,Birdsongs Recordings\48ft\Hooded_Oriole_48ft.wav,Hooded Oriole,Hooded Oriole,48ft,0.0,3.0,3.0,1.35,0.45,True,Western Tanager,0.0236,Hooded Oriole,0.01,House Wren,0.0038,True,2.0,0.01,False,True,True
E3_location_only,Hooded_Oriole_48ft.wav,Birdsongs Recordings\48ft\Hooded_Oriole_48ft.wav,Hooded Oriole,Hooded Oriole,48ft,3.0,6.0,3.0,1.6500000000000008,0.5500000000000003,True,Hooded Oriole,0.3573,Common Yellowthroat,0.0071,American Goldfinch,0.0049,True,1.0,0.3573,True,True,True
E3_location_only,Hooded_Oriole_48ft.wav,Birdsongs Recordings\48ft\Hooded_Oriole_48ft.wav,Hooded Oriole,Hooded Oriole,48ft,6.0,9.0,3.0,2.4000000000000004,0.8000000000000002,True,Western Tanager,0.6585,Dusky Flycatcher,0.0117,Oak Titmouse,0.0116,True,11.0,0.0029,False,False,False
E3_location_only,Hooded_Oriole_48ft.wav,Birdsongs Recordings\48ft\Hooded_Oriole_48ft.wav,Hooded Oriole,Hooded Oriole,48ft,9.0,10.0,1.0,0.8499999999999996,0.8499999999999996,True,House Finch,0.0028,Anna's Hummingbird,0.0019,Red-shouldered Hawk,0.0018,False,,0.0,False,False,False
E3_location_only,House_Finch_48ft.wav,Birdsongs Recordings\48ft\House_Finch_48ft.wav,House Finch,House Finch,48ft,0.0,3.0,3.0,2.55,0.85,True,House Finch,0.9922,Purple Finch,0.0135,Say's Phoebe,0.005,True,1.0,0.9922,True,True,True
E3_location_only,House_Finch_48ft.wav,Birdsongs Recordings\48ft\House_Finch_48ft.wav,House Finch,House Finch,48ft,3.0,6.0,3.0,0.6999999999999997,0.23333333333333325,True,Blue Grosbeak,0.1382,House Finch,0.0438,Purple Finch,0.0059,True,2.0,0.0438,False,True,True
E3_location_only,House_Finch_48ft.wav,Birdsongs Recordings\48ft\House_Finch_48ft.wav,House Finch,House Finch,48ft,6.0,9.0,3.0,2.0,0.6666666666666666,True,House Finch,0.3692,Purple Finch,0.0277,Blue Grosbeak,0.0243,True,1.0,0.3692,True,True,True
E3_location_only,House_Finch_48ft.wav,Birdsongs Recordings\48ft\House_Finch_48ft.wav,House Finch,House Finch,48ft,9.0,10.0,1.0,0.0,0.0,False,Great Horned Owl,0.0033,Anna's Hummingbird,0.0033,Red-shouldered Hawk,0.0033,False,,0.0,False,False,False
E3_location_only,House_Sparrow_48ft.wav,Birdsongs Recordings\48ft\House_Sparrow_48ft.wav,House Sparrow,House Sparrow,48ft,0.0,3.0,3.0,1.7420000000000002,0.5806666666666668,True,House Sparrow,0.558,White-winged Dove,0.0135,Black Phoebe,0.0131,True,1.0,0.558,True,True,True
E3_location_only,House_Sparrow_48ft.wav,Birdsongs Recordings\48ft\House_Sparrow_48ft.wav,House Sparrow,House Sparrow,48ft,3.0,6.0,3.0,1.8359999999999999,0.612,True,House Sparrow,0.4094,White-winged Dove,0.011,Rock Pigeon,0.0088,True,1.0,0.4094,True,True,True
E3_location_only,House_Sparrow_48ft.wav,Birdsongs Recordings\48ft\House_Sparrow_48ft.wav,House Sparrow,House Sparrow,48ft,6.0,9.0,3.0,1.8360000000000003,0.6120000000000001,True,House Sparrow,0.5323,Rock Pigeon,0.0067,American Robin,0.0054,True,1.0,0.5323,True,True,True
E3_location_only,House_Sparrow_48ft.wav,Birdsongs Recordings\48ft\House_Sparrow_48ft.wav,House Sparrow,House Sparrow,48ft,9.0,10.0,1.0,0.6420000000000012,0.6420000000000012,True,Red-shouldered Hawk,0.0024,Rock Pigeon,0.0024,House Finch,0.0021,False,,0.0,False,False,False
E3_location_only,Lesser_Goldfinch_48ft.wav,Birdsongs Recordings\48ft\Lesser_Goldfinch_48ft.wav,Lesser Goldfinch,Lesser Goldfinch,48ft,0.0,3.0,3.0,3.0,1.0,True,Lesser Goldfinch,0.454,American Goldfinch,0.0653,House Wren,0.0414,True,1.0,0.454,True,True,True
E3_location_only,Lesser_Goldfinch_48ft.wav,Birdsongs Recordings\48ft\Lesser_Goldfinch_48ft.wav,Lesser Goldfinch,Lesser Goldfinch,48ft,3.0,6.0,3.0,2.3999999999999995,0.7999999999999998,True,Abert's Towhee,0.1121,American Kestrel,0.033,Pygmy Nuthatch,0.0055,True,6.0,0.0027,False,False,False
E3_location_only,Lesser_Goldfinch_48ft.wav,Birdsongs Recordings\48ft\Lesser_Goldfinch_48ft.wav,Lesser Goldfinch,Lesser Goldfinch,48ft,6.0,9.0,3.0,3.0,1.0,True,Lesser Goldfinch,0.8851,American Goldfinch,0.0804,Black Phoebe,0.0393,True,1.0,0.8851,True,True,True
E3_location_only,Lesser_Goldfinch_48ft.wav,Birdsongs Recordings\48ft\Lesser_Goldfinch_48ft.wav,Lesser Goldfinch,Lesser Goldfinch,48ft,9.0,10.0,1.0,0.9920000000000009,0.9920000000000009,True,American Goldfinch,0.0479,Hutton's Vireo,0.0029,Pine Siskin,0.0023,True,9.0,0.0005,False,False,False
E3_location_only,Mourning_Dove_48ft.wav,Birdsongs Recordings\48ft\Mourning_Dove_48ft.wav,Mourning Dove,Mourning Dove,48ft,0.0,3.0,3.0,1.0,0.3333333333333333,True,Mourning Dove,0.1729,Eurasian Collared-Dove,0.018,White-winged Dove,0.0099,True,1.0,0.1729,True,True,True
E3_location_only,Mourning_Dove_48ft.wav,Birdsongs Recordings\48ft\Mourning_Dove_48ft.wav,Mourning Dove,Mourning Dove,48ft,3.0,6.0,3.0,2.3,0.7666666666666666,True,Mourning Dove,0.9537,White-winged Dove,0.0035,Northern Cardinal,0.0013,True,1.0,0.9537,True,True,True
E3_location_only,Mourning_Dove_48ft.wav,Birdsongs Recordings\48ft\Mourning_Dove_48ft.wav,Mourning Dove,Mourning Dove,48ft,6.0,9.0,3.0,1.2999999999999998,0.4333333333333333,True,Mourning Dove,0.4307,Northern Cardinal,0.0026,Greater Roadrunner,0.0015,True,1.0,0.4307,True,True,True
E3_location_only,Mourning_Dove_48ft.wav,Birdsongs Recordings\48ft\Mourning_Dove_48ft.wav,Mourning Dove,Mourning Dove,48ft,9.0,10.0,1.0,0.0,0.0,False,Rock Pigeon,0.0029,Olive-sided Flycatcher,0.0021,Anna's Hummingbird,0.002,False,,0.0,False,False,False
E3_location_only,Northern_House_Wren_48ft.wav,Birdsongs Recordings\48ft\Northern_House_Wren_48ft.wav,Northern House Wren,House Wren,48ft,0.0,3.0,3.0,2.7,0.9,True,House Finch,0.006,Bell's Vireo,0.0053,House Wren,0.0048,True,3.0,0.0048,False,True,True
E3_location_only,Northern_House_Wren_48ft.wav,Birdsongs Recordings\48ft\Northern_House_Wren_48ft.wav,Northern House Wren,House Wren,48ft,3.0,6.0,3.0,0.8000000000000003,0.2666666666666668,True,House Wren,0.9277,American Goldfinch,0.0126,Brown Creeper,0.006,True,1.0,0.9277,True,True,True
E3_location_only,Northern_House_Wren_48ft.wav,Birdsongs Recordings\48ft\Northern_House_Wren_48ft.wav,Northern House Wren,House Wren,48ft,6.0,9.0,3.0,2.8000000000000007,0.9333333333333336,True,Barn Owl,0.0053,Peregrine Falcon,0.0041,Rock Pigeon,0.003,False,,0.0,False,False,False
E3_location_only,Northern_House_Wren_48ft.wav,Birdsongs Recordings\48ft\Northern_House_Wren_48ft.wav,Northern House Wren,House Wren,48ft,9.0,10.0,1.0,0.0,0.0,False,Cooper's Hawk,0.0053,Anna's Hummingbird,0.0047,Red-shouldered Hawk,0.0036,False,,0.0,False,False,False
E3_location_only,Northern_Mockingbird_48ft.wav,Birdsongs Recordings\48ft\Northern_Mockingbird_48ft.wav,Northern Mockingbird,Northern Mockingbird,48ft,0.0,3.0,3.0,1.6499999999999997,0.5499999999999999,True,Northern Mockingbird,0.2162,Purple Finch,0.006,Bewick's Wren,0.0047,True,1.0,0.2162,True,True,True
E3_location_only,Northern_Mockingbird_48ft.wav,Birdsongs Recordings\48ft\Northern_Mockingbird_48ft.wav,Northern Mockingbird,Northern Mockingbird,48ft,3.0,6.0,3.0,1.1499999999999995,0.38333333333333314,True,Northern Mockingbird,0.0249,Great-tailed Grackle,0.0238,American Robin,0.02,True,1.0,0.0249,True,True,True
E3_location_only,Northern_Mockingbird_48ft.wav,Birdsongs Recordings\48ft\Northern_Mockingbird_48ft.wav,Northern Mockingbird,Northern Mockingbird,48ft,6.0,9.0,3.0,2.13,0.71,True,Northern Mockingbird,0.1677,American Robin,0.0149,Rock Wren,0.0086,True,1.0,0.1677,True,True,True
E3_location_only,Northern_Mockingbird_48ft.wav,Birdsongs Recordings\48ft\Northern_Mockingbird_48ft.wav,Northern Mockingbird,Northern Mockingbird,48ft,9.0,10.0,1.0,0.27999999999999936,0.27999999999999936,True,Wrentit,0.0074,Great-tailed Grackle,0.0015,Sharp-shinned Hawk,0.0007,False,,0.0,False,False,False
E3_location_only,Northern_Yellow_Warbler_48ft.wav,Birdsongs Recordings\48ft\Northern_Yellow_Warbler_48ft.wav,Northern Yellow Warbler,Yellow Warbler,48ft,0.0,3.0,3.0,0.0,0.0,False,Mallard,0.0068,Common Poorwill,0.0054,Common Goldeneye,0.0023,False,,0.0,False,False,False
E3_location_only,Northern_Yellow_Warbler_48ft.wav,Birdsongs Recordings\48ft\Northern_Yellow_Warbler_48ft.wav,Northern Yellow Warbler,Yellow Warbler,48ft,3.0,6.0,3.0,1.3499999999999996,0.4499999999999999,True,Yellow Warbler,0.5094,Willow Flycatcher,0.0074,Wilson's Warbler,0.0058,True,1.0,0.5094,True,True,True
E3_location_only,Northern_Yellow_Warbler_48ft.wav,Birdsongs Recordings\48ft\Northern_Yellow_Warbler_48ft.wav,Northern Yellow Warbler,Yellow Warbler,48ft,6.0,9.0,3.0,0.09999999999999964,0.033333333333333215,False,Mallard,0.0093,Common Poorwill,0.0053,Barn Owl,0.0031,False,,0.0,False,False,False
E3_location_only,Northern_Yellow_Warbler_48ft.wav,Birdsongs Recordings\48ft\Northern_Yellow_Warbler_48ft.wav,Northern Yellow Warbler,Yellow Warbler,48ft,9.0,10.0,1.0,0.0,0.0,False,Anna's Hummingbird,0.0021,Rock Pigeon,0.0011,Wild Turkey,0.001,False,,0.0,False,False,False
E3_location_only,Oak_Titmouse_48ft.wav,Birdsongs Recordings\48ft\Oak_Titmouse_48ft.wav,Oak Titmouse,Oak Titmouse,48ft,0.0,3.0,3.0,1.3,0.43333333333333335,True,Oak Titmouse,0.0966,Rock Wren,0.0027,Bewick's Wren,0.0011,True,1.0,0.0966,True,True,True
E3_location_only,Oak_Titmouse_48ft.wav,Birdsongs Recordings\48ft\Oak_Titmouse_48ft.wav,Oak Titmouse,Oak Titmouse,48ft,3.0,6.0,3.0,1.0000000000000004,0.3333333333333335,True,Oak Titmouse,0.9687,Spotted Towhee,0.0127,Townsend's Warbler,0.0051,True,1.0,0.9687,True,True,True
E3_location_only,Oak_Titmouse_48ft.wav,Birdsongs Recordings\48ft\Oak_Titmouse_48ft.wav,Oak Titmouse,Oak Titmouse,48ft,6.0,9.0,3.0,1.4499999999999993,0.4833333333333331,True,Oak Titmouse,0.1784,Mourning Dove,0.0805,Sharp-shinned Hawk,0.0179,True,1.0,0.1784,True,True,True
E3_location_only,Oak_Titmouse_48ft.wav,Birdsongs Recordings\48ft\Oak_Titmouse_48ft.wav,Oak Titmouse,Oak Titmouse,48ft,9.0,10.0,1.0,0.9000000000000004,0.9000000000000004,True,Hammond's Flycatcher,0.0114,Spotted Sandpiper,0.0079,Pacific-slope Flycatcher,0.0045,True,7.0,0.0014,False,False,False
E3_location_only,Rock_Pigeon_48ft.wav,Birdsongs Recordings\48ft\Rock_Pigeon_48ft.wav,Rock Pigeon,Rock Pigeon,48ft,0.0,3.0,3.0,1.5499999999999998,0.5166666666666666,True,Rock Pigeon,0.6812,Canada Goose,0.0036,Band-tailed Pigeon,0.0029,True,1.0,0.6812,True,True,True
E3_location_only,Rock_Pigeon_48ft.wav,Birdsongs Recordings\48ft\Rock_Pigeon_48ft.wav,Rock Pigeon,Rock Pigeon,48ft,3.0,6.0,3.0,1.0499999999999998,0.3499999999999999,True,Great Horned Owl,0.1197,Rock Pigeon,0.024,Band-tailed Pigeon,0.0229,True,2.0,0.024,False,True,True
E3_location_only,Rock_Pigeon_48ft.wav,Birdsongs Recordings\48ft\Rock_Pigeon_48ft.wav,Rock Pigeon,Rock Pigeon,48ft,6.0,9.0,3.0,1.0999999999999996,0.36666666666666653,True,Great Horned Owl,0.172,Rock Pigeon,0.0502,Band-tailed Pigeon,0.0382,True,2.0,0.0502,False,True,True
E3_location_only,Rock_Pigeon_48ft.wav,Birdsongs Recordings\48ft\Rock_Pigeon_48ft.wav,Rock Pigeon,Rock Pigeon,48ft,9.0,10.0,1.0,0.0,0.0,False,American Crow,0.001,Cedar Waxwing,0.001,Northern Rough-winged Swallow,0.0009,False,,0.0,False,False,False
E3_location_only,Song_Sparrow_48ft.wav,Birdsongs Recordings\48ft\Song_Sparrow_48ft.wav,Song Sparrow,Song Sparrow,48ft,0.0,3.0,3.0,0.0,0.0,False,Mallard,0.0106,White-breasted Nuthatch,0.0028,Barn Owl,0.0026,False,,0.0,False,False,False
E3_location_only,Song_Sparrow_48ft.wav,Birdsongs Recordings\48ft\Song_Sparrow_48ft.wav,Song Sparrow,Song Sparrow,48ft,3.0,6.0,3.0,2.6500000000000004,0.8833333333333334,True,Song Sparrow,0.299,Downy Woodpecker,0.0162,Willow Flycatcher,0.0139,True,1.0,0.299,True,True,True
E3_location_only,Song_Sparrow_48ft.wav,Birdsongs Recordings\48ft\Song_Sparrow_48ft.wav,Song Sparrow,Song Sparrow,48ft,6.0,9.0,3.0,0.0,0.0,False,House Wren,0.0238,Bewick's Wren,0.015,American Goldfinch,0.0113,True,4.0,0.0106,False,False,True
E3_location_only,Song_Sparrow_48ft.wav,Birdsongs Recordings\48ft\Song_Sparrow_48ft.wav,Song Sparrow,Song Sparrow,48ft,9.0,10.0,1.0,0.0,0.0,False,Sharp-shinned Hawk,0.0009,Great Egret,0.0009,American Kestrel,0.0008,False,,0.0,False,False,False
E3_location_only,Spotted_Towhee_48ft.wav,Birdsongs Recordings\48ft\Spotted_Towhee_48ft.wav,Spotted Towhee,Spotted Towhee,48ft,0.0,3.0,3.0,1.3,0.43333333333333335,True,Spotted Towhee,0.0927,Green-tailed Towhee,0.0535,Black-throated Gray Warbler,0.015,True,1.0,0.0927,True,True,True
E3_location_only,Spotted_Towhee_48ft.wav,Birdsongs Recordings\48ft\Spotted_Towhee_48ft.wav,Spotted Towhee,Spotted Towhee,48ft,3.0,6.0,3.0,0.0,0.0,False,Spotted Towhee,0.1384,Rufous-crowned Sparrow,0.0051,Great Horned Owl,0.0038,True,1.0,0.1384,True,True,True
E3_location_only,Spotted_Towhee_48ft.wav,Birdsongs Recordings\48ft\Spotted_Towhee_48ft.wav,Spotted Towhee,Spotted Towhee,48ft,6.0,9.0,3.0,1.3500000000000005,0.4500000000000002,True,Lincoln's Sparrow,0.0405,Green-tailed Towhee,0.037,Spotted Towhee,0.0267,True,3.0,0.0267,False,True,True
E3_location_only,Spotted_Towhee_48ft.wav,Birdsongs Recordings\48ft\Spotted_Towhee_48ft.wav,Spotted Towhee,Spotted Towhee,48ft,9.0,10.0,1.0,0.0,0.0,False,American Kestrel,0.0015,Sharp-shinned Hawk,0.0013,Northern Rough-winged Swallow,0.0011,False,,0.0,False,False,False
E4_week_and_location,American_Robin_1ft.wav,Birdsongs Recordings\1ft\American_Robin_1ft.wav,American Robin,American Robin,1ft,0.0,3.0,3.0,2.45,0.8166666666666668,True,American Robin,0.9215,Black-headed Grosbeak,0.0299,Northern Mockingbird,0.0257,True,1.0,0.9215,True,True,True
E4_week_and_location,American_Robin_1ft.wav,Birdsongs Recordings\1ft\American_Robin_1ft.wav,American Robin,American Robin,1ft,3.0,6.0,3.0,1.9000000000000004,0.6333333333333334,True,American Robin,0.9906,Northern Mockingbird,0.0007,Northern Cardinal,0.0007,True,1.0,0.9906,True,True,True
E4_week_and_location,American_Robin_1ft.wav,Birdsongs Recordings\1ft\American_Robin_1ft.wav,American Robin,American Robin,1ft,6.0,9.0,3.0,1.4000000000000004,0.4666666666666668,True,American Robin,0.957,Northern Mockingbird,0.0201,Red-winged Blackbird,0.0018,True,1.0,0.957,True,True,True
E4_week_and_location,American_Robin_1ft.wav,Birdsongs Recordings\1ft\American_Robin_1ft.wav,American Robin,American Robin,1ft,9.0,10.0,1.0,1.0,1.0,True,American Robin,0.8093,Black-headed Grosbeak,0.1026,Northern Flicker,0.002,True,1.0,0.8093,True,True,True
E4_week_and_location,Annas_Hummingbird_1ft.wav,Birdsongs Recordings\1ft\Annas_Hummingbird_1ft.wav,Anna's Hummingbird,Anna's Hummingbird,1ft,0.0,3.0,3.0,1.5,0.5,True,Anna's Hummingbird,0.9936,Savannah Sparrow,0.0013,Costa's Hummingbird,0.0012,True,1.0,0.9936,True,True,True
E4_week_and_location,Annas_Hummingbird_1ft.wav,Birdsongs Recordings\1ft\Annas_Hummingbird_1ft.wav,Anna's Hummingbird,Anna's Hummingbird,1ft,3.0,6.0,3.0,3.0,1.0,True,Anna's Hummingbird,0.9869,House Finch,0.0032,House Wren,0.002,True,1.0,0.9869,True,True,True
E4_week_and_location,Annas_Hummingbird_1ft.wav,Birdsongs Recordings\1ft\Annas_Hummingbird_1ft.wav,Anna's Hummingbird,Anna's Hummingbird,1ft,6.0,9.0,3.0,3.0,1.0,True,Anna's Hummingbird,0.9953,Savannah Sparrow,0.0065,Rock Wren,0.0016,True,1.0,0.9953,True,True,True
E4_week_and_location,Annas_Hummingbird_1ft.wav,Birdsongs Recordings\1ft\Annas_Hummingbird_1ft.wav,Anna's Hummingbird,Anna's Hummingbird,1ft,9.0,10.0,1.0,0.6999999999999993,0.6999999999999993,True,Anna's Hummingbird,0.802,Savannah Sparrow,0.0069,Chipping Sparrow,0.0023,True,1.0,0.802,True,True,True
E4_week_and_location,Barn_Swallow_1ft.wav,Birdsongs Recordings\1ft\Barn_Swallow_1ft.wav,Barn Swallow,Barn Swallow,1ft,0.0,3.0,3.0,2.7,0.9,True,Barn Swallow,0.981,Savannah Sparrow,0.009,White-throated Swift,0.0055,True,1.0,0.981,True,True,True
E4_week_and_location,Barn_Swallow_1ft.wav,Birdsongs Recordings\1ft\Barn_Swallow_1ft.wav,Barn Swallow,Barn Swallow,1ft,3.0,6.0,3.0,3.0,1.0,True,Barn Swallow,0.9841,Cliff Swallow,0.052,House Finch,0.0112,True,1.0,0.9841,True,True,True
E4_week_and_location,Barn_Swallow_1ft.wav,Birdsongs Recordings\1ft\Barn_Swallow_1ft.wav,Barn Swallow,Barn Swallow,1ft,6.0,9.0,3.0,3.0,1.0,True,Barn Swallow,0.9786,Least Tern,0.0056,House Finch,0.0024,True,1.0,0.9786,True,True,True
E4_week_and_location,Barn_Swallow_1ft.wav,Birdsongs Recordings\1ft\Barn_Swallow_1ft.wav,Barn Swallow,Barn Swallow,1ft,9.0,10.0,1.0,0.1999999999999993,0.1999999999999993,False,Red-necked Phalarope,0.0012,Western Kingbird,0.0004,Belted Kingfisher,0.0002,False,,0.0,False,False,False
E4_week_and_location,Bewicks_Wren_1ft.wav,Birdsongs Recordings\1ft\Bewicks_Wren_1ft.wav,Bewick's Wren,Bewick's Wren,1ft,0.0,3.0,3.0,2.4,0.7999999999999999,True,Bewick's Wren,0.8609,Black-throated Sparrow,0.1658,Song Sparrow,0.0579,True,1.0,0.8609,True,True,True
E4_week_and_location,Bewicks_Wren_1ft.wav,Birdsongs Recordings\1ft\Bewicks_Wren_1ft.wav,Bewick's Wren,Bewick's Wren,1ft,3.0,6.0,3.0,0.0,0.0,False,Black-throated Gray Warbler,0.0199,Yellow-rumped Warbler,0.0136,Chipping Sparrow,0.0135,True,12.0,0.007,False,False,False
E4_week_and_location,Bewicks_Wren_1ft.wav,Birdsongs Recordings\1ft\Bewicks_Wren_1ft.wav,Bewick's Wren,Bewick's Wren,1ft,6.0,9.0,3.0,0.0,0.0,False,Canada Goose,0.0225,Northern Cardinal,0.0158,White-breasted Nuthatch,0.0149,False,,0.0,False,False,False
E4_week_and_location,Bewicks_Wren_1ft.wav,Birdsongs Recordings\1ft\Bewicks_Wren_1ft.wav,Bewick's Wren,Bewick's Wren,1ft,9.0,10.0,1.0,0.0,0.0,False,Great Horned Owl,0.0053,Red-shouldered Hawk,0.0052,Anna's Hummingbird,0.0051,False,,0.0,False,False,False
E4_week_and_location,Black_Phoebe_1ft.wav,Birdsongs Recordings\1ft\Black_Phoebe_1ft.wav,Black Phoebe,Black Phoebe,1ft,0.0,3.0,3.0,0.7500000000000002,0.25000000000000006,True,Black Phoebe,0.9998,Wrentit,0.0003,Song Sparrow,0.0002,True,1.0,0.9998,True,True,True
E4_week_and_location,Black_Phoebe_1ft.wav,Birdsongs Recordings\1ft\Black_Phoebe_1ft.wav,Black Phoebe,Black Phoebe,1ft,3.0,6.0,3.0,0.8999999999999999,0.3,True,Black Phoebe,0.9995,Wrentit,0.0002,Bushtit,0.0001,True,1.0,0.9995,True,True,True
E4_week_and_location,Black_Phoebe_1ft.wav,Birdsongs Recordings\1ft\Black_Phoebe_1ft.wav,Black Phoebe,Black Phoebe,1ft,6.0,9.0,3.0,0.7999999999999989,0.26666666666666633,True,Black Phoebe,0.9998,Verdin,0.0001,Bushtit,0.0001,True,1.0,0.9998,True,True,True
E4_week_and_location,Black_Phoebe_1ft.wav,Birdsongs Recordings\1ft\Black_Phoebe_1ft.wav,Black Phoebe,Black Phoebe,1ft,9.0,10.0,1.0,0.40000000000000036,0.40000000000000036,True,Black Phoebe,0.9998,Bushtit,0.0005,Oak Titmouse,0.0005,True,1.0,0.9998,True,True,True
E4_week_and_location,California_Towhee_1ft.wav,Birdsongs Recordings\1ft\California_Towhee_1ft.wav,California Towhee,California Towhee,1ft,0.0,3.0,3.0,1.35,0.45,True,California Towhee,0.9986,Spotted Towhee,0.0014,Abert's Towhee,0.0011,True,1.0,0.9986,True,True,True
E4_week_and_location,California_Towhee_1ft.wav,Birdsongs Recordings\1ft\California_Towhee_1ft.wav,California Towhee,California Towhee,1ft,3.0,6.0,3.0,0.0,0.0,False,Black Phoebe,0.2448,House Sparrow,0.1063,American Goldfinch,0.0194,False,,0.0,False,False,False
E4_week_and_location,California_Towhee_1ft.wav,Birdsongs Recordings\1ft\California_Towhee_1ft.wav,California Towhee,California Towhee,1ft,6.0,9.0,3.0,1.4499999999999993,0.4833333333333331,True,California Towhee,0.9976,Abert's Towhee,0.0066,Spotted Towhee,0.0019,True,1.0,0.9976,True,True,True
E4_week_and_location,California_Towhee_1ft.wav,Birdsongs Recordings\1ft\California_Towhee_1ft.wav,California Towhee,California Towhee,1ft,9.0,10.0,1.0,0.0,0.0,False,Allen's Hummingbird,0.0368,Rufous Hummingbird,0.0226,Anna's Hummingbird,0.0127,False,,0.0,False,False,False
E4_week_and_location,Dark_eyed_Junco_1ft.wav,Birdsongs Recordings\1ft\Dark_eyed_Junco_1ft.wav,Dark-eyed Junco,Dark-eyed Junco,1ft,0.0,3.0,3.0,1.7500000000000002,0.5833333333333334,True,Dark-eyed Junco,0.9843,Chipping Sparrow,0.0215,Yellow-rumped Warbler,0.0039,True,1.0,0.9843,True,True,True
E4_week_and_location,Dark_eyed_Junco_1ft.wav,Birdsongs Recordings\1ft\Dark_eyed_Junco_1ft.wav,Dark-eyed Junco,Dark-eyed Junco,1ft,3.0,6.0,3.0,0.0,0.0,False,Black Phoebe,0.154,American Goldfinch,0.0466,White-breasted Nuthatch,0.0166,True,19.0,0.0016,False,False,False
E4_week_and_location,Dark_eyed_Junco_1ft.wav,Birdsongs Recordings\1ft\Dark_eyed_Junco_1ft.wav,Dark-eyed Junco,Dark-eyed Junco,1ft,6.0,9.0,3.0,1.8500000000000005,0.6166666666666668,True,Dark-eyed Junco,0.9687,Chipping Sparrow,0.104,Yellow-rumped Warbler,0.0035,True,1.0,0.9687,True,True,True
E4_week_and_location,Dark_eyed_Junco_1ft.wav,Birdsongs Recordings\1ft\Dark_eyed_Junco_1ft.wav,Dark-eyed Junco,Dark-eyed Junco,1ft,9.0,10.0,1.0,0.0,0.0,False,Allen's Hummingbird,0.1443,Rufous Hummingbird,0.1402,Anna's Hummingbird,0.0115,True,18.0,0.0013,False,False,False
E4_week_and_location,European_Starling_1ft.wav,Birdsongs Recordings\1ft\European_Starling_1ft.wav,European Starling,European Starling,1ft,0.0,3.0,3.0,2.6,0.8666666666666667,True,Chipping Sparrow,0.0241,Brewer's Blackbird,0.0126,European Starling,0.0103,True,3.0,0.0103,False,True,True
E4_week_and_location,European_Starling_1ft.wav,Birdsongs Recordings\1ft\European_Starling_1ft.wav,European Starling,European Starling,1ft,3.0,6.0,3.0,3.0,1.0,True,European Starling,0.2909,American Robin,0.0212,Mountain Chickadee,0.0068,True,1.0,0.2909,True,True,True
E4_week_and_location,European_Starling_1ft.wav,Birdsongs Recordings\1ft\European_Starling_1ft.wav,European Starling,European Starling,1ft,6.0,9.0,3.0,3.0,1.0,True,European Starling,0.7345,Chipping Sparrow,0.0237,California Quail,0.0126,True,1.0,0.7345,True,True,True
E4_week_and_location,European_Starling_1ft.wav,Birdsongs Recordings\1ft\European_Starling_1ft.wav,European Starling,European Starling,1ft,9.0,10.0,1.0,1.0,1.0,True,European Starling,0.3416,Brewer's Blackbird,0.0342,Great-tailed Grackle,0.0093,True,1.0,0.3416,True,True,True
E4_week_and_location,Hooded_Oriole_1ft.wav,Birdsongs Recordings\1ft\Hooded_Oriole_1ft.wav,Hooded Oriole,Hooded Oriole,1ft,0.0,3.0,3.0,1.35,0.45,True,Hooded Oriole,0.8867,American Coot,0.0186,Bullock's Oriole,0.0146,True,1.0,0.8867,True,True,True
E4_week_and_location,Hooded_Oriole_1ft.wav,Birdsongs Recordings\1ft\Hooded_Oriole_1ft.wav,Hooded Oriole,Hooded Oriole,1ft,3.0,6.0,3.0,1.6500000000000008,0.5500000000000003,True,Hooded Oriole,0.6742,California Thrasher,0.0062,Phainopepla,0.0058,True,1.0,0.6742,True,True,True
E4_week_and_location,Hooded_Oriole_1ft.wav,Birdsongs Recordings\1ft\Hooded_Oriole_1ft.wav,Hooded Oriole,Hooded Oriole,1ft,6.0,9.0,3.0,2.4000000000000004,0.8000000000000002,True,Hooded Oriole,0.7003,Bullock's Oriole,0.034,Gambel's Quail,0.0124,True,1.0,0.7003,True,True,True
E4_week_and_location,Hooded_Oriole_1ft.wav,Birdsongs Recordings\1ft\Hooded_Oriole_1ft.wav,Hooded Oriole,Hooded Oriole,1ft,9.0,10.0,1.0,0.8499999999999996,0.8499999999999996,True,Hooded Oriole,0.7601,Western Tanager,0.3424,California Thrasher,0.0411,True,1.0,0.7601,True,True,True
E4_week_and_location,House_Finch_1ft.wav,Birdsongs Recordings\1ft\House_Finch_1ft.wav,House Finch,House Finch,1ft,0.0,3.0,3.0,2.55,0.85,True,House Finch,0.5639,Purple Finch,0.0262,Blue Grosbeak,0.0094,True,1.0,0.5639,True,True,True
E4_week_and_location,House_Finch_1ft.wav,Birdsongs Recordings\1ft\House_Finch_1ft.wav,House Finch,House Finch,1ft,3.0,6.0,3.0,0.6999999999999997,0.23333333333333325,True,House Finch,0.6925,Blue Grosbeak,0.032,Purple Finch,0.0139,True,1.0,0.6925,True,True,True
E4_week_and_location,House_Finch_1ft.wav,Birdsongs Recordings\1ft\House_Finch_1ft.wav,House Finch,House Finch,1ft,6.0,9.0,3.0,2.0,0.6666666666666666,True,House Finch,0.6925,Purple Finch,0.0255,Blue Grosbeak,0.0069,True,1.0,0.6925,True,True,True
E4_week_and_location,House_Finch_1ft.wav,Birdsongs Recordings\1ft\House_Finch_1ft.wav,House Finch,House Finch,1ft,9.0,10.0,1.0,0.0,0.0,False,Wild Turkey,0.0031,Red-shouldered Hawk,0.003,House Finch,0.0022,True,3.0,0.0022,False,True,True
E4_week_and_location,House_Sparrow_1ft.wav,Birdsongs Recordings\1ft\House_Sparrow_1ft.wav,House Sparrow,House Sparrow,1ft,0.0,3.0,3.0,1.7420000000000002,0.5806666666666668,True,House Sparrow,0.8738,House Finch,0.0068,American Robin,0.0053,True,1.0,0.8738,True,True,True
E4_week_and_location,House_Sparrow_1ft.wav,Birdsongs Recordings\1ft\House_Sparrow_1ft.wav,House Sparrow,House Sparrow,1ft,3.0,6.0,3.0,1.8359999999999999,0.612,True,House Sparrow,0.4907,Tree Swallow,0.0252,Barn Swallow,0.0064,True,1.0,0.4907,True,True,True
E4_week_and_location,House_Sparrow_1ft.wav,Birdsongs Recordings\1ft\House_Sparrow_1ft.wav,House Sparrow,House Sparrow,1ft,6.0,9.0,3.0,1.8360000000000003,0.6120000000000001,True,House Sparrow,0.5018,Tree Swallow,0.0167,Cactus Wren,0.0018,True,1.0,0.5018,True,True,True
E4_week_and_location,House_Sparrow_1ft.wav,Birdsongs Recordings\1ft\House_Sparrow_1ft.wav,House Sparrow,House Sparrow,1ft,9.0,10.0,1.0,0.6420000000000012,0.6420000000000012,True,House Sparrow,0.5193,House Finch,0.0097,Northern Mockingbird,0.0002,True,1.0,0.5193,True,True,True
E4_week_and_location,Lesser_Goldfinch_1ft.wav,Birdsongs Recordings\1ft\Lesser_Goldfinch_1ft.wav,Lesser Goldfinch,Lesser Goldfinch,1ft,0.0,3.0,3.0,3.0,1.0,True,Lesser Goldfinch,0.1137,Abert's Towhee,0.0005,Lark Sparrow,0.0004,True,1.0,0.1137,True,True,True
E4_week_and_location,Lesser_Goldfinch_1ft.wav,Birdsongs Recordings\1ft\Lesser_Goldfinch_1ft.wav,Lesser Goldfinch,Lesser Goldfinch,1ft,3.0,6.0,3.0,2.3999999999999995,0.7999999999999998,True,Lazuli Bunting,0.0188,Lesser Goldfinch,0.0156,American Goldfinch,0.0077,True,2.0,0.0156,False,True,True
E4_week_and_location,Lesser_Goldfinch_1ft.wav,Birdsongs Recordings\1ft\Lesser_Goldfinch_1ft.wav,Lesser Goldfinch,Lesser Goldfinch,1ft,6.0,9.0,3.0,3.0,1.0,True,Lesser Goldfinch,0.1079,American Goldfinch,0.011,Lark Sparrow,0.0091,True,1.0,0.1079,True,True,True
E4_week_and_location,Lesser_Goldfinch_1ft.wav,Birdsongs Recordings\1ft\Lesser_Goldfinch_1ft.wav,Lesser Goldfinch,Lesser Goldfinch,1ft,9.0,10.0,1.0,0.9920000000000009,0.9920000000000009,True,American Goldfinch,0.6807,Lesser Goldfinch,0.0131,Blue-gray Gnatcatcher,0.0007,True,2.0,0.0131,False,True,True
E4_week_and_location,Mourning_Dove_1ft.wav,Birdsongs Recordings\1ft\Mourning_Dove_1ft.wav,Mourning Dove,Mourning Dove,1ft,0.0,3.0,3.0,1.0,0.3333333333333333,True,Mourning Dove,0.5822,White-winged Dove,0.0032,Northern Cardinal,0.0016,True,1.0,0.5822,True,True,True
E4_week_and_location,Mourning_Dove_1ft.wav,Birdsongs Recordings\1ft\Mourning_Dove_1ft.wav,Mourning Dove,Mourning Dove,1ft,3.0,6.0,3.0,2.3,0.7666666666666666,True,Mourning Dove,0.9285,White-winged Dove,0.0057,Greater Roadrunner,0.0012,True,1.0,0.9285,True,True,True
E4_week_and_location,Mourning_Dove_1ft.wav,Birdsongs Recordings\1ft\Mourning_Dove_1ft.wav,Mourning Dove,Mourning Dove,1ft,6.0,9.0,3.0,1.2999999999999998,0.4333333333333333,True,Mourning Dove,0.8296,Eurasian Collared-Dove,0.0393,White-winged Dove,0.0019,True,1.0,0.8296,True,True,True
E4_week_and_location,Mourning_Dove_1ft.wav,Birdsongs Recordings\1ft\Mourning_Dove_1ft.wav,Mourning Dove,Mourning Dove,1ft,9.0,10.0,1.0,0.0,0.0,False,Red-shouldered Hawk,0.0045,Cooper's Hawk,0.003,Anna's Hummingbird,0.003,False,,0.0,False,False,False
E4_week_and_location,Northern_House_Wren_1ft.wav,Birdsongs Recordings\1ft\Northern_House_Wren_1ft.wav,Northern House Wren,House Wren,1ft,0.0,3.0,3.0,2.7,0.9,True,House Wren,0.9754,Marsh Wren,0.0037,Western Wood-Pewee,0.0007,True,1.0,0.9754,True,True,True
E4_week_and_location,Northern_House_Wren_1ft.wav,Birdsongs Recordings\1ft\Northern_House_Wren_1ft.wav,Northern House Wren,House Wren,1ft,3.0,6.0,3.0,0.8000000000000003,0.2666666666666668,True,House Wren,0.3107,Marsh Wren,0.1221,Rufous-crowned Sparrow,0.0804,True,1.0,0.3107,True,True,True
E4_week_and_location,Northern_House_Wren_1ft.wav,Birdsongs Recordings\1ft\Northern_House_Wren_1ft.wav,Northern House Wren,House Wren,1ft,6.0,9.0,3.0,2.8000000000000007,0.9333333333333336,True,House Wren,0.992,American Goldfinch,0.0014,Western Wood-Pewee,0.0009,True,1.0,0.992,True,True,True
E4_week_and_location,Northern_House_Wren_1ft.wav,Birdsongs Recordings\1ft\Northern_House_Wren_1ft.wav,Northern House Wren,House Wren,1ft,9.0,10.0,1.0,0.0,0.0,False,Cooper's Hawk,0.0092,House Wren,0.0081,Olive-sided Flycatcher,0.0073,True,2.0,0.0081,False,True,True
E4_week_and_location,Northern_Mockingbird_1ft.wav,Birdsongs Recordings\1ft\Northern_Mockingbird_1ft.wav,Northern Mockingbird,Northern Mockingbird,1ft,0.0,3.0,3.0,1.6499999999999997,0.5499999999999999,True,Northern Mockingbird,0.4919,Spotted Towhee,0.005,Rock Wren,0.0047,True,1.0,0.4919,True,True,True
E4_week_and_location,Northern_Mockingbird_1ft.wav,Birdsongs Recordings\1ft\Northern_Mockingbird_1ft.wav,Northern Mockingbird,Northern Mockingbird,1ft,3.0,6.0,3.0,1.1499999999999995,0.38333333333333314,True,Northern Mockingbird,0.5772,American Robin,0.0142,Spotted Towhee,0.0134,True,1.0,0.5772,True,True,True
E4_week_and_location,Northern_Mockingbird_1ft.wav,Birdsongs Recordings\1ft\Northern_Mockingbird_1ft.wav,Northern Mockingbird,Northern Mockingbird,1ft,6.0,9.0,3.0,2.13,0.71,True,Northern Mockingbird,0.1793,Wrentit,0.1652,Rock Wren,0.0202,True,1.0,0.1793,True,True,True
E4_week_and_location,Northern_Mockingbird_1ft.wav,Birdsongs Recordings\1ft\Northern_Mockingbird_1ft.wav,Northern Mockingbird,Northern Mockingbird,1ft,9.0,10.0,1.0,0.27999999999999936,0.27999999999999936,True,Wrentit,0.1834,Great-tailed Grackle,0.0046,Rock Wren,0.0039,True,5.0,0.002,False,False,True
E4_week_and_location,Northern_Yellow_Warbler_1ft.wav,Birdsongs Recordings\1ft\Northern_Yellow_Warbler_1ft.wav,Northern Yellow Warbler,Yellow Warbler,1ft,0.0,3.0,3.0,0.0,0.0,False,American Goldfinch,0.0425,Canada Goose,0.0397,House Finch,0.0248,False,,0.0,False,False,False
E4_week_and_location,Northern_Yellow_Warbler_1ft.wav,Birdsongs Recordings\1ft\Northern_Yellow_Warbler_1ft.wav,Northern Yellow Warbler,Yellow Warbler,1ft,3.0,6.0,3.0,1.3499999999999996,0.4499999999999999,True,Yellow Warbler,0.9617,Willow Flycatcher,0.0077,Wilson's Warbler,0.0054,True,1.0,0.9617,True,True,True
E4_week_and_location,Northern_Yellow_Warbler_1ft.wav,Birdsongs Recordings\1ft\Northern_Yellow_Warbler_1ft.wav,Northern Yellow Warbler,Yellow Warbler,1ft,6.0,9.0,3.0,0.09999999999999964,0.033333333333333215,False,Hairy Woodpecker,0.0129,Chipping Sparrow,0.0123,Yellow Warbler,0.0098,True,3.0,0.0098,False,True,True
E4_week_and_location,Northern_Yellow_Warbler_1ft.wav,Birdsongs Recordings\1ft\Northern_Yellow_Warbler_1ft.wav,Northern Yellow Warbler,Yellow Warbler,1ft,9.0,10.0,1.0,0.0,0.0,False,Great Horned Owl,0.0028,Red-shouldered Hawk,0.0025,Barn Owl,0.0023,False,,0.0,False,False,False
E4_week_and_location,Oak_Titmouse_1ft.wav,Birdsongs Recordings\1ft\Oak_Titmouse_1ft.wav,Oak Titmouse,Oak Titmouse,1ft,0.0,3.0,3.0,1.3,0.43333333333333335,True,Oak Titmouse,0.6607,California Scrub-Jay,0.0006,Great-tailed Grackle,0.0005,True,1.0,0.6607,True,True,True
E4_week_and_location,Oak_Titmouse_1ft.wav,Birdsongs Recordings\1ft\Oak_Titmouse_1ft.wav,Oak Titmouse,Oak Titmouse,1ft,3.0,6.0,3.0,1.0000000000000004,0.3333333333333335,True,Oak Titmouse,0.9997,Spotted Towhee,0.0237,Rock Wren,0.0085,True,1.0,0.9997,True,True,True
E4_week_and_location,Oak_Titmouse_1ft.wav,Birdsongs Recordings\1ft\Oak_Titmouse_1ft.wav,Oak Titmouse,Oak Titmouse,1ft,6.0,9.0,3.0,1.4499999999999993,0.4833333333333331,True,Oak Titmouse,0.9994,Rock Wren,0.0111,Dark-eyed Junco,0.005,True,1.0,0.9994,True,True,True
E4_week_and_location,Oak_Titmouse_1ft.wav,Birdsongs Recordings\1ft\Oak_Titmouse_1ft.wav,Oak Titmouse,Oak Titmouse,1ft,9.0,10.0,1.0,0.9000000000000004,0.9000000000000004,True,Oak Titmouse,0.9817,Spotted Towhee,0.0479,Northern Mockingbird,0.0177,True,1.0,0.9817,True,True,True
E4_week_and_location,Rock_Pigeon_1ft.wav,Birdsongs Recordings\1ft\Rock_Pigeon_1ft.wav,Rock Pigeon,Rock Pigeon,1ft,0.0,3.0,3.0,1.5499999999999998,0.5166666666666666,True,Rock Pigeon,0.9875,Double-crested Cormorant,0.0067,Black Phoebe,0.0029,True,1.0,0.9875,True,True,True
E4_week_and_location,Rock_Pigeon_1ft.wav,Birdsongs Recordings\1ft\Rock_Pigeon_1ft.wav,Rock Pigeon,Rock Pigeon,1ft,3.0,6.0,3.0,1.0499999999999998,0.3499999999999999,True,Rock Pigeon,0.9081,Black Phoebe,0.0683,Double-crested Cormorant,0.009,True,1.0,0.9081,True,True,True
E4_week_and_location,Rock_Pigeon_1ft.wav,Birdsongs Recordings\1ft\Rock_Pigeon_1ft.wav,Rock Pigeon,Rock Pigeon,1ft,6.0,9.0,3.0,1.0999999999999996,0.36666666666666653,True,Rock Pigeon,0.7613,Black Phoebe,0.1134,Canyon Wren,0.0178,True,1.0,0.7613,True,True,True
E4_week_and_location,Rock_Pigeon_1ft.wav,Birdsongs Recordings\1ft\Rock_Pigeon_1ft.wav,Rock Pigeon,Rock Pigeon,1ft,9.0,10.0,1.0,0.0,0.0,False,Red-shouldered Hawk,0.0036,Brown Creeper,0.0031,Great Horned Owl,0.0025,True,16.0,0.0014,False,False,False
E4_week_and_location,Song_Sparrow_1ft.wav,Birdsongs Recordings\1ft\Song_Sparrow_1ft.wav,Song Sparrow,Song Sparrow,1ft,0.0,3.0,3.0,0.0,0.0,False,Pygmy Nuthatch,0.1193,Canada Goose,0.0546,Northern Cardinal,0.0542,True,4.0,0.0516,False,False,True
E4_week_and_location,Song_Sparrow_1ft.wav,Birdsongs Recordings\1ft\Song_Sparrow_1ft.wav,Song Sparrow,Song Sparrow,1ft,3.0,6.0,3.0,2.6500000000000004,0.8833333333333334,True,Song Sparrow,0.9159,Savannah Sparrow,0.0052,Red-winged Blackbird,0.0027,True,1.0,0.9159,True,True,True
E4_week_and_location,Song_Sparrow_1ft.wav,Birdsongs Recordings\1ft\Song_Sparrow_1ft.wav,Song Sparrow,Song Sparrow,1ft,6.0,9.0,3.0,0.0,0.0,False,House Sparrow,0.049,Canada Goose,0.0403,Pygmy Nuthatch,0.0227,True,4.0,0.0163,False,False,True
E4_week_and_location,Song_Sparrow_1ft.wav,Birdsongs Recordings\1ft\Song_Sparrow_1ft.wav,Song Sparrow,Song Sparrow,1ft,9.0,10.0,1.0,0.0,0.0,False,Rock Pigeon,0.0047,Great Horned Owl,0.0039,Brown Creeper,0.0023,False,,0.0,False,False,False
E4_week_and_location,Spotted_Towhee_1ft.wav,Birdsongs Recordings\1ft\Spotted_Towhee_1ft.wav,Spotted Towhee,Spotted Towhee,1ft,0.0,3.0,3.0,1.3,0.43333333333333335,True,Spotted Towhee,0.9864,Dark-eyed Junco,0.0022,Rufous-crowned Sparrow,0.0008,True,1.0,0.9864,True,True,True
E4_week_and_location,Spotted_Towhee_1ft.wav,Birdsongs Recordings\1ft\Spotted_Towhee_1ft.wav,Spotted Towhee,Spotted Towhee,1ft,3.0,6.0,3.0,0.0,0.0,False,Canada Goose,0.0252,Hairy Woodpecker,0.0186,White-breasted Nuthatch,0.0151,False,,0.0,False,False,False
E4_week_and_location,Spotted_Towhee_1ft.wav,Birdsongs Recordings\1ft\Spotted_Towhee_1ft.wav,Spotted Towhee,Spotted Towhee,1ft,6.0,9.0,3.0,1.3500000000000005,0.4500000000000002,True,Spotted Towhee,0.9658,Rufous-crowned Sparrow,0.0015,Dark-eyed Junco,0.0009,True,1.0,0.9658,True,True,True
E4_week_and_location,Spotted_Towhee_1ft.wav,Birdsongs Recordings\1ft\Spotted_Towhee_1ft.wav,Spotted Towhee,Spotted Towhee,1ft,9.0,10.0,1.0,0.0,0.0,False,Anna's Hummingbird,0.004,Great Horned Owl,0.0032,Hairy Woodpecker,0.0031,False,,0.0,False,False,False
E4_week_and_location,American_Robin_4ft.wav,Birdsongs Recordings\4ft\American_Robin_4ft.wav,American Robin,American Robin,4ft,0.0,3.0,3.0,2.45,0.8166666666666668,True,American Robin,0.9562,Northern Mockingbird,0.015,Black-headed Grosbeak,0.0039,True,1.0,0.9562,True,True,True
E4_week_and_location,American_Robin_4ft.wav,Birdsongs Recordings\4ft\American_Robin_4ft.wav,American Robin,American Robin,4ft,3.0,6.0,3.0,1.9000000000000004,0.6333333333333334,True,American Robin,0.9948,Short-billed Dowitcher,0.001,Northern Mockingbird,0.0007,True,1.0,0.9948,True,True,True
E4_week_and_location,American_Robin_4ft.wav,Birdsongs Recordings\4ft\American_Robin_4ft.wav,American Robin,American Robin,4ft,6.0,9.0,3.0,1.4000000000000004,0.4666666666666668,True,American Robin,0.9539,Northern Mockingbird,0.0023,Brown-headed Cowbird,0.0002,True,1.0,0.9539,True,True,True
E4_week_and_location,American_Robin_4ft.wav,Birdsongs Recordings\4ft\American_Robin_4ft.wav,American Robin,American Robin,4ft,9.0,10.0,1.0,1.0,1.0,True,American Robin,0.8464,Black-headed Grosbeak,0.1932,Black-throated Gray Warbler,0.0039,True,1.0,0.8464,True,True,True
E4_week_and_location,Annas_Hummingbird_4ft.wav,Birdsongs Recordings\4ft\Annas_Hummingbird_4ft.wav,Anna's Hummingbird,Anna's Hummingbird,4ft,0.0,3.0,3.0,1.5,0.5,True,Anna's Hummingbird,0.9932,Allen's Hummingbird,0.0007,Bewick's Wren,0.0006,True,1.0,0.9932,True,True,True
E4_week_and_location,Annas_Hummingbird_4ft.wav,Birdsongs Recordings\4ft\Annas_Hummingbird_4ft.wav,Anna's Hummingbird,Anna's Hummingbird,4ft,3.0,6.0,3.0,3.0,1.0,True,Anna's Hummingbird,0.9986,House Wren,0.0019,Bewick's Wren,0.0017,True,1.0,0.9986,True,True,True
E4_week_and_location,Annas_Hummingbird_4ft.wav,Birdsongs Recordings\4ft\Annas_Hummingbird_4ft.wav,Anna's Hummingbird,Anna's Hummingbird,4ft,6.0,9.0,3.0,3.0,1.0,True,Anna's Hummingbird,0.9993,Savannah Sparrow,0.0017,House Wren,0.0005,True,1.0,0.9993,True,True,True
E4_week_and_location,Annas_Hummingbird_4ft.wav,Birdsongs Recordings\4ft\Annas_Hummingbird_4ft.wav,Anna's Hummingbird,Anna's Hummingbird,4ft,9.0,10.0,1.0,0.6999999999999993,0.6999999999999993,True,Anna's Hummingbird,0.9928,Rufous Hummingbird,0.0055,Black Phoebe,0.004,True,1.0,0.9928,True,True,True
E4_week_and_location,Barn_Swallow_4ft.wav,Birdsongs Recordings\4ft\Barn_Swallow_4ft.wav,Barn Swallow,Barn Swallow,4ft,0.0,3.0,3.0,2.7,0.9,True,Barn Swallow,0.9996,Tree Swallow,0.0005,Common Yellowthroat,0.0005,True,1.0,0.9996,True,True,True
E4_week_and_location,Barn_Swallow_4ft.wav,Birdsongs Recordings\4ft\Barn_Swallow_4ft.wav,Barn Swallow,Barn Swallow,4ft,3.0,6.0,3.0,3.0,1.0,True,Barn Swallow,0.9995,Cliff Swallow,0.0416,House Finch,0.0007,True,1.0,0.9995,True,True,True
E4_week_and_location,Barn_Swallow_4ft.wav,Birdsongs Recordings\4ft\Barn_Swallow_4ft.wav,Barn Swallow,Barn Swallow,4ft,6.0,9.0,3.0,3.0,1.0,True,Barn Swallow,0.9991,Cliff Swallow,0.0158,Belted Kingfisher,0.006,True,1.0,0.9991,True,True,True
E4_week_and_location,Barn_Swallow_4ft.wav,Birdsongs Recordings\4ft\Barn_Swallow_4ft.wav,Barn Swallow,Barn Swallow,4ft,9.0,10.0,1.0,0.1999999999999993,0.1999999999999993,False,Hairy Woodpecker,0.0083,Downy Woodpecker,0.0048,Black Phoebe,0.0048,False,,0.0,False,False,False
E4_week_and_location,Bewicks_Wren_4ft.wav,Birdsongs Recordings\4ft\Bewicks_Wren_4ft.wav,Bewick's Wren,Bewick's Wren,4ft,0.0,3.0,3.0,2.4,0.7999999999999999,True,Bewick's Wren,0.7954,Black-throated Sparrow,0.0923,Song Sparrow,0.0666,True,1.0,0.7954,True,True,True
E4_week_and_location,Bewicks_Wren_4ft.wav,Birdsongs Recordings\4ft\Bewicks_Wren_4ft.wav,Bewick's Wren,Bewick's Wren,4ft,3.0,6.0,3.0,0.0,0.0,False,Black Phoebe,0.5682,Pygmy Nuthatch,0.0927,Hairy Woodpecker,0.0255,False,,0.0,False,False,False
E4_week_and_location,Bewicks_Wren_4ft.wav,Birdsongs Recordings\4ft\Bewicks_Wren_4ft.wav,Bewick's Wren,Bewick's Wren,4ft,6.0,9.0,3.0,0.0,0.0,False,Canada Goose,0.014,Downy Woodpecker,0.005,White-breasted Nuthatch,0.0043,False,,0.0,False,False,False
E4_week_and_location,Bewicks_Wren_4ft.wav,Birdsongs Recordings\4ft\Bewicks_Wren_4ft.wav,Bewick's Wren,Bewick's Wren,4ft,9.0,10.0,1.0,0.0,0.0,False,Pine Siskin,0.0059,House Finch,0.0044,Anna's Hummingbird,0.0034,False,,0.0,False,False,False
E4_week_and_location,Black_Phoebe_4ft.wav,Birdsongs Recordings\4ft\Black_Phoebe_4ft.wav,Black Phoebe,Black Phoebe,4ft,0.0,3.0,3.0,0.7500000000000002,0.25000000000000006,True,Black Phoebe,0.9975,Bushtit,0.0005,Anna's Hummingbird,0.0002,True,1.0,0.9975,True,True,True
E4_week_and_location,Black_Phoebe_4ft.wav,Birdsongs Recordings\4ft\Black_Phoebe_4ft.wav,Black Phoebe,Black Phoebe,4ft,3.0,6.0,3.0,0.8999999999999999,0.3,True,Black Phoebe,0.9997,Bushtit,0.0012,Chestnut-backed Chickadee,0.0005,True,1.0,0.9997,True,True,True
E4_week_and_location,Black_Phoebe_4ft.wav,Birdsongs Recordings\4ft\Black_Phoebe_4ft.wav,Black Phoebe,Black Phoebe,4ft,6.0,9.0,3.0,0.7999999999999989,0.26666666666666633,True,Black Phoebe,0.9992,Bushtit,0.0009,Anna's Hummingbird,0.0005,True,1.0,0.9992,True,True,True
E4_week_and_location,Black_Phoebe_4ft.wav,Birdsongs Recordings\4ft\Black_Phoebe_4ft.wav,Black Phoebe,Black Phoebe,4ft,9.0,10.0,1.0,0.40000000000000036,0.40000000000000036,True,Black Phoebe,0.9991,Bushtit,0.0008,Oak Titmouse,0.0003,True,1.0,0.9991,True,True,True
E4_week_and_location,California_Towhee_4ft.wav,Birdsongs Recordings\4ft\California_Towhee_4ft.wav,California Towhee,California Towhee,4ft,0.0,3.0,3.0,1.35,0.45,True,California Towhee,0.9997,Hooded Oriole,0.002,Orange-crowned Warbler,0.0006,True,1.0,0.9997,True,True,True
E4_week_and_location,California_Towhee_4ft.wav,Birdsongs Recordings\4ft\California_Towhee_4ft.wav,California Towhee,California Towhee,4ft,3.0,6.0,3.0,0.0,0.0,False,Black Phoebe,0.4158,Pygmy Nuthatch,0.0101,Long-billed Dowitcher,0.0036,False,,0.0,False,False,False
E4_week_and_location,California_Towhee_4ft.wav,Birdsongs Recordings\4ft\California_Towhee_4ft.wav,California Towhee,California Towhee,4ft,6.0,9.0,3.0,1.4499999999999993,0.4833333333333331,True,California Towhee,0.9922,Abert's Towhee,0.003,Hooded Oriole,0.0005,True,1.0,0.9922,True,True,True
E4_week_and_location,California_Towhee_4ft.wav,Birdsongs Recordings\4ft\California_Towhee_4ft.wav,California Towhee,California Towhee,4ft,9.0,10.0,1.0,0.0,0.0,False,Great Horned Owl,0.0026,Red-shouldered Hawk,0.0023,Hairy Woodpecker,0.0018,False,,0.0,False,False,False
E4_week_and_location,Dark_eyed_Junco_4ft.wav,Birdsongs Recordings\4ft\Dark_eyed_Junco_4ft.wav,Dark-eyed Junco,Dark-eyed Junco,4ft,0.0,3.0,3.0,1.7500000000000002,0.5833333333333334,True,Dark-eyed Junco,0.9602,Chipping Sparrow,0.0192,Yellow-rumped Warbler,0.0012,True,1.0,0.9602,True,True,True
E4_week_and_location,Dark_eyed_Junco_4ft.wav,Birdsongs Recordings\4ft\Dark_eyed_Junco_4ft.wav,Dark-eyed Junco,Dark-eyed Junco,4ft,3.0,6.0,3.0,0.0,0.0,False,Black Phoebe,0.4782,Pygmy Nuthatch,0.0642,American Goldfinch,0.0124,False,,0.0,False,False,False
E4_week_and_location,Dark_eyed_Junco_4ft.wav,Birdsongs Recordings\4ft\Dark_eyed_Junco_4ft.wav,Dark-eyed Junco,Dark-eyed Junco,4ft,6.0,9.0,3.0,1.8500000000000005,0.6166666666666668,True,Dark-eyed Junco,0.983,Chipping Sparrow,0.0205,Yellow-rumped Warbler,0.0007,True,1.0,0.983,True,True,True
E4_week_and_location,Dark_eyed_Junco_4ft.wav,Birdsongs Recordings\4ft\Dark_eyed_Junco_4ft.wav,Dark-eyed Junco,Dark-eyed Junco,4ft,9.0,10.0,1.0,0.0,0.0,False,Black Phoebe,0.8861,Pygmy Nuthatch,0.1041,House Finch,0.0114,False,,0.0,False,False,False
E4_week_and_location,European_Starling_4ft.wav,Birdsongs Recordings\4ft\European_Starling_4ft.wav,European Starling,European Starling,4ft,0.0,3.0,3.0,2.6,0.8666666666666667,True,American Robin,0.1196,Red-tailed Hawk,0.0063,Chipping Sparrow,0.0058,True,6.0,0.0039,False,False,False
E4_week_and_location,European_Starling_4ft.wav,Birdsongs Recordings\4ft\European_Starling_4ft.wav,European Starling,European Starling,4ft,3.0,6.0,3.0,3.0,1.0,True,American Robin,0.2158,European Starling,0.078,Mountain Chickadee,0.0103,True,2.0,0.078,False,True,True
E4_week_and_location,European_Starling_4ft.wav,Birdsongs Recordings\4ft\European_Starling_4ft.wav,European Starling,European Starling,4ft,6.0,9.0,3.0,3.0,1.0,True,European Starling,0.6804,Chipping Sparrow,0.0459,Mallard,0.0402,True,1.0,0.6804,True,True,True
E4_week_and_location,European_Starling_4ft.wav,Birdsongs Recordings\4ft\European_Starling_4ft.wav,European Starling,European Starling,4ft,9.0,10.0,1.0,1.0,1.0,True,European Starling,0.2921,California Quail,0.0102,Belted Kingfisher,0.0083,True,1.0,0.2921,True,True,True
E4_week_and_location,Hooded_Oriole_4ft.wav,Birdsongs Recordings\4ft\Hooded_Oriole_4ft.wav,Hooded Oriole,Hooded Oriole,4ft,0.0,3.0,3.0,1.35,0.45,True,Hooded Oriole,0.9994,Cassin's Kingbird,0.0268,Bullock's Oriole,0.0228,True,1.0,0.9994,True,True,True
E4_week_and_location,Hooded_Oriole_4ft.wav,Birdsongs Recordings\4ft\Hooded_Oriole_4ft.wav,Hooded Oriole,Hooded Oriole,4ft,3.0,6.0,3.0,1.6500000000000008,0.5500000000000003,True,Hooded Oriole,0.9278,Brewer's Blackbird,0.0029,California Thrasher,0.0024,True,1.0,0.9278,True,True,True
E4_week_and_location,Hooded_Oriole_4ft.wav,Birdsongs Recordings\4ft\Hooded_Oriole_4ft.wav,Hooded Oriole,Hooded Oriole,4ft,6.0,9.0,3.0,2.4000000000000004,0.8000000000000002,True,Hooded Oriole,0.9863,Bullock's Oriole,0.0135,Cassin's Kingbird,0.0045,True,1.0,0.9863,True,True,True
E4_week_and_location,Hooded_Oriole_4ft.wav,Birdsongs Recordings\4ft\Hooded_Oriole_4ft.wav,Hooded Oriole,Hooded Oriole,4ft,9.0,10.0,1.0,0.8499999999999996,0.8499999999999996,True,Hooded Oriole,0.8006,Western Tanager,0.7782,California Thrasher,0.0171,True,1.0,0.8006,True,True,True
E4_week_and_location,House_Finch_4ft.wav,Birdsongs Recordings\4ft\House_Finch_4ft.wav,House Finch,House Finch,4ft,0.0,3.0,3.0,2.55,0.85,True,House Finch,0.937,Purple Finch,0.013,Northern Mockingbird,0.0025,True,1.0,0.937,True,True,True
E4_week_and_location,House_Finch_4ft.wav,Birdsongs Recordings\4ft\House_Finch_4ft.wav,House Finch,House Finch,4ft,3.0,6.0,3.0,0.6999999999999997,0.23333333333333325,True,House Finch,0.7383,Blue Grosbeak,0.0223,Purple Finch,0.0084,True,1.0,0.7383,True,True,True
E4_week_and_location,House_Finch_4ft.wav,Birdsongs Recordings\4ft\House_Finch_4ft.wav,House Finch,House Finch,4ft,6.0,9.0,3.0,2.0,0.6666666666666666,True,House Finch,0.9675,Purple Finch,0.0473,Blue Grosbeak,0.0005,True,1.0,0.9675,True,True,True
E4_week_and_location,House_Finch_4ft.wav,Birdsongs Recordings\4ft\House_Finch_4ft.wav,House Finch,House Finch,4ft,9.0,10.0,1.0,0.0,0.0,False,Western Bluebird,0.0318,Red-shouldered Hawk,0.0188,Chipping Sparrow,0.0171,False,,0.0,False,False,False
E4_week_and_location,House_Sparrow_4ft.wav,Birdsongs Recordings\4ft\House_Sparrow_4ft.wav,House Sparrow,House Sparrow,4ft,0.0,3.0,3.0,1.7420000000000002,0.5806666666666668,True,House Sparrow,0.6731,Northern Mockingbird,0.0044,American Robin,0.0012,True,1.0,0.6731,True,True,True
E4_week_and_location,House_Sparrow_4ft.wav,Birdsongs Recordings\4ft\House_Sparrow_4ft.wav,House Sparrow,House Sparrow,4ft,3.0,6.0,3.0,1.8359999999999999,0.612,True,House Sparrow,0.6954,Tree Swallow,0.0067,Northern Mockingbird,0.0025,True,1.0,0.6954,True,True,True
E4_week_and_location,House_Sparrow_4ft.wav,Birdsongs Recordings\4ft\House_Sparrow_4ft.wav,House Sparrow,House Sparrow,4ft,6.0,9.0,3.0,1.8360000000000003,0.6120000000000001,True,House Sparrow,0.4291,Northern Mockingbird,0.0039,Tree Swallow,0.0035,True,1.0,0.4291,True,True,True
E4_week_and_location,House_Sparrow_4ft.wav,Birdsongs Recordings\4ft\House_Sparrow_4ft.wav,House Sparrow,House Sparrow,4ft,9.0,10.0,1.0,0.6420000000000012,0.6420000000000012,True,House Sparrow,0.1432,House Finch,0.0053,Black-headed Grosbeak,0.0023,True,1.0,0.1432,True,True,True
E4_week_and_location,Lesser_Goldfinch_4ft.wav,Birdsongs Recordings\4ft\Lesser_Goldfinch_4ft.wav,Lesser Goldfinch,Lesser Goldfinch,4ft,0.0,3.0,3.0,3.0,1.0,True,Lesser Goldfinch,0.4046,American Goldfinch,0.0023,Lark Sparrow,0.0009,True,1.0,0.4046,True,True,True
E4_week_and_location,Lesser_Goldfinch_4ft.wav,Birdsongs Recordings\4ft\Lesser_Goldfinch_4ft.wav,Lesser Goldfinch,Lesser Goldfinch,4ft,3.0,6.0,3.0,2.3999999999999995,0.7999999999999998,True,Lesser Goldfinch,0.0713,American Goldfinch,0.0154,Lazuli Bunting,0.0102,True,1.0,0.0713,True,True,True
E4_week_and_location,Lesser_Goldfinch_4ft.wav,Birdsongs Recordings\4ft\Lesser_Goldfinch_4ft.wav,Lesser Goldfinch,Lesser Goldfinch,4ft,6.0,9.0,3.0,3.0,1.0,True,Lesser Goldfinch,0.3872,Lawrence's Goldfinch,0.0281,Lark Sparrow,0.0066,True,1.0,0.3872,True,True,True
E4_week_and_location,Lesser_Goldfinch_4ft.wav,Birdsongs Recordings\4ft\Lesser_Goldfinch_4ft.wav,Lesser Goldfinch,Lesser Goldfinch,4ft,9.0,10.0,1.0,0.9920000000000009,0.9920000000000009,True,American Goldfinch,0.4459,Lesser Goldfinch,0.0076,Blue-gray Gnatcatcher,0.0023,True,2.0,0.0076,False,True,True
E4_week_and_location,Mourning_Dove_4ft.wav,Birdsongs Recordings\4ft\Mourning_Dove_4ft.wav,Mourning Dove,Mourning Dove,4ft,0.0,3.0,3.0,1.0,0.3333333333333333,True,Mourning Dove,0.8717,White-winged Dove,0.0228,Eurasian Collared-Dove,0.0031,True,1.0,0.8717,True,True,True
E4_week_and_location,Mourning_Dove_4ft.wav,Birdsongs Recordings\4ft\Mourning_Dove_4ft.wav,Mourning Dove,Mourning Dove,4ft,3.0,6.0,3.0,2.3,0.7666666666666666,True,Mourning Dove,0.9449,White-winged Dove,0.0137,Eurasian Collared-Dove,0.0098,True,1.0,0.9449,True,True,True
E4_week_and_location,Mourning_Dove_4ft.wav,Birdsongs Recordings\4ft\Mourning_Dove_4ft.wav,Mourning Dove,Mourning Dove,4ft,6.0,9.0,3.0,1.2999999999999998,0.4333333333333333,True,Mourning Dove,0.6778,Eurasian Collared-Dove,0.0192,White-winged Dove,0.0104,True,1.0,0.6778,True,True,True
E4_week_and_location,Mourning_Dove_4ft.wav,Birdsongs Recordings\4ft\Mourning_Dove_4ft.wav,Mourning Dove,Mourning Dove,4ft,9.0,10.0,1.0,0.0,0.0,False,Black Phoebe,0.9566,Vermilion Flycatcher,0.0126,Pygmy Nuthatch,0.0079,False,,0.0,False,False,False
E4_week_and_location,Northern_House_Wren_4ft.wav,Birdsongs Recordings\4ft\Northern_House_Wren_4ft.wav,Northern House Wren,House Wren,4ft,0.0,3.0,3.0,2.7,0.9,True,House Wren,0.9954,Marsh Wren,0.0015,Western Wood-Pewee,0.001,True,1.0,0.9954,True,True,True
E4_week_and_location,Northern_House_Wren_4ft.wav,Birdsongs Recordings\4ft\Northern_House_Wren_4ft.wav,Northern House Wren,House Wren,4ft,3.0,6.0,3.0,0.8000000000000003,0.2666666666666668,True,House Wren,0.5479,Marsh Wren,0.0693,Bell's Vireo,0.0246,True,1.0,0.5479,True,True,True
E4_week_and_location,Northern_House_Wren_4ft.wav,Birdsongs Recordings\4ft\Northern_House_Wren_4ft.wav,Northern House Wren,House Wren,4ft,6.0,9.0,3.0,2.8000000000000007,0.9333333333333336,True,House Wren,0.9978,American Goldfinch,0.0014,Western Wood-Pewee,0.001,True,1.0,0.9978,True,True,True
E4_week_and_location,Northern_House_Wren_4ft.wav,Birdsongs Recordings\4ft\Northern_House_Wren_4ft.wav,Northern House Wren,House Wren,4ft,9.0,10.0,1.0,0.0,0.0,False,Black Phoebe,0.0287,Vermilion Flycatcher,0.0029,Western Wood-Pewee,0.0013,True,16.0,0.0004,False,False,False
E4_week_and_location,Northern_Mockingbird_4ft.wav,Birdsongs Recordings\4ft\Northern_Mockingbird_4ft.wav,Northern Mockingbird,Northern Mockingbird,4ft,0.0,3.0,3.0,1.6499999999999997,0.5499999999999999,True,Northern Mockingbird,0.8118,Spotted Towhee,0.0019,California Thrasher,0.0007,True,1.0,0.8118,True,True,True
E4_week_and_location,Northern_Mockingbird_4ft.wav,Birdsongs Recordings\4ft\Northern_Mockingbird_4ft.wav,Northern Mockingbird,Northern Mockingbird,4ft,3.0,6.0,3.0,1.1499999999999995,0.38333333333333314,True,Northern Mockingbird,0.3423,American Robin,0.0034,Spotted Towhee,0.0008,True,1.0,0.3423,True,True,True
E4_week_and_location,Northern_Mockingbird_4ft.wav,Birdsongs Recordings\4ft\Northern_Mockingbird_4ft.wav,Northern Mockingbird,Northern Mockingbird,4ft,6.0,9.0,3.0,2.13,0.71,True,Northern Mockingbird,0.2844,American Robin,0.0012,Wrentit,0.0011,True,1.0,0.2844,True,True,True
E4_week_and_location,Northern_Mockingbird_4ft.wav,Birdsongs Recordings\4ft\Northern_Mockingbird_4ft.wav,Northern Mockingbird,Northern Mockingbird,4ft,9.0,10.0,1.0,0.27999999999999936,0.27999999999999936,True,Wrentit,0.0234,Great-tailed Grackle,0.002,House Finch,0.0017,True,4.0,0.0005,False,False,True
E4_week_and_location,Northern_Yellow_Warbler_4ft.wav,Birdsongs Recordings\4ft\Northern_Yellow_Warbler_4ft.wav,Northern Yellow Warbler,Yellow Warbler,4ft,0.0,3.0,3.0,0.0,0.0,False,Allen's Hummingbird,0.1939,Rufous Hummingbird,0.1637,Costa's Hummingbird,0.0074,False,,0.0,False,False,False
E4_week_and_location,Northern_Yellow_Warbler_4ft.wav,Birdsongs Recordings\4ft\Northern_Yellow_Warbler_4ft.wav,Northern Yellow Warbler,Yellow Warbler,4ft,3.0,6.0,3.0,1.3499999999999996,0.4499999999999999,True,Yellow Warbler,0.9331,Willow Flycatcher,0.0069,Wilson's Warbler,0.005,True,1.0,0.9331,True,True,True
E4_week_and_location,Northern_Yellow_Warbler_4ft.wav,Birdsongs Recordings\4ft\Northern_Yellow_Warbler_4ft.wav,Northern Yellow Warbler,Yellow Warbler,4ft,6.0,9.0,3.0,0.09999999999999964,0.033333333333333215,False,Pacific-slope Flycatcher,0.0233,Chipping Sparrow,0.0093,Brown Creeper,0.0087,True,6.0,0.0028,False,False,False
E4_week_and_location,Northern_Yellow_Warbler_4ft.wav,Birdsongs Recordings\4ft\Northern_Yellow_Warbler_4ft.wav,Northern Yellow Warbler,Yellow Warbler,4ft,9.0,10.0,1.0,0.0,0.0,False,House Finch,0.0081,Hutton's Vireo,0.0065,Northern Cardinal,0.0031,False,,0.0,False,False,False
E4_week_and_location,Oak_Titmouse_4ft.wav,Birdsongs Recordings\4ft\Oak_Titmouse_4ft.wav,Oak Titmouse,Oak Titmouse,4ft,0.0,3.0,3.0,1.3,0.43333333333333335,True,Oak Titmouse,0.5834,Northern Mockingbird,0.0012,Rock Wren,0.0002,True,1.0,0.5834,True,True,True
E4_week_and_location,Oak_Titmouse_4ft.wav,Birdsongs Recordings\4ft\Oak_Titmouse_4ft.wav,Oak Titmouse,Oak Titmouse,4ft,3.0,6.0,3.0,1.0000000000000004,0.3333333333333335,True,Oak Titmouse,0.9986,Spotted Towhee,0.0023,California Towhee,0.0017,True,1.0,0.9986,True,True,True
E4_week_and_location,Oak_Titmouse_4ft.wav,Birdsongs Recordings\4ft\Oak_Titmouse_4ft.wav,Oak Titmouse,Oak Titmouse,4ft,6.0,9.0,3.0,1.4499999999999993,0.4833333333333331,True,Oak Titmouse,0.9978,Bewick's Wren,0.0005,California Towhee,0.0004,True,1.0,0.9978,True,True,True
E4_week_and_location,Oak_Titmouse_4ft.wav,Birdsongs Recordings\4ft\Oak_Titmouse_4ft.wav,Oak Titmouse,Oak Titmouse,4ft,9.0,10.0,1.0,0.9000000000000004,0.9000000000000004,True,Oak Titmouse,0.9989,Spotted Towhee,0.002,California Towhee,0.0015,True,1.0,0.9989,True,True,True
E4_week_and_location,Rock_Pigeon_4ft.wav,Birdsongs Recordings\4ft\Rock_Pigeon_4ft.wav,Rock Pigeon,Rock Pigeon,4ft,0.0,3.0,3.0,1.5499999999999998,0.5166666666666666,True,Rock Pigeon,0.9918,Band-tailed Pigeon,0.0005,Western Kingbird,0.0005,True,1.0,0.9918,True,True,True
E4_week_and_location,Rock_Pigeon_4ft.wav,Birdsongs Recordings\4ft\Rock_Pigeon_4ft.wav,Rock Pigeon,Rock Pigeon,4ft,3.0,6.0,3.0,1.0499999999999998,0.3499999999999999,True,Rock Pigeon,0.9938,Least Bittern,0.0051,Northern Cardinal,0.0003,True,1.0,0.9938,True,True,True
E4_week_and_location,Rock_Pigeon_4ft.wav,Birdsongs Recordings\4ft\Rock_Pigeon_4ft.wav,Rock Pigeon,Rock Pigeon,4ft,6.0,9.0,3.0,1.0999999999999996,0.36666666666666653,True,Rock Pigeon,0.9948,Great Horned Owl,0.0026,Band-tailed Pigeon,0.0026,True,1.0,0.9948,True,True,True
E4_week_and_location,Rock_Pigeon_4ft.wav,Birdsongs Recordings\4ft\Rock_Pigeon_4ft.wav,Rock Pigeon,Rock Pigeon,4ft,9.0,10.0,1.0,0.0,0.0,False,Allen's Hummingbird,0.023,Rufous Hummingbird,0.0207,Anna's Hummingbird,0.0196,False,,0.0,False,False,False
E4_week_and_location,Song_Sparrow_4ft.wav,Birdsongs Recordings\4ft\Song_Sparrow_4ft.wav,Song Sparrow,Song Sparrow,4ft,0.0,3.0,3.0,0.0,0.0,False,Northern Cardinal,0.0852,Canada Goose,0.0796,Song Sparrow,0.0392,True,3.0,0.0392,False,True,True
E4_week_and_location,Song_Sparrow_4ft.wav,Birdsongs Recordings\4ft\Song_Sparrow_4ft.wav,Song Sparrow,Song Sparrow,4ft,3.0,6.0,3.0,2.6500000000000004,0.8833333333333334,True,Song Sparrow,0.9624,Bewick's Wren,0.0019,Savannah Sparrow,0.0015,True,1.0,0.9624,True,True,True
E4_week_and_location,Song_Sparrow_4ft.wav,Birdsongs Recordings\4ft\Song_Sparrow_4ft.wav,Song Sparrow,Song Sparrow,4ft,6.0,9.0,3.0,0.0,0.0,False,Black-throated Gray Warbler,0.0279,Osprey,0.0156,Brown Creeper,0.011,False,,0.0,False,False,False
E4_week_and_location,Song_Sparrow_4ft.wav,Birdsongs Recordings\4ft\Song_Sparrow_4ft.wav,Song Sparrow,Song Sparrow,4ft,9.0,10.0,1.0,0.0,0.0,False,Osprey,0.1213,American Robin,0.0291,Western Bluebird,0.0148,False,,0.0,False,False,False
E4_week_and_location,Spotted_Towhee_4ft.wav,Birdsongs Recordings\4ft\Spotted_Towhee_4ft.wav,Spotted Towhee,Spotted Towhee,4ft,0.0,3.0,3.0,1.3,0.43333333333333335,True,Spotted Towhee,0.9862,Dark-eyed Junco,0.0007,Western Tanager,0.0002,True,1.0,0.9862,True,True,True
E4_week_and_location,Spotted_Towhee_4ft.wav,Birdsongs Recordings\4ft\Spotted_Towhee_4ft.wav,Spotted Towhee,Spotted Towhee,4ft,3.0,6.0,3.0,0.0,0.0,False,Wrentit,0.0348,Northern Cardinal,0.0179,House Sparrow,0.0059,False,,0.0,False,False,False
E4_week_and_location,Spotted_Towhee_4ft.wav,Birdsongs Recordings\4ft\Spotted_Towhee_4ft.wav,Spotted Towhee,Spotted Towhee,4ft,6.0,9.0,3.0,1.3500000000000005,0.4500000000000002,True,Spotted Towhee,0.9896,Rufous-crowned Sparrow,0.0007,Dark-eyed Junco,0.0004,True,1.0,0.9896,True,True,True
E4_week_and_location,Spotted_Towhee_4ft.wav,Birdsongs Recordings\4ft\Spotted_Towhee_4ft.wav,Spotted Towhee,Spotted Towhee,4ft,9.0,10.0,1.0,0.0,0.0,False,California Towhee,0.0095,Lazuli Bunting,0.0085,Cooper's Hawk,0.0078,True,13.0,0.0037,False,False,False
E4_week_and_location,American_Robin_8ft.wav,Birdsongs Recordings\8ft\American_Robin_8ft.wav,American Robin,American Robin,8ft,0.0,3.0,3.0,2.45,0.8166666666666668,True,American Robin,0.7723,Black-headed Grosbeak,0.0246,Northern Mockingbird,0.0125,True,1.0,0.7723,True,True,True
E4_week_and_location,American_Robin_8ft.wav,Birdsongs Recordings\8ft\American_Robin_8ft.wav,American Robin,American Robin,8ft,3.0,6.0,3.0,1.9000000000000004,0.6333333333333334,True,American Robin,0.9597,Purple Finch,0.0008,Northern Mockingbird,0.0006,True,1.0,0.9597,True,True,True
E4_week_and_location,American_Robin_8ft.wav,Birdsongs Recordings\8ft\American_Robin_8ft.wav,American Robin,American Robin,8ft,6.0,9.0,3.0,1.4000000000000004,0.4666666666666668,True,American Robin,0.969,Northern Mockingbird,0.0073,Black-headed Grosbeak,0.0013,True,1.0,0.969,True,True,True
E4_week_and_location,American_Robin_8ft.wav,Birdsongs Recordings\8ft\American_Robin_8ft.wav,American Robin,American Robin,8ft,9.0,10.0,1.0,1.0,1.0,True,American Robin,0.7264,Black-headed Grosbeak,0.1164,Black-throated Gray Warbler,0.0049,True,1.0,0.7264,True,True,True
E4_week_and_location,Annas_Hummingbird_8ft.wav,Birdsongs Recordings\8ft\Annas_Hummingbird_8ft.wav,Anna's Hummingbird,Anna's Hummingbird,8ft,0.0,3.0,3.0,1.5,0.5,True,Anna's Hummingbird,0.991,Black Phoebe,0.002,Pacific-slope Flycatcher,0.0012,True,1.0,0.991,True,True,True
E4_week_and_location,Annas_Hummingbird_8ft.wav,Birdsongs Recordings\8ft\Annas_Hummingbird_8ft.wav,Anna's Hummingbird,Anna's Hummingbird,8ft,3.0,6.0,3.0,3.0,1.0,True,Anna's Hummingbird,0.9947,House Wren,0.0011,Bewick's Wren,0.0008,True,1.0,0.9947,True,True,True
E4_week_and_location,Annas_Hummingbird_8ft.wav,Birdsongs Recordings\8ft\Annas_Hummingbird_8ft.wav,Anna's Hummingbird,Anna's Hummingbird,8ft,6.0,9.0,3.0,3.0,1.0,True,Anna's Hummingbird,0.9986,Savannah Sparrow,0.0014,Barn Owl,0.0011,True,1.0,0.9986,True,True,True
E4_week_and_location,Annas_Hummingbird_8ft.wav,Birdsongs Recordings\8ft\Annas_Hummingbird_8ft.wav,Anna's Hummingbird,Anna's Hummingbird,8ft,9.0,10.0,1.0,0.6999999999999993,0.6999999999999993,True,Anna's Hummingbird,0.8509,Savannah Sparrow,0.0157,Rock Wren,0.0023,True,1.0,0.8509,True,True,True
E4_week_and_location,Barn_Swallow_8ft.wav,Birdsongs Recordings\8ft\Barn_Swallow_8ft.wav,Barn Swallow,Barn Swallow,8ft,0.0,3.0,3.0,2.7,0.9,True,Barn Swallow,0.9986,White-throated Swift,0.0008,Cliff Swallow,0.0004,True,1.0,0.9986,True,True,True
E4_week_and_location,Barn_Swallow_8ft.wav,Birdsongs Recordings\8ft\Barn_Swallow_8ft.wav,Barn Swallow,Barn Swallow,8ft,3.0,6.0,3.0,3.0,1.0,True,Barn Swallow,0.9943,Cliff Swallow,0.0683,White-throated Swift,0.0024,True,1.0,0.9943,True,True,True
E4_week_and_location,Barn_Swallow_8ft.wav,Birdsongs Recordings\8ft\Barn_Swallow_8ft.wav,Barn Swallow,Barn Swallow,8ft,6.0,9.0,3.0,3.0,1.0,True,Barn Swallow,0.9782,Cliff Swallow,0.0042,Marsh Wren,0.0017,True,1.0,0.9782,True,True,True
E4_week_and_location,Barn_Swallow_8ft.wav,Birdsongs Recordings\8ft\Barn_Swallow_8ft.wav,Barn Swallow,Barn Swallow,8ft,9.0,10.0,1.0,0.1999999999999993,0.1999999999999993,False,Belted Kingfisher,0.0145,Wrentit,0.0028,Hairy Woodpecker,0.0019,False,,0.0,False,False,False
E4_week_and_location,Bewicks_Wren_8ft.wav,Birdsongs Recordings\8ft\Bewicks_Wren_8ft.wav,Bewick's Wren,Bewick's Wren,8ft,0.0,3.0,3.0,2.4,0.7999999999999999,True,Bewick's Wren,0.8914,Black-throated Sparrow,0.317,Song Sparrow,0.0098,True,1.0,0.8914,True,True,True
E4_week_and_location,Bewicks_Wren_8ft.wav,Birdsongs Recordings\8ft\Bewicks_Wren_8ft.wav,Bewick's Wren,Bewick's Wren,8ft,3.0,6.0,3.0,0.0,0.0,False,Black Phoebe,0.3167,Cooper's Hawk,0.1127,Downy Woodpecker,0.0183,False,,0.0,False,False,False
E4_week_and_location,Bewicks_Wren_8ft.wav,Birdsongs Recordings\8ft\Bewicks_Wren_8ft.wav,Bewick's Wren,Bewick's Wren,8ft,6.0,9.0,3.0,0.0,0.0,False,Black Phoebe,0.4148,Song Sparrow,0.0261,Canada Goose,0.0141,False,,0.0,False,False,False
E4_week_and_location,Bewicks_Wren_8ft.wav,Birdsongs Recordings\8ft\Bewicks_Wren_8ft.wav,Bewick's Wren,Bewick's Wren,8ft,9.0,10.0,1.0,0.0,0.0,False,Red-shouldered Hawk,0.007,Red-tailed Hawk,0.0069,American Crow,0.0055,False,,0.0,False,False,False
E4_week_and_location,Black_Phoebe_8ft.wav,Birdsongs Recordings\8ft\Black_Phoebe_8ft.wav,Black Phoebe,Black Phoebe,8ft,0.0,3.0,3.0,0.7500000000000002,0.25000000000000006,True,Black Phoebe,0.9982,Bushtit,0.0005,Wrentit,0.0003,True,1.0,0.9982,True,True,True
E4_week_and_location,Black_Phoebe_8ft.wav,Birdsongs Recordings\8ft\Black_Phoebe_8ft.wav,Black Phoebe,Black Phoebe,8ft,3.0,6.0,3.0,0.8999999999999999,0.3,True,Black Phoebe,0.9994,Cooper's Hawk,0.0005,Bushtit,0.0005,True,1.0,0.9994,True,True,True
E4_week_and_location,Black_Phoebe_8ft.wav,Birdsongs Recordings\8ft\Black_Phoebe_8ft.wav,Black Phoebe,Black Phoebe,8ft,6.0,9.0,3.0,0.7999999999999989,0.26666666666666633,True,Black Phoebe,0.9984,Anna's Hummingbird,0.0007,Bushtit,0.0006,True,1.0,0.9984,True,True,True
E4_week_and_location,Black_Phoebe_8ft.wav,Birdsongs Recordings\8ft\Black_Phoebe_8ft.wav,Black Phoebe,Black Phoebe,8ft,9.0,10.0,1.0,0.40000000000000036,0.40000000000000036,True,Black Phoebe,0.9996,Bushtit,0.0003,Lesser Goldfinch,0.0003,True,1.0,0.9996,True,True,True
E4_week_and_location,California_Towhee_8ft.wav,Birdsongs Recordings\8ft\California_Towhee_8ft.wav,California Towhee,California Towhee,8ft,0.0,3.0,3.0,1.35,0.45,True,California Towhee,0.9996,Orange-crowned Warbler,0.0013,Nuttall's Woodpecker,0.0012,True,1.0,0.9996,True,True,True
E4_week_and_location,California_Towhee_8ft.wav,Birdsongs Recordings\8ft\California_Towhee_8ft.wav,California Towhee,California Towhee,8ft,3.0,6.0,3.0,0.0,0.0,False,Black Phoebe,0.4809,Cooper's Hawk,0.0111,Northern Mockingbird,0.008,False,,0.0,False,False,False
E4_week_and_location,California_Towhee_8ft.wav,Birdsongs Recordings\8ft\California_Towhee_8ft.wav,California Towhee,California Towhee,8ft,6.0,9.0,3.0,1.4499999999999993,0.4833333333333331,True,California Towhee,0.9931,Abert's Towhee,0.0021,California Thrasher,0.0005,True,1.0,0.9931,True,True,True
E4_week_and_location,California_Towhee_8ft.wav,Birdsongs Recordings\8ft\California_Towhee_8ft.wav,California Towhee,California Towhee,8ft,9.0,10.0,1.0,0.0,0.0,False,Cooper's Hawk,0.0307,Black Phoebe,0.0196,Western Wood-Pewee,0.0037,False,,0.0,False,False,False
E4_week_and_location,Dark_eyed_Junco_8ft.wav,Birdsongs Recordings\8ft\Dark_eyed_Junco_8ft.wav,Dark-eyed Junco,Dark-eyed Junco,8ft,0.0,3.0,3.0,1.7500000000000002,0.5833333333333334,True,Dark-eyed Junco,0.9579,Chipping Sparrow,0.0105,Yellow-rumped Warbler,0.0021,True,1.0,0.9579,True,True,True
E4_week_and_location,Dark_eyed_Junco_8ft.wav,Birdsongs Recordings\8ft\Dark_eyed_Junco_8ft.wav,Dark-eyed Junco,Dark-eyed Junco,8ft,3.0,6.0,3.0,0.0,0.0,False,Black Phoebe,0.5473,Cooper's Hawk,0.0069,Killdeer,0.0047,False,,0.0,False,False,False
E4_week_and_location,Dark_eyed_Junco_8ft.wav,Birdsongs Recordings\8ft\Dark_eyed_Junco_8ft.wav,Dark-eyed Junco,Dark-eyed Junco,8ft,6.0,9.0,3.0,1.8500000000000005,0.6166666666666668,True,Dark-eyed Junco,0.9858,Chipping Sparrow,0.0211,Yellow-rumped Warbler,0.0012,True,1.0,0.9858,True,True,True
E4_week_and_location,Dark_eyed_Junco_8ft.wav,Birdsongs Recordings\8ft\Dark_eyed_Junco_8ft.wav,Dark-eyed Junco,Dark-eyed Junco,8ft,9.0,10.0,1.0,0.0,0.0,False,Black Phoebe,0.0506,Cooper's Hawk,0.0146,Red-tailed Hawk,0.0076,False,,0.0,False,False,False
E4_week_and_location,European_Starling_8ft.wav,Birdsongs Recordings\8ft\European_Starling_8ft.wav,European Starling,European Starling,8ft,0.0,3.0,3.0,2.6,0.8666666666666667,True,American Robin,0.1391,Spotted Sandpiper,0.0201,Red-tailed Hawk,0.0187,True,16.0,0.0029,False,False,False
E4_week_and_location,European_Starling_8ft.wav,Birdsongs Recordings\8ft\European_Starling_8ft.wav,European Starling,European Starling,8ft,3.0,6.0,3.0,3.0,1.0,True,American Robin,0.113,European Starling,0.0692,Mountain Chickadee,0.0103,True,2.0,0.0692,False,True,True
E4_week_and_location,European_Starling_8ft.wav,Birdsongs Recordings\8ft\European_Starling_8ft.wav,European Starling,European Starling,8ft,6.0,9.0,3.0,3.0,1.0,True,European Starling,0.3068,Oak Titmouse,0.0205,Mallard,0.0115,True,1.0,0.3068,True,True,True
E4_week_and_location,European_Starling_8ft.wav,Birdsongs Recordings\8ft\European_Starling_8ft.wav,European Starling,European Starling,8ft,9.0,10.0,1.0,1.0,1.0,True,European Starling,0.2004,Brewer's Blackbird,0.0071,House Sparrow,0.0034,True,1.0,0.2004,True,True,True
E4_week_and_location,Hooded_Oriole_8ft.wav,Birdsongs Recordings\8ft\Hooded_Oriole_8ft.wav,Hooded Oriole,Hooded Oriole,8ft,0.0,3.0,3.0,1.35,0.45,True,Hooded Oriole,0.9939,Cassin's Kingbird,0.0075,Bullock's Oriole,0.0028,True,1.0,0.9939,True,True,True
E4_week_and_location,Hooded_Oriole_8ft.wav,Birdsongs Recordings\8ft\Hooded_Oriole_8ft.wav,Hooded Oriole,Hooded Oriole,8ft,3.0,6.0,3.0,1.6500000000000008,0.5500000000000003,True,Hooded Oriole,0.3795,Western Tanager,0.001,Loggerhead Shrike,0.0002,True,1.0,0.3795,True,True,True
E4_week_and_location,Hooded_Oriole_8ft.wav,Birdsongs Recordings\8ft\Hooded_Oriole_8ft.wav,Hooded Oriole,Hooded Oriole,8ft,6.0,9.0,3.0,2.4000000000000004,0.8000000000000002,True,Hooded Oriole,0.9871,Bullock's Oriole,0.0075,Cassin's Kingbird,0.0008,True,1.0,0.9871,True,True,True
E4_week_and_location,Hooded_Oriole_8ft.wav,Birdsongs Recordings\8ft\Hooded_Oriole_8ft.wav,Hooded Oriole,Hooded Oriole,8ft,9.0,10.0,1.0,0.8499999999999996,0.8499999999999996,True,Western Tanager,0.863,Hooded Oriole,0.3495,California Thrasher,0.0133,True,2.0,0.3495,False,True,True
E4_week_and_location,House_Finch_8ft.wav,Birdsongs Recordings\8ft\House_Finch_8ft.wav,House Finch,House Finch,8ft,0.0,3.0,3.0,2.55,0.85,True,House Finch,0.6912,Purple Finch,0.0048,Northern Mockingbird,0.0022,True,1.0,0.6912,True,True,True
E4_week_and_location,House_Finch_8ft.wav,Birdsongs Recordings\8ft\House_Finch_8ft.wav,House Finch,House Finch,8ft,3.0,6.0,3.0,0.6999999999999997,0.23333333333333325,True,House Finch,0.0358,Purple Finch,0.0099,Blue Grosbeak,0.0091,True,1.0,0.0358,True,True,True
E4_week_and_location,House_Finch_8ft.wav,Birdsongs Recordings\8ft\House_Finch_8ft.wav,House Finch,House Finch,8ft,6.0,9.0,3.0,2.0,0.6666666666666666,True,House Finch,0.1712,Purple Finch,0.0025,Blue Grosbeak,0.0006,True,1.0,0.1712,True,True,True
E4_week_and_location,House_Finch_8ft.wav,Birdsongs Recordings\8ft\House_Finch_8ft.wav,House Finch,House Finch,8ft,9.0,10.0,1.0,0.0,0.0,False,Black Phoebe,0.8078,Cooper's Hawk,0.0139,Vermilion Flycatcher,0.002,False,,0.0,False,False,False
E4_week_and_location,House_Sparrow_8ft.wav,Birdsongs Recordings\8ft\House_Sparrow_8ft.wav,House Sparrow,House Sparrow,8ft,0.0,3.0,3.0,1.7420000000000002,0.5806666666666668,True,House Sparrow,0.1793,House Finch,0.0013,Tree Swallow,0.0009,True,1.0,0.1793,True,True,True
E4_week_and_location,House_Sparrow_8ft.wav,Birdsongs Recordings\8ft\House_Sparrow_8ft.wav,House Sparrow,House Sparrow,8ft,3.0,6.0,3.0,1.8359999999999999,0.612,True,House Sparrow,0.2466,Tree Swallow,0.005,Cactus Wren,0.0006,True,1.0,0.2466,True,True,True
E4_week_and_location,House_Sparrow_8ft.wav,Birdsongs Recordings\8ft\House_Sparrow_8ft.wav,House Sparrow,House Sparrow,8ft,6.0,9.0,3.0,1.8360000000000003,0.6120000000000001,True,House Sparrow,0.3691,Tree Swallow,0.0179,Northern Mockingbird,0.0007,True,1.0,0.3691,True,True,True
E4_week_and_location,House_Sparrow_8ft.wav,Birdsongs Recordings\8ft\House_Sparrow_8ft.wav,House Sparrow,House Sparrow,8ft,9.0,10.0,1.0,0.6420000000000012,0.6420000000000012,True,House Sparrow,0.3607,House Finch,0.0213,Black-headed Grosbeak,0.0047,True,1.0,0.3607,True,True,True
E4_week_and_location,Lesser_Goldfinch_8ft.wav,Birdsongs Recordings\8ft\Lesser_Goldfinch_8ft.wav,Lesser Goldfinch,Lesser Goldfinch,8ft,0.0,3.0,3.0,3.0,1.0,True,Lesser Goldfinch,0.4873,Lawrence's Goldfinch,0.0206,Lark Sparrow,0.006,True,1.0,0.4873,True,True,True
E4_week_and_location,Lesser_Goldfinch_8ft.wav,Birdsongs Recordings\8ft\Lesser_Goldfinch_8ft.wav,Lesser Goldfinch,Lesser Goldfinch,8ft,3.0,6.0,3.0,2.3999999999999995,0.7999999999999998,True,Lesser Goldfinch,0.0463,Lazuli Bunting,0.0431,American Goldfinch,0.0095,True,1.0,0.0463,True,True,True
E4_week_and_location,Lesser_Goldfinch_8ft.wav,Birdsongs Recordings\8ft\Lesser_Goldfinch_8ft.wav,Lesser Goldfinch,Lesser Goldfinch,8ft,6.0,9.0,3.0,3.0,1.0,True,Lesser Goldfinch,0.2305,Lawrence's Goldfinch,0.0047,Lark Sparrow,0.0033,True,1.0,0.2305,True,True,True
E4_week_and_location,Lesser_Goldfinch_8ft.wav,Birdsongs Recordings\8ft\Lesser_Goldfinch_8ft.wav,Lesser Goldfinch,Lesser Goldfinch,8ft,9.0,10.0,1.0,0.9920000000000009,0.9920000000000009,True,American Goldfinch,0.226,Lesser Goldfinch,0.0047,House Finch,0.001,True,2.0,0.0047,False,True,True
E4_week_and_location,Mourning_Dove_8ft.wav,Birdsongs Recordings\8ft\Mourning_Dove_8ft.wav,Mourning Dove,Mourning Dove,8ft,0.0,3.0,3.0,1.0,0.3333333333333333,True,Black Phoebe,0.4863,Mourning Dove,0.1052,Eurasian Collared-Dove,0.0102,True,2.0,0.1052,False,True,True
E4_week_and_location,Mourning_Dove_8ft.wav,Birdsongs Recordings\8ft\Mourning_Dove_8ft.wav,Mourning Dove,Mourning Dove,8ft,3.0,6.0,3.0,2.3,0.7666666666666666,True,Mourning Dove,0.5156,Black Phoebe,0.0798,Eurasian Collared-Dove,0.0076,True,1.0,0.5156,True,True,True
E4_week_and_location,Mourning_Dove_8ft.wav,Birdsongs Recordings\8ft\Mourning_Dove_8ft.wav,Mourning Dove,Mourning Dove,8ft,6.0,9.0,3.0,1.2999999999999998,0.4333333333333333,True,Eurasian Collared-Dove,0.0292,Mourning Dove,0.0199,Black Phoebe,0.0156,True,2.0,0.0199,False,True,True
E4_week_and_location,Mourning_Dove_8ft.wav,Birdsongs Recordings\8ft\Mourning_Dove_8ft.wav,Mourning Dove,Mourning Dove,8ft,9.0,10.0,1.0,0.0,0.0,False,Black Phoebe,0.8517,Cooper's Hawk,0.0025,Great-tailed Grackle,0.0006,False,,0.0,False,False,False
E4_week_and_location,Northern_House_Wren_8ft.wav,Birdsongs Recordings\8ft\Northern_House_Wren_8ft.wav,Northern House Wren,House Wren,8ft,0.0,3.0,3.0,2.7,0.9,True,House Wren,0.9912,Orange-crowned Warbler,0.0024,Western Wood-Pewee,0.0018,True,1.0,0.9912,True,True,True
E4_week_and_location,Northern_House_Wren_8ft.wav,Birdsongs Recordings\8ft\Northern_House_Wren_8ft.wav,Northern House Wren,House Wren,8ft,3.0,6.0,3.0,0.8000000000000003,0.2666666666666668,True,House Wren,0.1471,Rufous-crowned Sparrow,0.0966,Marsh Wren,0.0575,True,1.0,0.1471,True,True,True
E4_week_and_location,Northern_House_Wren_8ft.wav,Birdsongs Recordings\8ft\Northern_House_Wren_8ft.wav,Northern House Wren,House Wren,8ft,6.0,9.0,3.0,2.8000000000000007,0.9333333333333336,True,House Wren,0.9958,American Goldfinch,0.0015,Western Wood-Pewee,0.0013,True,1.0,0.9958,True,True,True
E4_week_and_location,Northern_House_Wren_8ft.wav,Birdsongs Recordings\8ft\Northern_House_Wren_8ft.wav,Northern House Wren,House Wren,8ft,9.0,10.0,1.0,0.0,0.0,False,Black Phoebe,0.9019,Lesser Goldfinch,0.0043,Rock Wren,0.002,False,,0.0,False,False,False
E4_week_and_location,Northern_Mockingbird_8ft.wav,Birdsongs Recordings\8ft\Northern_Mockingbird_8ft.wav,Northern Mockingbird,Northern Mockingbird,8ft,0.0,3.0,3.0,1.6499999999999997,0.5499999999999999,True,Northern Mockingbird,0.3954,California Thrasher,0.0028,Rock Wren,0.0027,True,1.0,0.3954,True,True,True
E4_week_and_location,Northern_Mockingbird_8ft.wav,Birdsongs Recordings\8ft\Northern_Mockingbird_8ft.wav,Northern Mockingbird,Northern Mockingbird,8ft,3.0,6.0,3.0,1.1499999999999995,0.38333333333333314,True,Northern Mockingbird,0.5643,Great-tailed Grackle,0.0247,Spotted Towhee,0.0121,True,1.0,0.5643,True,True,True
E4_week_and_location,Northern_Mockingbird_8ft.wav,Birdsongs Recordings\8ft\Northern_Mockingbird_8ft.wav,Northern Mockingbird,Northern Mockingbird,8ft,6.0,9.0,3.0,2.13,0.71,True,Northern Mockingbird,0.8684,Wrentit,0.0131,Yellow-breasted Chat,0.0042,True,1.0,0.8684,True,True,True
E4_week_and_location,Northern_Mockingbird_8ft.wav,Birdsongs Recordings\8ft\Northern_Mockingbird_8ft.wav,Northern Mockingbird,Northern Mockingbird,8ft,9.0,10.0,1.0,0.27999999999999936,0.27999999999999936,True,Wrentit,0.3603,House Finch,0.0242,Northern Mockingbird,0.0151,True,3.0,0.0151,False,True,True
E4_week_and_location,Northern_Yellow_Warbler_8ft.wav,Birdsongs Recordings\8ft\Northern_Yellow_Warbler_8ft.wav,Northern Yellow Warbler,Yellow Warbler,8ft,0.0,3.0,3.0,0.0,0.0,False,Black Phoebe,0.8058,Cooper's Hawk,0.0138,White-breasted Nuthatch,0.0068,False,,0.0,False,False,False
E4_week_and_location,Northern_Yellow_Warbler_8ft.wav,Birdsongs Recordings\8ft\Northern_Yellow_Warbler_8ft.wav,Northern Yellow Warbler,Yellow Warbler,8ft,3.0,6.0,3.0,1.3499999999999996,0.4499999999999999,True,Yellow Warbler,0.9017,Black Phoebe,0.0411,Willow Flycatcher,0.0056,True,1.0,0.9017,True,True,True
E4_week_and_location,Northern_Yellow_Warbler_8ft.wav,Birdsongs Recordings\8ft\Northern_Yellow_Warbler_8ft.wav,Northern Yellow Warbler,Yellow Warbler,8ft,6.0,9.0,3.0,0.09999999999999964,0.033333333333333215,False,Black Phoebe,0.9709,Song Sparrow,0.0303,White-breasted Nuthatch,0.0091,True,6.0,0.005,False,False,False
E4_week_and_location,Northern_Yellow_Warbler_8ft.wav,Birdsongs Recordings\8ft\Northern_Yellow_Warbler_8ft.wav,Northern Yellow Warbler,Yellow Warbler,8ft,9.0,10.0,1.0,0.0,0.0,False,Black Phoebe,0.9328,Western Wood-Pewee,0.0009,Cooper's Hawk,0.0008,False,,0.0,False,False,False
E4_week_and_location,Oak_Titmouse_8ft.wav,Birdsongs Recordings\8ft\Oak_Titmouse_8ft.wav,Oak Titmouse,Oak Titmouse,8ft,0.0,3.0,3.0,1.3,0.43333333333333335,True,Black Phoebe,0.063,Oak Titmouse,0.0161,Northern Mockingbird,0.0026,True,2.0,0.0161,False,True,True
E4_week_and_location,Oak_Titmouse_8ft.wav,Birdsongs Recordings\8ft\Oak_Titmouse_8ft.wav,Oak Titmouse,Oak Titmouse,8ft,3.0,6.0,3.0,1.0000000000000004,0.3333333333333335,True,Oak Titmouse,0.9964,Black Phoebe,0.006,Spotted Towhee,0.0025,True,1.0,0.9964,True,True,True
E4_week_and_location,Oak_Titmouse_8ft.wav,Birdsongs Recordings\8ft\Oak_Titmouse_8ft.wav,Oak Titmouse,Oak Titmouse,8ft,6.0,9.0,3.0,1.4499999999999993,0.4833333333333331,True,Oak Titmouse,0.9976,Black Phoebe,0.0108,Nuttall's Woodpecker,0.0029,True,1.0,0.9976,True,True,True
E4_week_and_location,Oak_Titmouse_8ft.wav,Birdsongs Recordings\8ft\Oak_Titmouse_8ft.wav,Oak Titmouse,Oak Titmouse,8ft,9.0,10.0,1.0,0.9000000000000004,0.9000000000000004,True,Oak Titmouse,0.9995,Spotted Towhee,0.011,California Towhee,0.0066,True,1.0,0.9995,True,True,True
E4_week_and_location,Rock_Pigeon_8ft.wav,Birdsongs Recordings\8ft\Rock_Pigeon_8ft.wav,Rock Pigeon,Rock Pigeon,8ft,0.0,3.0,3.0,1.5499999999999998,0.5166666666666666,True,Rock Pigeon,0.9995,Black Phoebe,0.0152,Cooper's Hawk,0.0015,True,1.0,0.9995,True,True,True
E4_week_and_location,Rock_Pigeon_8ft.wav,Birdsongs Recordings\8ft\Rock_Pigeon_8ft.wav,Rock Pigeon,Rock Pigeon,8ft,3.0,6.0,3.0,1.0499999999999998,0.3499999999999999,True,Rock Pigeon,0.9966,Black Phoebe,0.1867,Cooper's Hawk,0.0016,True,1.0,0.9966,True,True,True
E4_week_and_location,Rock_Pigeon_8ft.wav,Birdsongs Recordings\8ft\Rock_Pigeon_8ft.wav,Rock Pigeon,Rock Pigeon,8ft,6.0,9.0,3.0,1.0999999999999996,0.36666666666666653,True,Rock Pigeon,0.9981,Black Phoebe,0.2282,Cooper's Hawk,0.001,True,1.0,0.9981,True,True,True
E4_week_and_location,Rock_Pigeon_8ft.wav,Birdsongs Recordings\8ft\Rock_Pigeon_8ft.wav,Rock Pigeon,Rock Pigeon,8ft,9.0,10.0,1.0,0.0,0.0,False,Yellow-breasted Chat,0.0061,Northern Cardinal,0.0019,Northern Mockingbird,0.0018,True,15.0,0.0005,False,False,False
E4_week_and_location,Song_Sparrow_8ft.wav,Birdsongs Recordings\8ft\Song_Sparrow_8ft.wav,Song Sparrow,Song Sparrow,8ft,0.0,3.0,3.0,0.0,0.0,False,House Finch,0.0982,Northern Rough-winged Swallow,0.0364,Red-shouldered Hawk,0.0104,False,,0.0,False,False,False
E4_week_and_location,Song_Sparrow_8ft.wav,Birdsongs Recordings\8ft\Song_Sparrow_8ft.wav,Song Sparrow,Song Sparrow,8ft,3.0,6.0,3.0,2.6500000000000004,0.8833333333333334,True,Song Sparrow,0.9496,Willow Flycatcher,0.0011,Dark-eyed Junco,0.001,True,1.0,0.9496,True,True,True
E4_week_and_location,Song_Sparrow_8ft.wav,Birdsongs Recordings\8ft\Song_Sparrow_8ft.wav,Song Sparrow,Song Sparrow,8ft,6.0,9.0,3.0,0.0,0.0,False,Black Phoebe,0.9349,White-breasted Nuthatch,0.0073,Cooper's Hawk,0.0054,True,4.0,0.0052,False,False,True
E4_week_and_location,Song_Sparrow_8ft.wav,Birdsongs Recordings\8ft\Song_Sparrow_8ft.wav,Song Sparrow,Song Sparrow,8ft,9.0,10.0,1.0,0.0,0.0,False,Black Phoebe,0.9552,Cooper's Hawk,0.0099,Western Wood-Pewee,0.0021,False,,0.0,False,False,False
E4_week_and_location,Spotted_Towhee_8ft.wav,Birdsongs Recordings\8ft\Spotted_Towhee_8ft.wav,Spotted Towhee,Spotted Towhee,8ft,0.0,3.0,3.0,1.3,0.43333333333333335,True,Spotted Towhee,0.9755,Dark-eyed Junco,0.0004,Orange-crowned Warbler,0.0004,True,1.0,0.9755,True,True,True
E4_week_and_location,Spotted_Towhee_8ft.wav,Birdsongs Recordings\8ft\Spotted_Towhee_8ft.wav,Spotted Towhee,Spotted Towhee,8ft,3.0,6.0,3.0,0.0,0.0,False,Black Phoebe,0.3251,Cooper's Hawk,0.0098,White-breasted Nuthatch,0.0062,False,,0.0,False,False,False
E4_week_and_location,Spotted_Towhee_8ft.wav,Birdsongs Recordings\8ft\Spotted_Towhee_8ft.wav,Spotted Towhee,Spotted Towhee,8ft,6.0,9.0,3.0,1.3500000000000005,0.4500000000000002,True,Spotted Towhee,0.9697,Western Tanager,0.0006,Dark-eyed Junco,0.0005,True,1.0,0.9697,True,True,True
E4_week_and_location,Spotted_Towhee_8ft.wav,Birdsongs Recordings\8ft\Spotted_Towhee_8ft.wav,Spotted Towhee,Spotted Towhee,8ft,9.0,10.0,1.0,0.0,0.0,False,Black Phoebe,0.7975,Rock Wren,0.0106,Vermilion Flycatcher,0.009,False,,0.0,False,False,False
E4_week_and_location,American_Robin_12ft.wav,Birdsongs Recordings\12ft\American_Robin_12ft.wav,American Robin,American Robin,12ft,0.0,3.0,3.0,2.45,0.8166666666666668,True,American Robin,0.6385,Black-headed Grosbeak,0.0284,Northern Mockingbird,0.0045,True,1.0,0.6385,True,True,True
E4_week_and_location,American_Robin_12ft.wav,Birdsongs Recordings\12ft\American_Robin_12ft.wav,American Robin,American Robin,12ft,3.0,6.0,3.0,1.9000000000000004,0.6333333333333334,True,American Robin,0.6101,Short-billed Dowitcher,0.0007,Northern Mockingbird,0.0005,True,1.0,0.6101,True,True,True
E4_week_and_location,American_Robin_12ft.wav,Birdsongs Recordings\12ft\American_Robin_12ft.wav,American Robin,American Robin,12ft,6.0,9.0,3.0,1.4000000000000004,0.4666666666666668,True,American Robin,0.789,Northern Mockingbird,0.0014,Black-headed Grosbeak,0.0008,True,1.0,0.789,True,True,True
E4_week_and_location,American_Robin_12ft.wav,Birdsongs Recordings\12ft\American_Robin_12ft.wav,American Robin,American Robin,12ft,9.0,10.0,1.0,1.0,1.0,True,American Robin,0.8056,Black-headed Grosbeak,0.2784,Black-throated Gray Warbler,0.005,True,1.0,0.8056,True,True,True
E4_week_and_location,Annas_Hummingbird_12ft.wav,Birdsongs Recordings\12ft\Annas_Hummingbird_12ft.wav,Anna's Hummingbird,Anna's Hummingbird,12ft,0.0,3.0,3.0,1.5,0.5,True,Anna's Hummingbird,0.9398,Savannah Sparrow,0.0007,Marsh Wren,0.0002,True,1.0,0.9398,True,True,True
E4_week_and_location,Annas_Hummingbird_12ft.wav,Birdsongs Recordings\12ft\Annas_Hummingbird_12ft.wav,Anna's Hummingbird,Anna's Hummingbird,12ft,3.0,6.0,3.0,3.0,1.0,True,Anna's Hummingbird,0.9994,Bewick's Wren,0.001,Pacific-slope Flycatcher,0.0009,True,1.0,0.9994,True,True,True
E4_week_and_location,Annas_Hummingbird_12ft.wav,Birdsongs Recordings\12ft\Annas_Hummingbird_12ft.wav,Anna's Hummingbird,Anna's Hummingbird,12ft,6.0,9.0,3.0,3.0,1.0,True,Anna's Hummingbird,0.9988,Barn Swallow,0.0012,Black-chinned Hummingbird,0.0012,True,1.0,0.9988,True,True,True
E4_week_and_location,Annas_Hummingbird_12ft.wav,Birdsongs Recordings\12ft\Annas_Hummingbird_12ft.wav,Anna's Hummingbird,Anna's Hummingbird,12ft,9.0,10.0,1.0,0.6999999999999993,0.6999999999999993,True,Anna's Hummingbird,0.9942,Rufous Hummingbird,0.0184,Allen's Hummingbird,0.0035,True,1.0,0.9942,True,True,True
E4_week_and_location,Barn_Swallow_12ft.wav,Birdsongs Recordings\12ft\Barn_Swallow_12ft.wav,Barn Swallow,Barn Swallow,12ft,0.0,3.0,3.0,2.7,0.9,True,Barn Swallow,0.9977,Tree Swallow,0.0008,Bell's Vireo,0.0008,True,1.0,0.9977,True,True,True
E4_week_and_location,Barn_Swallow_12ft.wav,Birdsongs Recordings\12ft\Barn_Swallow_12ft.wav,Barn Swallow,Barn Swallow,12ft,3.0,6.0,3.0,3.0,1.0,True,Barn Swallow,0.9988,Cliff Swallow,0.2432,Greater Roadrunner,0.005,True,1.0,0.9988,True,True,True
E4_week_and_location,Barn_Swallow_12ft.wav,Birdsongs Recordings\12ft\Barn_Swallow_12ft.wav,Barn Swallow,Barn Swallow,12ft,6.0,9.0,3.0,3.0,1.0,True,Barn Swallow,0.9961,Cliff Swallow,0.0158,Marsh Wren,0.0013,True,1.0,0.9961,True,True,True
E4_week_and_location,Barn_Swallow_12ft.wav,Birdsongs Recordings\12ft\Barn_Swallow_12ft.wav,Barn Swallow,Barn Swallow,12ft,9.0,10.0,1.0,0.1999999999999993,0.1999999999999993,False,Belted Kingfisher,0.0009,Northern Cardinal,0.0009,Marsh Wren,0.0004,False,,0.0,False,False,False
E4_week_and_location,Bewicks_Wren_12ft.wav,Birdsongs Recordings\12ft\Bewicks_Wren_12ft.wav,Bewick's Wren,Bewick's Wren,12ft,0.0,3.0,3.0,2.4,0.7999999999999999,True,Bewick's Wren,0.8706,Black-throated Sparrow,0.0809,Song Sparrow,0.0201,True,1.0,0.8706,True,True,True
E4_week_and_location,Bewicks_Wren_12ft.wav,Birdsongs Recordings\12ft\Bewicks_Wren_12ft.wav,Bewick's Wren,Bewick's Wren,12ft,3.0,6.0,3.0,0.0,0.0,False,House Finch,0.0341,House Sparrow,0.0089,California Scrub-Jay,0.0077,False,,0.0,False,False,False
E4_week_and_location,Bewicks_Wren_12ft.wav,Birdsongs Recordings\12ft\Bewicks_Wren_12ft.wav,Bewick's Wren,Bewick's Wren,12ft,6.0,9.0,3.0,0.0,0.0,False,California Scrub-Jay,0.0158,Northern Rough-winged Swallow,0.0149,House Sparrow,0.0124,False,,0.0,False,False,False
E4_week_and_location,Bewicks_Wren_12ft.wav,Birdsongs Recordings\12ft\Bewicks_Wren_12ft.wav,Bewick's Wren,Bewick's Wren,12ft,9.0,10.0,1.0,0.0,0.0,False,Barn Owl,0.0016,Canada Goose,0.0015,Northern Cardinal,0.0007,False,,0.0,False,False,False
E4_week_and_location,Black_Phoebe_12ft.wav,Birdsongs Recordings\12ft\Black_Phoebe_12ft.wav,Black Phoebe,Black Phoebe,12ft,0.0,3.0,3.0,0.7500000000000002,0.25000000000000006,True,Black Phoebe,0.9958,Cooper's Hawk,0.0011,Song Sparrow,0.0006,True,1.0,0.9958,True,True,True
E4_week_and_location,Black_Phoebe_12ft.wav,Birdsongs Recordings\12ft\Black_Phoebe_12ft.wav,Black Phoebe,Black Phoebe,12ft,3.0,6.0,3.0,0.8999999999999999,0.3,True,Black Phoebe,0.9899,Song Sparrow,0.0045,Downy Woodpecker,0.003,True,1.0,0.9899,True,True,True
E4_week_and_location,Black_Phoebe_12ft.wav,Birdsongs Recordings\12ft\Black_Phoebe_12ft.wav,Black Phoebe,Black Phoebe,12ft,6.0,9.0,3.0,0.7999999999999989,0.26666666666666633,True,Black Phoebe,0.9937,Song Sparrow,0.0136,Canada Goose,0.0053,True,1.0,0.9937,True,True,True
E4_week_and_location,Black_Phoebe_12ft.wav,Birdsongs Recordings\12ft\Black_Phoebe_12ft.wav,Black Phoebe,Black Phoebe,12ft,9.0,10.0,1.0,0.40000000000000036,0.40000000000000036,True,Black Phoebe,0.9997,Bushtit,0.0003,Western Wood-Pewee,0.0003,True,1.0,0.9997,True,True,True
E4_week_and_location,California_Towhee_12ft.wav,Birdsongs Recordings\12ft\California_Towhee_12ft.wav,California Towhee,California Towhee,12ft,0.0,3.0,3.0,1.35,0.45,True,California Towhee,0.999,Orange-crowned Warbler,0.0009,Abert's Towhee,0.0005,True,1.0,0.999,True,True,True
E4_week_and_location,California_Towhee_12ft.wav,Birdsongs Recordings\12ft\California_Towhee_12ft.wav,California Towhee,California Towhee,12ft,3.0,6.0,3.0,0.0,0.0,False,House Finch,0.3337,White-breasted Nuthatch,0.0456,Hooded Oriole,0.03,False,,0.0,False,False,False
E4_week_and_location,California_Towhee_12ft.wav,Birdsongs Recordings\12ft\California_Towhee_12ft.wav,California Towhee,California Towhee,12ft,6.0,9.0,3.0,1.4499999999999993,0.4833333333333331,True,California Towhee,0.9913,Abert's Towhee,0.0072,Spotted Towhee,0.0001,True,1.0,0.9913,True,True,True
E4_week_and_location,California_Towhee_12ft.wav,Birdsongs Recordings\12ft\California_Towhee_12ft.wav,California Towhee,California Towhee,12ft,9.0,10.0,1.0,0.0,0.0,False,Northern Rough-winged Swallow,0.0193,House Finch,0.0081,Northern Cardinal,0.0035,False,,0.0,False,False,False
E4_week_and_location,Dark_eyed_Junco_12ft.wav,Birdsongs Recordings\12ft\Dark_eyed_Junco_12ft.wav,Dark-eyed Junco,Dark-eyed Junco,12ft,0.0,3.0,3.0,1.7500000000000002,0.5833333333333334,True,Dark-eyed Junco,0.929,Chipping Sparrow,0.0127,Orange-crowned Warbler,0.0011,True,1.0,0.929,True,True,True
E4_week_and_location,Dark_eyed_Junco_12ft.wav,Birdsongs Recordings\12ft\Dark_eyed_Junco_12ft.wav,Dark-eyed Junco,Dark-eyed Junco,12ft,3.0,6.0,3.0,0.0,0.0,False,California Scrub-Jay,0.0269,Northern Rough-winged Swallow,0.008,White-breasted Nuthatch,0.0079,False,,0.0,False,False,False
E4_week_and_location,Dark_eyed_Junco_12ft.wav,Birdsongs Recordings\12ft\Dark_eyed_Junco_12ft.wav,Dark-eyed Junco,Dark-eyed Junco,12ft,6.0,9.0,3.0,1.8500000000000005,0.6166666666666668,True,Dark-eyed Junco,0.9696,Chipping Sparrow,0.0369,Yellow-rumped Warbler,0.0011,True,1.0,0.9696,True,True,True
E4_week_and_location,Dark_eyed_Junco_12ft.wav,Birdsongs Recordings\12ft\Dark_eyed_Junco_12ft.wav,Dark-eyed Junco,Dark-eyed Junco,12ft,9.0,10.0,1.0,0.0,0.0,False,Western Kingbird,0.0015,Western Tanager,0.0013,Downy Woodpecker,0.0006,False,,0.0,False,False,False
E4_week_and_location,European_Starling_12ft.wav,Birdsongs Recordings\12ft\European_Starling_12ft.wav,European Starling,European Starling,12ft,0.0,3.0,3.0,2.6,0.8666666666666667,True,American Robin,0.1576,Chipping Sparrow,0.0193,Red-tailed Hawk,0.0166,False,,0.0,False,False,False
E4_week_and_location,European_Starling_12ft.wav,Birdsongs Recordings\12ft\European_Starling_12ft.wav,European Starling,European Starling,12ft,3.0,6.0,3.0,3.0,1.0,True,American Robin,0.0778,European Starling,0.0253,Great-tailed Grackle,0.0097,True,2.0,0.0253,False,True,True
E4_week_and_location,European_Starling_12ft.wav,Birdsongs Recordings\12ft\European_Starling_12ft.wav,European Starling,European Starling,12ft,6.0,9.0,3.0,3.0,1.0,True,European Starling,0.562,Mallard,0.0162,Pacific-slope Flycatcher,0.0093,True,1.0,0.562,True,True,True
E4_week_and_location,European_Starling_12ft.wav,Birdsongs Recordings\12ft\European_Starling_12ft.wav,European Starling,European Starling,12ft,9.0,10.0,1.0,1.0,1.0,True,European Starling,0.1816,House Sparrow,0.0187,Swainson's Thrush,0.0067,True,1.0,0.1816,True,True,True
E4_week_and_location,Hooded_Oriole_12ft.wav,Birdsongs Recordings\12ft\Hooded_Oriole_12ft.wav,Hooded Oriole,Hooded Oriole,12ft,0.0,3.0,3.0,1.35,0.45,True,Hooded Oriole,0.9354,Cassin's Kingbird,0.0409,Bullock's Oriole,0.0017,True,1.0,0.9354,True,True,True
E4_week_and_location,Hooded_Oriole_12ft.wav,Birdsongs Recordings\12ft\Hooded_Oriole_12ft.wav,Hooded Oriole,Hooded Oriole,12ft,3.0,6.0,3.0,1.6500000000000008,0.5500000000000003,True,Hooded Oriole,0.2606,Western Tanager,0.0019,Northern Mockingbird,0.0009,True,1.0,0.2606,True,True,True
E4_week_and_location,Hooded_Oriole_12ft.wav,Birdsongs Recordings\12ft\Hooded_Oriole_12ft.wav,Hooded Oriole,Hooded Oriole,12ft,6.0,9.0,3.0,2.4000000000000004,0.8000000000000002,True,Hooded Oriole,0.9234,Bullock's Oriole,0.0215,Cassin's Kingbird,0.0017,True,1.0,0.9234,True,True,True
E4_week_and_location,Hooded_Oriole_12ft.wav,Birdsongs Recordings\12ft\Hooded_Oriole_12ft.wav,Hooded Oriole,Hooded Oriole,12ft,9.0,10.0,1.0,0.8499999999999996,0.8499999999999996,True,Western Tanager,0.8465,Hooded Oriole,0.3892,California Thrasher,0.1016,True,2.0,0.3892,False,True,True
E4_week_and_location,House_Finch_12ft.wav,Birdsongs Recordings\12ft\House_Finch_12ft.wav,House Finch,House Finch,12ft,0.0,3.0,3.0,2.55,0.85,True,House Finch,0.9257,Purple Finch,0.0445,Northern Mockingbird,0.0103,True,1.0,0.9257,True,True,True
E4_week_and_location,House_Finch_12ft.wav,Birdsongs Recordings\12ft\House_Finch_12ft.wav,House Finch,House Finch,12ft,3.0,6.0,3.0,0.6999999999999997,0.23333333333333325,True,House Finch,0.278,Purple Finch,0.0232,Blue Grosbeak,0.0223,True,1.0,0.278,True,True,True
E4_week_and_location,House_Finch_12ft.wav,Birdsongs Recordings\12ft\House_Finch_12ft.wav,House Finch,House Finch,12ft,6.0,9.0,3.0,2.0,0.6666666666666666,True,House Finch,0.7589,Purple Finch,0.0172,Blue Grosbeak,0.005,True,1.0,0.7589,True,True,True
E4_week_and_location,House_Finch_12ft.wav,Birdsongs Recordings\12ft\House_Finch_12ft.wav,House Finch,House Finch,12ft,9.0,10.0,1.0,0.0,0.0,False,Northern Rough-winged Swallow,0.0362,California Scrub-Jay,0.0171,Great Horned Owl,0.0036,True,4.0,0.0034,False,False,True
E4_week_and_location,House_Sparrow_12ft.wav,Birdsongs Recordings\12ft\House_Sparrow_12ft.wav,House Sparrow,House Sparrow,12ft,0.0,3.0,3.0,1.7420000000000002,0.5806666666666668,True,House Sparrow,0.3421,Northern Mockingbird,0.0023,Tree Swallow,0.0014,True,1.0,0.3421,True,True,True
E4_week_and_location,House_Sparrow_12ft.wav,Birdsongs Recordings\12ft\House_Sparrow_12ft.wav,House Sparrow,House Sparrow,12ft,3.0,6.0,3.0,1.8359999999999999,0.612,True,House Sparrow,0.7826,Tree Swallow,0.004,Northern Mockingbird,0.0029,True,1.0,0.7826,True,True,True
E4_week_and_location,House_Sparrow_12ft.wav,Birdsongs Recordings\12ft\House_Sparrow_12ft.wav,House Sparrow,House Sparrow,12ft,6.0,9.0,3.0,1.8360000000000003,0.6120000000000001,True,House Sparrow,0.5012,Tree Swallow,0.0008,Rock Pigeon,0.0007,True,1.0,0.5012,True,True,True
E4_week_and_location,House_Sparrow_12ft.wav,Birdsongs Recordings\12ft\House_Sparrow_12ft.wav,House Sparrow,House Sparrow,12ft,9.0,10.0,1.0,0.6420000000000012,0.6420000000000012,True,House Sparrow,0.2264,House Finch,0.0068,Black-headed Grosbeak,0.0014,True,1.0,0.2264,True,True,True
E4_week_and_location,Lesser_Goldfinch_12ft.wav,Birdsongs Recordings\12ft\Lesser_Goldfinch_12ft.wav,Lesser Goldfinch,Lesser Goldfinch,12ft,0.0,3.0,3.0,3.0,1.0,True,Lesser Goldfinch,0.443,American Goldfinch,0.0072,Purple Finch,0.0041,True,1.0,0.443,True,True,True
E4_week_and_location,Lesser_Goldfinch_12ft.wav,Birdsongs Recordings\12ft\Lesser_Goldfinch_12ft.wav,Lesser Goldfinch,Lesser Goldfinch,12ft,3.0,6.0,3.0,2.3999999999999995,0.7999999999999998,True,Lazuli Bunting,0.0175,Lesser Goldfinch,0.0137,Black Phoebe,0.0131,True,2.0,0.0137,False,True,True
E4_week_and_location,Lesser_Goldfinch_12ft.wav,Birdsongs Recordings\12ft\Lesser_Goldfinch_12ft.wav,Lesser Goldfinch,Lesser Goldfinch,12ft,6.0,9.0,3.0,3.0,1.0,True,Lesser Goldfinch,0.3586,Lawrence's Goldfinch,0.0033,Black Phoebe,0.0025,True,1.0,0.3586,True,True,True
E4_week_and_location,Lesser_Goldfinch_12ft.wav,Birdsongs Recordings\12ft\Lesser_Goldfinch_12ft.wav,Lesser Goldfinch,Lesser Goldfinch,12ft,9.0,10.0,1.0,0.9920000000000009,0.9920000000000009,True,American Goldfinch,0.1928,Lesser Goldfinch,0.0033,House Finch,0.0007,True,2.0,0.0033,False,True,True
E4_week_and_location,Mourning_Dove_12ft.wav,Birdsongs Recordings\12ft\Mourning_Dove_12ft.wav,Mourning Dove,Mourning Dove,12ft,0.0,3.0,3.0,1.0,0.3333333333333333,True,Mourning Dove,0.4292,Eurasian Collared-Dove,0.0022,White-winged Dove,0.002,True,1.0,0.4292,True,True,True
E4_week_and_location,Mourning_Dove_12ft.wav,Birdsongs Recordings\12ft\Mourning_Dove_12ft.wav,Mourning Dove,Mourning Dove,12ft,3.0,6.0,3.0,2.3,0.7666666666666666,True,Mourning Dove,0.9556,Eurasian Collared-Dove,0.0205,Northern Cardinal,0.0015,True,1.0,0.9556,True,True,True
E4_week_and_location,Mourning_Dove_12ft.wav,Birdsongs Recordings\12ft\Mourning_Dove_12ft.wav,Mourning Dove,Mourning Dove,12ft,6.0,9.0,3.0,1.2999999999999998,0.4333333333333333,True,Eurasian Collared-Dove,0.2432,Mourning Dove,0.2079,Northern Cardinal,0.0041,True,2.0,0.2079,False,True,True
E4_week_and_location,Mourning_Dove_12ft.wav,Birdsongs Recordings\12ft\Mourning_Dove_12ft.wav,Mourning Dove,Mourning Dove,12ft,9.0,10.0,1.0,0.0,0.0,False,Barn Owl,0.0013,Canada Goose,0.0008,Chipping Sparrow,0.0008,False,,0.0,False,False,False
E4_week_and_location,Northern_House_Wren_12ft.wav,Birdsongs Recordings\12ft\Northern_House_Wren_12ft.wav,Northern House Wren,House Wren,12ft,0.0,3.0,3.0,2.7,0.9,True,House Wren,0.9864,Western Wood-Pewee,0.001,Marsh Wren,0.0008,True,1.0,0.9864,True,True,True
E4_week_and_location,Northern_House_Wren_12ft.wav,Birdsongs Recordings\12ft\Northern_House_Wren_12ft.wav,Northern House Wren,House Wren,12ft,3.0,6.0,3.0,0.8000000000000003,0.2666666666666668,True,Marsh Wren,0.4008,House Wren,0.3552,Bell's Vireo,0.1616,True,2.0,0.3552,False,True,True
E4_week_and_location,Northern_House_Wren_12ft.wav,Birdsongs Recordings\12ft\Northern_House_Wren_12ft.wav,Northern House Wren,House Wren,12ft,6.0,9.0,3.0,2.8000000000000007,0.9333333333333336,True,House Wren,0.9941,Western Wood-Pewee,0.0012,American Goldfinch,0.0012,True,1.0,0.9941,True,True,True
E4_week_and_location,Northern_House_Wren_12ft.wav,Birdsongs Recordings\12ft\Northern_House_Wren_12ft.wav,Northern House Wren,House Wren,12ft,9.0,10.0,1.0,0.0,0.0,False,House Wren,0.0022,Belted Kingfisher,0.0018,Downy Woodpecker,0.0017,True,1.0,0.0022,True,True,True
E4_week_and_location,Northern_Mockingbird_12ft.wav,Birdsongs Recordings\12ft\Northern_Mockingbird_12ft.wav,Northern Mockingbird,Northern Mockingbird,12ft,0.0,3.0,3.0,1.6499999999999997,0.5499999999999999,True,Northern Mockingbird,0.7178,Spotted Towhee,0.0013,Rock Wren,0.001,True,1.0,0.7178,True,True,True
E4_week_and_location,Northern_Mockingbird_12ft.wav,Birdsongs Recordings\12ft\Northern_Mockingbird_12ft.wav,Northern Mockingbird,Northern Mockingbird,12ft,3.0,6.0,3.0,1.1499999999999995,0.38333333333333314,True,Northern Mockingbird,0.2311,American Robin,0.0127,Great-tailed Grackle,0.007,True,1.0,0.2311,True,True,True
E4_week_and_location,Northern_Mockingbird_12ft.wav,Birdsongs Recordings\12ft\Northern_Mockingbird_12ft.wav,Northern Mockingbird,Northern Mockingbird,12ft,6.0,9.0,3.0,2.13,0.71,True,Northern Mockingbird,0.2763,Wrentit,0.0032,House Finch,0.0006,True,1.0,0.2763,True,True,True
E4_week_and_location,Northern_Mockingbird_12ft.wav,Birdsongs Recordings\12ft\Northern_Mockingbird_12ft.wav,Northern Mockingbird,Northern Mockingbird,12ft,9.0,10.0,1.0,0.27999999999999936,0.27999999999999936,True,Wrentit,0.0138,Great-tailed Grackle,0.0015,House Finch,0.0009,True,4.0,0.0008,False,False,True
E4_week_and_location,Northern_Yellow_Warbler_12ft.wav,Birdsongs Recordings\12ft\Northern_Yellow_Warbler_12ft.wav,Northern Yellow Warbler,Yellow Warbler,12ft,0.0,3.0,3.0,0.0,0.0,False,Osprey,0.0191,Northern Cardinal,0.0141,Canada Goose,0.0062,False,,0.0,False,False,False
E4_week_and_location,Northern_Yellow_Warbler_12ft.wav,Birdsongs Recordings\12ft\Northern_Yellow_Warbler_12ft.wav,Northern Yellow Warbler,Yellow Warbler,12ft,3.0,6.0,3.0,1.3499999999999996,0.4499999999999999,True,Yellow Warbler,0.8782,Wilson's Warbler,0.0172,Willow Flycatcher,0.006,True,1.0,0.8782,True,True,True
E4_week_and_location,Northern_Yellow_Warbler_12ft.wav,Birdsongs Recordings\12ft\Northern_Yellow_Warbler_12ft.wav,Northern Yellow Warbler,Yellow Warbler,12ft,6.0,9.0,3.0,0.09999999999999964,0.033333333333333215,False,Yellow Warbler,0.0071,Osprey,0.0069,Northern Cardinal,0.0056,True,1.0,0.0071,True,True,True
E4_week_and_location,Northern_Yellow_Warbler_12ft.wav,Birdsongs Recordings\12ft\Northern_Yellow_Warbler_12ft.wav,Northern Yellow Warbler,Yellow Warbler,12ft,9.0,10.0,1.0,0.0,0.0,False,White-breasted Nuthatch,0.092,Red-shouldered Hawk,0.0244,Osprey,0.0069,False,,0.0,False,False,False
E4_week_and_location,Oak_Titmouse_12ft.wav,Birdsongs Recordings\12ft\Oak_Titmouse_12ft.wav,Oak Titmouse,Oak Titmouse,12ft,0.0,3.0,3.0,1.3,0.43333333333333335,True,Oak Titmouse,0.0763,Rock Wren,0.0006,Northern Mockingbird,0.0005,True,1.0,0.0763,True,True,True
E4_week_and_location,Oak_Titmouse_12ft.wav,Birdsongs Recordings\12ft\Oak_Titmouse_12ft.wav,Oak Titmouse,Oak Titmouse,12ft,3.0,6.0,3.0,1.0000000000000004,0.3333333333333335,True,Oak Titmouse,0.9991,Spotted Towhee,0.0089,Rock Wren,0.0018,True,1.0,0.9991,True,True,True
E4_week_and_location,Oak_Titmouse_12ft.wav,Birdsongs Recordings\12ft\Oak_Titmouse_12ft.wav,Oak Titmouse,Oak Titmouse,12ft,6.0,9.0,3.0,1.4499999999999993,0.4833333333333331,True,Oak Titmouse,0.9985,California Towhee,0.0009,Bewick's Wren,0.0003,True,1.0,0.9985,True,True,True
E4_week_and_location,Oak_Titmouse_12ft.wav,Birdsongs Recordings\12ft\Oak_Titmouse_12ft.wav,Oak Titmouse,Oak Titmouse,12ft,9.0,10.0,1.0,0.9000000000000004,0.9000000000000004,True,Oak Titmouse,0.9983,California Towhee,0.0029,Spotted Towhee,0.0029,True,1.0,0.9983,True,True,True
E4_week_and_location,Rock_Pigeon_12ft.wav,Birdsongs Recordings\12ft\Rock_Pigeon_12ft.wav,Rock Pigeon,Rock Pigeon,12ft,0.0,3.0,3.0,1.5499999999999998,0.5166666666666666,True,Rock Pigeon,0.9946,American Crow,0.0561,Least Bittern,0.0025,True,1.0,0.9946,True,True,True
E4_week_and_location,Rock_Pigeon_12ft.wav,Birdsongs Recordings\12ft\Rock_Pigeon_12ft.wav,Rock Pigeon,Rock Pigeon,12ft,3.0,6.0,3.0,1.0499999999999998,0.3499999999999999,True,Rock Pigeon,0.9871,Band-tailed Pigeon,0.0007,Great Horned Owl,0.0001,True,1.0,0.9871,True,True,True
E4_week_and_location,Rock_Pigeon_12ft.wav,Birdsongs Recordings\12ft\Rock_Pigeon_12ft.wav,Rock Pigeon,Rock Pigeon,12ft,6.0,9.0,3.0,1.0999999999999996,0.36666666666666653,True,Rock Pigeon,0.9948,Great Horned Owl,0.0004,Band-tailed Pigeon,0.0003,True,1.0,0.9948,True,True,True
E4_week_and_location,Rock_Pigeon_12ft.wav,Birdsongs Recordings\12ft\Rock_Pigeon_12ft.wav,Rock Pigeon,Rock Pigeon,12ft,9.0,10.0,1.0,0.0,0.0,False,Hairy Woodpecker,0.0052,House Finch,0.004,Purple Finch,0.0037,False,,0.0,False,False,False
E4_week_and_location,Song_Sparrow_12ft.wav,Birdsongs Recordings\12ft\Song_Sparrow_12ft.wav,Song Sparrow,Song Sparrow,12ft,0.0,3.0,3.0,0.0,0.0,False,Song Sparrow,0.0095,Canada Goose,0.009,White-breasted Nuthatch,0.0059,True,1.0,0.0095,True,True,True
E4_week_and_location,Song_Sparrow_12ft.wav,Birdsongs Recordings\12ft\Song_Sparrow_12ft.wav,Song Sparrow,Song Sparrow,12ft,3.0,6.0,3.0,2.6500000000000004,0.8833333333333334,True,Song Sparrow,0.9502,Downy Woodpecker,0.0022,Savannah Sparrow,0.0018,True,1.0,0.9502,True,True,True
E4_week_and_location,Song_Sparrow_12ft.wav,Birdsongs Recordings\12ft\Song_Sparrow_12ft.wav,Song Sparrow,Song Sparrow,12ft,6.0,9.0,3.0,0.0,0.0,False,White-breasted Nuthatch,0.0366,Canada Goose,0.0338,Downy Woodpecker,0.0249,True,4.0,0.0133,False,False,True
E4_week_and_location,Song_Sparrow_12ft.wav,Birdsongs Recordings\12ft\Song_Sparrow_12ft.wav,Song Sparrow,Song Sparrow,12ft,9.0,10.0,1.0,0.0,0.0,False,Peregrine Falcon,0.0054,Barn Owl,0.0053,Red-tailed Hawk,0.0024,False,,0.0,False,False,False
E4_week_and_location,Spotted_Towhee_12ft.wav,Birdsongs Recordings\12ft\Spotted_Towhee_12ft.wav,Spotted Towhee,Spotted Towhee,12ft,0.0,3.0,3.0,1.3,0.43333333333333335,True,Spotted Towhee,0.9569,Dark-eyed Junco,0.0009,Orange-crowned Warbler,0.0007,True,1.0,0.9569,True,True,True
E4_week_and_location,Spotted_Towhee_12ft.wav,Birdsongs Recordings\12ft\Spotted_Towhee_12ft.wav,Spotted Towhee,Spotted Towhee,12ft,3.0,6.0,3.0,0.0,0.0,False,Canada Goose,0.0201,Song Sparrow,0.018,Rufous Hummingbird,0.0135,False,,0.0,False,False,False
E4_week_and_location,Spotted_Towhee_12ft.wav,Birdsongs Recordings\12ft\Spotted_Towhee_12ft.wav,Spotted Towhee,Spotted Towhee,12ft,6.0,9.0,3.0,1.3500000000000005,0.4500000000000002,True,Spotted Towhee,0.9848,Dark-eyed Junco,0.0008,Orange-crowned Warbler,0.0007,True,1.0,0.9848,True,True,True
E4_week_and_location,Spotted_Towhee_12ft.wav,Birdsongs Recordings\12ft\Spotted_Towhee_12ft.wav,Spotted Towhee,Spotted Towhee,12ft,9.0,10.0,1.0,0.0,0.0,False,Eurasian Collared-Dove,0.0016,Red-shouldered Hawk,0.0013,Canada Goose,0.0011,False,,0.0,False,False,False
E4_week_and_location,American_Robin_24ft.wav,Birdsongs Recordings\24ft\American_Robin_24ft.wav,American Robin,American Robin,24ft,0.0,3.0,3.0,2.45,0.8166666666666668,True,American Robin,0.6834,Northern Mockingbird,0.0084,Black-headed Grosbeak,0.0035,True,1.0,0.6834,True,True,True
E4_week_and_location,American_Robin_24ft.wav,Birdsongs Recordings\24ft\American_Robin_24ft.wav,American Robin,American Robin,24ft,3.0,6.0,3.0,1.9000000000000004,0.6333333333333334,True,American Robin,0.5256,White-breasted Nuthatch,0.0037,Western Tanager,0.0032,True,1.0,0.5256,True,True,True
E4_week_and_location,American_Robin_24ft.wav,Birdsongs Recordings\24ft\American_Robin_24ft.wav,American Robin,American Robin,24ft,6.0,9.0,3.0,1.4000000000000004,0.4666666666666668,True,American Robin,0.6638,Black-headed Grosbeak,0.0047,Northern Mockingbird,0.0013,True,1.0,0.6638,True,True,True
E4_week_and_location,American_Robin_24ft.wav,Birdsongs Recordings\24ft\American_Robin_24ft.wav,American Robin,American Robin,24ft,9.0,10.0,1.0,1.0,1.0,True,American Robin,0.6091,Black-headed Grosbeak,0.2571,Black-throated Gray Warbler,0.0115,True,1.0,0.6091,True,True,True
E4_week_and_location,Annas_Hummingbird_24ft.wav,Birdsongs Recordings\24ft\Annas_Hummingbird_24ft.wav,Anna's Hummingbird,Anna's Hummingbird,24ft,0.0,3.0,3.0,1.5,0.5,True,Anna's Hummingbird,0.797,Oak Titmouse,0.0025,Savannah Sparrow,0.0019,True,1.0,0.797,True,True,True
E4_week_and_location,Annas_Hummingbird_24ft.wav,Birdsongs Recordings\24ft\Annas_Hummingbird_24ft.wav,Anna's Hummingbird,Anna's Hummingbird,24ft,3.0,6.0,3.0,3.0,1.0,True,Anna's Hummingbird,0.9897,Chipping Sparrow,0.0038,Bewick's Wren,0.0025,True,1.0,0.9897,True,True,True
E4_week_and_location,Annas_Hummingbird_24ft.wav,Birdsongs Recordings\24ft\Annas_Hummingbird_24ft.wav,Anna's Hummingbird,Anna's Hummingbird,24ft,6.0,9.0,3.0,3.0,1.0,True,Anna's Hummingbird,0.9968,Pacific-slope Flycatcher,0.0055,Brown-headed Cowbird,0.0045,True,1.0,0.9968,True,True,True
E4_week_and_location,Annas_Hummingbird_24ft.wav,Birdsongs Recordings\24ft\Annas_Hummingbird_24ft.wav,Anna's Hummingbird,Anna's Hummingbird,24ft,9.0,10.0,1.0,0.6999999999999993,0.6999999999999993,True,Anna's Hummingbird,0.8778,Bewick's Wren,0.0032,Savannah Sparrow,0.0028,True,1.0,0.8778,True,True,True
E4_week_and_location,Barn_Swallow_24ft.wav,Birdsongs Recordings\24ft\Barn_Swallow_24ft.wav,Barn Swallow,Barn Swallow,24ft,0.0,3.0,3.0,2.7,0.9,True,Barn Swallow,0.9924,Western Kingbird,0.003,Canada Goose,0.0021,True,1.0,0.9924,True,True,True
E4_week_and_location,Barn_Swallow_24ft.wav,Birdsongs Recordings\24ft\Barn_Swallow_24ft.wav,Barn Swallow,Barn Swallow,24ft,3.0,6.0,3.0,3.0,1.0,True,Barn Swallow,0.6192,Cliff Swallow,0.1638,Western Kingbird,0.1061,True,1.0,0.6192,True,True,True
E4_week_and_location,Barn_Swallow_24ft.wav,Birdsongs Recordings\24ft\Barn_Swallow_24ft.wav,Barn Swallow,Barn Swallow,24ft,6.0,9.0,3.0,3.0,1.0,True,Barn Swallow,0.5563,House Finch,0.0228,House Sparrow,0.0156,True,1.0,0.5563,True,True,True
E4_week_and_location,Barn_Swallow_24ft.wav,Birdsongs Recordings\24ft\Barn_Swallow_24ft.wav,Barn Swallow,Barn Swallow,24ft,9.0,10.0,1.0,0.1999999999999993,0.1999999999999993,False,Northern Cardinal,0.0061,American Crow,0.0053,Yellow Warbler,0.0047,False,,0.0,False,False,False
E4_week_and_location,Bewicks_Wren_24ft.wav,Birdsongs Recordings\24ft\Bewicks_Wren_24ft.wav,Bewick's Wren,Bewick's Wren,24ft,0.0,3.0,3.0,2.4,0.7999999999999999,True,Bewick's Wren,0.1983,Song Sparrow,0.1771,Northern Mockingbird,0.0136,True,1.0,0.1983,True,True,True
E4_week_and_location,Bewicks_Wren_24ft.wav,Birdsongs Recordings\24ft\Bewicks_Wren_24ft.wav,Bewick's Wren,Bewick's Wren,24ft,3.0,6.0,3.0,0.0,0.0,False,Swainson's Thrush,0.0028,Northern Cardinal,0.0026,Osprey,0.0025,False,,0.0,False,False,False
E4_week_and_location,Bewicks_Wren_24ft.wav,Birdsongs Recordings\24ft\Bewicks_Wren_24ft.wav,Bewick's Wren,Bewick's Wren,24ft,6.0,9.0,3.0,0.0,0.0,False,Northern Cardinal,0.0065,White-breasted Nuthatch,0.0048,Canada Goose,0.0031,False,,0.0,False,False,False
E4_week_and_location,Bewicks_Wren_24ft.wav,Birdsongs Recordings\24ft\Bewicks_Wren_24ft.wav,Bewick's Wren,Bewick's Wren,24ft,9.0,10.0,1.0,0.0,0.0,False,Song Sparrow,0.0036,Red-breasted Nuthatch,0.0033,Belted Kingfisher,0.0027,False,,0.0,False,False,False
E4_week_and_location,Black_Phoebe_24ft.wav,Birdsongs Recordings\24ft\Black_Phoebe_24ft.wav,Black Phoebe,Black Phoebe,24ft,0.0,3.0,3.0,0.7500000000000002,0.25000000000000006,True,Black Phoebe,0.9962,Cooper's Hawk,0.0047,White-breasted Nuthatch,0.0025,True,1.0,0.9962,True,True,True
E4_week_and_location,Black_Phoebe_24ft.wav,Birdsongs Recordings\24ft\Black_Phoebe_24ft.wav,Black Phoebe,Black Phoebe,24ft,3.0,6.0,3.0,0.8999999999999999,0.3,True,Black Phoebe,0.9939,Say's Phoebe,0.0041,Cooper's Hawk,0.0031,True,1.0,0.9939,True,True,True
E4_week_and_location,Black_Phoebe_24ft.wav,Birdsongs Recordings\24ft\Black_Phoebe_24ft.wav,Black Phoebe,Black Phoebe,24ft,6.0,9.0,3.0,0.7999999999999989,0.26666666666666633,True,Black Phoebe,0.9927,Hairy Woodpecker,0.0104,Savannah Sparrow,0.0073,True,1.0,0.9927,True,True,True
E4_week_and_location,Black_Phoebe_24ft.wav,Birdsongs Recordings\24ft\Black_Phoebe_24ft.wav,Black Phoebe,Black Phoebe,24ft,9.0,10.0,1.0,0.40000000000000036,0.40000000000000036,True,Black Phoebe,0.9995,Pacific-slope Flycatcher,0.0009,Cooper's Hawk,0.0006,True,1.0,0.9995,True,True,True
E4_week_and_location,California_Towhee_24ft.wav,Birdsongs Recordings\24ft\California_Towhee_24ft.wav,California Towhee,California Towhee,24ft,0.0,3.0,3.0,1.35,0.45,True,California Towhee,0.9971,Orange-crowned Warbler,0.0055,Spotted Towhee,0.0038,True,1.0,0.9971,True,True,True
E4_week_and_location,California_Towhee_24ft.wav,Birdsongs Recordings\24ft\California_Towhee_24ft.wav,California Towhee,California Towhee,24ft,3.0,6.0,3.0,0.0,0.0,False,Canada Goose,0.0499,Northern Cardinal,0.0103,White-breasted Nuthatch,0.0093,False,,0.0,False,False,False
E4_week_and_location,California_Towhee_24ft.wav,Birdsongs Recordings\24ft\California_Towhee_24ft.wav,California Towhee,California Towhee,24ft,6.0,9.0,3.0,1.4499999999999993,0.4833333333333331,True,California Towhee,0.9705,Abert's Towhee,0.0092,Spotted Towhee,0.0045,True,1.0,0.9705,True,True,True
E4_week_and_location,California_Towhee_24ft.wav,Birdsongs Recordings\24ft\California_Towhee_24ft.wav,California Towhee,California Towhee,24ft,9.0,10.0,1.0,0.0,0.0,False,American Crow,0.0034,Red-shouldered Hawk,0.0033,Cooper's Hawk,0.0032,False,,0.0,False,False,False
E4_week_and_location,Dark_eyed_Junco_24ft.wav,Birdsongs Recordings\24ft\Dark_eyed_Junco_24ft.wav,Dark-eyed Junco,Dark-eyed Junco,24ft,0.0,3.0,3.0,1.7500000000000002,0.5833333333333334,True,Dark-eyed Junco,0.6723,Chipping Sparrow,0.091,Brown Creeper,0.0125,True,1.0,0.6723,True,True,True
E4_week_and_location,Dark_eyed_Junco_24ft.wav,Birdsongs Recordings\24ft\Dark_eyed_Junco_24ft.wav,Dark-eyed Junco,Dark-eyed Junco,24ft,3.0,6.0,3.0,0.0,0.0,False,Canada Goose,0.0409,Northern Cardinal,0.0368,Song Sparrow,0.0131,False,,0.0,False,False,False
E4_week_and_location,Dark_eyed_Junco_24ft.wav,Birdsongs Recordings\24ft\Dark_eyed_Junco_24ft.wav,Dark-eyed Junco,Dark-eyed Junco,24ft,6.0,9.0,3.0,1.8500000000000005,0.6166666666666668,True,Dark-eyed Junco,0.9113,Chipping Sparrow,0.0556,Yellow-rumped Warbler,0.0043,True,1.0,0.9113,True,True,True
E4_week_and_location,Dark_eyed_Junco_24ft.wav,Birdsongs Recordings\24ft\Dark_eyed_Junco_24ft.wav,Dark-eyed Junco,Dark-eyed Junco,24ft,9.0,10.0,1.0,0.0,0.0,False,Red-shouldered Hawk,0.008,Anna's Hummingbird,0.0046,Red-tailed Hawk,0.0042,False,,0.0,False,False,False
E4_week_and_location,European_Starling_24ft.wav,Birdsongs Recordings\24ft\European_Starling_24ft.wav,European Starling,European Starling,24ft,0.0,3.0,3.0,2.6,0.8666666666666667,True,American Robin,0.1228,Hairy Woodpecker,0.0192,Chipping Sparrow,0.0166,True,10.0,0.0036,False,False,False
E4_week_and_location,European_Starling_24ft.wav,Birdsongs Recordings\24ft\European_Starling_24ft.wav,European Starling,European Starling,24ft,3.0,6.0,3.0,3.0,1.0,True,American Robin,0.1241,European Starling,0.0319,Dark-eyed Junco,0.0074,True,2.0,0.0319,False,True,True
E4_week_and_location,European_Starling_24ft.wav,Birdsongs Recordings\24ft\European_Starling_24ft.wav,European Starling,European Starling,24ft,6.0,9.0,3.0,3.0,1.0,True,European Starling,0.2317,Pacific-slope Flycatcher,0.0284,Hairy Woodpecker,0.0234,True,1.0,0.2317,True,True,True
E4_week_and_location,European_Starling_24ft.wav,Birdsongs Recordings\24ft\European_Starling_24ft.wav,European Starling,European Starling,24ft,9.0,10.0,1.0,1.0,1.0,True,European Starling,0.0419,Swainson's Thrush,0.0123,Wild Turkey,0.0044,True,1.0,0.0419,True,True,True
E4_week_and_location,Hooded_Oriole_24ft.wav,Birdsongs Recordings\24ft\Hooded_Oriole_24ft.wav,Hooded Oriole,Hooded Oriole,24ft,0.0,3.0,3.0,1.35,0.45,True,Hooded Oriole,0.9843,House Sparrow,0.0132,Bullock's Oriole,0.0061,True,1.0,0.9843,True,True,True
E4_week_and_location,Hooded_Oriole_24ft.wav,Birdsongs Recordings\24ft\Hooded_Oriole_24ft.wav,Hooded Oriole,Hooded Oriole,24ft,3.0,6.0,3.0,1.6500000000000008,0.5500000000000003,True,Hooded Oriole,0.2034,Loggerhead Shrike,0.0029,Western Tanager,0.0018,True,1.0,0.2034,True,True,True
E4_week_and_location,Hooded_Oriole_24ft.wav,Birdsongs Recordings\24ft\Hooded_Oriole_24ft.wav,Hooded Oriole,Hooded Oriole,24ft,6.0,9.0,3.0,2.4000000000000004,0.8000000000000002,True,Hooded Oriole,0.9707,Bullock's Oriole,0.0209,Western Kingbird,0.0058,True,1.0,0.9707,True,True,True
E4_week_and_location,Hooded_Oriole_24ft.wav,Birdsongs Recordings\24ft\Hooded_Oriole_24ft.wav,Hooded Oriole,Hooded Oriole,24ft,9.0,10.0,1.0,0.8499999999999996,0.8499999999999996,True,Western Tanager,0.9048,Hooded Oriole,0.4005,Purple Finch,0.0296,True,2.0,0.4005,False,True,True
E4_week_and_location,House_Finch_24ft.wav,Birdsongs Recordings\24ft\House_Finch_24ft.wav,House Finch,House Finch,24ft,0.0,3.0,3.0,2.55,0.85,True,House Finch,0.4622,Purple Finch,0.0189,Northern Mockingbird,0.0042,True,1.0,0.4622,True,True,True
E4_week_and_location,House_Finch_24ft.wav,Birdsongs Recordings\24ft\House_Finch_24ft.wav,House Finch,House Finch,24ft,3.0,6.0,3.0,0.6999999999999997,0.23333333333333325,True,Blue Grosbeak,0.0201,Purple Finch,0.0095,House Finch,0.0024,True,3.0,0.0024,False,True,True
E4_week_and_location,House_Finch_24ft.wav,Birdsongs Recordings\24ft\House_Finch_24ft.wav,House Finch,House Finch,24ft,6.0,9.0,3.0,2.0,0.6666666666666666,True,House Finch,0.1103,Purple Finch,0.0086,White-crowned Sparrow,0.0016,True,1.0,0.1103,True,True,True
E4_week_and_location,House_Finch_24ft.wav,Birdsongs Recordings\24ft\House_Finch_24ft.wav,House Finch,House Finch,24ft,9.0,10.0,1.0,0.0,0.0,False,Red-shouldered Hawk,0.0034,Red-tailed Hawk,0.0025,Belted Kingfisher,0.0023,False,,0.0,False,False,False
E4_week_and_location,House_Sparrow_24ft.wav,Birdsongs Recordings\24ft\House_Sparrow_24ft.wav,House Sparrow,House Sparrow,24ft,0.0,3.0,3.0,1.7420000000000002,0.5806666666666668,True,House Sparrow,0.483,Purple Finch,0.0042,American Robin,0.0042,True,1.0,0.483,True,True,True
E4_week_and_location,House_Sparrow_24ft.wav,Birdsongs Recordings\24ft\House_Sparrow_24ft.wav,House Sparrow,House Sparrow,24ft,3.0,6.0,3.0,1.8359999999999999,0.612,True,House Sparrow,0.8031,Northern Mockingbird,0.0068,White-winged Dove,0.0049,True,1.0,0.8031,True,True,True
E4_week_and_location,House_Sparrow_24ft.wav,Birdsongs Recordings\24ft\House_Sparrow_24ft.wav,House Sparrow,House Sparrow,24ft,6.0,9.0,3.0,1.8360000000000003,0.6120000000000001,True,House Sparrow,0.7361,Northern Mockingbird,0.0067,White-winged Dove,0.0063,True,1.0,0.7361,True,True,True
E4_week_and_location,House_Sparrow_24ft.wav,Birdsongs Recordings\24ft\House_Sparrow_24ft.wav,House Sparrow,House Sparrow,24ft,9.0,10.0,1.0,0.6420000000000012,0.6420000000000012,True,House Sparrow,0.1614,Black-headed Grosbeak,0.0054,American Robin,0.0011,True,1.0,0.1614,True,True,True
E4_week_and_location,Lesser_Goldfinch_24ft.wav,Birdsongs Recordings\24ft\Lesser_Goldfinch_24ft.wav,Lesser Goldfinch,Lesser Goldfinch,24ft,0.0,3.0,3.0,3.0,1.0,True,Lesser Goldfinch,0.1727,House Wren,0.0295,Purple Finch,0.0046,True,1.0,0.1727,True,True,True
E4_week_and_location,Lesser_Goldfinch_24ft.wav,Birdsongs Recordings\24ft\Lesser_Goldfinch_24ft.wav,Lesser Goldfinch,Lesser Goldfinch,24ft,3.0,6.0,3.0,2.3999999999999995,0.7999999999999998,True,Lazuli Bunting,0.0542,American Kestrel,0.0103,House Wren,0.0078,True,5.0,0.004,False,False,True
E4_week_and_location,Lesser_Goldfinch_24ft.wav,Birdsongs Recordings\24ft\Lesser_Goldfinch_24ft.wav,Lesser Goldfinch,Lesser Goldfinch,24ft,6.0,9.0,3.0,3.0,1.0,True,Lesser Goldfinch,0.1502,Abert's Towhee,0.0153,Wild Turkey,0.0129,True,1.0,0.1502,True,True,True
E4_week_and_location,Lesser_Goldfinch_24ft.wav,Birdsongs Recordings\24ft\Lesser_Goldfinch_24ft.wav,Lesser Goldfinch,Lesser Goldfinch,24ft,9.0,10.0,1.0,0.9920000000000009,0.9920000000000009,True,American Goldfinch,0.0691,Lesser Goldfinch,0.0012,Hutton's Vireo,0.0005,True,2.0,0.0012,False,True,True
E4_week_and_location,Mourning_Dove_24ft.wav,Birdsongs Recordings\24ft\Mourning_Dove_24ft.wav,Mourning Dove,Mourning Dove,24ft,0.0,3.0,3.0,1.0,0.3333333333333333,True,Mourning Dove,0.8334,Eurasian Collared-Dove,0.0028,White-winged Dove,0.0026,True,1.0,0.8334,True,True,True
E4_week_and_location,Mourning_Dove_24ft.wav,Birdsongs Recordings\24ft\Mourning_Dove_24ft.wav,Mourning Dove,Mourning Dove,24ft,3.0,6.0,3.0,2.3,0.7666666666666666,True,Mourning Dove,0.9472,Eurasian Collared-Dove,0.0078,White-winged Dove,0.0038,True,1.0,0.9472,True,True,True
E4_week_and_location,Mourning_Dove_24ft.wav,Birdsongs Recordings\24ft\Mourning_Dove_24ft.wav,Mourning Dove,Mourning Dove,24ft,6.0,9.0,3.0,1.2999999999999998,0.4333333333333333,True,Mourning Dove,0.6993,Eurasian Collared-Dove,0.0994,Red-shouldered Hawk,0.0043,True,1.0,0.6993,True,True,True
E4_week_and_location,Mourning_Dove_24ft.wav,Birdsongs Recordings\24ft\Mourning_Dove_24ft.wav,Mourning Dove,Mourning Dove,24ft,9.0,10.0,1.0,0.0,0.0,False,Red-shouldered Hawk,0.0011,Black Phoebe,0.0009,Swainson's Thrush,0.0006,True,19.0,0.0002,False,False,False
E4_week_and_location,Northern_House_Wren_24ft.wav,Birdsongs Recordings\24ft\Northern_House_Wren_24ft.wav,Northern House Wren,House Wren,24ft,0.0,3.0,3.0,2.7,0.9,True,House Wren,0.9771,American Goldfinch,0.0033,Orange-crowned Warbler,0.0023,True,1.0,0.9771,True,True,True
E4_week_and_location,Northern_House_Wren_24ft.wav,Birdsongs Recordings\24ft\Northern_House_Wren_24ft.wav,Northern House Wren,House Wren,24ft,3.0,6.0,3.0,0.8000000000000003,0.2666666666666668,True,Marsh Wren,0.6286,House Wren,0.4358,Bell's Vireo,0.0278,True,2.0,0.4358,False,True,True
E4_week_and_location,Northern_House_Wren_24ft.wav,Birdsongs Recordings\24ft\Northern_House_Wren_24ft.wav,Northern House Wren,House Wren,24ft,6.0,9.0,3.0,2.8000000000000007,0.9333333333333336,True,House Wren,0.9749,Mourning Dove,0.0093,White-breasted Nuthatch,0.0022,True,1.0,0.9749,True,True,True
E4_week_and_location,Northern_House_Wren_24ft.wav,Birdsongs Recordings\24ft\Northern_House_Wren_24ft.wav,Northern House Wren,House Wren,24ft,9.0,10.0,1.0,0.0,0.0,False,Red-shouldered Hawk,0.0014,Barn Owl,0.0009,Wild Turkey,0.0008,True,19.0,0.0004,False,False,False
E4_week_and_location,Northern_Mockingbird_24ft.wav,Birdsongs Recordings\24ft\Northern_Mockingbird_24ft.wav,Northern Mockingbird,Northern Mockingbird,24ft,0.0,3.0,3.0,1.6499999999999997,0.5499999999999999,True,Northern Mockingbird,0.1083,Spotted Towhee,0.0009,Rock Wren,0.0003,True,1.0,0.1083,True,True,True
E4_week_and_location,Northern_Mockingbird_24ft.wav,Birdsongs Recordings\24ft\Northern_Mockingbird_24ft.wav,Northern Mockingbird,Northern Mockingbird,24ft,3.0,6.0,3.0,1.1499999999999995,0.38333333333333314,True,Great-tailed Grackle,0.0616,Nuttall's Woodpecker,0.0357,Northern Mockingbird,0.0316,True,3.0,0.0316,False,True,True
E4_week_and_location,Northern_Mockingbird_24ft.wav,Birdsongs Recordings\24ft\Northern_Mockingbird_24ft.wav,Northern Mockingbird,Northern Mockingbird,24ft,6.0,9.0,3.0,2.13,0.71,True,Northern Mockingbird,0.3493,Wrentit,0.0032,Great-tailed Grackle,0.0018,True,1.0,0.3493,True,True,True
E4_week_and_location,Northern_Mockingbird_24ft.wav,Birdsongs Recordings\24ft\Northern_Mockingbird_24ft.wav,Northern Mockingbird,Northern Mockingbird,24ft,9.0,10.0,1.0,0.27999999999999936,0.27999999999999936,True,Great-tailed Grackle,0.0022,Wrentit,0.0009,House Finch,0.0002,True,5.0,0.0001,False,False,True
E4_week_and_location,Northern_Yellow_Warbler_24ft.wav,Birdsongs Recordings\24ft\Northern_Yellow_Warbler_24ft.wav,Northern Yellow Warbler,Yellow Warbler,24ft,0.0,3.0,3.0,0.0,0.0,False,White-breasted Nuthatch,0.0071,Black-crowned Night-Heron,0.0037,American Goldfinch,0.0036,False,,0.0,False,False,False
E4_week_and_location,Northern_Yellow_Warbler_24ft.wav,Birdsongs Recordings\24ft\Northern_Yellow_Warbler_24ft.wav,Northern Yellow Warbler,Yellow Warbler,24ft,3.0,6.0,3.0,1.3499999999999996,0.4499999999999999,True,Yellow Warbler,0.6093,Mourning Dove,0.1114,Wilson's Warbler,0.0161,True,1.0,0.6093,True,True,True
E4_week_and_location,Northern_Yellow_Warbler_24ft.wav,Birdsongs Recordings\24ft\Northern_Yellow_Warbler_24ft.wav,Northern Yellow Warbler,Yellow Warbler,24ft,6.0,9.0,3.0,0.09999999999999964,0.033333333333333215,False,Mourning Dove,0.0183,Yellow Warbler,0.0135,American Crow,0.0105,True,2.0,0.0135,False,True,True
E4_week_and_location,Northern_Yellow_Warbler_24ft.wav,Birdsongs Recordings\24ft\Northern_Yellow_Warbler_24ft.wav,Northern Yellow Warbler,Yellow Warbler,24ft,9.0,10.0,1.0,0.0,0.0,False,Barn Owl,0.0016,Red-shouldered Hawk,0.0016,Canada Goose,0.001,False,,0.0,False,False,False
E4_week_and_location,Oak_Titmouse_24ft.wav,Birdsongs Recordings\24ft\Oak_Titmouse_24ft.wav,Oak Titmouse,Oak Titmouse,24ft,0.0,3.0,3.0,1.3,0.43333333333333335,True,Oak Titmouse,0.0374,Rock Wren,0.0013,Great-tailed Grackle,0.0008,True,1.0,0.0374,True,True,True
E4_week_and_location,Oak_Titmouse_24ft.wav,Birdsongs Recordings\24ft\Oak_Titmouse_24ft.wav,Oak Titmouse,Oak Titmouse,24ft,3.0,6.0,3.0,1.0000000000000004,0.3333333333333335,True,Oak Titmouse,0.9987,Spotted Towhee,0.0028,Rock Wren,0.0016,True,1.0,0.9987,True,True,True
E4_week_and_location,Oak_Titmouse_24ft.wav,Birdsongs Recordings\24ft\Oak_Titmouse_24ft.wav,Oak Titmouse,Oak Titmouse,24ft,6.0,9.0,3.0,1.4499999999999993,0.4833333333333331,True,Oak Titmouse,0.9995,California Towhee,0.0014,Rock Wren,0.0006,True,1.0,0.9995,True,True,True
E4_week_and_location,Oak_Titmouse_24ft.wav,Birdsongs Recordings\24ft\Oak_Titmouse_24ft.wav,Oak Titmouse,Oak Titmouse,24ft,9.0,10.0,1.0,0.9000000000000004,0.9000000000000004,True,Oak Titmouse,0.9978,Spotted Towhee,0.0136,California Towhee,0.0077,True,1.0,0.9978,True,True,True
E4_week_and_location,Rock_Pigeon_24ft.wav,Birdsongs Recordings\24ft\Rock_Pigeon_24ft.wav,Rock Pigeon,Rock Pigeon,24ft,0.0,3.0,3.0,1.5499999999999998,0.5166666666666666,True,Rock Pigeon,0.9708,Least Bittern,0.0002,Great Horned Owl,0.0001,True,1.0,0.9708,True,True,True
E4_week_and_location,Rock_Pigeon_24ft.wav,Birdsongs Recordings\24ft\Rock_Pigeon_24ft.wav,Rock Pigeon,Rock Pigeon,24ft,3.0,6.0,3.0,1.0499999999999998,0.3499999999999999,True,Rock Pigeon,0.9629,Least Bittern,0.0005,Great Horned Owl,0.0002,True,1.0,0.9629,True,True,True
E4_week_and_location,Rock_Pigeon_24ft.wav,Birdsongs Recordings\24ft\Rock_Pigeon_24ft.wav,Rock Pigeon,Rock Pigeon,24ft,6.0,9.0,3.0,1.0999999999999996,0.36666666666666653,True,Rock Pigeon,0.9938,Great Horned Owl,0.0004,Least Bittern,0.0004,True,1.0,0.9938,True,True,True
E4_week_and_location,Rock_Pigeon_24ft.wav,Birdsongs Recordings\24ft\Rock_Pigeon_24ft.wav,Rock Pigeon,Rock Pigeon,24ft,9.0,10.0,1.0,0.0,0.0,False,Red-shouldered Hawk,0.002,Red-tailed Hawk,0.0011,White-breasted Nuthatch,0.0011,False,,0.0,False,False,False
E4_week_and_location,Song_Sparrow_24ft.wav,Birdsongs Recordings\24ft\Song_Sparrow_24ft.wav,Song Sparrow,Song Sparrow,24ft,0.0,3.0,3.0,0.0,0.0,False,White-breasted Nuthatch,0.0016,Black-crowned Night-Heron,0.0015,Canada Goose,0.0012,False,,0.0,False,False,False
E4_week_and_location,Song_Sparrow_24ft.wav,Birdsongs Recordings\24ft\Song_Sparrow_24ft.wav,Song Sparrow,Song Sparrow,24ft,3.0,6.0,3.0,2.6500000000000004,0.8833333333333334,True,Song Sparrow,0.6543,Willow Flycatcher,0.0024,Downy Woodpecker,0.0022,True,1.0,0.6543,True,True,True
E4_week_and_location,Song_Sparrow_24ft.wav,Birdsongs Recordings\24ft\Song_Sparrow_24ft.wav,Song Sparrow,Song Sparrow,24ft,6.0,9.0,3.0,0.0,0.0,False,White-breasted Nuthatch,0.0128,Canada Goose,0.0125,American Crow,0.0077,True,13.0,0.002,False,False,False
E4_week_and_location,Song_Sparrow_24ft.wav,Birdsongs Recordings\24ft\Song_Sparrow_24ft.wav,Song Sparrow,Song Sparrow,24ft,9.0,10.0,1.0,0.0,0.0,False,Anna's Hummingbird,0.0077,Red-shouldered Hawk,0.0069,Cooper's Hawk,0.006,False,,0.0,False,False,False
E4_week_and_location,Spotted_Towhee_24ft.wav,Birdsongs Recordings\24ft\Spotted_Towhee_24ft.wav,Spotted Towhee,Spotted Towhee,24ft,0.0,3.0,3.0,1.3,0.43333333333333335,True,Spotted Towhee,0.8805,Black-crowned Night-Heron,0.0033,Dark-eyed Junco,0.0011,True,1.0,0.8805,True,True,True
E4_week_and_location,Spotted_Towhee_24ft.wav,Birdsongs Recordings\24ft\Spotted_Towhee_24ft.wav,Spotted Towhee,Spotted Towhee,24ft,3.0,6.0,3.0,0.0,0.0,False,Barn Owl,0.0049,Black-crowned Night-Heron,0.0039,White-breasted Nuthatch,0.0009,False,,0.0,False,False,False
E4_week_and_location,Spotted_Towhee_24ft.wav,Birdsongs Recordings\24ft\Spotted_Towhee_24ft.wav,Spotted Towhee,Spotted Towhee,24ft,6.0,9.0,3.0,1.3500000000000005,0.4500000000000002,True,Spotted Towhee,0.9325,Dark-eyed Junco,0.0005,Orange-crowned Warbler,0.0005,True,1.0,0.9325,True,True,True
E4_week_and_location,Spotted_Towhee_24ft.wav,Birdsongs Recordings\24ft\Spotted_Towhee_24ft.wav,Spotted Towhee,Spotted Towhee,24ft,9.0,10.0,1.0,0.0,0.0,False,Barn Owl,0.0014,Red-tailed Hawk,0.0012,Cooper's Hawk,0.001,False,,0.0,False,False,False
E4_week_and_location,American_Robin_36ft.wav,Birdsongs Recordings\36ft\American_Robin_36ft.wav,American Robin,American Robin,36ft,0.0,3.0,3.0,2.45,0.8166666666666668,True,American Robin,0.5239,Black-headed Grosbeak,0.0038,Wild Turkey,0.0022,True,1.0,0.5239,True,True,True
E4_week_and_location,American_Robin_36ft.wav,Birdsongs Recordings\36ft\American_Robin_36ft.wav,American Robin,American Robin,36ft,3.0,6.0,3.0,1.9000000000000004,0.6333333333333334,True,American Robin,0.5516,Marsh Wren,0.0057,Black-headed Grosbeak,0.0038,True,1.0,0.5516,True,True,True
E4_week_and_location,American_Robin_36ft.wav,Birdsongs Recordings\36ft\American_Robin_36ft.wav,American Robin,American Robin,36ft,6.0,9.0,3.0,1.4000000000000004,0.4666666666666668,True,American Robin,0.5,Brewer's Blackbird,0.0058,Wild Turkey,0.0038,True,1.0,0.5,True,True,True
E4_week_and_location,American_Robin_36ft.wav,Birdsongs Recordings\36ft\American_Robin_36ft.wav,American Robin,American Robin,36ft,9.0,10.0,1.0,1.0,1.0,True,American Robin,0.3919,Black-headed Grosbeak,0.022,Black-throated Gray Warbler,0.0044,True,1.0,0.3919,True,True,True
E4_week_and_location,Annas_Hummingbird_36ft.wav,Birdsongs Recordings\36ft\Annas_Hummingbird_36ft.wav,Anna's Hummingbird,Anna's Hummingbird,36ft,0.0,3.0,3.0,1.5,0.5,True,Anna's Hummingbird,0.9352,Northern Flicker,0.0017,House Wren,0.0016,True,1.0,0.9352,True,True,True
E4_week_and_location,Annas_Hummingbird_36ft.wav,Birdsongs Recordings\36ft\Annas_Hummingbird_36ft.wav,Anna's Hummingbird,Anna's Hummingbird,36ft,3.0,6.0,3.0,3.0,1.0,True,Anna's Hummingbird,0.8789,Northern Flicker,0.0178,American Robin,0.0091,True,1.0,0.8789,True,True,True
E4_week_and_location,Annas_Hummingbird_36ft.wav,Birdsongs Recordings\36ft\Annas_Hummingbird_36ft.wav,Anna's Hummingbird,Anna's Hummingbird,36ft,6.0,9.0,3.0,3.0,1.0,True,Anna's Hummingbird,0.9977,Barn Swallow,0.0046,Pacific-slope Flycatcher,0.0034,True,1.0,0.9977,True,True,True
E4_week_and_location,Annas_Hummingbird_36ft.wav,Birdsongs Recordings\36ft\Annas_Hummingbird_36ft.wav,Anna's Hummingbird,Anna's Hummingbird,36ft,9.0,10.0,1.0,0.6999999999999993,0.6999999999999993,True,Anna's Hummingbird,0.9531,Chestnut-backed Chickadee,0.0093,Rufous Hummingbird,0.0051,True,1.0,0.9531,True,True,True
E4_week_and_location,Barn_Swallow_36ft.wav,Birdsongs Recordings\36ft\Barn_Swallow_36ft.wav,Barn Swallow,Barn Swallow,36ft,0.0,3.0,3.0,2.7,0.9,True,Barn Swallow,0.9801,Canada Goose,0.0023,Great Blue Heron,0.0016,True,1.0,0.9801,True,True,True
E4_week_and_location,Barn_Swallow_36ft.wav,Birdsongs Recordings\36ft\Barn_Swallow_36ft.wav,Barn Swallow,Barn Swallow,36ft,3.0,6.0,3.0,3.0,1.0,True,Barn Swallow,0.788,Cliff Swallow,0.0313,Western Kingbird,0.0094,True,1.0,0.788,True,True,True
E4_week_and_location,Barn_Swallow_36ft.wav,Birdsongs Recordings\36ft\Barn_Swallow_36ft.wav,Barn Swallow,Barn Swallow,36ft,6.0,9.0,3.0,3.0,1.0,True,Barn Swallow,0.4614,Cliff Swallow,0.002,Western Kingbird,0.0014,True,1.0,0.4614,True,True,True
E4_week_and_location,Barn_Swallow_36ft.wav,Birdsongs Recordings\36ft\Barn_Swallow_36ft.wav,Barn Swallow,Barn Swallow,36ft,9.0,10.0,1.0,0.1999999999999993,0.1999999999999993,False,Black-throated Gray Warbler,0.0016,Hairy Woodpecker,0.0009,Yellow Warbler,0.0008,False,,0.0,False,False,False
E4_week_and_location,Bewicks_Wren_36ft.wav,Birdsongs Recordings\36ft\Bewicks_Wren_36ft.wav,Bewick's Wren,Bewick's Wren,36ft,0.0,3.0,3.0,2.4,0.7999999999999999,True,Bewick's Wren,0.4043,Song Sparrow,0.026,Spotted Towhee,0.0218,True,1.0,0.4043,True,True,True
E4_week_and_location,Bewicks_Wren_36ft.wav,Birdsongs Recordings\36ft\Bewicks_Wren_36ft.wav,Bewick's Wren,Bewick's Wren,36ft,3.0,6.0,3.0,0.0,0.0,False,Hairy Woodpecker,0.0106,Brown Creeper,0.0061,American Goldfinch,0.0057,False,,0.0,False,False,False
E4_week_and_location,Bewicks_Wren_36ft.wav,Birdsongs Recordings\36ft\Bewicks_Wren_36ft.wav,Bewick's Wren,Bewick's Wren,36ft,6.0,9.0,3.0,0.0,0.0,False,Hairy Woodpecker,0.0036,Canada Goose,0.0035,White-breasted Nuthatch,0.0029,False,,0.0,False,False,False
E4_week_and_location,Bewicks_Wren_36ft.wav,Birdsongs Recordings\36ft\Bewicks_Wren_36ft.wav,Bewick's Wren,Bewick's Wren,36ft,9.0,10.0,1.0,0.0,0.0,False,Great Horned Owl,0.0023,Olive-sided Flycatcher,0.0015,Brown Creeper,0.0015,False,,0.0,False,False,False
E4_week_and_location,Black_Phoebe_36ft.wav,Birdsongs Recordings\36ft\Black_Phoebe_36ft.wav,Black Phoebe,Black Phoebe,36ft,0.0,3.0,3.0,0.7500000000000002,0.25000000000000006,True,Black Phoebe,0.9994,Cooper's Hawk,0.0072,Song Sparrow,0.0043,True,1.0,0.9994,True,True,True
E4_week_and_location,Black_Phoebe_36ft.wav,Birdsongs Recordings\36ft\Black_Phoebe_36ft.wav,Black Phoebe,Black Phoebe,36ft,3.0,6.0,3.0,0.8999999999999999,0.3,True,Black Phoebe,0.9952,Downy Woodpecker,0.0077,Song Sparrow,0.0063,True,1.0,0.9952,True,True,True
E4_week_and_location,Black_Phoebe_36ft.wav,Birdsongs Recordings\36ft\Black_Phoebe_36ft.wav,Black Phoebe,Black Phoebe,36ft,6.0,9.0,3.0,0.7999999999999989,0.26666666666666633,True,Black Phoebe,0.998,Pacific-slope Flycatcher,0.0029,Brown Creeper,0.0016,True,1.0,0.998,True,True,True
E4_week_and_location,Black_Phoebe_36ft.wav,Birdsongs Recordings\36ft\Black_Phoebe_36ft.wav,Black Phoebe,Black Phoebe,36ft,9.0,10.0,1.0,0.40000000000000036,0.40000000000000036,True,Black Phoebe,0.9988,Pacific-slope Flycatcher,0.0008,Cooper's Hawk,0.0004,True,1.0,0.9988,True,True,True
E4_week_and_location,California_Towhee_36ft.wav,Birdsongs Recordings\36ft\California_Towhee_36ft.wav,California Towhee,California Towhee,36ft,0.0,3.0,3.0,1.35,0.45,True,California Towhee,0.9984,Orange-crowned Warbler,0.013,Spotted Towhee,0.0063,True,1.0,0.9984,True,True,True
E4_week_and_location,California_Towhee_36ft.wav,Birdsongs Recordings\36ft\California_Towhee_36ft.wav,California Towhee,California Towhee,36ft,3.0,6.0,3.0,0.0,0.0,False,Dark-eyed Junco,0.0319,Yellow-rumped Warbler,0.0078,Brown Creeper,0.0068,False,,0.0,False,False,False
E4_week_and_location,California_Towhee_36ft.wav,Birdsongs Recordings\36ft\California_Towhee_36ft.wav,California Towhee,California Towhee,36ft,6.0,9.0,3.0,1.4499999999999993,0.4833333333333331,True,California Towhee,0.9855,Spotted Towhee,0.0058,Abert's Towhee,0.0048,True,1.0,0.9855,True,True,True
E4_week_and_location,California_Towhee_36ft.wav,Birdsongs Recordings\36ft\California_Towhee_36ft.wav,California Towhee,California Towhee,36ft,9.0,10.0,1.0,0.0,0.0,False,Olive-sided Flycatcher,0.0027,Red-shouldered Hawk,0.0026,Rock Pigeon,0.0026,False,,0.0,False,False,False
E4_week_and_location,Dark_eyed_Junco_36ft.wav,Birdsongs Recordings\36ft\Dark_eyed_Junco_36ft.wav,Dark-eyed Junco,Dark-eyed Junco,36ft,0.0,3.0,3.0,1.7500000000000002,0.5833333333333334,True,Dark-eyed Junco,0.8534,Chipping Sparrow,0.0732,Yellow-rumped Warbler,0.0076,True,1.0,0.8534,True,True,True
E4_week_and_location,Dark_eyed_Junco_36ft.wav,Birdsongs Recordings\36ft\Dark_eyed_Junco_36ft.wav,Dark-eyed Junco,Dark-eyed Junco,36ft,3.0,6.0,3.0,0.0,0.0,False,Hairy Woodpecker,0.0066,Song Sparrow,0.0051,American Goldfinch,0.0051,False,,0.0,False,False,False
E4_week_and_location,Dark_eyed_Junco_36ft.wav,Birdsongs Recordings\36ft\Dark_eyed_Junco_36ft.wav,Dark-eyed Junco,Dark-eyed Junco,36ft,6.0,9.0,3.0,1.8500000000000005,0.6166666666666668,True,Dark-eyed Junco,0.8499,Chipping Sparrow,0.0604,Brown Creeper,0.0132,True,1.0,0.8499,True,True,True
E4_week_and_location,Dark_eyed_Junco_36ft.wav,Birdsongs Recordings\36ft\Dark_eyed_Junco_36ft.wav,Dark-eyed Junco,Dark-eyed Junco,36ft,9.0,10.0,1.0,0.0,0.0,False,Northern Mockingbird,0.0143,Olive-sided Flycatcher,0.014,Wrentit,0.0136,False,,0.0,False,False,False
E4_week_and_location,European_Starling_36ft.wav,Birdsongs Recordings\36ft\European_Starling_36ft.wav,European Starling,European Starling,36ft,0.0,3.0,3.0,2.6,0.8666666666666667,True,American Robin,0.1267,Red-tailed Hawk,0.0216,Chipping Sparrow,0.0053,True,11.0,0.0021,False,False,False
E4_week_and_location,European_Starling_36ft.wav,Birdsongs Recordings\36ft\European_Starling_36ft.wav,European Starling,European Starling,36ft,3.0,6.0,3.0,3.0,1.0,True,American Robin,0.0317,European Starling,0.0159,Pacific-slope Flycatcher,0.0137,True,2.0,0.0159,False,True,True
E4_week_and_location,European_Starling_36ft.wav,Birdsongs Recordings\36ft\European_Starling_36ft.wav,European Starling,European Starling,36ft,6.0,9.0,3.0,3.0,1.0,True,Pacific-slope Flycatcher,0.0633,European Starling,0.059,Mallard,0.0293,True,2.0,0.059,False,True,True
E4_week_and_location,European_Starling_36ft.wav,Birdsongs Recordings\36ft\European_Starling_36ft.wav,European Starling,European Starling,36ft,9.0,10.0,1.0,1.0,1.0,True,European Starling,0.0465,Red-tailed Hawk,0.0183,House Sparrow,0.0121,True,1.0,0.0465,True,True,True
E4_week_and_location,Hooded_Oriole_36ft.wav,Birdsongs Recordings\36ft\Hooded_Oriole_36ft.wav,Hooded Oriole,Hooded Oriole,36ft,0.0,3.0,3.0,1.35,0.45,True,Hooded Oriole,0.1592,Hairy Woodpecker,0.0038,Bullock's Oriole,0.0031,True,1.0,0.1592,True,True,True
E4_week_and_location,Hooded_Oriole_36ft.wav,Birdsongs Recordings\36ft\Hooded_Oriole_36ft.wav,Hooded Oriole,Hooded Oriole,36ft,3.0,6.0,3.0,1.6500000000000008,0.5500000000000003,True,Hooded Oriole,0.1373,Western Tanager,0.0105,Brewer's Blackbird,0.0049,True,1.0,0.1373,True,True,True
E4_week_and_location,Hooded_Oriole_36ft.wav,Birdsongs Recordings\36ft\Hooded_Oriole_36ft.wav,Hooded Oriole,Hooded Oriole,36ft,6.0,9.0,3.0,2.4000000000000004,0.8000000000000002,True,Hooded Oriole,0.5376,Bullock's Oriole,0.0192,Brewer's Blackbird,0.0017,True,1.0,0.5376,True,True,True
E4_week_and_location,Hooded_Oriole_36ft.wav,Birdsongs Recordings\36ft\Hooded_Oriole_36ft.wav,Hooded Oriole,Hooded Oriole,36ft,9.0,10.0,1.0,0.8499999999999996,0.8499999999999996,True,Western Tanager,0.7313,Hooded Oriole,0.1946,Black-headed Grosbeak,0.0083,True,2.0,0.1946,False,True,True
E4_week_and_location,House_Finch_36ft.wav,Birdsongs Recordings\36ft\House_Finch_36ft.wav,House Finch,House Finch,36ft,0.0,3.0,3.0,2.55,0.85,True,House Finch,0.7507,Purple Finch,0.1382,Northern Mockingbird,0.0026,True,1.0,0.7507,True,True,True
E4_week_and_location,House_Finch_36ft.wav,Birdsongs Recordings\36ft\House_Finch_36ft.wav,House Finch,House Finch,36ft,3.0,6.0,3.0,0.6999999999999997,0.23333333333333325,True,Blue Grosbeak,0.118,House Finch,0.0718,Purple Finch,0.028,True,2.0,0.0718,False,True,True
E4_week_and_location,House_Finch_36ft.wav,Birdsongs Recordings\36ft\House_Finch_36ft.wav,House Finch,House Finch,36ft,6.0,9.0,3.0,2.0,0.6666666666666666,True,House Finch,0.6315,Purple Finch,0.0781,Blue Grosbeak,0.0012,True,1.0,0.6315,True,True,True
E4_week_and_location,House_Finch_36ft.wav,Birdsongs Recordings\36ft\House_Finch_36ft.wav,House Finch,House Finch,36ft,9.0,10.0,1.0,0.0,0.0,False,Olive-sided Flycatcher,0.0014,Black-throated Gray Warbler,0.0013,Brown Creeper,0.0012,False,,0.0,False,False,False
E4_week_and_location,House_Sparrow_36ft.wav,Birdsongs Recordings\36ft\House_Sparrow_36ft.wav,House Sparrow,House Sparrow,36ft,0.0,3.0,3.0,1.7420000000000002,0.5806666666666668,True,House Sparrow,0.3316,Mourning Dove,0.0017,Purple Finch,0.0015,True,1.0,0.3316,True,True,True
E4_week_and_location,House_Sparrow_36ft.wav,Birdsongs Recordings\36ft\House_Sparrow_36ft.wav,House Sparrow,House Sparrow,36ft,3.0,6.0,3.0,1.8359999999999999,0.612,True,House Sparrow,0.5626,Eurasian Collared-Dove,0.0093,Mourning Dove,0.0037,True,1.0,0.5626,True,True,True
E4_week_and_location,House_Sparrow_36ft.wav,Birdsongs Recordings\36ft\House_Sparrow_36ft.wav,House Sparrow,House Sparrow,36ft,6.0,9.0,3.0,1.8360000000000003,0.6120000000000001,True,House Sparrow,0.4413,Mourning Dove,0.0025,White-winged Dove,0.0017,True,1.0,0.4413,True,True,True
E4_week_and_location,House_Sparrow_36ft.wav,Birdsongs Recordings\36ft\House_Sparrow_36ft.wav,House Sparrow,House Sparrow,36ft,9.0,10.0,1.0,0.6420000000000012,0.6420000000000012,True,House Sparrow,0.343,House Finch,0.0022,Eurasian Collared-Dove,0.0008,True,1.0,0.343,True,True,True
E4_week_and_location,Lesser_Goldfinch_36ft.wav,Birdsongs Recordings\36ft\Lesser_Goldfinch_36ft.wav,Lesser Goldfinch,Lesser Goldfinch,36ft,0.0,3.0,3.0,3.0,1.0,True,Lesser Goldfinch,0.3181,American Goldfinch,0.018,Purple Finch,0.0113,True,1.0,0.3181,True,True,True
E4_week_and_location,Lesser_Goldfinch_36ft.wav,Birdsongs Recordings\36ft\Lesser_Goldfinch_36ft.wav,Lesser Goldfinch,Lesser Goldfinch,36ft,3.0,6.0,3.0,2.3999999999999995,0.7999999999999998,True,American Kestrel,0.0215,Lazuli Bunting,0.0183,Black Phoebe,0.009,True,10.0,0.0018,False,False,False
E4_week_and_location,Lesser_Goldfinch_36ft.wav,Birdsongs Recordings\36ft\Lesser_Goldfinch_36ft.wav,Lesser Goldfinch,Lesser Goldfinch,36ft,6.0,9.0,3.0,3.0,1.0,True,Lesser Goldfinch,0.052,Song Sparrow,0.0092,Abert's Towhee,0.0078,True,1.0,0.052,True,True,True
E4_week_and_location,Lesser_Goldfinch_36ft.wav,Birdsongs Recordings\36ft\Lesser_Goldfinch_36ft.wav,Lesser Goldfinch,Lesser Goldfinch,36ft,9.0,10.0,1.0,0.9920000000000009,0.9920000000000009,True,American Goldfinch,0.0071,Blue-gray Gnatcatcher,0.0006,House Finch,0.0006,True,7.0,0.0002,False,False,False
E4_week_and_location,Mourning_Dove_36ft.wav,Birdsongs Recordings\36ft\Mourning_Dove_36ft.wav,Mourning Dove,Mourning Dove,36ft,0.0,3.0,3.0,1.0,0.3333333333333333,True,Mourning Dove,0.8648,White-winged Dove,0.0102,Eurasian Collared-Dove,0.0047,True,1.0,0.8648,True,True,True
E4_week_and_location,Mourning_Dove_36ft.wav,Birdsongs Recordings\36ft\Mourning_Dove_36ft.wav,Mourning Dove,Mourning Dove,36ft,3.0,6.0,3.0,2.3,0.7666666666666666,True,Mourning Dove,0.9356,Great Horned Owl,0.0072,Eurasian Collared-Dove,0.0017,True,1.0,0.9356,True,True,True
E4_week_and_location,Mourning_Dove_36ft.wav,Birdsongs Recordings\36ft\Mourning_Dove_36ft.wav,Mourning Dove,Mourning Dove,36ft,6.0,9.0,3.0,1.2999999999999998,0.4333333333333333,True,Mourning Dove,0.6696,Eurasian Collared-Dove,0.0033,Great Horned Owl,0.0013,True,1.0,0.6696,True,True,True
E4_week_and_location,Mourning_Dove_36ft.wav,Birdsongs Recordings\36ft\Mourning_Dove_36ft.wav,Mourning Dove,Mourning Dove,36ft,9.0,10.0,1.0,0.0,0.0,False,Hairy Woodpecker,0.0024,Olive-sided Flycatcher,0.0023,Red-shouldered Hawk,0.002,False,,0.0,False,False,False
E4_week_and_location,Northern_House_Wren_36ft.wav,Birdsongs Recordings\36ft\Northern_House_Wren_36ft.wav,Northern House Wren,House Wren,36ft,0.0,3.0,3.0,2.7,0.9,True,House Wren,0.8652,American Goldfinch,0.0048,Wild Turkey,0.0028,True,1.0,0.8652,True,True,True
E4_week_and_location,Northern_House_Wren_36ft.wav,Birdsongs Recordings\36ft\Northern_House_Wren_36ft.wav,Northern House Wren,House Wren,36ft,3.0,6.0,3.0,0.8000000000000003,0.2666666666666668,True,House Wren,0.0663,Marsh Wren,0.0386,Common Yellowthroat,0.0207,True,1.0,0.0663,True,True,True
E4_week_and_location,Northern_House_Wren_36ft.wav,Birdsongs Recordings\36ft\Northern_House_Wren_36ft.wav,Northern House Wren,House Wren,36ft,6.0,9.0,3.0,2.8000000000000007,0.9333333333333336,True,House Wren,0.8912,American Goldfinch,0.0039,Purple Finch,0.0022,True,1.0,0.8912,True,True,True
E4_week_and_location,Northern_House_Wren_36ft.wav,Birdsongs Recordings\36ft\Northern_House_Wren_36ft.wav,Northern House Wren,House Wren,36ft,9.0,10.0,1.0,0.0,0.0,False,Olive-sided Flycatcher,0.0019,Black-throated Gray Warbler,0.0015,Anna's Hummingbird,0.0015,True,10.0,0.001,False,False,False
E4_week_and_location,Northern_Mockingbird_36ft.wav,Birdsongs Recordings\36ft\Northern_Mockingbird_36ft.wav,Northern Mockingbird,Northern Mockingbird,36ft,0.0,3.0,3.0,1.6499999999999997,0.5499999999999999,True,Northern Mockingbird,0.0809,Spotted Towhee,0.0034,American Robin,0.0019,True,1.0,0.0809,True,True,True
E4_week_and_location,Northern_Mockingbird_36ft.wav,Birdsongs Recordings\36ft\Northern_Mockingbird_36ft.wav,Northern Mockingbird,Northern Mockingbird,36ft,3.0,6.0,3.0,1.1499999999999995,0.38333333333333314,True,American Robin,0.0321,Northern Mockingbird,0.0175,Great-tailed Grackle,0.0069,True,2.0,0.0175,False,True,True
E4_week_and_location,Northern_Mockingbird_36ft.wav,Birdsongs Recordings\36ft\Northern_Mockingbird_36ft.wav,Northern Mockingbird,Northern Mockingbird,36ft,6.0,9.0,3.0,2.13,0.71,True,Northern Mockingbird,0.0232,Wrentit,0.0023,Northern Cardinal,0.0006,True,1.0,0.0232,True,True,True
E4_week_and_location,Northern_Mockingbird_36ft.wav,Birdsongs Recordings\36ft\Northern_Mockingbird_36ft.wav,Northern Mockingbird,Northern Mockingbird,36ft,9.0,10.0,1.0,0.27999999999999936,0.27999999999999936,True,Great-tailed Grackle,0.0009,Wrentit,0.0004,Wild Turkey,0.0002,False,,0.0,False,False,False
E4_week_and_location,Northern_Yellow_Warbler_36ft.wav,Birdsongs Recordings\36ft\Northern_Yellow_Warbler_36ft.wav,Northern Yellow Warbler,Yellow Warbler,36ft,0.0,3.0,3.0,0.0,0.0,False,White-breasted Nuthatch,0.0033,Canada Goose,0.0027,Peregrine Falcon,0.002,False,,0.0,False,False,False
E4_week_and_location,Northern_Yellow_Warbler_36ft.wav,Birdsongs Recordings\36ft\Northern_Yellow_Warbler_36ft.wav,Northern Yellow Warbler,Yellow Warbler,36ft,3.0,6.0,3.0,1.3499999999999996,0.4499999999999999,True,Yellow Warbler,0.5861,Wilson's Warbler,0.0102,Willow Flycatcher,0.0053,True,1.0,0.5861,True,True,True
E4_week_and_location,Northern_Yellow_Warbler_36ft.wav,Birdsongs Recordings\36ft\Northern_Yellow_Warbler_36ft.wav,Northern Yellow Warbler,Yellow Warbler,36ft,6.0,9.0,3.0,0.09999999999999964,0.033333333333333215,False,Pacific-slope Flycatcher,0.0069,Yellow Warbler,0.0046,Chipping Sparrow,0.0028,True,2.0,0.0046,False,True,True
E4_week_and_location,Northern_Yellow_Warbler_36ft.wav,Birdsongs Recordings\36ft\Northern_Yellow_Warbler_36ft.wav,Northern Yellow Warbler,Yellow Warbler,36ft,9.0,10.0,1.0,0.0,0.0,False,Olive-sided Flycatcher,0.0026,Red-shouldered Hawk,0.0023,Black-throated Gray Warbler,0.0018,False,,0.0,False,False,False
E4_week_and_location,Oak_Titmouse_36ft.wav,Birdsongs Recordings\36ft\Oak_Titmouse_36ft.wav,Oak Titmouse,Oak Titmouse,36ft,0.0,3.0,3.0,1.3,0.43333333333333335,True,Oak Titmouse,0.1174,Rock Wren,0.0008,Rufous Hummingbird,0.0007,True,1.0,0.1174,True,True,True
E4_week_and_location,Oak_Titmouse_36ft.wav,Birdsongs Recordings\36ft\Oak_Titmouse_36ft.wav,Oak Titmouse,Oak Titmouse,36ft,3.0,6.0,3.0,1.0000000000000004,0.3333333333333335,True,Oak Titmouse,0.9944,Spotted Towhee,0.006,Dark-eyed Junco,0.0037,True,1.0,0.9944,True,True,True
E4_week_and_location,Oak_Titmouse_36ft.wav,Birdsongs Recordings\36ft\Oak_Titmouse_36ft.wav,Oak Titmouse,Oak Titmouse,36ft,6.0,9.0,3.0,1.4499999999999993,0.4833333333333331,True,Oak Titmouse,0.9369,Rock Wren,0.018,Dark-eyed Junco,0.0057,True,1.0,0.9369,True,True,True
E4_week_and_location,Oak_Titmouse_36ft.wav,Birdsongs Recordings\36ft\Oak_Titmouse_36ft.wav,Oak Titmouse,Oak Titmouse,36ft,9.0,10.0,1.0,0.9000000000000004,0.9000000000000004,True,Oak Titmouse,0.9975,Hutton's Vireo,0.0074,Spotted Towhee,0.005,True,1.0,0.9975,True,True,True
E4_week_and_location,Rock_Pigeon_36ft.wav,Birdsongs Recordings\36ft\Rock_Pigeon_36ft.wav,Rock Pigeon,Rock Pigeon,36ft,0.0,3.0,3.0,1.5499999999999998,0.5166666666666666,True,Rock Pigeon,0.9251,Band-tailed Pigeon,0.0009,Great Horned Owl,0.0007,True,1.0,0.9251,True,True,True
E4_week_and_location,Rock_Pigeon_36ft.wav,Birdsongs Recordings\36ft\Rock_Pigeon_36ft.wav,Rock Pigeon,Rock Pigeon,36ft,3.0,6.0,3.0,1.0499999999999998,0.3499999999999999,True,Rock Pigeon,0.9825,Rufous Hummingbird,0.1499,Band-tailed Pigeon,0.0056,True,1.0,0.9825,True,True,True
E4_week_and_location,Rock_Pigeon_36ft.wav,Birdsongs Recordings\36ft\Rock_Pigeon_36ft.wav,Rock Pigeon,Rock Pigeon,36ft,6.0,9.0,3.0,1.0999999999999996,0.36666666666666653,True,Rock Pigeon,0.9816,Band-tailed Pigeon,0.0051,Great Horned Owl,0.0012,True,1.0,0.9816,True,True,True
E4_week_and_location,Rock_Pigeon_36ft.wav,Birdsongs Recordings\36ft\Rock_Pigeon_36ft.wav,Rock Pigeon,Rock Pigeon,36ft,9.0,10.0,1.0,0.0,0.0,False,Wrentit,0.0046,Northern Cardinal,0.0024,Canyon Wren,0.0014,False,,0.0,False,False,False
E4_week_and_location,Song_Sparrow_36ft.wav,Birdsongs Recordings\36ft\Song_Sparrow_36ft.wav,Song Sparrow,Song Sparrow,36ft,0.0,3.0,3.0,0.0,0.0,False,Canada Goose,0.0087,White-breasted Nuthatch,0.0085,Northern Cardinal,0.0081,True,4.0,0.0036,False,False,True
E4_week_and_location,Song_Sparrow_36ft.wav,Birdsongs Recordings\36ft\Song_Sparrow_36ft.wav,Song Sparrow,Song Sparrow,36ft,3.0,6.0,3.0,2.6500000000000004,0.8833333333333334,True,Song Sparrow,0.6727,Common Yellowthroat,0.004,Yellow Warbler,0.0037,True,1.0,0.6727,True,True,True
E4_week_and_location,Song_Sparrow_36ft.wav,Birdsongs Recordings\36ft\Song_Sparrow_36ft.wav,Song Sparrow,Song Sparrow,36ft,6.0,9.0,3.0,0.0,0.0,False,Northern Cardinal,0.02,Northern Mockingbird,0.0128,White-breasted Nuthatch,0.0109,True,5.0,0.0044,False,False,True
E4_week_and_location,Song_Sparrow_36ft.wav,Birdsongs Recordings\36ft\Song_Sparrow_36ft.wav,Song Sparrow,Song Sparrow,36ft,9.0,10.0,1.0,0.0,0.0,False,Red-shouldered Hawk,0.0021,Wild Turkey,0.0019,Olive-sided Flycatcher,0.0017,False,,0.0,False,False,False
E4_week_and_location,Spotted_Towhee_36ft.wav,Birdsongs Recordings\36ft\Spotted_Towhee_36ft.wav,Spotted Towhee,Spotted Towhee,36ft,0.0,3.0,3.0,1.3,0.43333333333333335,True,Spotted Towhee,0.8397,Orange-crowned Warbler,0.0041,Lazuli Bunting,0.0037,True,1.0,0.8397,True,True,True
E4_week_and_location,Spotted_Towhee_36ft.wav,Birdsongs Recordings\36ft\Spotted_Towhee_36ft.wav,Spotted Towhee,Spotted Towhee,36ft,3.0,6.0,3.0,0.0,0.0,False,Allen's Hummingbird,0.0305,Rufous Hummingbird,0.0267,Song Sparrow,0.0122,False,,0.0,False,False,False
E4_week_and_location,Spotted_Towhee_36ft.wav,Birdsongs Recordings\36ft\Spotted_Towhee_36ft.wav,Spotted Towhee,Spotted Towhee,36ft,6.0,9.0,3.0,1.3500000000000005,0.4500000000000002,True,Spotted Towhee,0.8063,Dark-eyed Junco,0.0037,Mountain Quail,0.0018,True,1.0,0.8063,True,True,True
E4_week_and_location,Spotted_Towhee_36ft.wav,Birdsongs Recordings\36ft\Spotted_Towhee_36ft.wav,Spotted Towhee,Spotted Towhee,36ft,9.0,10.0,1.0,0.0,0.0,False,Olive-sided Flycatcher,0.0014,Red-shouldered Hawk,0.0012,Black-throated Gray Warbler,0.0009,False,,0.0,False,False,False
E4_week_and_location,American_Robin_48ft.wav,Birdsongs Recordings\48ft\American_Robin_48ft.wav,American Robin,American Robin,48ft,0.0,3.0,3.0,2.45,0.8166666666666668,True,Great Horned Owl,0.0039,American Coot,0.0013,Peregrine Falcon,0.0008,False,,0.0,False,False,False
E4_week_and_location,American_Robin_48ft.wav,Birdsongs Recordings\48ft\American_Robin_48ft.wav,American Robin,American Robin,48ft,3.0,6.0,3.0,1.9000000000000004,0.6333333333333334,True,American Robin,0.2161,Black-headed Grosbeak,0.0115,Black-throated Gray Warbler,0.0026,True,1.0,0.2161,True,True,True
E4_week_and_location,American_Robin_48ft.wav,Birdsongs Recordings\48ft\American_Robin_48ft.wav,American Robin,American Robin,48ft,6.0,9.0,3.0,1.4000000000000004,0.4666666666666668,True,American Robin,0.0789,Western Tanager,0.0302,Rock Pigeon,0.0285,True,1.0,0.0789,True,True,True
E4_week_and_location,American_Robin_48ft.wav,Birdsongs Recordings\48ft\American_Robin_48ft.wav,American Robin,American Robin,48ft,9.0,10.0,1.0,1.0,1.0,True,House Finch,0.0022,Olive-sided Flycatcher,0.0019,Black-throated Gray Warbler,0.0014,False,,0.0,False,False,False
E4_week_and_location,Anna_s_Hummingbird_48ft.wav,Birdsongs Recordings\48ft\Anna_s_Hummingbird_48ft.wav,Anna's Hummingbird,Anna's Hummingbird,48ft,0.0,3.0,3.0,1.5,0.5,True,Anna's Hummingbird,0.9313,Oak Titmouse,0.0075,Black-crowned Night-Heron,0.0023,True,1.0,0.9313,True,True,True
E4_week_and_location,Anna_s_Hummingbird_48ft.wav,Birdsongs Recordings\48ft\Anna_s_Hummingbird_48ft.wav,Anna's Hummingbird,Anna's Hummingbird,48ft,3.0,6.0,3.0,3.0,1.0,True,Anna's Hummingbird,0.9961,Costa's Hummingbird,0.0057,Chestnut-backed Chickadee,0.0053,True,1.0,0.9961,True,True,True
E4_week_and_location,Anna_s_Hummingbird_48ft.wav,Birdsongs Recordings\48ft\Anna_s_Hummingbird_48ft.wav,Anna's Hummingbird,Anna's Hummingbird,48ft,6.0,9.0,3.0,3.0,1.0,True,Anna's Hummingbird,0.9937,Costa's Hummingbird,0.0104,Allen's Hummingbird,0.0035,True,1.0,0.9937,True,True,True
E4_week_and_location,Anna_s_Hummingbird_48ft.wav,Birdsongs Recordings\48ft\Anna_s_Hummingbird_48ft.wav,Anna's Hummingbird,Anna's Hummingbird,48ft,9.0,10.0,1.0,0.6999999999999993,0.6999999999999993,True,Red-shouldered Hawk,0.0054,Ring-billed Gull,0.0035,Black-crowned Night-Heron,0.0025,True,8.0,0.0015,False,False,False
E4_week_and_location,Barn_Swallow_48ft.wav,Birdsongs Recordings\48ft\Barn_Swallow_48ft.wav,Barn Swallow,Barn Swallow,48ft,0.0,3.0,3.0,2.7,0.9,True,Bell's Vireo,0.1415,Common Yellowthroat,0.0281,Red-breasted Nuthatch,0.0167,True,6.0,0.0128,False,False,False
E4_week_and_location,Barn_Swallow_48ft.wav,Birdsongs Recordings\48ft\Barn_Swallow_48ft.wav,Barn Swallow,Barn Swallow,48ft,3.0,6.0,3.0,3.0,1.0,True,Barn Swallow,0.8637,White-throated Swift,0.0225,Western Kingbird,0.0188,True,1.0,0.8637,True,True,True
E4_week_and_location,Barn_Swallow_48ft.wav,Birdsongs Recordings\48ft\Barn_Swallow_48ft.wav,Barn Swallow,Barn Swallow,48ft,6.0,9.0,3.0,3.0,1.0,True,Barn Swallow,0.1961,House Finch,0.0922,Cliff Swallow,0.0265,True,1.0,0.1961,True,True,True
E4_week_and_location,Barn_Swallow_48ft.wav,Birdsongs Recordings\48ft\Barn_Swallow_48ft.wav,Barn Swallow,Barn Swallow,48ft,9.0,10.0,1.0,0.1999999999999993,0.1999999999999993,False,Barn Swallow,0.1149,House Finch,0.0337,Warbling Vireo,0.0105,True,1.0,0.1149,True,True,True
E4_week_and_location,Bewick_s_Wren_48ft.wav,Birdsongs Recordings\48ft\Bewick_s_Wren_48ft.wav,Bewick's Wren,Bewick's Wren,48ft,0.0,3.0,3.0,2.4,0.7999999999999999,True,Bewick's Wren,0.1707,Orange-crowned Warbler,0.0154,Black-throated Sparrow,0.0149,True,1.0,0.1707,True,True,True
E4_week_and_location,Bewick_s_Wren_48ft.wav,Birdsongs Recordings\48ft\Bewick_s_Wren_48ft.wav,Bewick's Wren,Bewick's Wren,48ft,3.0,6.0,3.0,0.0,0.0,False,Dark-eyed Junco,0.0552,Bewick's Wren,0.0362,Orange-crowned Warbler,0.0209,True,2.0,0.0362,False,True,True
E4_week_and_location,Bewick_s_Wren_48ft.wav,Birdsongs Recordings\48ft\Bewick_s_Wren_48ft.wav,Bewick's Wren,Bewick's Wren,48ft,6.0,9.0,3.0,0.0,0.0,False,Peregrine Falcon,0.0187,Black-crowned Night-Heron,0.01,American Coot,0.0029,False,,0.0,False,False,False
E4_week_and_location,Bewick_s_Wren_48ft.wav,Birdsongs Recordings\48ft\Bewick_s_Wren_48ft.wav,Bewick's Wren,Bewick's Wren,48ft,9.0,10.0,1.0,0.0,0.0,False,Common Tern,0.0011,Great Egret,0.0011,Black-crowned Night-Heron,0.001,False,,0.0,False,False,False
E4_week_and_location,Black_Phoebe_48ft.wav,Birdsongs Recordings\48ft\Black_Phoebe_48ft.wav,Black Phoebe,Black Phoebe,48ft,0.0,3.0,3.0,0.7500000000000002,0.25000000000000006,True,Black Phoebe,0.7884,Wild Turkey,0.0054,Western Kingbird,0.0041,True,1.0,0.7884,True,True,True
E4_week_and_location,Black_Phoebe_48ft.wav,Birdsongs Recordings\48ft\Black_Phoebe_48ft.wav,Black Phoebe,Black Phoebe,48ft,3.0,6.0,3.0,0.8999999999999999,0.3,True,Black Phoebe,0.2923,Pacific-slope Flycatcher,0.0116,Vermilion Flycatcher,0.0075,True,1.0,0.2923,True,True,True
E4_week_and_location,Black_Phoebe_48ft.wav,Birdsongs Recordings\48ft\Black_Phoebe_48ft.wav,Black Phoebe,Black Phoebe,48ft,6.0,9.0,3.0,0.7999999999999989,0.26666666666666633,True,Black Phoebe,0.932,Pacific-slope Flycatcher,0.0166,Cooper's Hawk,0.0058,True,1.0,0.932,True,True,True
E4_week_and_location,Black_Phoebe_48ft.wav,Birdsongs Recordings\48ft\Black_Phoebe_48ft.wav,Black Phoebe,Black Phoebe,48ft,9.0,10.0,1.0,0.40000000000000036,0.40000000000000036,True,Peregrine Falcon,0.0013,Red-shouldered Hawk,0.0013,Downy Woodpecker,0.0012,False,,0.0,False,False,False
E4_week_and_location,California_Towhee_48ft.wav,Birdsongs Recordings\48ft\California_Towhee_48ft.wav,California Towhee,California Towhee,48ft,0.0,3.0,3.0,1.35,0.45,True,California Towhee,0.6311,Peregrine Falcon,0.0071,Orange-crowned Warbler,0.005,True,1.0,0.6311,True,True,True
E4_week_and_location,California_Towhee_48ft.wav,Birdsongs Recordings\48ft\California_Towhee_48ft.wav,California Towhee,California Towhee,48ft,3.0,6.0,3.0,0.0,0.0,False,California Towhee,0.7945,Oak Titmouse,0.0582,Orange-crowned Warbler,0.0541,True,1.0,0.7945,True,True,True
E4_week_and_location,California_Towhee_48ft.wav,Birdsongs Recordings\48ft\California_Towhee_48ft.wav,California Towhee,California Towhee,48ft,6.0,9.0,3.0,1.4499999999999993,0.4833333333333331,True,California Towhee,0.3482,Wrentit,0.0046,Cooper's Hawk,0.0035,True,1.0,0.3482,True,True,True
E4_week_and_location,California_Towhee_48ft.wav,Birdsongs Recordings\48ft\California_Towhee_48ft.wav,California Towhee,California Towhee,48ft,9.0,10.0,1.0,0.0,0.0,False,California Towhee,0.8076,Black-tailed Gnatcatcher,0.013,Abert's Towhee,0.0075,True,1.0,0.8076,True,True,True
E4_week_and_location,Dark_eyed_Junco_48ft.wav,Birdsongs Recordings\48ft\Dark_eyed_Junco_48ft.wav,Dark-eyed Junco,Dark-eyed Junco,48ft,0.0,3.0,3.0,1.7500000000000002,0.5833333333333334,True,Dark-eyed Junco,0.5123,Chipping Sparrow,0.0139,Yellow-rumped Warbler,0.0068,True,1.0,0.5123,True,True,True
E4_week_and_location,Dark_eyed_Junco_48ft.wav,Birdsongs Recordings\48ft\Dark_eyed_Junco_48ft.wav,Dark-eyed Junco,Dark-eyed Junco,48ft,3.0,6.0,3.0,0.0,0.0,False,Dark-eyed Junco,0.3092,Yellow-rumped Warbler,0.048,Spotted Towhee,0.0229,True,1.0,0.3092,True,True,True
E4_week_and_location,Dark_eyed_Junco_48ft.wav,Birdsongs Recordings\48ft\Dark_eyed_Junco_48ft.wav,Dark-eyed Junco,Dark-eyed Junco,48ft,6.0,9.0,3.0,1.8500000000000005,0.6166666666666668,True,Dark-eyed Junco,0.5911,Chipping Sparrow,0.0294,Yellow-rumped Warbler,0.0112,True,1.0,0.5911,True,True,True
E4_week_and_location,Dark_eyed_Junco_48ft.wav,Birdsongs Recordings\48ft\Dark_eyed_Junco_48ft.wav,Dark-eyed Junco,Dark-eyed Junco,48ft,9.0,10.0,1.0,0.0,0.0,False,Yellow-rumped Warbler,0.0441,Dark-eyed Junco,0.0332,Black-throated Gray Warbler,0.0197,True,2.0,0.0332,False,True,True
E4_week_and_location,European_Starling_48ft.wav,Birdsongs Recordings\48ft\European_Starling_48ft.wav,European Starling,European Starling,48ft,0.0,3.0,3.0,2.6,0.8666666666666667,True,American Robin,0.08,Pacific-slope Flycatcher,0.0153,Purple Finch,0.013,False,,0.0,False,False,False
E4_week_and_location,European_Starling_48ft.wav,Birdsongs Recordings\48ft\European_Starling_48ft.wav,European Starling,European Starling,48ft,3.0,6.0,3.0,3.0,1.0,True,Pacific-slope Flycatcher,0.0444,European Starling,0.0338,Brown Creeper,0.0129,True,2.0,0.0338,False,True,True
E4_week_and_location,European_Starling_48ft.wav,Birdsongs Recordings\48ft\European_Starling_48ft.wav,European Starling,European Starling,48ft,6.0,9.0,3.0,3.0,1.0,True,European Starling,0.0044,Mallard,0.0021,Northern Cardinal,0.0021,True,1.0,0.0044,True,True,True
E4_week_and_location,European_Starling_48ft.wav,Birdsongs Recordings\48ft\European_Starling_48ft.wav,European Starling,European Starling,48ft,9.0,10.0,1.0,1.0,1.0,True,Great Horned Owl,0.0012,American Kestrel,0.0011,Wild Turkey,0.0011,False,,0.0,False,False,False
E4_week_and_location,Hooded_Oriole_48ft.wav,Birdsongs Recordings\48ft\Hooded_Oriole_48ft.wav,Hooded Oriole,Hooded Oriole,48ft,0.0,3.0,3.0,1.35,0.45,True,Western Tanager,0.0236,Hooded Oriole,0.01,House Wren,0.0038,True,2.0,0.01,False,True,True
E4_week_and_location,Hooded_Oriole_48ft.wav,Birdsongs Recordings\48ft\Hooded_Oriole_48ft.wav,Hooded Oriole,Hooded Oriole,48ft,3.0,6.0,3.0,1.6500000000000008,0.5500000000000003,True,Hooded Oriole,0.3573,Common Yellowthroat,0.0071,American Goldfinch,0.0049,True,1.0,0.3573,True,True,True
E4_week_and_location,Hooded_Oriole_48ft.wav,Birdsongs Recordings\48ft\Hooded_Oriole_48ft.wav,Hooded Oriole,Hooded Oriole,48ft,6.0,9.0,3.0,2.4000000000000004,0.8000000000000002,True,Western Tanager,0.6585,Oak Titmouse,0.0116,Red-breasted Nuthatch,0.0065,True,7.0,0.0029,False,False,False
E4_week_and_location,Hooded_Oriole_48ft.wav,Birdsongs Recordings\48ft\Hooded_Oriole_48ft.wav,Hooded Oriole,Hooded Oriole,48ft,9.0,10.0,1.0,0.8499999999999996,0.8499999999999996,True,House Finch,0.0028,Anna's Hummingbird,0.0019,Red-shouldered Hawk,0.0018,False,,0.0,False,False,False
E4_week_and_location,House_Finch_48ft.wav,Birdsongs Recordings\48ft\House_Finch_48ft.wav,House Finch,House Finch,48ft,0.0,3.0,3.0,2.55,0.85,True,House Finch,0.9922,Purple Finch,0.0135,Say's Phoebe,0.005,True,1.0,0.9922,True,True,True
E4_week_and_location,House_Finch_48ft.wav,Birdsongs Recordings\48ft\House_Finch_48ft.wav,House Finch,House Finch,48ft,3.0,6.0,3.0,0.6999999999999997,0.23333333333333325,True,Blue Grosbeak,0.1382,House Finch,0.0438,Purple Finch,0.0059,True,2.0,0.0438,False,True,True
E4_week_and_location,House_Finch_48ft.wav,Birdsongs Recordings\48ft\House_Finch_48ft.wav,House Finch,House Finch,48ft,6.0,9.0,3.0,2.0,0.6666666666666666,True,House Finch,0.3692,Purple Finch,0.0277,Blue Grosbeak,0.0243,True,1.0,0.3692,True,True,True
E4_week_and_location,House_Finch_48ft.wav,Birdsongs Recordings\48ft\House_Finch_48ft.wav,House Finch,House Finch,48ft,9.0,10.0,1.0,0.0,0.0,False,Great Horned Owl,0.0033,Anna's Hummingbird,0.0033,Red-shouldered Hawk,0.0033,False,,0.0,False,False,False
E4_week_and_location,House_Sparrow_48ft.wav,Birdsongs Recordings\48ft\House_Sparrow_48ft.wav,House Sparrow,House Sparrow,48ft,0.0,3.0,3.0,1.7420000000000002,0.5806666666666668,True,House Sparrow,0.558,White-winged Dove,0.0135,Black Phoebe,0.0131,True,1.0,0.558,True,True,True
E4_week_and_location,House_Sparrow_48ft.wav,Birdsongs Recordings\48ft\House_Sparrow_48ft.wav,House Sparrow,House Sparrow,48ft,3.0,6.0,3.0,1.8359999999999999,0.612,True,House Sparrow,0.4094,White-winged Dove,0.011,Rock Pigeon,0.0088,True,1.0,0.4094,True,True,True
E4_week_and_location,House_Sparrow_48ft.wav,Birdsongs Recordings\48ft\House_Sparrow_48ft.wav,House Sparrow,House Sparrow,48ft,6.0,9.0,3.0,1.8360000000000003,0.6120000000000001,True,House Sparrow,0.5323,Rock Pigeon,0.0067,American Robin,0.0054,True,1.0,0.5323,True,True,True
E4_week_and_location,House_Sparrow_48ft.wav,Birdsongs Recordings\48ft\House_Sparrow_48ft.wav,House Sparrow,House Sparrow,48ft,9.0,10.0,1.0,0.6420000000000012,0.6420000000000012,True,Red-shouldered Hawk,0.0024,Rock Pigeon,0.0024,House Finch,0.0021,False,,0.0,False,False,False
E4_week_and_location,Lesser_Goldfinch_48ft.wav,Birdsongs Recordings\48ft\Lesser_Goldfinch_48ft.wav,Lesser Goldfinch,Lesser Goldfinch,48ft,0.0,3.0,3.0,3.0,1.0,True,Lesser Goldfinch,0.454,American Goldfinch,0.0653,House Wren,0.0414,True,1.0,0.454,True,True,True
E4_week_and_location,Lesser_Goldfinch_48ft.wav,Birdsongs Recordings\48ft\Lesser_Goldfinch_48ft.wav,Lesser Goldfinch,Lesser Goldfinch,48ft,3.0,6.0,3.0,2.3999999999999995,0.7999999999999998,True,Abert's Towhee,0.1121,American Kestrel,0.033,Pygmy Nuthatch,0.0055,True,6.0,0.0027,False,False,False
E4_week_and_location,Lesser_Goldfinch_48ft.wav,Birdsongs Recordings\48ft\Lesser_Goldfinch_48ft.wav,Lesser Goldfinch,Lesser Goldfinch,48ft,6.0,9.0,3.0,3.0,1.0,True,Lesser Goldfinch,0.8851,American Goldfinch,0.0804,Black Phoebe,0.0393,True,1.0,0.8851,True,True,True
E4_week_and_location,Lesser_Goldfinch_48ft.wav,Birdsongs Recordings\48ft\Lesser_Goldfinch_48ft.wav,Lesser Goldfinch,Lesser Goldfinch,48ft,9.0,10.0,1.0,0.9920000000000009,0.9920000000000009,True,American Goldfinch,0.0479,Hutton's Vireo,0.0029,Pine Siskin,0.0023,True,8.0,0.0005,False,False,False
E4_week_and_location,Mourning_Dove_48ft.wav,Birdsongs Recordings\48ft\Mourning_Dove_48ft.wav,Mourning Dove,Mourning Dove,48ft,0.0,3.0,3.0,1.0,0.3333333333333333,True,Mourning Dove,0.1729,Eurasian Collared-Dove,0.018,White-winged Dove,0.0099,True,1.0,0.1729,True,True,True
E4_week_and_location,Mourning_Dove_48ft.wav,Birdsongs Recordings\48ft\Mourning_Dove_48ft.wav,Mourning Dove,Mourning Dove,48ft,3.0,6.0,3.0,2.3,0.7666666666666666,True,Mourning Dove,0.9537,White-winged Dove,0.0035,Northern Cardinal,0.0013,True,1.0,0.9537,True,True,True
E4_week_and_location,Mourning_Dove_48ft.wav,Birdsongs Recordings\48ft\Mourning_Dove_48ft.wav,Mourning Dove,Mourning Dove,48ft,6.0,9.0,3.0,1.2999999999999998,0.4333333333333333,True,Mourning Dove,0.4307,Northern Cardinal,0.0026,Greater Roadrunner,0.0015,True,1.0,0.4307,True,True,True
E4_week_and_location,Mourning_Dove_48ft.wav,Birdsongs Recordings\48ft\Mourning_Dove_48ft.wav,Mourning Dove,Mourning Dove,48ft,9.0,10.0,1.0,0.0,0.0,False,Rock Pigeon,0.0029,Olive-sided Flycatcher,0.0021,Anna's Hummingbird,0.002,False,,0.0,False,False,False
E4_week_and_location,Northern_House_Wren_48ft.wav,Birdsongs Recordings\48ft\Northern_House_Wren_48ft.wav,Northern House Wren,House Wren,48ft,0.0,3.0,3.0,2.7,0.9,True,House Finch,0.006,Bell's Vireo,0.0053,House Wren,0.0048,True,3.0,0.0048,False,True,True
E4_week_and_location,Northern_House_Wren_48ft.wav,Birdsongs Recordings\48ft\Northern_House_Wren_48ft.wav,Northern House Wren,House Wren,48ft,3.0,6.0,3.0,0.8000000000000003,0.2666666666666668,True,House Wren,0.9277,American Goldfinch,0.0126,Brown Creeper,0.006,True,1.0,0.9277,True,True,True
E4_week_and_location,Northern_House_Wren_48ft.wav,Birdsongs Recordings\48ft\Northern_House_Wren_48ft.wav,Northern House Wren,House Wren,48ft,6.0,9.0,3.0,2.8000000000000007,0.9333333333333336,True,Barn Owl,0.0053,Peregrine Falcon,0.0041,Rock Pigeon,0.003,False,,0.0,False,False,False
E4_week_and_location,Northern_House_Wren_48ft.wav,Birdsongs Recordings\48ft\Northern_House_Wren_48ft.wav,Northern House Wren,House Wren,48ft,9.0,10.0,1.0,0.0,0.0,False,Cooper's Hawk,0.0053,Anna's Hummingbird,0.0047,Red-shouldered Hawk,0.0036,False,,0.0,False,False,False
E4_week_and_location,Northern_Mockingbird_48ft.wav,Birdsongs Recordings\48ft\Northern_Mockingbird_48ft.wav,Northern Mockingbird,Northern Mockingbird,48ft,0.0,3.0,3.0,1.6499999999999997,0.5499999999999999,True,Northern Mockingbird,0.2162,Purple Finch,0.006,Bewick's Wren,0.0047,True,1.0,0.2162,True,True,True
E4_week_and_location,Northern_Mockingbird_48ft.wav,Birdsongs Recordings\48ft\Northern_Mockingbird_48ft.wav,Northern Mockingbird,Northern Mockingbird,48ft,3.0,6.0,3.0,1.1499999999999995,0.38333333333333314,True,Northern Mockingbird,0.0249,Great-tailed Grackle,0.0238,American Robin,0.02,True,1.0,0.0249,True,True,True
E4_week_and_location,Northern_Mockingbird_48ft.wav,Birdsongs Recordings\48ft\Northern_Mockingbird_48ft.wav,Northern Mockingbird,Northern Mockingbird,48ft,6.0,9.0,3.0,2.13,0.71,True,Northern Mockingbird,0.1677,American Robin,0.0149,Rock Wren,0.0086,True,1.0,0.1677,True,True,True
E4_week_and_location,Northern_Mockingbird_48ft.wav,Birdsongs Recordings\48ft\Northern_Mockingbird_48ft.wav,Northern Mockingbird,Northern Mockingbird,48ft,9.0,10.0,1.0,0.27999999999999936,0.27999999999999936,True,Wrentit,0.0074,Great-tailed Grackle,0.0015,Wild Turkey,0.0004,False,,0.0,False,False,False
E4_week_and_location,Northern_Yellow_Warbler_48ft.wav,Birdsongs Recordings\48ft\Northern_Yellow_Warbler_48ft.wav,Northern Yellow Warbler,Yellow Warbler,48ft,0.0,3.0,3.0,0.0,0.0,False,Mallard,0.0068,Barn Owl,0.0018,Peregrine Falcon,0.0013,False,,0.0,False,False,False
E4_week_and_location,Northern_Yellow_Warbler_48ft.wav,Birdsongs Recordings\48ft\Northern_Yellow_Warbler_48ft.wav,Northern Yellow Warbler,Yellow Warbler,48ft,3.0,6.0,3.0,1.3499999999999996,0.4499999999999999,True,Yellow Warbler,0.5094,Willow Flycatcher,0.0074,Wilson's Warbler,0.0058,True,1.0,0.5094,True,True,True
E4_week_and_location,Northern_Yellow_Warbler_48ft.wav,Birdsongs Recordings\48ft\Northern_Yellow_Warbler_48ft.wav,Northern Yellow Warbler,Yellow Warbler,48ft,6.0,9.0,3.0,0.09999999999999964,0.033333333333333215,False,Mallard,0.0093,Barn Owl,0.0031,Great Horned Owl,0.0028,False,,0.0,False,False,False
E4_week_and_location,Northern_Yellow_Warbler_48ft.wav,Birdsongs Recordings\48ft\Northern_Yellow_Warbler_48ft.wav,Northern Yellow Warbler,Yellow Warbler,48ft,9.0,10.0,1.0,0.0,0.0,False,Anna's Hummingbird,0.0021,Rock Pigeon,0.0011,Wild Turkey,0.001,False,,0.0,False,False,False
E4_week_and_location,Oak_Titmouse_48ft.wav,Birdsongs Recordings\48ft\Oak_Titmouse_48ft.wav,Oak Titmouse,Oak Titmouse,48ft,0.0,3.0,3.0,1.3,0.43333333333333335,True,Oak Titmouse,0.0966,Rock Wren,0.0027,Bewick's Wren,0.0011,True,1.0,0.0966,True,True,True
E4_week_and_location,Oak_Titmouse_48ft.wav,Birdsongs Recordings\48ft\Oak_Titmouse_48ft.wav,Oak Titmouse,Oak Titmouse,48ft,3.0,6.0,3.0,1.0000000000000004,0.3333333333333335,True,Oak Titmouse,0.9687,Spotted Towhee,0.0127,Bewick's Wren,0.0051,True,1.0,0.9687,True,True,True
E4_week_and_location,Oak_Titmouse_48ft.wav,Birdsongs Recordings\48ft\Oak_Titmouse_48ft.wav,Oak Titmouse,Oak Titmouse,48ft,6.0,9.0,3.0,1.4499999999999993,0.4833333333333331,True,Oak Titmouse,0.1784,Mourning Dove,0.0805,Northern Cardinal,0.0129,True,1.0,0.1784,True,True,True
E4_week_and_location,Oak_Titmouse_48ft.wav,Birdsongs Recordings\48ft\Oak_Titmouse_48ft.wav,Oak Titmouse,Oak Titmouse,48ft,9.0,10.0,1.0,0.9000000000000004,0.9000000000000004,True,Spotted Sandpiper,0.0079,Pacific-slope Flycatcher,0.0045,House Finch,0.0023,True,6.0,0.0014,False,False,False
E4_week_and_location,Rock_Pigeon_48ft.wav,Birdsongs Recordings\48ft\Rock_Pigeon_48ft.wav,Rock Pigeon,Rock Pigeon,48ft,0.0,3.0,3.0,1.5499999999999998,0.5166666666666666,True,Rock Pigeon,0.6812,Canada Goose,0.0036,Band-tailed Pigeon,0.0029,True,1.0,0.6812,True,True,True
E4_week_and_location,Rock_Pigeon_48ft.wav,Birdsongs Recordings\48ft\Rock_Pigeon_48ft.wav,Rock Pigeon,Rock Pigeon,48ft,3.0,6.0,3.0,1.0499999999999998,0.3499999999999999,True,Great Horned Owl,0.1197,Rock Pigeon,0.024,Band-tailed Pigeon,0.0229,True,2.0,0.024,False,True,True
E4_week_and_location,Rock_Pigeon_48ft.wav,Birdsongs Recordings\48ft\Rock_Pigeon_48ft.wav,Rock Pigeon,Rock Pigeon,48ft,6.0,9.0,3.0,1.0999999999999996,0.36666666666666653,True,Great Horned Owl,0.172,Rock Pigeon,0.0502,Band-tailed Pigeon,0.0382,True,2.0,0.0502,False,True,True
E4_week_and_location,Rock_Pigeon_48ft.wav,Birdsongs Recordings\48ft\Rock_Pigeon_48ft.wav,Rock Pigeon,Rock Pigeon,48ft,9.0,10.0,1.0,0.0,0.0,False,American Crow,0.001,Northern Rough-winged Swallow,0.0009,Blue Grosbeak,0.0009,False,,0.0,False,False,False
E4_week_and_location,Song_Sparrow_48ft.wav,Birdsongs Recordings\48ft\Song_Sparrow_48ft.wav,Song Sparrow,Song Sparrow,48ft,0.0,3.0,3.0,0.0,0.0,False,Mallard,0.0106,White-breasted Nuthatch,0.0028,Barn Owl,0.0026,False,,0.0,False,False,False
E4_week_and_location,Song_Sparrow_48ft.wav,Birdsongs Recordings\48ft\Song_Sparrow_48ft.wav,Song Sparrow,Song Sparrow,48ft,3.0,6.0,3.0,2.6500000000000004,0.8833333333333334,True,Song Sparrow,0.299,Downy Woodpecker,0.0162,Willow Flycatcher,0.0139,True,1.0,0.299,True,True,True
E4_week_and_location,Song_Sparrow_48ft.wav,Birdsongs Recordings\48ft\Song_Sparrow_48ft.wav,Song Sparrow,Song Sparrow,48ft,6.0,9.0,3.0,0.0,0.0,False,House Wren,0.0238,Bewick's Wren,0.015,American Goldfinch,0.0113,True,4.0,0.0106,False,False,True
E4_week_and_location,Song_Sparrow_48ft.wav,Birdsongs Recordings\48ft\Song_Sparrow_48ft.wav,Song Sparrow,Song Sparrow,48ft,9.0,10.0,1.0,0.0,0.0,False,Great Egret,0.0009,American Kestrel,0.0008,Northern Rough-winged Swallow,0.0008,False,,0.0,False,False,False
E4_week_and_location,Spotted_Towhee_48ft.wav,Birdsongs Recordings\48ft\Spotted_Towhee_48ft.wav,Spotted Towhee,Spotted Towhee,48ft,0.0,3.0,3.0,1.3,0.43333333333333335,True,Spotted Towhee,0.0927,Black-throated Gray Warbler,0.015,Bewick's Wren,0.0067,True,1.0,0.0927,True,True,True
E4_week_and_location,Spotted_Towhee_48ft.wav,Birdsongs Recordings\48ft\Spotted_Towhee_48ft.wav,Spotted Towhee,Spotted Towhee,48ft,3.0,6.0,3.0,0.0,0.0,False,Spotted Towhee,0.1384,Rufous-crowned Sparrow,0.0051,Great Horned Owl,0.0038,True,1.0,0.1384,True,True,True
E4_week_and_location,Spotted_Towhee_48ft.wav,Birdsongs Recordings\48ft\Spotted_Towhee_48ft.wav,Spotted Towhee,Spotted Towhee,48ft,6.0,9.0,3.0,1.3500000000000005,0.4500000000000002,True,Spotted Towhee,0.0267,Black-throated Gray Warbler,0.0074,Yellow-rumped Warbler,0.0065,True,1.0,0.0267,True,True,True
E4_week_and_location,Spotted_Towhee_48ft.wav,Birdsongs Recordings\48ft\Spotted_Towhee_48ft.wav,Spotted Towhee,Spotted Towhee,48ft,9.0,10.0,1.0,0.0,0.0,False,American Kestrel,0.0015,Northern Rough-winged Swallow,0.0011,Red-tailed Hawk,0.0011,False,,0.0,False,False,False
