experiment,file,bird,expected_birdnet_species,distance,active_window_count,expected_detected_active_windows,active_window_detection_rate,mean_top1_prediction,mean_top1_confidence,mean_top2_prediction,mean_top2_confidence,mean_top3_prediction,mean_top3_confidence,mean_correct_top1,mean_correct_top3,mean_correct_top5,mean_expected_rank,max_top1_prediction,max_top1_confidence,max_top2_prediction,max_top2_confidence,max_top3_prediction,max_top3_confidence,max_correct_top1,max_correct_top3,max_correct_top5,max_expected_rank,expected_detected,expected_max_active_window_confidence,expected_mean_active_window_confidence,expected_median_active_window_confidence,window_top1_accuracy,window_top3_accuracy,window_top5_accuracy,status,error,reference_1ft_confidence,confidence_change_from_1ft,confidence_retention_from_1ft
E1_no_metadata,American_Robin_1ft.wav,American Robin,American Robin,1ft,4,4,1.0,American Robin,0.9196,Black-headed Grosbeak,0.033125,Song Thrush,0.016649999999999998,True,True,True,1,American Robin,0.9906,Black-headed Grosbeak,0.1026,Black Thrush,0.0547,True,True,True,1,True,0.9906,0.9196,0.9392499999999999,1.0,1.0,1.0,OK,,0.9196,0.0,1.0
E1_no_metadata,Annas_Hummingbird_1ft.wav,Anna's Hummingbird,Anna's Hummingbird,1ft,4,4,1.0,Anna's Hummingbird,0.94445,Grassland Yellow-Finch,0.029725,Whitehead,0.0094,True,True,True,1,Anna's Hummingbird,0.9953,Grassland Yellow-Finch,0.113,Whitehead,0.0376,True,True,True,1,True,0.9953,0.94445,0.9902500000000001,1.0,1.0,1.0,OK,,0.94445,0.0,1.0
E1_no_metadata,Barn_Swallow_1ft.wav,Barn Swallow,Barn Swallow,1ft,3,3,1.0,Barn Swallow,0.9812333333333333,Greater Angle-wing,0.025599999999999998,Cliff Swallow,0.017333333333333333,True,True,True,1,Barn Swallow,0.9841,Greater Angle-wing,0.0768,Cliff Swallow,0.052,True,True,True,1,True,0.9841,0.9812333333333334,0.981,1.0,1.0,1.0,OK,,0.9812333333333334,0.0,1.0
E1_no_metadata,Bewicks_Wren_1ft.wav,Bewick's Wren,Bewick's Wren,1ft,1,1,1.0,Bewick's Wren,0.8609,Black-throated Sparrow,0.1658,Song Sparrow,0.0579,True,True,True,1,Bewick's Wren,0.8609,Black-throated Sparrow,0.1658,Song Sparrow,0.0579,True,True,True,1,True,0.8609,0.8609,0.8609,1.0,1.0,1.0,OK,,0.8609,0.0,1.0
E1_no_metadata,Black_Phoebe_1ft.wav,Black Phoebe,Black Phoebe,1ft,4,4,1.0,Black Phoebe,0.999725,Eastern Phoebe,0.0007750000000000001,Bushtit,0.000175,True,True,True,1,Black Phoebe,0.9998,Eastern Phoebe,0.0016,Bushtit,0.0005,True,True,True,1,True,0.9998,0.9997250000000001,0.9998,1.0,1.0,1.0,OK,,0.9997250000000001,0.0,1.0
E1_no_metadata,California_Towhee_1ft.wav,California Towhee,California Towhee,1ft,2,2,1.0,California Towhee,0.9981,Abert's Towhee,0.00385,Spotted Towhee,0.00165,True,True,True,1,California Towhee,0.9986,Abert's Towhee,0.0066,Spotted Towhee,0.0019,True,True,True,1,True,0.9986,0.9981,0.9981,1.0,1.0,1.0,OK,,0.9981,0.0,1.0
E1_no_metadata,Dark_eyed_Junco_1ft.wav,Dark-eyed Junco,Dark-eyed Junco,1ft,2,2,1.0,Dark-eyed Junco,0.9764999999999999,Swamp Sparrow,0.1421,Chipping Sparrow,0.06275,True,True,True,1,Dark-eyed Junco,0.9843,Swamp Sparrow,0.2367,Chipping Sparrow,0.104,True,True,True,1,True,0.9843,0.9764999999999999,0.9764999999999999,1.0,1.0,1.0,OK,,0.9764999999999999,0.0,1.0
E1_no_metadata,European_Starling_1ft.wav,European Starling,European Starling,1ft,4,4,1.0,European Starling,0.34175,Rosy Starling,0.09745,Golden-crowned Sparrow,0.0617,True,True,True,1,European Starling,0.7345,Rosy Starling,0.3241,Golden-crowned Sparrow,0.2468,True,True,True,1,True,0.7345,0.344325,0.31625000000000003,0.75,0.75,0.75,OK,,0.344325,0.0,1.0
E1_no_metadata,Hooded_Oriole_1ft.wav,Hooded Oriole,Hooded Oriole,1ft,4,4,1.0,Hooded Oriole,0.755325,Curve-billed Thrasher,0.23695,Western Tanager,0.0856,True,True,True,1,Hooded Oriole,0.8867,Curve-billed Thrasher,0.7731,Western Tanager,0.3424,True,True,True,1,True,0.8867,0.755325,0.7302,0.75,1.0,1.0,OK,,0.755325,0.0,1.0
E1_no_metadata,House_Finch_1ft.wav,House Finch,House Finch,1ft,3,3,1.0,House Finch,0.6496333333333334,Sagebrush Sparrow,0.027866666666666665,Purple Finch,0.017233333333333333,True,True,True,1,House Finch,0.6925,Sagebrush Sparrow,0.0561,Blue Grosbeak,0.032,True,True,True,1,True,0.6925,0.6496333333333334,0.6925,1.0,1.0,1.0,OK,,0.6496333333333334,0.0,1.0
E1_no_metadata,House_Sparrow_1ft.wav,House Sparrow,House Sparrow,1ft,4,4,1.0,House Sparrow,0.5964,Italian Sparrow,0.142475,Spanish Sparrow,0.0412,True,True,True,1,House Sparrow,0.8738,Italian Sparrow,0.2218,Spanish Sparrow,0.1567,True,True,True,1,True,0.8738,0.5964,0.5105500000000001,1.0,1.0,1.0,OK,,0.5964,0.0,1.0
E1_no_metadata,Lesser_Goldfinch_1ft.wav,Lesser Goldfinch,Lesser Goldfinch,1ft,4,4,1.0,American Goldfinch,0.170175,Lesser Goldfinch,0.0554,Collared Sunbird,0.034775,False,True,True,2,American Goldfinch,0.6807,Collared Sunbird,0.1391,Pallas's Leaf Warbler,0.1162,False,False,True,4,True,0.1137,0.06257499999999999,0.06175,0.5,0.5,0.5,OK,,0.06257499999999999,0.0,1.0
E1_no_metadata,Mourning_Dove_1ft.wav,Mourning Dove,Mourning Dove,1ft,3,3,1.0,Mourning Dove,0.7801,Buff-spotted Flufftail,0.020966666666666665,White-tipped Dove,0.016266666666666665,True,True,True,1,Mourning Dove,0.9285,Buff-spotted Flufftail,0.0578,White-tipped Dove,0.0394,True,True,True,1,True,0.9285,0.7801,0.8296,1.0,1.0,1.0,OK,,0.7801,0.0,1.0
E1_no_metadata,Northern_House_Wren_1ft.wav,Northern House Wren,House Wren,1ft,3,3,1.0,House Wren,0.7593666666666667,Marsh Wren,0.04193333333333333,Rufous-crowned Sparrow,0.0268,True,True,True,1,House Wren,0.992,Marsh Wren,0.1221,Rufous-crowned Sparrow,0.0804,True,True,True,1,True,0.992,0.7593666666666667,0.9754,1.0,1.0,1.0,OK,,0.7593666666666667,0.0,1.0
E1_no_metadata,Northern_Mockingbird_1ft.wav,Northern Mockingbird,Northern Mockingbird,1ft,4,3,0.75,Northern Mockingbird,0.3121,Wrentit,0.08715,Jacky-winter,0.052175,True,True,True,1,Northern Mockingbird,0.5772,Wrentit,0.1834,Jacky-winter,0.1155,True,True,True,1,True,0.5772,0.31210000000000004,0.3356,0.75,0.75,0.75,OK,,0.31210000000000004,0.0,1.0
E1_no_metadata,Northern_Yellow_Warbler_1ft.wav,Northern Yellow Warbler,Yellow Warbler,1ft,1,1,1.0,Yellow Warbler,0.9617,American Redstart,0.0107,Willow Flycatcher,0.0077,True,True,True,1,Yellow Warbler,0.9617,American Redstart,0.0107,Willow Flycatcher,0.0077,True,True,True,1,True,0.9617,0.9617,0.9617,1.0,1.0,1.0,OK,,0.9617,0.0,1.0
E1_no_metadata,Oak_Titmouse_1ft.wav,Oak Titmouse,Oak Titmouse,1ft,4,4,1.0,Oak Titmouse,0.9103749999999999,Juniper Titmouse,0.205675,Brown Thrasher,0.044425,True,True,True,1,Oak Titmouse,0.9997,Juniper Titmouse,0.8021,Brown Thrasher,0.1683,True,True,True,1,True,0.9997,0.910375,0.99055,0.75,1.0,1.0,OK,,0.910375,0.0,1.0
E1_no_metadata,Rock_Pigeon_1ft.wav,Rock Pigeon,Rock Pigeon,1ft,3,3,1.0,Rock Pigeon,0.8856333333333334,Black Phoebe,0.060566666666666664,Engine,0.011899999999999999,True,True,True,1,Rock Pigeon,0.9875,Black Phoebe,0.1134,Engine,0.0266,True,True,True,1,True,0.9875,0.8856333333333333,0.9081,1.0,1.0,1.0,OK,,0.8856333333333333,0.0,1.0
E1_no_metadata,Song_Sparrow_1ft.wav,Song Sparrow,Song Sparrow,1ft,1,1,1.0,Song Sparrow,0.9159,Swamp Sparrow,0.0088,Virginia Rail,0.0063,True,True,True,1,Song Sparrow,0.9159,Swamp Sparrow,0.0088,Virginia Rail,0.0063,True,True,True,1,True,0.9159,0.9159,0.9159,1.0,1.0,1.0,OK,,0.9159,0.0,1.0
E1_no_metadata,Spotted_Towhee_1ft.wav,Spotted Towhee,Spotted Towhee,1ft,2,2,1.0,Spotted Towhee,0.9761,Green-tailed Towhee,0.0644,Eastern Towhee,0.01,True,True,True,1,Spotted Towhee,0.9864,Green-tailed Towhee,0.0828,Eastern Towhee,0.014,True,True,True,1,True,0.9864,0.9761,0.9761,1.0,1.0,1.0,OK,,0.9761,0.0,1.0
E1_no_metadata,American_Robin_4ft.wav,American Robin,American Robin,4ft,4,4,1.0,American Robin,0.937825,Black-headed Grosbeak,0.0483,Black Thrush,0.01295,True,True,True,1,American Robin,0.9948,Black-headed Grosbeak,0.1932,Black Thrush,0.0518,True,True,True,1,True,0.9948,0.937825,0.95505,1.0,1.0,1.0,OK,,0.9196,0.018225000000000047,1.0198183993040453
E1_no_metadata,Annas_Hummingbird_4ft.wav,Anna's Hummingbird,Anna's Hummingbird,4ft,4,4,1.0,Anna's Hummingbird,0.995975,Bananaquit,0.0014500000000000001,Rufous Hummingbird,0.001375,True,True,True,1,Anna's Hummingbird,0.9993,Rufous Hummingbird,0.0055,Bananaquit,0.005,True,True,True,1,True,0.9993,0.9959749999999999,0.9959,1.0,1.0,1.0,OK,,0.94445,0.05152499999999993,1.0545555614378739
E1_no_metadata,Barn_Swallow_4ft.wav,Barn Swallow,Barn Swallow,4ft,3,3,1.0,Barn Swallow,0.9994000000000001,Mistle Thrush,0.10213333333333334,Pacific Swallow,0.0299,True,True,True,1,Barn Swallow,0.9996,Mistle Thrush,0.3064,Pacific Swallow,0.0512,True,True,True,1,True,0.9996,0.9994000000000001,0.9995,1.0,1.0,1.0,OK,,0.9812333333333334,0.018166666666666664,1.0185141148894248
E1_no_metadata,Bewicks_Wren_4ft.wav,Bewick's Wren,Bewick's Wren,4ft,1,1,1.0,Bewick's Wren,0.7954,Black-throated Sparrow,0.0923,Song Sparrow,0.0666,True,True,True,1,Bewick's Wren,0.7954,Black-throated Sparrow,0.0923,Song Sparrow,0.0666,True,True,True,1,True,0.7954,0.7954,0.7954,1.0,1.0,1.0,OK,,0.8609,-0.0655,0.9239168312231386
E1_no_metadata,Black_Phoebe_4ft.wav,Black Phoebe,Black Phoebe,4ft,4,4,1.0,Black Phoebe,0.998875,Engine,0.0026,Corn Bunting,0.000725,True,True,True,1,Black Phoebe,0.9997,Engine,0.0089,Corn Bunting,0.0029,True,True,True,1,True,0.9997,0.998875,0.99915,1.0,1.0,1.0,OK,,0.9997250000000001,-0.0008500000000001284,0.999149766185701
E1_no_metadata,California_Towhee_4ft.wav,California Towhee,California Towhee,4ft,2,2,1.0,California Towhee,0.99595,White-throated Towhee,0.0028,Abert's Towhee,0.0015,True,True,True,1,California Towhee,0.9997,White-throated Towhee,0.0056,Abert's Towhee,0.003,True,True,True,1,True,0.9997,0.99595,0.99595,1.0,1.0,1.0,OK,,0.9981,-0.0021499999999999853,0.9978459072237251
E1_no_metadata,Dark_eyed_Junco_4ft.wav,Dark-eyed Junco,Dark-eyed Junco,4ft,2,2,1.0,Dark-eyed Junco,0.9716,Swamp Sparrow,0.08499999999999999,Chipping Sparrow,0.01985,True,True,True,1,Dark-eyed Junco,0.983,Swamp Sparrow,0.097,Chipping Sparrow,0.0205,True,True,True,1,True,0.983,0.9716,0.9716,1.0,1.0,1.0,OK,,0.9764999999999999,-0.004899999999999904,0.9949820788530467
E1_no_metadata,European_Starling_4ft.wav,European Starling,European Starling,4ft,4,4,1.0,European Starling,0.262625,Golden-crowned Sparrow,0.118225,Spotless Starling,0.091975,True,True,True,1,European Starling,0.6804,Golden-crowned Sparrow,0.4729,Black-capped Chickadee,0.2679,True,True,True,1,True,0.6804,0.2636,0.18505000000000002,0.5,0.75,0.75,OK,,0.344325,-0.08072499999999999,0.7655557975749655
E1_no_metadata,Hooded_Oriole_4ft.wav,Hooded Oriole,Hooded Oriole,4ft,4,4,1.0,Hooded Oriole,0.9285249999999999,Western Tanager,0.19455,Curve-billed Thrasher,0.181325,True,True,True,1,Hooded Oriole,0.9994,Western Tanager,0.7782,Curve-billed Thrasher,0.4941,True,True,True,1,True,0.9994,0.928525,0.95705,1.0,1.0,1.0,OK,,0.755325,0.17320000000000002,1.229305265945123
E1_no_metadata,House_Finch_4ft.wav,House Finch,House Finch,4ft,3,3,1.0,House Finch,0.8809333333333335,Purple Finch,0.0229,Townsend's Solitaire,0.012133333333333335,True,True,True,1,House Finch,0.9675,Purple Finch,0.0473,Townsend's Solitaire,0.0364,True,True,True,1,True,0.9675,0.8809333333333335,0.937,1.0,1.0,1.0,OK,,0.6496333333333334,0.23130000000000006,1.356047000872287
E1_no_metadata,House_Sparrow_4ft.wav,House Sparrow,House Sparrow,4ft,4,4,1.0,House Sparrow,0.4852,Italian Sparrow,0.039599999999999996,Jungle Myna,0.013775,True,True,True,1,House Sparrow,0.6954,Italian Sparrow,0.1109,Jungle Myna,0.0551,True,True,True,1,True,0.6954,0.4852,0.5511,1.0,1.0,1.0,OK,,0.5964,-0.11120000000000002,0.8135479543930247
E1_no_metadata,Lesser_Goldfinch_4ft.wav,Lesser Goldfinch,Lesser Goldfinch,4ft,4,4,1.0,Lesser Goldfinch,0.215775,Pallas's Leaf Warbler,0.13624999999999998,American Goldfinch,0.11532500000000001,True,True,True,1,Pallas's Leaf Warbler,0.5406,Collared Sunbird,0.4535,American Goldfinch,0.4459,False,False,True,4,True,0.4046,0.217675,0.22925,0.5,0.75,0.75,OK,,0.06257499999999999,0.15510000000000002,3.4786256492209353
E1_no_metadata,Mourning_Dove_4ft.wav,Mourning Dove,Mourning Dove,4ft,3,3,1.0,Mourning Dove,0.8314666666666666,Buff-spotted Flufftail,0.02766666666666667,White-tipped Dove,0.0271,True,True,True,1,Mourning Dove,0.9449,Buff-spotted Flufftail,0.083,White-tipped Dove,0.0681,True,True,True,1,True,0.9449,0.8314666666666666,0.8717,1.0,1.0,1.0,OK,,0.7801,0.05136666666666656,1.0658462590266204
E1_no_metadata,Northern_House_Wren_4ft.wav,Northern House Wren,House Wren,4ft,3,3,1.0,House Wren,0.8470333333333334,Marsh Wren,0.0236,Connecticut Warbler,0.022466666666666666,True,True,True,1,House Wren,0.9978,Marsh Wren,0.0693,Connecticut Warbler,0.0674,True,True,True,1,True,0.9978,0.8470333333333334,0.9954,1.0,1.0,1.0,OK,,0.7593666666666667,0.08766666666666667,1.115447083095562
E1_no_metadata,Northern_Mockingbird_4ft.wav,Northern Mockingbird,Northern Mockingbird,4ft,4,3,0.75,Northern Mockingbird,0.359625,Brown Thrasher,0.08055,Chinese Blackbird,0.06795,True,True,True,1,Northern Mockingbird,0.8118,Brown Thrasher,0.313,Chalk-browed Mockingbird,0.1514,True,True,True,1,True,0.8118,0.359625,0.31335,0.75,0.75,0.75,OK,,0.31210000000000004,0.04752499999999993,1.1522749118872153
E1_no_metadata,Northern_Yellow_Warbler_4ft.wav,Northern Yellow Warbler,Yellow Warbler,4ft,1,1,1.0,Yellow Warbler,0.9331,American Redstart,0.0306,Chestnut-sided Warbler,0.0075,True,True,True,1,Yellow Warbler,0.9331,American Redstart,0.0306,Chestnut-sided Warbler,0.0075,True,True,True,1,True,0.9331,0.9331,0.9331,1.0,1.0,1.0,OK,,0.9617,-0.02859999999999996,0.9702609961526464
E1_no_metadata,Oak_Titmouse_4ft.wav,Oak Titmouse,Oak Titmouse,4ft,4,4,1.0,Oak Titmouse,0.894675,Juniper Titmouse,0.23299999999999998,Carolina Wren,0.006175,True,True,True,1,Oak Titmouse,0.9989,Juniper Titmouse,0.9185,Carolina Wren,0.0227,True,True,True,1,True,0.9989,0.894675,0.9982,0.75,1.0,1.0,OK,,0.910375,-0.015700000000000047,0.9827543594672524
E1_no_metadata,Rock_Pigeon_4ft.wav,Rock Pigeon,Rock Pigeon,4ft,3,3,1.0,Rock Pigeon,0.9934666666666666,Tawny-browed Owl,0.007866666666666666,Least Bittern,0.0017000000000000001,True,True,True,1,Rock Pigeon,0.9948,Tawny-browed Owl,0.0149,Least Bittern,0.0051,True,True,True,1,True,0.9948,0.9934666666666666,0.9938,1.0,1.0,1.0,OK,,0.8856333333333333,0.10783333333333334,1.1217584402875531
E1_no_metadata,Song_Sparrow_4ft.wav,Song Sparrow,Song Sparrow,4ft,1,1,1.0,Song Sparrow,0.9624,Swamp Sparrow,0.0028,Bewick's Wren,0.0019,True,True,True,1,Song Sparrow,0.9624,Swamp Sparrow,0.0028,Bewick's Wren,0.0019,True,True,True,1,True,0.9624,0.9624,0.9624,1.0,1.0,1.0,OK,,0.9159,0.046499999999999986,1.050769734687193
E1_no_metadata,Spotted_Towhee_4ft.wav,Spotted Towhee,Spotted Towhee,4ft,2,2,1.0,Spotted Towhee,0.9879,Green-tailed Towhee,0.06785,Virginia's Warbler,0.0032,True,True,True,1,Spotted Towhee,0.9896,Green-tailed Towhee,0.1019,Virginia's Warbler,0.0044,True,True,True,1,True,0.9896,0.9879,0.9879,1.0,1.0,1.0,OK,,0.9761,0.011800000000000033,1.0120889253150291
E1_no_metadata,American_Robin_8ft.wav,American Robin,American Robin,8ft,4,4,1.0,American Robin,0.85685,Summer Tanager,0.05635,Black-headed Grosbeak,0.035250000000000004,True,True,True,1,American Robin,0.969,Summer Tanager,0.2135,Black-headed Grosbeak,0.1164,True,True,True,1,True,0.969,0.85685,0.866,1.0,1.0,1.0,OK,,0.9196,-0.06274999999999997,0.9317638103523271
E1_no_metadata,Annas_Hummingbird_8ft.wav,Anna's Hummingbird,Anna's Hummingbird,8ft,4,4,1.0,Anna's Hummingbird,0.9588,Grassland Yellow-Finch,0.042075,Clay-colored Sparrow,0.024475,True,True,True,1,Anna's Hummingbird,0.9986,Grassland Yellow-Finch,0.1683,Clay-colored Sparrow,0.0979,True,True,True,1,True,0.9986,0.9588000000000001,0.99285,1.0,1.0,1.0,OK,,0.94445,0.014350000000000085,1.015194028270422
E1_no_metadata,Barn_Swallow_8ft.wav,Barn Swallow,Barn Swallow,8ft,3,3,1.0,Barn Swallow,0.9903666666666666,Red-rumped Swallow,0.03503333333333333,Cliff Swallow,0.024166666666666666,True,True,True,1,Barn Swallow,0.9986,Red-rumped Swallow,0.0892,Cliff Swallow,0.0683,True,True,True,1,True,0.9986,0.9903666666666666,0.9943,1.0,1.0,1.0,OK,,0.9812333333333334,0.009133333333333216,1.0093080137242245
E1_no_metadata,Bewicks_Wren_8ft.wav,Bewick's Wren,Bewick's Wren,8ft,1,1,1.0,Bewick's Wren,0.8914,Black-throated Sparrow,0.317,Song Sparrow,0.0098,True,True,True,1,Bewick's Wren,0.8914,Black-throated Sparrow,0.317,Song Sparrow,0.0098,True,True,True,1,True,0.8914,0.8914,0.8914,1.0,1.0,1.0,OK,,0.8609,0.03049999999999997,1.0354280404228133
E1_no_metadata,Black_Phoebe_8ft.wav,Black Phoebe,Black Phoebe,8ft,4,4,1.0,Black Phoebe,0.9989,Tropical Kingbird,0.000425,Eastern Phoebe,0.000375,True,True,True,1,Black Phoebe,0.9996,Eastern Phoebe,0.001,Tropical Kingbird,0.001,True,True,True,1,True,0.9996,0.9988999999999999,0.9988999999999999,1.0,1.0,1.0,OK,,0.9997250000000001,-0.0008250000000001867,0.9991747730625921
E1_no_metadata,California_Towhee_8ft.wav,California Towhee,California Towhee,8ft,2,2,1.0,California Towhee,0.9963500000000001,Abert's Towhee,0.00105,Nuttall's Woodpecker,0.0007999999999999999,True,True,True,1,California Towhee,0.9996,Abert's Towhee,0.0021,Orange-crowned Warbler,0.0013,True,True,True,1,True,0.9996,0.9963500000000001,0.9963500000000001,1.0,1.0,1.0,OK,,0.9981,-0.0017499999999999183,0.998246668670474
E1_no_metadata,Dark_eyed_Junco_8ft.wav,Dark-eyed Junco,Dark-eyed Junco,8ft,2,2,1.0,Dark-eyed Junco,0.97185,Swamp Sparrow,0.05315,Chipping Sparrow,0.0158,True,True,True,1,Dark-eyed Junco,0.9858,Swamp Sparrow,0.0669,Chipping Sparrow,0.0211,True,True,True,1,True,0.9858,0.97185,0.97185,1.0,1.0,1.0,OK,,0.9764999999999999,-0.004649999999999932,0.9952380952380953
E1_no_metadata,European_Starling_8ft.wav,European Starling,European Starling,8ft,4,3,0.75,European Starling,0.1441,Rusty Blackbird,0.110525,Spotless Starling,0.084625,True,True,True,1,Rusty Blackbird,0.4225,European Starling,0.3068,Spotless Starling,0.2851,False,True,True,2,True,0.3068,0.1441,0.1348,0.25,0.75,0.75,OK,,0.344325,-0.200225,0.41849996369708853
E1_no_metadata,Hooded_Oriole_8ft.wav,Hooded Oriole,Hooded Oriole,8ft,4,4,1.0,Hooded Oriole,0.6775,Western Tanager,0.21575,Curve-billed Thrasher,0.026075,True,True,True,1,Hooded Oriole,0.9939,Western Tanager,0.863,Curve-billed Thrasher,0.0992,True,True,True,1,True,0.9939,0.6775,0.6833,0.75,1.0,1.0,OK,,0.755325,-0.07782500000000003,0.8969648826664018
E1_no_metadata,House_Finch_8ft.wav,House Finch,House Finch,8ft,3,3,1.0,House Finch,0.2994,European Robin,0.037200000000000004,Red-whiskered Bulbul,0.013566666666666666,True,True,True,1,House Finch,0.6912,European Robin,0.0646,Red-whiskered Bulbul,0.0407,True,True,True,1,True,0.6912,0.29940000000000005,0.1712,0.6666666666666666,1.0,1.0,OK,,0.6496333333333334,-0.35023333333333334,0.46087536559084613
E1_no_metadata,House_Sparrow_8ft.wav,House Sparrow,House Sparrow,8ft,4,4,1.0,House Sparrow,0.288925,Italian Sparrow,0.054025000000000004,Reed Bunting,0.015475000000000001,True,True,True,1,House Sparrow,0.3691,Italian Sparrow,0.0951,Reed Bunting,0.0517,True,True,True,1,True,0.3691,0.288925,0.30365000000000003,1.0,1.0,1.0,OK,,0.5964,-0.30747500000000005,0.4844483568075117
E1_no_metadata,Lesser_Goldfinch_8ft.wav,Lesser Goldfinch,Lesser Goldfinch,8ft,4,4,1.0,Lesser Goldfinch,0.191025,American Goldfinch,0.0565,Black-faced Brushfinch,0.0411,True,True,True,1,Lesser Goldfinch,0.4873,American Goldfinch,0.226,Black-faced Brushfinch,0.1644,True,True,True,1,True,0.4873,0.1922,0.1384,0.5,0.75,0.75,OK,,0.06257499999999999,0.12962500000000002,3.0715141829804242
E1_no_metadata,Mourning_Dove_8ft.wav,Mourning Dove,Mourning Dove,8ft,3,3,1.0,White-tipped Dove,0.23196666666666665,Mourning Dove,0.21356666666666665,Black Phoebe,0.1939,False,True,True,2,Mourning Dove,0.5156,Black Phoebe,0.4863,White-tipped Dove,0.3808,True,True,True,1,True,0.5156,0.21356666666666665,0.1052,0.3333333333333333,0.6666666666666666,1.0,OK,,0.7801,-0.5665333333333333,0.2737683203008161
E1_no_metadata,Northern_House_Wren_8ft.wav,Northern House Wren,House Wren,8ft,3,3,1.0,House Wren,0.7113666666666667,Rufous-crowned Sparrow,0.0322,Yellow-green Vireo,0.03213333333333333,True,True,True,1,House Wren,0.9958,Rufous-crowned Sparrow,0.0966,Yellow-green Vireo,0.0964,True,True,True,1,True,0.9958,0.7113666666666667,0.9912,1.0,1.0,1.0,OK,,0.7593666666666667,-0.04800000000000004,0.9367894297879812
E1_no_metadata,Northern_Mockingbird_8ft.wav,Northern Mockingbird,Northern Mockingbird,8ft,4,4,1.0,Northern Mockingbird,0.457025,Tropical Mockingbird,0.15812500000000002,Jacky-winter,0.15227500000000002,True,True,True,1,Northern Mockingbird,0.8684,Jacky-winter,0.547,Tropical Mockingbird,0.4621,True,True,True,1,True,0.8684,0.4608,0.47985,0.75,0.75,0.75,OK,,0.31210000000000004,0.14869999999999994,1.4764498558154435
E1_no_metadata,Northern_Yellow_Warbler_8ft.wav,Northern Yellow Warbler,Yellow Warbler,8ft,1,1,1.0,Yellow Warbler,0.9017,Black Phoebe,0.0411,Willow Flycatcher,0.0056,True,True,True,1,Yellow Warbler,0.9017,Black Phoebe,0.0411,Willow Flycatcher,0.0056,True,True,True,1,True,0.9017,0.9017,0.9017,1.0,1.0,1.0,OK,,0.9617,-0.06000000000000005,0.9376104814391182
E1_no_metadata,Oak_Titmouse_8ft.wav,Oak Titmouse,Oak Titmouse,8ft,4,4,1.0,Oak Titmouse,0.7524,Black Phoebe,0.01995,Carolina Wren,0.00715,True,True,True,1,Oak Titmouse,0.9995,Black Phoebe,0.063,Juniper Titmouse,0.0268,True,True,True,1,True,0.9995,0.7524,0.997,0.75,1.0,1.0,OK,,0.910375,-0.1579750000000001,0.8264726074419881
E1_no_metadata,Rock_Pigeon_8ft.wav,Rock Pigeon,Rock Pigeon,8ft,3,3,1.0,Rock Pigeon,0.9980666666666668,Black Phoebe,0.14336666666666667,Tawny-browed Owl,0.008933333333333333,True,True,True,1,Rock Pigeon,0.9995,Black Phoebe,0.2282,Tawny-browed Owl,0.011,True,True,True,1,True,0.9995,0.9980666666666668,0.9981,1.0,1.0,1.0,OK,,0.8856333333333333,0.1124333333333335,1.1269524633971923
E1_no_metadata,Song_Sparrow_8ft.wav,Song Sparrow,Song Sparrow,8ft,1,1,1.0,Song Sparrow,0.9496,Swamp Sparrow,0.0057,Virginia Rail,0.0019,True,True,True,1,Song Sparrow,0.9496,Swamp Sparrow,0.0057,Virginia Rail,0.0019,True,True,True,1,True,0.9496,0.9496,0.9496,1.0,1.0,1.0,OK,,0.9159,0.03369999999999995,1.0367944098700732
E1_no_metadata,Spotted_Towhee_8ft.wav,Spotted Towhee,Spotted Towhee,8ft,2,2,1.0,Spotted Towhee,0.9726,Green-tailed Towhee,0.06509999999999999,Yellow-eyed Junco,0.0058,True,True,True,1,Spotted Towhee,0.9755,Green-tailed Towhee,0.0875,Eastern Towhee,0.0099,True,True,True,1,True,0.9755,0.9726,0.9726,1.0,1.0,1.0,OK,,0.9761,-0.0034999999999999476,0.9964143018133389
E1_no_metadata,American_Robin_12ft.wav,American Robin,American Robin,12ft,4,4,1.0,American Robin,0.7108,Black-headed Grosbeak,0.07669999999999999,Summer Tanager,0.058525,True,True,True,1,American Robin,0.8056,Black-headed Grosbeak,0.2784,Summer Tanager,0.2341,True,True,True,1,True,0.8056,0.7108,0.71375,1.0,1.0,1.0,OK,,0.9196,-0.20879999999999999,0.7729447585906916
E1_no_metadata,Annas_Hummingbird_12ft.wav,Anna's Hummingbird,Anna's Hummingbird,12ft,4,4,1.0,Anna's Hummingbird,0.98305,Black Redstart,0.00715,Clay-colored Sparrow,0.005375,True,True,True,1,Anna's Hummingbird,0.9994,Black Redstart,0.0227,Rufous Hummingbird,0.0184,True,True,True,1,True,0.9994,0.98305,0.9964999999999999,1.0,1.0,1.0,OK,,0.94445,0.03859999999999997,1.0408703478214834
E1_no_metadata,Barn_Swallow_12ft.wav,Barn Swallow,Barn Swallow,12ft,3,3,1.0,Barn Swallow,0.9975333333333333,Cliff Swallow,0.08633333333333333,Pacific Swallow,0.03166666666666667,True,True,True,1,Barn Swallow,0.9988,Cliff Swallow,0.2432,Pacific Swallow,0.0861,True,True,True,1,True,0.9988,0.9975333333333335,0.9977,1.0,1.0,1.0,OK,,0.9812333333333334,0.016300000000000092,1.0166117471209704
E1_no_metadata,Bewicks_Wren_12ft.wav,Bewick's Wren,Bewick's Wren,12ft,1,1,1.0,Bewick's Wren,0.8706,Black-throated Sparrow,0.0809,Song Sparrow,0.0201,True,True,True,1,Bewick's Wren,0.8706,Black-throated Sparrow,0.0809,Song Sparrow,0.0201,True,True,True,1,True,0.8706,0.8706,0.8706,1.0,1.0,1.0,OK,,0.8609,0.009700000000000042,1.0112672784295504
E1_no_metadata,Black_Phoebe_12ft.wav,Black Phoebe,Black Phoebe,12ft,4,4,1.0,Black Phoebe,0.994775,Common Virtuoso Katydid,0.0179,Song Sparrow,0.0034,True,True,True,1,Black Phoebe,0.9997,Common Virtuoso Katydid,0.0363,Song Sparrow,0.0136,True,True,True,1,True,0.9997,0.994775,0.99475,1.0,1.0,1.0,OK,,0.9997250000000001,-0.004950000000000121,0.9950486383755531
E1_no_metadata,California_Towhee_12ft.wav,California Towhee,California Towhee,12ft,2,2,1.0,California Towhee,0.99515,Abert's Towhee,0.00385,Orange-crowned Warbler,0.00045,True,True,True,1,California Towhee,0.999,Abert's Towhee,0.0072,Orange-crowned Warbler,0.0009,True,True,True,1,True,0.999,0.99515,0.99515,1.0,1.0,1.0,OK,,0.9981,-0.002950000000000008,0.9970443843302275
E1_no_metadata,Dark_eyed_Junco_12ft.wav,Dark-eyed Junco,Dark-eyed Junco,12ft,2,2,1.0,Dark-eyed Junco,0.9493,Cirl Bunting,0.06085,Chipping Sparrow,0.024800000000000003,True,True,True,1,Dark-eyed Junco,0.9696,Cirl Bunting,0.0754,Chipping Sparrow,0.0369,True,True,True,1,True,0.9696,0.9493,0.9493,1.0,1.0,1.0,OK,,0.9764999999999999,-0.02719999999999989,0.9721454173067078
E1_no_metadata,European_Starling_12ft.wav,European Starling,European Starling,12ft,4,3,0.75,European Starling,0.192225,Freckle-breasted Thornbird,0.10615,Rusty Blackbird,0.078775,True,True,True,1,European Starling,0.562,Freckle-breasted Thornbird,0.4246,Broad-winged Hawk,0.2969,True,True,True,1,True,0.562,0.192225,0.10345,0.5,0.5,0.75,OK,,0.344325,-0.15209999999999999,0.5582661729470704
E1_no_metadata,Hooded_Oriole_12ft.wav,Hooded Oriole,Hooded Oriole,12ft,4,4,1.0,Hooded Oriole,0.62715,Western Tanager,0.211625,Orchard Oriole,0.0402,True,True,True,1,Hooded Oriole,0.9354,Western Tanager,0.8465,Orchard Oriole,0.1422,True,True,True,1,True,0.9354,0.6271499999999999,0.6563,0.75,1.0,1.0,OK,,0.755325,-0.12817500000000015,0.8303048356667657
E1_no_metadata,House_Finch_12ft.wav,House Finch,House Finch,12ft,3,3,1.0,House Finch,0.6542,Red-whiskered Bulbul,0.0376,Purple Finch,0.028300000000000002,True,True,True,1,House Finch,0.9257,Red-whiskered Bulbul,0.1128,Orchard Oriole,0.0505,True,True,True,1,True,0.9257,0.6542,0.7589,1.0,1.0,1.0,OK,,0.6496333333333334,0.004566666666666608,1.007029606444661
E1_no_metadata,House_Sparrow_12ft.wav,House Sparrow,House Sparrow,12ft,4,4,1.0,House Sparrow,0.463075,Italian Sparrow,0.044075,Yellow-legged Thrush,0.012175,True,True,True,1,House Sparrow,0.7826,Italian Sparrow,0.0736,Yellow-legged Thrush,0.0433,True,True,True,1,True,0.7826,0.463075,0.42164999999999997,1.0,1.0,1.0,OK,,0.5964,-0.13332500000000003,0.7764503688799463
E1_no_metadata,Lesser_Goldfinch_12ft.wav,Lesser Goldfinch,Lesser Goldfinch,12ft,4,3,0.75,Lesser Goldfinch,0.2004,Pallas's Leaf Warbler,0.18427500000000002,American Goldfinch,0.05,True,True,True,1,Pallas's Leaf Warbler,0.6538,Lesser Goldfinch,0.443,American Goldfinch,0.1928,False,True,True,2,True,0.443,0.20382499999999998,0.18614999999999998,0.5,0.5,0.5,OK,,0.06257499999999999,0.14125,3.2572912504994007
E1_no_metadata,Mourning_Dove_12ft.wav,Mourning Dove,Mourning Dove,12ft,3,3,1.0,Mourning Dove,0.5309,White-tipped Dove,0.10583333333333333,Eurasian Collared-Dove,0.08789999999999999,True,True,True,1,Mourning Dove,0.9556,Eurasian Collared-Dove,0.2432,White-tipped Dove,0.2289,True,True,True,1,True,0.9556,0.5309,0.4292,0.6666666666666666,1.0,1.0,OK,,0.7801,-0.24919999999999998,0.6805537751570312
E1_no_metadata,Northern_House_Wren_12ft.wav,Northern House Wren,House Wren,12ft,3,3,1.0,House Wren,0.7785666666666667,Marsh Wren,0.1336,Bell's Vireo,0.05386666666666667,True,True,True,1,House Wren,0.9941,Marsh Wren,0.4008,Bell's Vireo,0.1616,True,True,True,1,True,0.9941,0.7785666666666667,0.9864,0.6666666666666666,1.0,1.0,OK,,0.7593666666666667,0.019199999999999995,1.0252842280848076
E1_no_metadata,Northern_Mockingbird_12ft.wav,Northern Mockingbird,Northern Mockingbird,12ft,4,3,0.75,Northern Mockingbird,0.3063,Chinese Blackbird,0.086425,Tropical Mockingbird,0.033825,True,True,True,1,Northern Mockingbird,0.7178,Chinese Blackbird,0.3301,Brown Thrasher,0.1271,True,True,True,1,True,0.7178,0.3063,0.2537,0.5,0.75,0.75,OK,,0.31210000000000004,-0.005800000000000027,0.9814162127523229
E1_no_metadata,Northern_Yellow_Warbler_12ft.wav,Northern Yellow Warbler,Yellow Warbler,12ft,1,1,1.0,Yellow Warbler,0.8782,American Redstart,0.0408,Wilson's Warbler,0.0172,True,True,True,1,Yellow Warbler,0.8782,American Redstart,0.0408,Wilson's Warbler,0.0172,True,True,True,1,True,0.8782,0.8782,0.8782,1.0,1.0,1.0,OK,,0.9617,-0.08350000000000002,0.9131745866694395
E1_no_metadata,Oak_Titmouse_12ft.wav,Oak Titmouse,Oak Titmouse,12ft,4,4,1.0,Oak Titmouse,0.76805,Juniper Titmouse,0.047925,Carolina Wren,0.00585,True,True,True,1,Oak Titmouse,0.9991,Juniper Titmouse,0.1665,Sahel Bush Sparrow,0.0127,True,True,True,1,True,0.9991,0.76805,0.9984,0.75,1.0,1.0,OK,,0.910375,-0.14232500000000003,0.8436633255526569
E1_no_metadata,Rock_Pigeon_12ft.wav,Rock Pigeon,Rock Pigeon,12ft,3,3,1.0,Rock Pigeon,0.9921666666666668,Tawny-browed Owl,0.02363333333333333,American Crow,0.018699999999999998,True,True,True,1,Rock Pigeon,0.9948,American Crow,0.0561,Tawny-browed Owl,0.0411,True,True,True,1,True,0.9948,0.9921666666666668,0.9946,1.0,1.0,1.0,OK,,0.8856333333333333,0.10653333333333348,1.120290564191351
E1_no_metadata,Song_Sparrow_12ft.wav,Song Sparrow,Song Sparrow,12ft,1,1,1.0,Song Sparrow,0.9502,Swamp Sparrow,0.0033,Downy Woodpecker,0.0022,True,True,True,1,Song Sparrow,0.9502,Swamp Sparrow,0.0033,Downy Woodpecker,0.0022,True,True,True,1,True,0.9502,0.9502,0.9502,1.0,1.0,1.0,OK,,0.9159,0.0343,1.0374495032208757
E1_no_metadata,Spotted_Towhee_12ft.wav,Spotted Towhee,Spotted Towhee,12ft,2,2,1.0,Spotted Towhee,0.97085,Green-tailed Towhee,0.0504,Yellow-eyed Junco,0.005,True,True,True,1,Spotted Towhee,0.9848,Green-tailed Towhee,0.0615,Yellow-eyed Junco,0.0057,True,True,True,1,True,0.9848,0.97085,0.97085,1.0,1.0,1.0,OK,,0.9761,-0.005249999999999977,0.9946214527200082
E1_no_metadata,American_Robin_24ft.wav,American Robin,American Robin,24ft,4,4,1.0,American Robin,0.620475,Pale Thrush,0.06995,Black-headed Grosbeak,0.064275,True,True,True,1,American Robin,0.6834,Black-headed Grosbeak,0.2571,Pale Thrush,0.2365,True,True,True,1,True,0.6834,0.620475,0.63645,1.0,1.0,1.0,OK,,0.9196,-0.299125,0.6747227055241409
E1_no_metadata,Annas_Hummingbird_24ft.wav,Anna's Hummingbird,Anna's Hummingbird,24ft,4,4,1.0,Anna's Hummingbird,0.915325,Blue-winged Warbler,0.050625,Golden-winged Warbler,0.011075,True,True,True,1,Anna's Hummingbird,0.9968,Blue-winged Warbler,0.2025,Golden-winged Warbler,0.0443,True,True,True,1,True,0.9968,0.915325,0.9337500000000001,1.0,1.0,1.0,OK,,0.94445,-0.029124999999999956,0.9691619461061994
E1_no_metadata,Barn_Swallow_24ft.wav,Barn Swallow,Barn Swallow,24ft,3,3,1.0,Barn Swallow,0.7226333333333333,Cliff Swallow,0.0546,Western Kingbird,0.035366666666666664,True,True,True,1,Barn Swallow,0.9924,Cliff Swallow,0.1638,Western Kingbird,0.1061,True,True,True,1,True,0.9924,0.7226333333333333,0.6192,1.0,1.0,1.0,OK,,0.9812333333333334,-0.25860000000000005,0.7364541223630126
E1_no_metadata,Bewicks_Wren_24ft.wav,Bewick's Wren,Bewick's Wren,24ft,1,1,1.0,Bewick's Wren,0.1983,Song Sparrow,0.1771,Grassland Sparrow,0.0253,True,True,True,1,Bewick's Wren,0.1983,Song Sparrow,0.1771,Grassland Sparrow,0.0253,True,True,True,1,True,0.1983,0.1983,0.1983,1.0,1.0,1.0,OK,,0.8609,-0.6626,0.23034034150307817
E1_no_metadata,Black_Phoebe_24ft.wav,Black Phoebe,Black Phoebe,24ft,4,4,1.0,Black Phoebe,0.995575,Common Virtuoso Katydid,0.073025,Fork-tailed Bush Katydid,0.015075,True,True,True,1,Black Phoebe,0.9995,Common Virtuoso Katydid,0.1929,Fork-tailed Bush Katydid,0.0465,True,True,True,1,True,0.9995,0.9955750000000001,0.99505,1.0,1.0,1.0,OK,,0.9997250000000001,-0.004149999999999987,0.99584885843607
E1_no_metadata,California_Towhee_24ft.wav,California Towhee,California Towhee,24ft,2,2,1.0,California Towhee,0.9838,Louisiana Waterthrush,0.00815,Abert's Towhee,0.0046,True,True,True,1,California Towhee,0.9971,Louisiana Waterthrush,0.0163,Abert's Towhee,0.0092,True,True,True,1,True,0.9971,0.9838,0.9838,1.0,1.0,1.0,OK,,0.9981,-0.01429999999999998,0.9856727782787296
E1_no_metadata,Dark_eyed_Junco_24ft.wav,Dark-eyed Junco,Dark-eyed Junco,24ft,2,2,1.0,Dark-eyed Junco,0.7918000000000001,Pine Warbler,0.20579999999999998,Chipping Sparrow,0.0733,True,True,True,1,Dark-eyed Junco,0.9113,Pine Warbler,0.3787,Chipping Sparrow,0.091,True,True,True,1,True,0.9113,0.7918000000000001,0.7918000000000001,1.0,1.0,1.0,OK,,0.9764999999999999,-0.18469999999999986,0.8108550947260625
E1_no_metadata,European_Starling_24ft.wav,European Starling,European Starling,24ft,4,3,0.75,European Starling,0.0684,American Robin,0.061725,Rusty Blackbird,0.0466,True,True,True,1,European Starling,0.2317,American Robin,0.1241,Rusty Blackbird,0.0919,True,True,True,1,True,0.2317,0.076375,0.0369,0.25,0.5,0.5,OK,,0.344325,-0.26795,0.22181078922529587
E1_no_metadata,Hooded_Oriole_24ft.wav,Hooded Oriole,Hooded Oriole,24ft,4,4,1.0,Hooded Oriole,0.639725,Western Tanager,0.2262,Orchard Oriole,0.0484,True,True,True,1,Hooded Oriole,0.9843,Western Tanager,0.9048,Orchard Oriole,0.1281,True,True,True,1,True,0.9843,0.639725,0.6856,0.75,1.0,1.0,OK,,0.755325,-0.11560000000000004,0.846953298249098
E1_no_metadata,House_Finch_24ft.wav,House Finch,House Finch,24ft,3,3,1.0,House Finch,0.19083333333333333,European Greenfinch,0.09013333333333333,European Robin,0.06453333333333333,True,True,True,1,House Finch,0.4622,European Greenfinch,0.2704,European Robin,0.1936,True,True,True,1,True,0.4622,0.19163333333333332,0.1103,0.6666666666666666,0.6666666666666666,0.6666666666666666,OK,,0.6496333333333334,-0.4580000000000001,0.29498691569603364
E1_no_metadata,House_Sparrow_24ft.wav,House Sparrow,House Sparrow,24ft,4,4,1.0,House Sparrow,0.5459,Yellow-legged Thrush,0.038225,Italian Sparrow,0.036375000000000005,True,True,True,1,House Sparrow,0.8031,Yellow-legged Thrush,0.1529,Italian Sparrow,0.0734,True,True,True,1,True,0.8031,0.5458999999999999,0.60955,1.0,1.0,1.0,OK,,0.5964,-0.0505000000000001,0.9153252850435948
E1_no_metadata,Lesser_Goldfinch_24ft.wav,Lesser Goldfinch,Lesser Goldfinch,24ft,4,2,0.5,Pallas's Leaf Warbler,0.11155000000000001,Oriental Magpie-Robin,0.0995,Lesser Goldfinch,0.08072499999999999,False,True,True,3,Pallas's Leaf Warbler,0.4307,Collared Sunbird,0.2713,Oriental Magpie-Robin,0.2157,False,False,True,4,True,0.1727,0.08072499999999999,0.0751,0.25,0.5,0.5,OK,,0.06257499999999999,0.01815,1.2900519376747903
E1_no_metadata,Mourning_Dove_24ft.wav,Mourning Dove,Mourning Dove,24ft,3,3,1.0,Mourning Dove,0.8266333333333334,Buff-spotted Flufftail,0.056266666666666666,White-tipped Dove,0.054433333333333334,True,True,True,1,Mourning Dove,0.9472,Buff-spotted Flufftail,0.1525,White-tipped Dove,0.1278,True,True,True,1,True,0.9472,0.8266333333333334,0.8334,1.0,1.0,1.0,OK,,0.7801,0.046533333333333426,1.0596504721616888
E1_no_metadata,Northern_House_Wren_24ft.wav,Northern House Wren,House Wren,24ft,3,3,1.0,House Wren,0.7959333333333333,Marsh Wren,0.20953333333333335,Dark-necked Tailorbird,0.0188,True,True,True,1,House Wren,0.9771,Marsh Wren,0.6286,Dark-necked Tailorbird,0.0564,True,True,True,1,True,0.9771,0.7959333333333333,0.9749,0.6666666666666666,1.0,1.0,OK,,0.7593666666666667,0.036566666666666525,1.0481541635573501
E1_no_metadata,Northern_Mockingbird_24ft.wav,Northern Mockingbird,Northern Mockingbird,24ft,4,3,0.75,Northern Mockingbird,0.1144,Jacky-winter,0.04,Tropical Mockingbird,0.036475,True,True,True,1,Northern Mockingbird,0.3493,Jacky-winter,0.16,Tropical Mockingbird,0.1269,True,True,True,1,True,0.3493,0.12229999999999999,0.06995,0.5,0.5,0.5,OK,,0.31210000000000004,-0.18980000000000005,0.39186158282601724
E1_no_metadata,Northern_Yellow_Warbler_24ft.wav,Northern Yellow Warbler,Yellow Warbler,24ft,1,1,1.0,Yellow Warbler,0.6093,Mourning Dove,0.1114,Brown Boobook,0.072,True,True,True,1,Yellow Warbler,0.6093,Mourning Dove,0.1114,Brown Boobook,0.072,True,True,True,1,True,0.6093,0.6093,0.6093,1.0,1.0,1.0,OK,,0.9617,-0.35240000000000005,0.6335655609857543
E1_no_metadata,Oak_Titmouse_24ft.wav,Oak Titmouse,Oak Titmouse,24ft,4,4,1.0,Oak Titmouse,0.7583500000000001,Carolina Wren,0.061075,Bar-throated Apalis,0.0193,True,True,True,1,Oak Titmouse,0.9995,Carolina Wren,0.1734,Bar-throated Apalis,0.0772,True,True,True,1,True,0.9995,0.7583500000000001,0.9982500000000001,0.75,1.0,1.0,OK,,0.910375,-0.15202499999999997,0.833008375669367
E1_no_metadata,Rock_Pigeon_24ft.wav,Rock Pigeon,Rock Pigeon,24ft,3,3,1.0,Rock Pigeon,0.9758333333333334,Tawny-browed Owl,0.0583,Engine,0.0077333333333333325,True,True,True,1,Rock Pigeon,0.9938,Tawny-browed Owl,0.1094,Engine,0.0169,True,True,True,1,True,0.9938,0.9758333333333334,0.9708,1.0,1.0,1.0,OK,,0.8856333333333333,0.09020000000000017,1.1018480183672703
E1_no_metadata,Song_Sparrow_24ft.wav,Song Sparrow,Song Sparrow,24ft,1,1,1.0,Song Sparrow,0.6543,Swamp Sparrow,0.0087,Clay-colored Sparrow,0.0032,True,True,True,1,Song Sparrow,0.6543,Swamp Sparrow,0.0087,Clay-colored Sparrow,0.0032,True,True,True,1,True,0.6543,0.6543,0.6543,1.0,1.0,1.0,OK,,0.9159,-0.26160000000000005,0.7143792990501145
E1_no_metadata,Spotted_Towhee_24ft.wav,Spotted Towhee,Spotted Towhee,24ft,2,2,1.0,Spotted Towhee,0.9065,Green-tailed Towhee,0.0487,Yellow-eyed Junco,0.00795,True,True,True,1,Spotted Towhee,0.9325,Green-tailed Towhee,0.0601,Yellow-eyed Junco,0.0094,True,True,True,1,True,0.9325,0.9065,0.9065,1.0,1.0,1.0,OK,,0.9761,-0.0696,0.9286958303452515
E1_no_metadata,American_Robin_36ft.wav,American Robin,American Robin,36ft,4,4,1.0,American Robin,0.49185,Pale Thrush,0.0552,Austral Thrush,0.048,True,True,True,1,American Robin,0.5516,Austral Thrush,0.1778,Pale Thrush,0.1236,True,True,True,1,True,0.5516,0.49185,0.51195,1.0,1.0,1.0,OK,,0.9196,-0.42774999999999996,0.5348521096128752
E1_no_metadata,Annas_Hummingbird_36ft.wav,Anna's Hummingbird,Anna's Hummingbird,36ft,4,4,1.0,Anna's Hummingbird,0.941225,Black Redstart,0.01615,Whitehead,0.013925,True,True,True,1,Anna's Hummingbird,0.9977,Black Redstart,0.0473,Horned Guan,0.0401,True,True,True,1,True,0.9977,0.941225,0.94415,1.0,1.0,1.0,OK,,0.94445,-0.0032250000000000334,0.9965853142040341
E1_no_metadata,Barn_Swallow_36ft.wav,Barn Swallow,Barn Swallow,36ft,3,3,1.0,Barn Swallow,0.7431666666666666,Gray-throated Leaftosser,0.0179,Australian Logrunner,0.0105,True,True,True,1,Barn Swallow,0.9801,Gray-throated Leaftosser,0.0537,Australian Logrunner,0.0315,True,True,True,1,True,0.9801,0.7431666666666666,0.788,1.0,1.0,1.0,OK,,0.9812333333333334,-0.23806666666666676,0.7573801678160138
E1_no_metadata,Bewicks_Wren_36ft.wav,Bewick's Wren,Bewick's Wren,36ft,1,1,1.0,Bewick's Wren,0.4043,Siberian Blue Robin,0.0499,Song Sparrow,0.026,True,True,True,1,Bewick's Wren,0.4043,Siberian Blue Robin,0.0499,Song Sparrow,0.026,True,True,True,1,True,0.4043,0.4043,0.4043,1.0,1.0,1.0,OK,,0.8609,-0.4566,0.4696248112440469
E1_no_metadata,Black_Phoebe_36ft.wav,Black Phoebe,Black Phoebe,36ft,4,4,1.0,Black Phoebe,0.99785,Common Virtuoso Katydid,0.013349999999999999,Patagonian Tyrant,0.003475,True,True,True,1,Black Phoebe,0.9994,Common Virtuoso Katydid,0.0411,Patagonian Tyrant,0.0086,True,True,True,1,True,0.9994,0.99785,0.9984,1.0,1.0,1.0,OK,,0.9997250000000001,-0.001875000000000071,0.998124484233164
E1_no_metadata,California_Towhee_36ft.wav,California Towhee,California Towhee,36ft,2,2,1.0,California Towhee,0.99195,Louisiana Waterthrush,0.0184,Northern Waterthrush,0.0091,True,True,True,1,California Towhee,0.9984,Louisiana Waterthrush,0.0283,Orange-crowned Warbler,0.013,True,True,True,1,True,0.9984,0.99195,0.99195,1.0,1.0,1.0,OK,,0.9981,-0.006149999999999989,0.9938382927562368
E1_no_metadata,Dark_eyed_Junco_36ft.wav,Dark-eyed Junco,Dark-eyed Junco,36ft,2,2,1.0,Dark-eyed Junco,0.85165,Pine Warbler,0.08615,Cirl Bunting,0.08315,True,True,True,1,Dark-eyed Junco,0.8534,Cirl Bunting,0.128,Pine Warbler,0.0872,True,True,True,1,True,0.8534,0.85165,0.85165,1.0,1.0,1.0,OK,,0.9764999999999999,-0.1248499999999999,0.8721454173067077
E1_no_metadata,European_Starling_36ft.wav,European Starling,European Starling,36ft,4,3,0.75,Rusty Blackbird,0.0918,Common Grackle,0.061024999999999996,American Robin,0.0396,False,False,True,5,Rusty Blackbird,0.3128,Common Grackle,0.1913,Broad-winged Hawk,0.1531,False,False,False,8,True,0.059,0.03035,0.0312,0.0,0.5,0.5,OK,,0.344325,-0.313975,0.08814346910622231
E1_no_metadata,Hooded_Oriole_36ft.wav,Hooded Oriole,Hooded Oriole,36ft,4,4,1.0,Hooded Oriole,0.257175,Western Tanager,0.182825,Curve-billed Thrasher,0.05095,True,True,True,1,Western Tanager,0.7313,Hooded Oriole,0.5376,Curve-billed Thrasher,0.1487,False,True,True,2,True,0.5376,0.257175,0.1769,0.5,1.0,1.0,OK,,0.755325,-0.49815000000000004,0.3404825737265415
E1_no_metadata,House_Finch_36ft.wav,House Finch,House Finch,36ft,3,3,1.0,House Finch,0.48466666666666663,European Robin,0.08176666666666667,Purple Finch,0.0721,True,True,True,1,House Finch,0.7507,European Robin,0.1754,Purple Finch,0.1382,True,True,True,1,True,0.7507,0.48466666666666663,0.6315,0.6666666666666666,1.0,1.0,OK,,0.6496333333333334,-0.16496666666666676,0.7460618810611113
E1_no_metadata,House_Sparrow_36ft.wav,House Sparrow,House Sparrow,36ft,4,4,1.0,House Sparrow,0.419625,Square-tailed Bulbul,0.052975,Spanish Sparrow,0.038875,True,True,True,1,House Sparrow,0.5626,Square-tailed Bulbul,0.2119,Spanish Sparrow,0.1513,True,True,True,1,True,0.5626,0.419625,0.39215,1.0,1.0,1.0,OK,,0.5964,-0.17677500000000002,0.7035965794768612
E1_no_metadata,Lesser_Goldfinch_36ft.wav,Lesser Goldfinch,Lesser Goldfinch,36ft,4,2,0.5,Lesser Goldfinch,0.092525,Oriental Magpie-Robin,0.07345,Collared Sunbird,0.043275,True,True,True,1,Lesser Goldfinch,0.3181,Collared Sunbird,0.1731,Oriental Magpie-Robin,0.1486,True,True,True,1,True,0.3181,0.092525,0.026,0.25,0.5,0.5,OK,,0.06257499999999999,0.029950000000000004,1.478625649220935
E1_no_metadata,Mourning_Dove_36ft.wav,Mourning Dove,Mourning Dove,36ft,3,3,1.0,Mourning Dove,0.8233333333333333,Buff-spotted Flufftail,0.1143,White-tipped Dove,0.05736666666666667,True,True,True,1,Mourning Dove,0.9356,Buff-spotted Flufftail,0.3338,White-tipped Dove,0.1062,True,True,True,1,True,0.9356,0.8233333333333333,0.8648,1.0,1.0,1.0,OK,,0.7801,0.043233333333333235,1.0554202452677006
E1_no_metadata,Northern_House_Wren_36ft.wav,Northern House Wren,House Wren,36ft,3,3,1.0,House Wren,0.6075666666666667,Connecticut Warbler,0.0311,Kentucky Warbler,0.022933333333333333,True,True,True,1,House Wren,0.8912,Connecticut Warbler,0.0933,Kentucky Warbler,0.0688,True,True,True,1,True,0.8912,0.6075666666666667,0.8652,0.6666666666666666,1.0,1.0,OK,,0.7593666666666667,-0.15180000000000005,0.8000965717044906
E1_no_metadata,Northern_Mockingbird_36ft.wav,Northern Mockingbird,Northern Mockingbird,36ft,4,3,0.75,Jacky-winter,0.032075,Bare-crowned Antbird,0.03155,Zeledon's Antbird,0.031475,False,False,True,4,Jacky-winter,0.1283,Bare-crowned Antbird,0.1262,Zeledon's Antbird,0.1259,False,False,True,4,True,0.0809,0.0304,0.02035,0.25,0.75,0.75,OK,,0.31210000000000004,-0.28170000000000006,0.0974046779878244
E1_no_metadata,Northern_Yellow_Warbler_36ft.wav,Northern Yellow Warbler,Yellow Warbler,36ft,1,1,1.0,Yellow Warbler,0.5861,American Redstart,0.0279,Chestnut-sided Warbler,0.0245,True,True,True,1,Yellow Warbler,0.5861,American Redstart,0.0279,Chestnut-sided Warbler,0.0245,True,True,True,1,True,0.5861,0.5861,0.5861,1.0,1.0,1.0,OK,,0.9617,-0.37560000000000004,0.6094416138088801
E1_no_metadata,Oak_Titmouse_36ft.wav,Oak Titmouse,Oak Titmouse,36ft,4,4,1.0,Oak Titmouse,0.76155,Juniper Titmouse,0.0725,Tufted Titmouse,0.065275,True,True,True,1,Oak Titmouse,0.9975,Juniper Titmouse,0.29,Tufted Titmouse,0.1323,True,True,True,1,True,0.9975,0.76155,0.9656499999999999,0.75,1.0,1.0,OK,,0.910375,-0.1488250000000001,0.836523410682411
E1_no_metadata,Rock_Pigeon_36ft.wav,Rock Pigeon,Rock Pigeon,36ft,3,3,1.0,Rock Pigeon,0.9630666666666667,Rufous Hummingbird,0.049966666666666666,Ruby-throated Hummingbird,0.012066666666666668,True,True,True,1,Rock Pigeon,0.9825,Rufous Hummingbird,0.1499,Ruby-throated Hummingbird,0.0362,True,True,True,1,True,0.9825,0.9630666666666666,0.9816,1.0,1.0,1.0,OK,,0.8856333333333333,0.07743333333333335,1.0874327223455909
E1_no_metadata,Song_Sparrow_36ft.wav,Song Sparrow,Song Sparrow,36ft,1,1,1.0,Song Sparrow,0.6727,Swamp Sparrow,0.0124,Blue-winged Warbler,0.0055,True,True,True,1,Song Sparrow,0.6727,Swamp Sparrow,0.0124,Blue-winged Warbler,0.0055,True,True,True,1,True,0.6727,0.6727,0.6727,1.0,1.0,1.0,OK,,0.9159,-0.24320000000000008,0.7344688284747243
E1_no_metadata,Spotted_Towhee_36ft.wav,Spotted Towhee,Spotted Towhee,36ft,2,2,1.0,Spotted Towhee,0.823,Green-tailed Towhee,0.0638,Yellow-eyed Junco,0.0127,True,True,True,1,Spotted Towhee,0.8397,Green-tailed Towhee,0.082,Virginia's Warbler,0.0193,True,True,True,1,True,0.8397,0.823,0.823,1.0,1.0,1.0,OK,,0.9761,-0.1531,0.8431513164634771
E1_no_metadata,American_Robin_48ft.wav,American Robin,American Robin,48ft,4,2,0.5,Summer Tanager,0.081425,American Robin,0.07375,Scarlet Tanager,0.029425,False,True,True,2,Summer Tanager,0.2419,American Robin,0.2161,Scarlet Tanager,0.1177,False,True,True,2,True,0.2161,0.07375,0.03945,0.25,0.5,0.5,OK,,0.9196,-0.84585,0.08019791213571117
E1_no_metadata,Anna_s_Hummingbird_48ft.wav,Anna's Hummingbird,Anna's Hummingbird,48ft,4,3,0.75,Anna's Hummingbird,0.730275,Bananaquit,0.018825,Sapphire-spangled Emerald,0.008175,True,True,True,1,Anna's Hummingbird,0.9961,Bananaquit,0.0522,Sapphire-spangled Emerald,0.0327,True,True,True,1,True,0.9961,0.730275,0.9625,0.75,0.75,0.75,OK,,0.94445,-0.214175,0.7732278045423262
E1_no_metadata,Barn_Swallow_48ft.wav,Barn Swallow,Barn Swallow,48ft,3,3,1.0,Barn Swallow,0.3532666666666667,Bell's Vireo,0.04716666666666666,House Finch,0.030733333333333335,True,True,True,1,Barn Swallow,0.8637,Bell's Vireo,0.1415,House Finch,0.0922,True,True,True,1,True,0.8637,0.3575333333333333,0.1961,0.6666666666666666,0.6666666666666666,0.6666666666666666,OK,,0.9812333333333334,-0.6237000000000001,0.3643713693650847
E1_no_metadata,Bewick_s_Wren_48ft.wav,Bewick's Wren,Bewick's Wren,48ft,1,1,1.0,Bewick's Wren,0.1707,Orange-crowned Warbler,0.0154,Black-throated Sparrow,0.0149,True,True,True,1,Bewick's Wren,0.1707,Orange-crowned Warbler,0.0154,Black-throated Sparrow,0.0149,True,True,True,1,True,0.1707,0.1707,0.1707,1.0,1.0,1.0,OK,,0.8609,-0.6902,0.19828086885817167
E1_no_metadata,Black_Phoebe_48ft.wav,Black Phoebe,Black Phoebe,48ft,4,3,0.75,Black Phoebe,0.503175,Pacific-slope Flycatcher,0.00705,Jerdon's Nightjar,0.0065,True,True,True,1,Black Phoebe,0.932,Jerdon's Nightjar,0.026,Indian Scops-Owl,0.0212,True,True,True,1,True,0.932,0.503175,0.54035,0.75,0.75,0.75,OK,,0.9997250000000001,-0.49655000000000005,0.5033134111880767
E1_no_metadata,California_Towhee_48ft.wav,California Towhee,California Towhee,48ft,2,2,1.0,California Towhee,0.48965000000000003,Malaysian Pied-Fantail,0.00665,Alpine Swift,0.0065,True,True,True,1,California Towhee,0.6311,Malaysian Pied-Fantail,0.0133,Alpine Swift,0.013,True,True,True,1,True,0.6311,0.48965000000000003,0.48965000000000003,1.0,1.0,1.0,OK,,0.9981,-0.50845,0.4905821060014027
E1_no_metadata,Dark_eyed_Junco_48ft.wav,Dark-eyed Junco,Dark-eyed Junco,48ft,2,2,1.0,Dark-eyed Junco,0.5517,Cirl Bunting,0.24309999999999998,White-winged Crossbill,0.10519999999999999,True,True,True,1,Dark-eyed Junco,0.5911,Cirl Bunting,0.2437,White-winged Crossbill,0.1185,True,True,True,1,True,0.5911,0.5517,0.5517,1.0,1.0,1.0,OK,,0.9764999999999999,-0.42479999999999996,0.5649769585253457
E1_no_metadata,European_Starling_48ft.wav,European Starling,European Starling,48ft,4,1,0.25,Gray Fantail,0.052725,Broad-winged Hawk,0.02165,American Robin,0.02,False,False,False,7,Gray Fantail,0.2109,Broad-winged Hawk,0.0866,American Robin,0.08,False,False,False,7,True,0.0338,0.00845,0.0,0.0,0.25,0.25,OK,,0.344325,-0.335875,0.0245407681696072
E1_no_metadata,Hooded_Oriole_48ft.wav,Hooded Oriole,Hooded Oriole,48ft,4,2,0.5,Western Tanager,0.17052499999999998,Hooded Oriole,0.089325,Malaysian Pied-Fantail,0.0711,False,True,True,2,Western Tanager,0.6585,Hooded Oriole,0.3573,Malaysian Pied-Fantail,0.2844,False,True,True,2,True,0.3573,0.091825,0.005,0.25,0.25,0.25,OK,,0.755325,-0.6635,0.12157018501969351
E1_no_metadata,House_Finch_48ft.wav,House Finch,House Finch,48ft,3,3,1.0,House Finch,0.4684,Two-banded Warbler,0.0704,Blue Grosbeak,0.05416666666666666,True,True,True,1,House Finch,0.9922,Two-banded Warbler,0.2112,Blue Grosbeak,0.1382,True,True,True,1,True,0.9922,0.4684,0.3692,0.6666666666666666,1.0,1.0,OK,,0.6496333333333334,-0.1812333333333334,0.7210221150392528
E1_no_metadata,House_Sparrow_48ft.wav,House Sparrow,House Sparrow,48ft,4,3,0.75,House Sparrow,0.374925,Spanish Sparrow,0.0231,Austral Thrush,0.01005,True,True,True,1,House Sparrow,0.558,Spanish Sparrow,0.0924,Austral Thrush,0.0402,True,True,True,1,True,0.558,0.374925,0.47085,0.75,0.75,0.75,OK,,0.5964,-0.22147500000000003,0.6286468812877263
E1_no_metadata,Lesser_Goldfinch_48ft.wav,Lesser Goldfinch,Lesser Goldfinch,48ft,4,2,0.5,Lesser Goldfinch,0.334775,Pallas's Leaf Warbler,0.09705000000000001,American Goldfinch,0.0484,True,True,True,1,Lesser Goldfinch,0.8851,Pallas's Leaf Warbler,0.3264,Micronesian Myzomela,0.1316,True,True,True,1,True,0.8851,0.334775,0.227,0.5,0.5,0.5,OK,,0.06257499999999999,0.2722,5.349980023971235
E1_no_metadata,Mourning_Dove_48ft.wav,Mourning Dove,Mourning Dove,48ft,3,3,1.0,Mourning Dove,0.5191,Eurasian Eagle-Owl,0.028666666666666663,Buff-spotted Flufftail,0.022666666666666665,True,True,True,1,Mourning Dove,0.9537,Eurasian Eagle-Owl,0.086,Buff-spotted Flufftail,0.0633,True,True,True,1,True,0.9537,0.5191,0.4307,1.0,1.0,1.0,OK,,0.7801,-0.261,0.6654275092936803
E1_no_metadata,Northern_House_Wren_48ft.wav,Northern House Wren,House Wren,48ft,3,2,0.6666666666666666,House Wren,0.3092333333333333,Connecticut Warbler,0.0273,Engine,0.023999999999999997,True,True,True,1,House Wren,0.9277,Connecticut Warbler,0.0819,Kentucky Warbler,0.047,True,True,True,1,True,0.9277,0.31083333333333335,0.0048,0.3333333333333333,0.3333333333333333,0.3333333333333333,OK,,0.7593666666666667,-0.4485333333333334,0.4093323383521355
E1_no_metadata,Northern_Mockingbird_48ft.wav,Northern Mockingbird,Northern Mockingbird,48ft,4,3,0.75,Northern Mockingbird,0.1022,European Greenfinch,0.079825,Song Thrush,0.027674999999999998,True,True,True,1,European Greenfinch,0.3193,Northern Mockingbird,0.2162,Song Thrush,0.0973,False,True,True,2,True,0.2162,0.1022,0.0963,0.5,0.5,0.75,OK,,0.31210000000000004,-0.20990000000000003,0.32745914770906753
E1_no_metadata,Northern_Yellow_Warbler_48ft.wav,Northern Yellow Warbler,Yellow Warbler,48ft,1,1,1.0,Yellow Warbler,0.5094,Clay-colored Sparrow,0.0323,American Redstart,0.0247,True,True,True,1,Yellow Warbler,0.5094,Clay-colored Sparrow,0.0323,American Redstart,0.0247,True,True,True,1,True,0.5094,0.5094,0.5094,1.0,1.0,1.0,OK,,0.9617,-0.45230000000000004,0.5296870125818862
E1_no_metadata,Oak_Titmouse_48ft.wav,Oak Titmouse,Oak Titmouse,48ft,4,3,0.75,Oak Titmouse,0.31095,Carolina Wren,0.048925,Mourning Dove,0.020125,True,True,True,1,Oak Titmouse,0.9687,Carolina Wren,0.17,Mourning Dove,0.0805,True,True,True,1,True,0.9687,0.31094999999999995,0.13755,0.75,0.75,0.75,OK,,0.910375,-0.5994250000000001,0.3415625429081422
E1_no_metadata,Rock_Pigeon_48ft.wav,Rock Pigeon,Rock Pigeon,48ft,3,3,1.0,Rock Pigeon,0.2518,Great Horned Owl,0.09723333333333332,Brown Wood-Owl,0.037399999999999996,True,True,True,1,Rock Pigeon,0.6812,Great Horned Owl,0.172,Greater Coucal,0.0784,True,True,True,1,True,0.6812,0.2518,0.0502,0.3333333333333333,0.6666666666666666,1.0,OK,,0.8856333333333333,-0.6338333333333332,0.2843163084798073
E1_no_metadata,Song_Sparrow_48ft.wav,Song Sparrow,Song Sparrow,48ft,1,1,1.0,Song Sparrow,0.299,Downy Woodpecker,0.0162,Willow Flycatcher,0.0139,True,True,True,1,Song Sparrow,0.299,Downy Woodpecker,0.0162,Willow Flycatcher,0.0139,True,True,True,1,True,0.299,0.299,0.299,1.0,1.0,1.0,OK,,0.9159,-0.6169,0.3264548531499072
E1_no_metadata,Spotted_Towhee_48ft.wav,Spotted Towhee,Spotted Towhee,48ft,2,2,1.0,Cerulean Warbler,0.47905,Spotted Towhee,0.0597,Green-tailed Towhee,0.04525,False,True,True,2,Cerulean Warbler,0.5976,Spotted Towhee,0.0927,Green-tailed Towhee,0.0535,False,True,True,2,True,0.0927,0.0597,0.0597,0.0,0.5,1.0,OK,,0.9761,-0.9164,0.061161766212478236
E2_week_only,American_Robin_1ft.wav,American Robin,American Robin,1ft,4,4,1.0,American Robin,0.9196,Black-headed Grosbeak,0.033125,Song Thrush,0.016649999999999998,True,True,True,1,American Robin,0.9906,Black-headed Grosbeak,0.1026,Black Thrush,0.0547,True,True,True,1,True,0.9906,0.9196,0.9392499999999999,1.0,1.0,1.0,OK,,0.9196,0.0,1.0
E2_week_only,Annas_Hummingbird_1ft.wav,Anna's Hummingbird,Anna's Hummingbird,1ft,4,4,1.0,Anna's Hummingbird,0.94445,Grassland Yellow-Finch,0.029725,Whitehead,0.0094,True,True,True,1,Anna's Hummingbird,0.9953,Grassland Yellow-Finch,0.113,Whitehead,0.0376,True,True,True,1,True,0.9953,0.94445,0.9902500000000001,1.0,1.0,1.0,OK,,0.94445,0.0,1.0
E2_week_only,Barn_Swallow_1ft.wav,Barn Swallow,Barn Swallow,1ft,3,3,1.0,Barn Swallow,0.9812333333333333,Greater Angle-wing,0.025599999999999998,Cliff Swallow,0.017333333333333333,True,True,True,1,Barn Swallow,0.9841,Greater Angle-wing,0.0768,Cliff Swallow,0.052,True,True,True,1,True,0.9841,0.9812333333333334,0.981,1.0,1.0,1.0,OK,,0.9812333333333334,0.0,1.0
E2_week_only,Bewicks_Wren_1ft.wav,Bewick's Wren,Bewick's Wren,1ft,1,1,1.0,Bewick's Wren,0.8609,Black-throated Sparrow,0.1658,Song Sparrow,0.0579,True,True,True,1,Bewick's Wren,0.8609,Black-throated Sparrow,0.1658,Song Sparrow,0.0579,True,True,True,1,True,0.8609,0.8609,0.8609,1.0,1.0,1.0,OK,,0.8609,0.0,1.0
E2_week_only,Black_Phoebe_1ft.wav,Black Phoebe,Black Phoebe,1ft,4,4,1.0,Black Phoebe,0.999725,Eastern Phoebe,0.0007750000000000001,Bushtit,0.000175,True,True,True,1,Black Phoebe,0.9998,Eastern Phoebe,0.0016,Bushtit,0.0005,True,True,True,1,True,0.9998,0.9997250000000001,0.9998,1.0,1.0,1.0,OK,,0.9997250000000001,0.0,1.0
E2_week_only,California_Towhee_1ft.wav,California Towhee,California Towhee,1ft,2,2,1.0,California Towhee,0.9981,Abert's Towhee,0.00385,Spotted Towhee,0.00165,True,True,True,1,California Towhee,0.9986,Abert's Towhee,0.0066,Spotted Towhee,0.0019,True,True,True,1,True,0.9986,0.9981,0.9981,1.0,1.0,1.0,OK,,0.9981,0.0,1.0
E2_week_only,Dark_eyed_Junco_1ft.wav,Dark-eyed Junco,Dark-eyed Junco,1ft,2,2,1.0,Dark-eyed Junco,0.9764999999999999,Swamp Sparrow,0.1421,Chipping Sparrow,0.06275,True,True,True,1,Dark-eyed Junco,0.9843,Swamp Sparrow,0.2367,Chipping Sparrow,0.104,True,True,True,1,True,0.9843,0.9764999999999999,0.9764999999999999,1.0,1.0,1.0,OK,,0.9764999999999999,0.0,1.0
E2_week_only,European_Starling_1ft.wav,European Starling,European Starling,1ft,4,4,1.0,European Starling,0.34175,Rosy Starling,0.09745,Golden-crowned Sparrow,0.0617,True,True,True,1,European Starling,0.7345,Rosy Starling,0.3241,Golden-crowned Sparrow,0.2468,True,True,True,1,True,0.7345,0.344325,0.31625000000000003,0.75,0.75,0.75,OK,,0.344325,0.0,1.0
E2_week_only,Hooded_Oriole_1ft.wav,Hooded Oriole,Hooded Oriole,1ft,4,4,1.0,Hooded Oriole,0.755325,Curve-billed Thrasher,0.23695,Western Tanager,0.0856,True,True,True,1,Hooded Oriole,0.8867,Curve-billed Thrasher,0.7731,Western Tanager,0.3424,True,True,True,1,True,0.8867,0.755325,0.7302,0.75,1.0,1.0,OK,,0.755325,0.0,1.0
E2_week_only,House_Finch_1ft.wav,House Finch,House Finch,1ft,3,3,1.0,House Finch,0.6496333333333334,Sagebrush Sparrow,0.027866666666666665,Purple Finch,0.017233333333333333,True,True,True,1,House Finch,0.6925,Sagebrush Sparrow,0.0561,Blue Grosbeak,0.032,True,True,True,1,True,0.6925,0.6496333333333334,0.6925,1.0,1.0,1.0,OK,,0.6496333333333334,0.0,1.0
E2_week_only,House_Sparrow_1ft.wav,House Sparrow,House Sparrow,1ft,4,4,1.0,House Sparrow,0.5964,Italian Sparrow,0.142475,Spanish Sparrow,0.0412,True,True,True,1,House Sparrow,0.8738,Italian Sparrow,0.2218,Spanish Sparrow,0.1567,True,True,True,1,True,0.8738,0.5964,0.5105500000000001,1.0,1.0,1.0,OK,,0.5964,0.0,1.0
E2_week_only,Lesser_Goldfinch_1ft.wav,Lesser Goldfinch,Lesser Goldfinch,1ft,4,4,1.0,American Goldfinch,0.170175,Lesser Goldfinch,0.0554,Collared Sunbird,0.034775,False,True,True,2,American Goldfinch,0.6807,Collared Sunbird,0.1391,Pallas's Leaf Warbler,0.1162,False,False,True,4,True,0.1137,0.06257499999999999,0.06175,0.5,0.5,0.5,OK,,0.06257499999999999,0.0,1.0
E2_week_only,Mourning_Dove_1ft.wav,Mourning Dove,Mourning Dove,1ft,3,3,1.0,Mourning Dove,0.7801,Buff-spotted Flufftail,0.020966666666666665,White-tipped Dove,0.016266666666666665,True,True,True,1,Mourning Dove,0.9285,Buff-spotted Flufftail,0.0578,White-tipped Dove,0.0394,True,True,True,1,True,0.9285,0.7801,0.8296,1.0,1.0,1.0,OK,,0.7801,0.0,1.0
E2_week_only,Northern_House_Wren_1ft.wav,Northern House Wren,House Wren,1ft,3,3,1.0,House Wren,0.7593666666666667,Marsh Wren,0.04193333333333333,Rufous-crowned Sparrow,0.0268,True,True,True,1,House Wren,0.992,Marsh Wren,0.1221,Rufous-crowned Sparrow,0.0804,True,True,True,1,True,0.992,0.7593666666666667,0.9754,1.0,1.0,1.0,OK,,0.7593666666666667,0.0,1.0
E2_week_only,Northern_Mockingbird_1ft.wav,Northern Mockingbird,Northern Mockingbird,1ft,4,3,0.75,Northern Mockingbird,0.3121,Wrentit,0.08715,Jacky-winter,0.052175,True,True,True,1,Northern Mockingbird,0.5772,Wrentit,0.1834,Jacky-winter,0.1155,True,True,True,1,True,0.5772,0.31210000000000004,0.3356,0.75,0.75,0.75,OK,,0.31210000000000004,0.0,1.0
E2_week_only,Northern_Yellow_Warbler_1ft.wav,Northern Yellow Warbler,Yellow Warbler,1ft,1,1,1.0,Yellow Warbler,0.9617,American Redstart,0.0107,Willow Flycatcher,0.0077,True,True,True,1,Yellow Warbler,0.9617,American Redstart,0.0107,Willow Flycatcher,0.0077,True,True,True,1,True,0.9617,0.9617,0.9617,1.0,1.0,1.0,OK,,0.9617,0.0,1.0
E2_week_only,Oak_Titmouse_1ft.wav,Oak Titmouse,Oak Titmouse,1ft,4,4,1.0,Oak Titmouse,0.9103749999999999,Juniper Titmouse,0.205675,Brown Thrasher,0.044425,True,True,True,1,Oak Titmouse,0.9997,Juniper Titmouse,0.8021,Brown Thrasher,0.1683,True,True,True,1,True,0.9997,0.910375,0.99055,0.75,1.0,1.0,OK,,0.910375,0.0,1.0
E2_week_only,Rock_Pigeon_1ft.wav,Rock Pigeon,Rock Pigeon,1ft,3,3,1.0,Rock Pigeon,0.8856333333333334,Black Phoebe,0.060566666666666664,Engine,0.011899999999999999,True,True,True,1,Rock Pigeon,0.9875,Black Phoebe,0.1134,Engine,0.0266,True,True,True,1,True,0.9875,0.8856333333333333,0.9081,1.0,1.0,1.0,OK,,0.8856333333333333,0.0,1.0
E2_week_only,Song_Sparrow_1ft.wav,Song Sparrow,Song Sparrow,1ft,1,1,1.0,Song Sparrow,0.9159,Swamp Sparrow,0.0088,Virginia Rail,0.0063,True,True,True,1,Song Sparrow,0.9159,Swamp Sparrow,0.0088,Virginia Rail,0.0063,True,True,True,1,True,0.9159,0.9159,0.9159,1.0,1.0,1.0,OK,,0.9159,0.0,1.0
E2_week_only,Spotted_Towhee_1ft.wav,Spotted Towhee,Spotted Towhee,1ft,2,2,1.0,Spotted Towhee,0.9761,Green-tailed Towhee,0.0644,Eastern Towhee,0.01,True,True,True,1,Spotted Towhee,0.9864,Green-tailed Towhee,0.0828,Eastern Towhee,0.014,True,True,True,1,True,0.9864,0.9761,0.9761,1.0,1.0,1.0,OK,,0.9761,0.0,1.0
E2_week_only,American_Robin_4ft.wav,American Robin,American Robin,4ft,4,4,1.0,American Robin,0.937825,Black-headed Grosbeak,0.0483,Black Thrush,0.01295,True,True,True,1,American Robin,0.9948,Black-headed Grosbeak,0.1932,Black Thrush,0.0518,True,True,True,1,True,0.9948,0.937825,0.95505,1.0,1.0,1.0,OK,,0.9196,0.018225000000000047,1.0198183993040453
E2_week_only,Annas_Hummingbird_4ft.wav,Anna's Hummingbird,Anna's Hummingbird,4ft,4,4,1.0,Anna's Hummingbird,0.995975,Bananaquit,0.0014500000000000001,Rufous Hummingbird,0.001375,True,True,True,1,Anna's Hummingbird,0.9993,Rufous Hummingbird,0.0055,Bananaquit,0.005,True,True,True,1,True,0.9993,0.9959749999999999,0.9959,1.0,1.0,1.0,OK,,0.94445,0.05152499999999993,1.0545555614378739
E2_week_only,Barn_Swallow_4ft.wav,Barn Swallow,Barn Swallow,4ft,3,3,1.0,Barn Swallow,0.9994000000000001,Mistle Thrush,0.10213333333333334,Pacific Swallow,0.0299,True,True,True,1,Barn Swallow,0.9996,Mistle Thrush,0.3064,Pacific Swallow,0.0512,True,True,True,1,True,0.9996,0.9994000000000001,0.9995,1.0,1.0,1.0,OK,,0.9812333333333334,0.018166666666666664,1.0185141148894248
E2_week_only,Bewicks_Wren_4ft.wav,Bewick's Wren,Bewick's Wren,4ft,1,1,1.0,Bewick's Wren,0.7954,Black-throated Sparrow,0.0923,Song Sparrow,0.0666,True,True,True,1,Bewick's Wren,0.7954,Black-throated Sparrow,0.0923,Song Sparrow,0.0666,True,True,True,1,True,0.7954,0.7954,0.7954,1.0,1.0,1.0,OK,,0.8609,-0.0655,0.9239168312231386
E2_week_only,Black_Phoebe_4ft.wav,Black Phoebe,Black Phoebe,4ft,4,4,1.0,Black Phoebe,0.998875,Engine,0.0026,Corn Bunting,0.000725,True,True,True,1,Black Phoebe,0.9997,Engine,0.0089,Corn Bunting,0.0029,True,True,True,1,True,0.9997,0.998875,0.99915,1.0,1.0,1.0,OK,,0.9997250000000001,-0.0008500000000001284,0.999149766185701
E2_week_only,California_Towhee_4ft.wav,California Towhee,California Towhee,4ft,2,2,1.0,California Towhee,0.99595,White-throated Towhee,0.0028,Abert's Towhee,0.0015,True,True,True,1,California Towhee,0.9997,White-throated Towhee,0.0056,Abert's Towhee,0.003,True,True,True,1,True,0.9997,0.99595,0.99595,1.0,1.0,1.0,OK,,0.9981,-0.0021499999999999853,0.9978459072237251
E2_week_only,Dark_eyed_Junco_4ft.wav,Dark-eyed Junco,Dark-eyed Junco,4ft,2,2,1.0,Dark-eyed Junco,0.9716,Swamp Sparrow,0.08499999999999999,Chipping Sparrow,0.01985,True,True,True,1,Dark-eyed Junco,0.983,Swamp Sparrow,0.097,Chipping Sparrow,0.0205,True,True,True,1,True,0.983,0.9716,0.9716,1.0,1.0,1.0,OK,,0.9764999999999999,-0.004899999999999904,0.9949820788530467
E2_week_only,European_Starling_4ft.wav,European Starling,European Starling,4ft,4,4,1.0,European Starling,0.262625,Golden-crowned Sparrow,0.118225,Spotless Starling,0.091975,True,True,True,1,European Starling,0.6804,Golden-crowned Sparrow,0.4729,Black-capped Chickadee,0.2679,True,True,True,1,True,0.6804,0.2636,0.18505000000000002,0.5,0.75,0.75,OK,,0.344325,-0.08072499999999999,0.7655557975749655
E2_week_only,Hooded_Oriole_4ft.wav,Hooded Oriole,Hooded Oriole,4ft,4,4,1.0,Hooded Oriole,0.9285249999999999,Western Tanager,0.19455,Curve-billed Thrasher,0.181325,True,True,True,1,Hooded Oriole,0.9994,Western Tanager,0.7782,Curve-billed Thrasher,0.4941,True,True,True,1,True,0.9994,0.928525,0.95705,1.0,1.0,1.0,OK,,0.755325,0.17320000000000002,1.229305265945123
E2_week_only,House_Finch_4ft.wav,House Finch,House Finch,4ft,3,3,1.0,House Finch,0.8809333333333335,Purple Finch,0.0229,Townsend's Solitaire,0.012133333333333335,True,True,True,1,House Finch,0.9675,Purple Finch,0.0473,Townsend's Solitaire,0.0364,True,True,True,1,True,0.9675,0.8809333333333335,0.937,1.0,1.0,1.0,OK,,0.6496333333333334,0.23130000000000006,1.356047000872287
E2_week_only,House_Sparrow_4ft.wav,House Sparrow,House Sparrow,4ft,4,4,1.0,House Sparrow,0.4852,Italian Sparrow,0.039599999999999996,Jungle Myna,0.013775,True,True,True,1,House Sparrow,0.6954,Italian Sparrow,0.1109,Jungle Myna,0.0551,True,True,True,1,True,0.6954,0.4852,0.5511,1.0,1.0,1.0,OK,,0.5964,-0.11120000000000002,0.8135479543930247
E2_week_only,Lesser_Goldfinch_4ft.wav,Lesser Goldfinch,Lesser Goldfinch,4ft,4,4,1.0,Lesser Goldfinch,0.215775,Pallas's Leaf Warbler,0.13624999999999998,American Goldfinch,0.11532500000000001,True,True,True,1,Pallas's Leaf Warbler,0.5406,Collared Sunbird,0.4535,American Goldfinch,0.4459,False,False,True,4,True,0.4046,0.217675,0.22925,0.5,0.75,0.75,OK,,0.06257499999999999,0.15510000000000002,3.4786256492209353
E2_week_only,Mourning_Dove_4ft.wav,Mourning Dove,Mourning Dove,4ft,3,3,1.0,Mourning Dove,0.8314666666666666,Buff-spotted Flufftail,0.02766666666666667,White-tipped Dove,0.0271,True,True,True,1,Mourning Dove,0.9449,Buff-spotted Flufftail,0.083,White-tipped Dove,0.0681,True,True,True,1,True,0.9449,0.8314666666666666,0.8717,1.0,1.0,1.0,OK,,0.7801,0.05136666666666656,1.0658462590266204
E2_week_only,Northern_House_Wren_4ft.wav,Northern House Wren,House Wren,4ft,3,3,1.0,House Wren,0.8470333333333334,Marsh Wren,0.0236,Connecticut Warbler,0.022466666666666666,True,True,True,1,House Wren,0.9978,Marsh Wren,0.0693,Connecticut Warbler,0.0674,True,True,True,1,True,0.9978,0.8470333333333334,0.9954,1.0,1.0,1.0,OK,,0.7593666666666667,0.08766666666666667,1.115447083095562
E2_week_only,Northern_Mockingbird_4ft.wav,Northern Mockingbird,Northern Mockingbird,4ft,4,3,0.75,Northern Mockingbird,0.359625,Brown Thrasher,0.08055,Chinese Blackbird,0.06795,True,True,True,1,Northern Mockingbird,0.8118,Brown Thrasher,0.313,Chalk-browed Mockingbird,0.1514,True,True,True,1,True,0.8118,0.359625,0.31335,0.75,0.75,0.75,OK,,0.31210000000000004,0.04752499999999993,1.1522749118872153
E2_week_only,Northern_Yellow_Warbler_4ft.wav,Northern Yellow Warbler,Yellow Warbler,4ft,1,1,1.0,Yellow Warbler,0.9331,American Redstart,0.0306,Chestnut-sided Warbler,0.0075,True,True,True,1,Yellow Warbler,0.9331,American Redstart,0.0306,Chestnut-sided Warbler,0.0075,True,True,True,1,True,0.9331,0.9331,0.9331,1.0,1.0,1.0,OK,,0.9617,-0.02859999999999996,0.9702609961526464
E2_week_only,Oak_Titmouse_4ft.wav,Oak Titmouse,Oak Titmouse,4ft,4,4,1.0,Oak Titmouse,0.894675,Juniper Titmouse,0.23299999999999998,Carolina Wren,0.006175,True,True,True,1,Oak Titmouse,0.9989,Juniper Titmouse,0.9185,Carolina Wren,0.0227,True,True,True,1,True,0.9989,0.894675,0.9982,0.75,1.0,1.0,OK,,0.910375,-0.015700000000000047,0.9827543594672524
E2_week_only,Rock_Pigeon_4ft.wav,Rock Pigeon,Rock Pigeon,4ft,3,3,1.0,Rock Pigeon,0.9934666666666666,Tawny-browed Owl,0.007866666666666666,Least Bittern,0.0017000000000000001,True,True,True,1,Rock Pigeon,0.9948,Tawny-browed Owl,0.0149,Least Bittern,0.0051,True,True,True,1,True,0.9948,0.9934666666666666,0.9938,1.0,1.0,1.0,OK,,0.8856333333333333,0.10783333333333334,1.1217584402875531
E2_week_only,Song_Sparrow_4ft.wav,Song Sparrow,Song Sparrow,4ft,1,1,1.0,Song Sparrow,0.9624,Swamp Sparrow,0.0028,Bewick's Wren,0.0019,True,True,True,1,Song Sparrow,0.9624,Swamp Sparrow,0.0028,Bewick's Wren,0.0019,True,True,True,1,True,0.9624,0.9624,0.9624,1.0,1.0,1.0,OK,,0.9159,0.046499999999999986,1.050769734687193
E2_week_only,Spotted_Towhee_4ft.wav,Spotted Towhee,Spotted Towhee,4ft,2,2,1.0,Spotted Towhee,0.9879,Green-tailed Towhee,0.06785,Virginia's Warbler,0.0032,True,True,True,1,Spotted Towhee,0.9896,Green-tailed Towhee,0.1019,Virginia's Warbler,0.0044,True,True,True,1,True,0.9896,0.9879,0.9879,1.0,1.0,1.0,OK,,0.9761,0.011800000000000033,1.0120889253150291
E2_week_only,American_Robin_8ft.wav,American Robin,American Robin,8ft,4,4,1.0,American Robin,0.85685,Summer Tanager,0.05635,Black-headed Grosbeak,0.035250000000000004,True,True,True,1,American Robin,0.969,Summer Tanager,0.2135,Black-headed Grosbeak,0.1164,True,True,True,1,True,0.969,0.85685,0.866,1.0,1.0,1.0,OK,,0.9196,-0.06274999999999997,0.9317638103523271
E2_week_only,Annas_Hummingbird_8ft.wav,Anna's Hummingbird,Anna's Hummingbird,8ft,4,4,1.0,Anna's Hummingbird,0.9588,Grassland Yellow-Finch,0.042075,Clay-colored Sparrow,0.024475,True,True,True,1,Anna's Hummingbird,0.9986,Grassland Yellow-Finch,0.1683,Clay-colored Sparrow,0.0979,True,True,True,1,True,0.9986,0.9588000000000001,0.99285,1.0,1.0,1.0,OK,,0.94445,0.014350000000000085,1.015194028270422
E2_week_only,Barn_Swallow_8ft.wav,Barn Swallow,Barn Swallow,8ft,3,3,1.0,Barn Swallow,0.9903666666666666,Red-rumped Swallow,0.03503333333333333,Cliff Swallow,0.024166666666666666,True,True,True,1,Barn Swallow,0.9986,Red-rumped Swallow,0.0892,Cliff Swallow,0.0683,True,True,True,1,True,0.9986,0.9903666666666666,0.9943,1.0,1.0,1.0,OK,,0.9812333333333334,0.009133333333333216,1.0093080137242245
E2_week_only,Bewicks_Wren_8ft.wav,Bewick's Wren,Bewick's Wren,8ft,1,1,1.0,Bewick's Wren,0.8914,Black-throated Sparrow,0.317,Song Sparrow,0.0098,True,True,True,1,Bewick's Wren,0.8914,Black-throated Sparrow,0.317,Song Sparrow,0.0098,True,True,True,1,True,0.8914,0.8914,0.8914,1.0,1.0,1.0,OK,,0.8609,0.03049999999999997,1.0354280404228133
E2_week_only,Black_Phoebe_8ft.wav,Black Phoebe,Black Phoebe,8ft,4,4,1.0,Black Phoebe,0.9989,Tropical Kingbird,0.000425,Eastern Phoebe,0.000375,True,True,True,1,Black Phoebe,0.9996,Eastern Phoebe,0.001,Tropical Kingbird,0.001,True,True,True,1,True,0.9996,0.9988999999999999,0.9988999999999999,1.0,1.0,1.0,OK,,0.9997250000000001,-0.0008250000000001867,0.9991747730625921
E2_week_only,California_Towhee_8ft.wav,California Towhee,California Towhee,8ft,2,2,1.0,California Towhee,0.9963500000000001,Abert's Towhee,0.00105,Nuttall's Woodpecker,0.0007999999999999999,True,True,True,1,California Towhee,0.9996,Abert's Towhee,0.0021,Orange-crowned Warbler,0.0013,True,True,True,1,True,0.9996,0.9963500000000001,0.9963500000000001,1.0,1.0,1.0,OK,,0.9981,-0.0017499999999999183,0.998246668670474
E2_week_only,Dark_eyed_Junco_8ft.wav,Dark-eyed Junco,Dark-eyed Junco,8ft,2,2,1.0,Dark-eyed Junco,0.97185,Swamp Sparrow,0.05315,Chipping Sparrow,0.0158,True,True,True,1,Dark-eyed Junco,0.9858,Swamp Sparrow,0.0669,Chipping Sparrow,0.0211,True,True,True,1,True,0.9858,0.97185,0.97185,1.0,1.0,1.0,OK,,0.9764999999999999,-0.004649999999999932,0.9952380952380953
E2_week_only,European_Starling_8ft.wav,European Starling,European Starling,8ft,4,3,0.75,European Starling,0.1441,Rusty Blackbird,0.110525,Spotless Starling,0.084625,True,True,True,1,Rusty Blackbird,0.4225,European Starling,0.3068,Spotless Starling,0.2851,False,True,True,2,True,0.3068,0.1441,0.1348,0.25,0.75,0.75,OK,,0.344325,-0.200225,0.41849996369708853
E2_week_only,Hooded_Oriole_8ft.wav,Hooded Oriole,Hooded Oriole,8ft,4,4,1.0,Hooded Oriole,0.6775,Western Tanager,0.21575,Curve-billed Thrasher,0.026075,True,True,True,1,Hooded Oriole,0.9939,Western Tanager,0.863,Curve-billed Thrasher,0.0992,True,True,True,1,True,0.9939,0.6775,0.6833,0.75,1.0,1.0,OK,,0.755325,-0.07782500000000003,0.8969648826664018
E2_week_only,House_Finch_8ft.wav,House Finch,House Finch,8ft,3,3,1.0,House Finch,0.2994,European Robin,0.037200000000000004,Red-whiskered Bulbul,0.013566666666666666,True,True,True,1,House Finch,0.6912,European Robin,0.0646,Red-whiskered Bulbul,0.0407,True,True,True,1,True,0.6912,0.29940000000000005,0.1712,0.6666666666666666,1.0,1.0,OK,,0.6496333333333334,-0.35023333333333334,0.46087536559084613
E2_week_only,House_Sparrow_8ft.wav,House Sparrow,House Sparrow,8ft,4,4,1.0,House Sparrow,0.288925,Italian Sparrow,0.054025000000000004,Reed Bunting,0.015475000000000001,True,True,True,1,House Sparrow,0.3691,Italian Sparrow,0.0951,Reed Bunting,0.0517,True,True,True,1,True,0.3691,0.288925,0.30365000000000003,1.0,1.0,1.0,OK,,0.5964,-0.30747500000000005,0.4844483568075117
E2_week_only,Lesser_Goldfinch_8ft.wav,Lesser Goldfinch,Lesser Goldfinch,8ft,4,4,1.0,Lesser Goldfinch,0.191025,American Goldfinch,0.0565,Black-faced Brushfinch,0.0411,True,True,True,1,Lesser Goldfinch,0.4873,American Goldfinch,0.226,Black-faced Brushfinch,0.1644,True,True,True,1,True,0.4873,0.1922,0.1384,0.5,0.75,0.75,OK,,0.06257499999999999,0.12962500000000002,3.0715141829804242
E2_week_only,Mourning_Dove_8ft.wav,Mourning Dove,Mourning Dove,8ft,3,3,1.0,White-tipped Dove,0.23196666666666665,Mourning Dove,0.21356666666666665,Black Phoebe,0.1939,False,True,True,2,Mourning Dove,0.5156,Black Phoebe,0.4863,White-tipped Dove,0.3808,True,True,True,1,True,0.5156,0.21356666666666665,0.1052,0.3333333333333333,0.6666666666666666,1.0,OK,,0.7801,-0.5665333333333333,0.2737683203008161
E2_week_only,Northern_House_Wren_8ft.wav,Northern House Wren,House Wren,8ft,3,3,1.0,House Wren,0.7113666666666667,Rufous-crowned Sparrow,0.0322,Yellow-green Vireo,0.03213333333333333,True,True,True,1,House Wren,0.9958,Rufous-crowned Sparrow,0.0966,Yellow-green Vireo,0.0964,True,True,True,1,True,0.9958,0.7113666666666667,0.9912,1.0,1.0,1.0,OK,,0.7593666666666667,-0.04800000000000004,0.9367894297879812
E2_week_only,Northern_Mockingbird_8ft.wav,Northern Mockingbird,Northern Mockingbird,8ft,4,4,1.0,Northern Mockingbird,0.457025,Tropical Mockingbird,0.15812500000000002,Jacky-winter,0.15227500000000002,True,True,True,1,Northern Mockingbird,0.8684,Jacky-winter,0.547,Tropical Mockingbird,0.4621,True,True,True,1,True,0.8684,0.4608,0.47985,0.75,0.75,0.75,OK,,0.31210000000000004,0.14869999999999994,1.4764498558154435
E2_week_only,Northern_Yellow_Warbler_8ft.wav,Northern Yellow Warbler,Yellow Warbler,8ft,1,1,1.0,Yellow Warbler,0.9017,Black Phoebe,0.0411,Willow Flycatcher,0.0056,True,True,True,1,Yellow Warbler,0.9017,Black Phoebe,0.0411,Willow Flycatcher,0.0056,True,True,True,1,True,0.9017,0.9017,0.9017,1.0,1.0,1.0,OK,,0.9617,-0.06000000000000005,0.9376104814391182
E2_week_only,Oak_Titmouse_8ft.wav,Oak Titmouse,Oak Titmouse,8ft,4,4,1.0,Oak Titmouse,0.7524,Black Phoebe,0.01995,Carolina Wren,0.00715,True,True,True,1,Oak Titmouse,0.9995,Black Phoebe,0.063,Juniper Titmouse,0.0268,True,True,True,1,True,0.9995,0.7524,0.997,0.75,1.0,1.0,OK,,0.910375,-0.1579750000000001,0.8264726074419881
E2_week_only,Rock_Pigeon_8ft.wav,Rock Pigeon,Rock Pigeon,8ft,3,3,1.0,Rock Pigeon,0.9980666666666668,Black Phoebe,0.14336666666666667,Tawny-browed Owl,0.008933333333333333,True,True,True,1,Rock Pigeon,0.9995,Black Phoebe,0.2282,Tawny-browed Owl,0.011,True,True,True,1,True,0.9995,0.9980666666666668,0.9981,1.0,1.0,1.0,OK,,0.8856333333333333,0.1124333333333335,1.1269524633971923
E2_week_only,Song_Sparrow_8ft.wav,Song Sparrow,Song Sparrow,8ft,1,1,1.0,Song Sparrow,0.9496,Swamp Sparrow,0.0057,Virginia Rail,0.0019,True,True,True,1,Song Sparrow,0.9496,Swamp Sparrow,0.0057,Virginia Rail,0.0019,True,True,True,1,True,0.9496,0.9496,0.9496,1.0,1.0,1.0,OK,,0.9159,0.03369999999999995,1.0367944098700732
E2_week_only,Spotted_Towhee_8ft.wav,Spotted Towhee,Spotted Towhee,8ft,2,2,1.0,Spotted Towhee,0.9726,Green-tailed Towhee,0.06509999999999999,Yellow-eyed Junco,0.0058,True,True,True,1,Spotted Towhee,0.9755,Green-tailed Towhee,0.0875,Eastern Towhee,0.0099,True,True,True,1,True,0.9755,0.9726,0.9726,1.0,1.0,1.0,OK,,0.9761,-0.0034999999999999476,0.9964143018133389
E2_week_only,American_Robin_12ft.wav,American Robin,American Robin,12ft,4,4,1.0,American Robin,0.7108,Black-headed Grosbeak,0.07669999999999999,Summer Tanager,0.058525,True,True,True,1,American Robin,0.8056,Black-headed Grosbeak,0.2784,Summer Tanager,0.2341,True,True,True,1,True,0.8056,0.7108,0.71375,1.0,1.0,1.0,OK,,0.9196,-0.20879999999999999,0.7729447585906916
E2_week_only,Annas_Hummingbird_12ft.wav,Anna's Hummingbird,Anna's Hummingbird,12ft,4,4,1.0,Anna's Hummingbird,0.98305,Black Redstart,0.00715,Clay-colored Sparrow,0.005375,True,True,True,1,Anna's Hummingbird,0.9994,Black Redstart,0.0227,Rufous Hummingbird,0.0184,True,True,True,1,True,0.9994,0.98305,0.9964999999999999,1.0,1.0,1.0,OK,,0.94445,0.03859999999999997,1.0408703478214834
E2_week_only,Barn_Swallow_12ft.wav,Barn Swallow,Barn Swallow,12ft,3,3,1.0,Barn Swallow,0.9975333333333333,Cliff Swallow,0.08633333333333333,Pacific Swallow,0.03166666666666667,True,True,True,1,Barn Swallow,0.9988,Cliff Swallow,0.2432,Pacific Swallow,0.0861,True,True,True,1,True,0.9988,0.9975333333333335,0.9977,1.0,1.0,1.0,OK,,0.9812333333333334,0.016300000000000092,1.0166117471209704
E2_week_only,Bewicks_Wren_12ft.wav,Bewick's Wren,Bewick's Wren,12ft,1,1,1.0,Bewick's Wren,0.8706,Black-throated Sparrow,0.0809,Song Sparrow,0.0201,True,True,True,1,Bewick's Wren,0.8706,Black-throated Sparrow,0.0809,Song Sparrow,0.0201,True,True,True,1,True,0.8706,0.8706,0.8706,1.0,1.0,1.0,OK,,0.8609,0.009700000000000042,1.0112672784295504
E2_week_only,Black_Phoebe_12ft.wav,Black Phoebe,Black Phoebe,12ft,4,4,1.0,Black Phoebe,0.994775,Common Virtuoso Katydid,0.0179,Song Sparrow,0.0034,True,True,True,1,Black Phoebe,0.9997,Common Virtuoso Katydid,0.0363,Song Sparrow,0.0136,True,True,True,1,True,0.9997,0.994775,0.99475,1.0,1.0,1.0,OK,,0.9997250000000001,-0.004950000000000121,0.9950486383755531
E2_week_only,California_Towhee_12ft.wav,California Towhee,California Towhee,12ft,2,2,1.0,California Towhee,0.99515,Abert's Towhee,0.00385,Orange-crowned Warbler,0.00045,True,True,True,1,California Towhee,0.999,Abert's Towhee,0.0072,Orange-crowned Warbler,0.0009,True,True,True,1,True,0.999,0.99515,0.99515,1.0,1.0,1.0,OK,,0.9981,-0.002950000000000008,0.9970443843302275
E2_week_only,Dark_eyed_Junco_12ft.wav,Dark-eyed Junco,Dark-eyed Junco,12ft,2,2,1.0,Dark-eyed Junco,0.9493,Cirl Bunting,0.06085,Chipping Sparrow,0.024800000000000003,True,True,True,1,Dark-eyed Junco,0.9696,Cirl Bunting,0.0754,Chipping Sparrow,0.0369,True,True,True,1,True,0.9696,0.9493,0.9493,1.0,1.0,1.0,OK,,0.9764999999999999,-0.02719999999999989,0.9721454173067078
E2_week_only,European_Starling_12ft.wav,European Starling,European Starling,12ft,4,3,0.75,European Starling,0.192225,Freckle-breasted Thornbird,0.10615,Rusty Blackbird,0.078775,True,True,True,1,European Starling,0.562,Freckle-breasted Thornbird,0.4246,Broad-winged Hawk,0.2969,True,True,True,1,True,0.562,0.192225,0.10345,0.5,0.5,0.75,OK,,0.344325,-0.15209999999999999,0.5582661729470704
E2_week_only,Hooded_Oriole_12ft.wav,Hooded Oriole,Hooded Oriole,12ft,4,4,1.0,Hooded Oriole,0.62715,Western Tanager,0.211625,Orchard Oriole,0.0402,True,True,True,1,Hooded Oriole,0.9354,Western Tanager,0.8465,Orchard Oriole,0.1422,True,True,True,1,True,0.9354,0.6271499999999999,0.6563,0.75,1.0,1.0,OK,,0.755325,-0.12817500000000015,0.8303048356667657
E2_week_only,House_Finch_12ft.wav,House Finch,House Finch,12ft,3,3,1.0,House Finch,0.6542,Red-whiskered Bulbul,0.0376,Purple Finch,0.028300000000000002,True,True,True,1,House Finch,0.9257,Red-whiskered Bulbul,0.1128,Orchard Oriole,0.0505,True,True,True,1,True,0.9257,0.6542,0.7589,1.0,1.0,1.0,OK,,0.6496333333333334,0.004566666666666608,1.007029606444661
E2_week_only,House_Sparrow_12ft.wav,House Sparrow,House Sparrow,12ft,4,4,1.0,House Sparrow,0.463075,Italian Sparrow,0.044075,Yellow-legged Thrush,0.012175,True,True,True,1,House Sparrow,0.7826,Italian Sparrow,0.0736,Yellow-legged Thrush,0.0433,True,True,True,1,True,0.7826,0.463075,0.42164999999999997,1.0,1.0,1.0,OK,,0.5964,-0.13332500000000003,0.7764503688799463
E2_week_only,Lesser_Goldfinch_12ft.wav,Lesser Goldfinch,Lesser Goldfinch,12ft,4,3,0.75,Lesser Goldfinch,0.2004,Pallas's Leaf Warbler,0.18427500000000002,American Goldfinch,0.05,True,True,True,1,Pallas's Leaf Warbler,0.6538,Lesser Goldfinch,0.443,American Goldfinch,0.1928,False,True,True,2,True,0.443,0.20382499999999998,0.18614999999999998,0.5,0.5,0.5,OK,,0.06257499999999999,0.14125,3.2572912504994007
E2_week_only,Mourning_Dove_12ft.wav,Mourning Dove,Mourning Dove,12ft,3,3,1.0,Mourning Dove,0.5309,White-tipped Dove,0.10583333333333333,Eurasian Collared-Dove,0.08789999999999999,True,True,True,1,Mourning Dove,0.9556,Eurasian Collared-Dove,0.2432,White-tipped Dove,0.2289,True,True,True,1,True,0.9556,0.5309,0.4292,0.6666666666666666,1.0,1.0,OK,,0.7801,-0.24919999999999998,0.6805537751570312
E2_week_only,Northern_House_Wren_12ft.wav,Northern House Wren,House Wren,12ft,3,3,1.0,House Wren,0.7785666666666667,Marsh Wren,0.1336,Bell's Vireo,0.05386666666666667,True,True,True,1,House Wren,0.9941,Marsh Wren,0.4008,Bell's Vireo,0.1616,True,True,True,1,True,0.9941,0.7785666666666667,0.9864,0.6666666666666666,1.0,1.0,OK,,0.7593666666666667,0.019199999999999995,1.0252842280848076
E2_week_only,Northern_Mockingbird_12ft.wav,Northern Mockingbird,Northern Mockingbird,12ft,4,3,0.75,Northern Mockingbird,0.3063,Chinese Blackbird,0.086425,Tropical Mockingbird,0.033825,True,True,True,1,Northern Mockingbird,0.7178,Chinese Blackbird,0.3301,Brown Thrasher,0.1271,True,True,True,1,True,0.7178,0.3063,0.2537,0.5,0.75,0.75,OK,,0.31210000000000004,-0.005800000000000027,0.9814162127523229
E2_week_only,Northern_Yellow_Warbler_12ft.wav,Northern Yellow Warbler,Yellow Warbler,12ft,1,1,1.0,Yellow Warbler,0.8782,American Redstart,0.0408,Wilson's Warbler,0.0172,True,True,True,1,Yellow Warbler,0.8782,American Redstart,0.0408,Wilson's Warbler,0.0172,True,True,True,1,True,0.8782,0.8782,0.8782,1.0,1.0,1.0,OK,,0.9617,-0.08350000000000002,0.9131745866694395
E2_week_only,Oak_Titmouse_12ft.wav,Oak Titmouse,Oak Titmouse,12ft,4,4,1.0,Oak Titmouse,0.76805,Juniper Titmouse,0.047925,Carolina Wren,0.00585,True,True,True,1,Oak Titmouse,0.9991,Juniper Titmouse,0.1665,Sahel Bush Sparrow,0.0127,True,True,True,1,True,0.9991,0.76805,0.9984,0.75,1.0,1.0,OK,,0.910375,-0.14232500000000003,0.8436633255526569
E2_week_only,Rock_Pigeon_12ft.wav,Rock Pigeon,Rock Pigeon,12ft,3,3,1.0,Rock Pigeon,0.9921666666666668,Tawny-browed Owl,0.02363333333333333,American Crow,0.018699999999999998,True,True,True,1,Rock Pigeon,0.9948,American Crow,0.0561,Tawny-browed Owl,0.0411,True,True,True,1,True,0.9948,0.9921666666666668,0.9946,1.0,1.0,1.0,OK,,0.8856333333333333,0.10653333333333348,1.120290564191351
E2_week_only,Song_Sparrow_12ft.wav,Song Sparrow,Song Sparrow,12ft,1,1,1.0,Song Sparrow,0.9502,Swamp Sparrow,0.0033,Downy Woodpecker,0.0022,True,True,True,1,Song Sparrow,0.9502,Swamp Sparrow,0.0033,Downy Woodpecker,0.0022,True,True,True,1,True,0.9502,0.9502,0.9502,1.0,1.0,1.0,OK,,0.9159,0.0343,1.0374495032208757
E2_week_only,Spotted_Towhee_12ft.wav,Spotted Towhee,Spotted Towhee,12ft,2,2,1.0,Spotted Towhee,0.97085,Green-tailed Towhee,0.0504,Yellow-eyed Junco,0.005,True,True,True,1,Spotted Towhee,0.9848,Green-tailed Towhee,0.0615,Yellow-eyed Junco,0.0057,True,True,True,1,True,0.9848,0.97085,0.97085,1.0,1.0,1.0,OK,,0.9761,-0.005249999999999977,0.9946214527200082
E2_week_only,American_Robin_24ft.wav,American Robin,American Robin,24ft,4,4,1.0,American Robin,0.620475,Pale Thrush,0.06995,Black-headed Grosbeak,0.064275,True,True,True,1,American Robin,0.6834,Black-headed Grosbeak,0.2571,Pale Thrush,0.2365,True,True,True,1,True,0.6834,0.620475,0.63645,1.0,1.0,1.0,OK,,0.9196,-0.299125,0.6747227055241409
E2_week_only,Annas_Hummingbird_24ft.wav,Anna's Hummingbird,Anna's Hummingbird,24ft,4,4,1.0,Anna's Hummingbird,0.915325,Blue-winged Warbler,0.050625,Golden-winged Warbler,0.011075,True,True,True,1,Anna's Hummingbird,0.9968,Blue-winged Warbler,0.2025,Golden-winged Warbler,0.0443,True,True,True,1,True,0.9968,0.915325,0.9337500000000001,1.0,1.0,1.0,OK,,0.94445,-0.029124999999999956,0.9691619461061994
E2_week_only,Barn_Swallow_24ft.wav,Barn Swallow,Barn Swallow,24ft,3,3,1.0,Barn Swallow,0.7226333333333333,Cliff Swallow,0.0546,Western Kingbird,0.035366666666666664,True,True,True,1,Barn Swallow,0.9924,Cliff Swallow,0.1638,Western Kingbird,0.1061,True,True,True,1,True,0.9924,0.7226333333333333,0.6192,1.0,1.0,1.0,OK,,0.9812333333333334,-0.25860000000000005,0.7364541223630126
E2_week_only,Bewicks_Wren_24ft.wav,Bewick's Wren,Bewick's Wren,24ft,1,1,1.0,Bewick's Wren,0.1983,Song Sparrow,0.1771,Grassland Sparrow,0.0253,True,True,True,1,Bewick's Wren,0.1983,Song Sparrow,0.1771,Grassland Sparrow,0.0253,True,True,True,1,True,0.1983,0.1983,0.1983,1.0,1.0,1.0,OK,,0.8609,-0.6626,0.23034034150307817
E2_week_only,Black_Phoebe_24ft.wav,Black Phoebe,Black Phoebe,24ft,4,4,1.0,Black Phoebe,0.995575,Common Virtuoso Katydid,0.073025,Fork-tailed Bush Katydid,0.015075,True,True,True,1,Black Phoebe,0.9995,Common Virtuoso Katydid,0.1929,Fork-tailed Bush Katydid,0.0465,True,True,True,1,True,0.9995,0.9955750000000001,0.99505,1.0,1.0,1.0,OK,,0.9997250000000001,-0.004149999999999987,0.99584885843607
E2_week_only,California_Towhee_24ft.wav,California Towhee,California Towhee,24ft,2,2,1.0,California Towhee,0.9838,Louisiana Waterthrush,0.00815,Abert's Towhee,0.0046,True,True,True,1,California Towhee,0.9971,Louisiana Waterthrush,0.0163,Abert's Towhee,0.0092,True,True,True,1,True,0.9971,0.9838,0.9838,1.0,1.0,1.0,OK,,0.9981,-0.01429999999999998,0.9856727782787296
E2_week_only,Dark_eyed_Junco_24ft.wav,Dark-eyed Junco,Dark-eyed Junco,24ft,2,2,1.0,Dark-eyed Junco,0.7918000000000001,Pine Warbler,0.20579999999999998,Chipping Sparrow,0.0733,True,True,True,1,Dark-eyed Junco,0.9113,Pine Warbler,0.3787,Chipping Sparrow,0.091,True,True,True,1,True,0.9113,0.7918000000000001,0.7918000000000001,1.0,1.0,1.0,OK,,0.9764999999999999,-0.18469999999999986,0.8108550947260625
E2_week_only,European_Starling_24ft.wav,European Starling,European Starling,24ft,4,3,0.75,European Starling,0.0684,American Robin,0.061725,Rusty Blackbird,0.0466,True,True,True,1,European Starling,0.2317,American Robin,0.1241,Rusty Blackbird,0.0919,True,True,True,1,True,0.2317,0.076375,0.0369,0.25,0.5,0.5,OK,,0.344325,-0.26795,0.22181078922529587
E2_week_only,Hooded_Oriole_24ft.wav,Hooded Oriole,Hooded Oriole,24ft,4,4,1.0,Hooded Oriole,0.639725,Western Tanager,0.2262,Orchard Oriole,0.0484,True,True,True,1,Hooded Oriole,0.9843,Western Tanager,0.9048,Orchard Oriole,0.1281,True,True,True,1,True,0.9843,0.639725,0.6856,0.75,1.0,1.0,OK,,0.755325,-0.11560000000000004,0.846953298249098
E2_week_only,House_Finch_24ft.wav,House Finch,House Finch,24ft,3,3,1.0,House Finch,0.19083333333333333,European Greenfinch,0.09013333333333333,European Robin,0.06453333333333333,True,True,True,1,House Finch,0.4622,European Greenfinch,0.2704,European Robin,0.1936,True,True,True,1,True,0.4622,0.19163333333333332,0.1103,0.6666666666666666,0.6666666666666666,0.6666666666666666,OK,,0.6496333333333334,-0.4580000000000001,0.29498691569603364
E2_week_only,House_Sparrow_24ft.wav,House Sparrow,House Sparrow,24ft,4,4,1.0,House Sparrow,0.5459,Yellow-legged Thrush,0.038225,Italian Sparrow,0.036375000000000005,True,True,True,1,House Sparrow,0.8031,Yellow-legged Thrush,0.1529,Italian Sparrow,0.0734,True,True,True,1,True,0.8031,0.5458999999999999,0.60955,1.0,1.0,1.0,OK,,0.5964,-0.0505000000000001,0.9153252850435948
E2_week_only,Lesser_Goldfinch_24ft.wav,Lesser Goldfinch,Lesser Goldfinch,24ft,4,2,0.5,Pallas's Leaf Warbler,0.11155000000000001,Oriental Magpie-Robin,0.0995,Lesser Goldfinch,0.08072499999999999,False,True,True,3,Pallas's Leaf Warbler,0.4307,Collared Sunbird,0.2713,Oriental Magpie-Robin,0.2157,False,False,True,4,True,0.1727,0.08072499999999999,0.0751,0.25,0.5,0.5,OK,,0.06257499999999999,0.01815,1.2900519376747903
E2_week_only,Mourning_Dove_24ft.wav,Mourning Dove,Mourning Dove,24ft,3,3,1.0,Mourning Dove,0.8266333333333334,Buff-spotted Flufftail,0.056266666666666666,White-tipped Dove,0.054433333333333334,True,True,True,1,Mourning Dove,0.9472,Buff-spotted Flufftail,0.1525,White-tipped Dove,0.1278,True,True,True,1,True,0.9472,0.8266333333333334,0.8334,1.0,1.0,1.0,OK,,0.7801,0.046533333333333426,1.0596504721616888
E2_week_only,Northern_House_Wren_24ft.wav,Northern House Wren,House Wren,24ft,3,3,1.0,House Wren,0.7959333333333333,Marsh Wren,0.20953333333333335,Dark-necked Tailorbird,0.0188,True,True,True,1,House Wren,0.9771,Marsh Wren,0.6286,Dark-necked Tailorbird,0.0564,True,True,True,1,True,0.9771,0.7959333333333333,0.9749,0.6666666666666666,1.0,1.0,OK,,0.7593666666666667,0.036566666666666525,1.0481541635573501
E2_week_only,Northern_Mockingbird_24ft.wav,Northern Mockingbird,Northern Mockingbird,24ft,4,3,0.75,Northern Mockingbird,0.1144,Jacky-winter,0.04,Tropical Mockingbird,0.036475,True,True,True,1,Northern Mockingbird,0.3493,Jacky-winter,0.16,Tropical Mockingbird,0.1269,True,True,True,1,True,0.3493,0.12229999999999999,0.06995,0.5,0.5,0.5,OK,,0.31210000000000004,-0.18980000000000005,0.39186158282601724
E2_week_only,Northern_Yellow_Warbler_24ft.wav,Northern Yellow Warbler,Yellow Warbler,24ft,1,1,1.0,Yellow Warbler,0.6093,Mourning Dove,0.1114,Brown Boobook,0.072,True,True,True,1,Yellow Warbler,0.6093,Mourning Dove,0.1114,Brown Boobook,0.072,True,True,True,1,True,0.6093,0.6093,0.6093,1.0,1.0,1.0,OK,,0.9617,-0.35240000000000005,0.6335655609857543
E2_week_only,Oak_Titmouse_24ft.wav,Oak Titmouse,Oak Titmouse,24ft,4,4,1.0,Oak Titmouse,0.7583500000000001,Carolina Wren,0.061075,Bar-throated Apalis,0.0193,True,True,True,1,Oak Titmouse,0.9995,Carolina Wren,0.1734,Bar-throated Apalis,0.0772,True,True,True,1,True,0.9995,0.7583500000000001,0.9982500000000001,0.75,1.0,1.0,OK,,0.910375,-0.15202499999999997,0.833008375669367
E2_week_only,Rock_Pigeon_24ft.wav,Rock Pigeon,Rock Pigeon,24ft,3,3,1.0,Rock Pigeon,0.9758333333333334,Tawny-browed Owl,0.0583,Engine,0.0077333333333333325,True,True,True,1,Rock Pigeon,0.9938,Tawny-browed Owl,0.1094,Engine,0.0169,True,True,True,1,True,0.9938,0.9758333333333334,0.9708,1.0,1.0,1.0,OK,,0.8856333333333333,0.09020000000000017,1.1018480183672703
E2_week_only,Song_Sparrow_24ft.wav,Song Sparrow,Song Sparrow,24ft,1,1,1.0,Song Sparrow,0.6543,Swamp Sparrow,0.0087,Clay-colored Sparrow,0.0032,True,True,True,1,Song Sparrow,0.6543,Swamp Sparrow,0.0087,Clay-colored Sparrow,0.0032,True,True,True,1,True,0.6543,0.6543,0.6543,1.0,1.0,1.0,OK,,0.9159,-0.26160000000000005,0.7143792990501145
E2_week_only,Spotted_Towhee_24ft.wav,Spotted Towhee,Spotted Towhee,24ft,2,2,1.0,Spotted Towhee,0.9065,Green-tailed Towhee,0.0487,Yellow-eyed Junco,0.00795,True,True,True,1,Spotted Towhee,0.9325,Green-tailed Towhee,0.0601,Yellow-eyed Junco,0.0094,True,True,True,1,True,0.9325,0.9065,0.9065,1.0,1.0,1.0,OK,,0.9761,-0.0696,0.9286958303452515
E2_week_only,American_Robin_36ft.wav,American Robin,American Robin,36ft,4,4,1.0,American Robin,0.49185,Pale Thrush,0.0552,Austral Thrush,0.048,True,True,True,1,American Robin,0.5516,Austral Thrush,0.1778,Pale Thrush,0.1236,True,True,True,1,True,0.5516,0.49185,0.51195,1.0,1.0,1.0,OK,,0.9196,-0.42774999999999996,0.5348521096128752
E2_week_only,Annas_Hummingbird_36ft.wav,Anna's Hummingbird,Anna's Hummingbird,36ft,4,4,1.0,Anna's Hummingbird,0.941225,Black Redstart,0.01615,Whitehead,0.013925,True,True,True,1,Anna's Hummingbird,0.9977,Black Redstart,0.0473,Horned Guan,0.0401,True,True,True,1,True,0.9977,0.941225,0.94415,1.0,1.0,1.0,OK,,0.94445,-0.0032250000000000334,0.9965853142040341
E2_week_only,Barn_Swallow_36ft.wav,Barn Swallow,Barn Swallow,36ft,3,3,1.0,Barn Swallow,0.7431666666666666,Gray-throated Leaftosser,0.0179,Australian Logrunner,0.0105,True,True,True,1,Barn Swallow,0.9801,Gray-throated Leaftosser,0.0537,Australian Logrunner,0.0315,True,True,True,1,True,0.9801,0.7431666666666666,0.788,1.0,1.0,1.0,OK,,0.9812333333333334,-0.23806666666666676,0.7573801678160138
E2_week_only,Bewicks_Wren_36ft.wav,Bewick's Wren,Bewick's Wren,36ft,1,1,1.0,Bewick's Wren,0.4043,Siberian Blue Robin,0.0499,Song Sparrow,0.026,True,True,True,1,Bewick's Wren,0.4043,Siberian Blue Robin,0.0499,Song Sparrow,0.026,True,True,True,1,True,0.4043,0.4043,0.4043,1.0,1.0,1.0,OK,,0.8609,-0.4566,0.4696248112440469
E2_week_only,Black_Phoebe_36ft.wav,Black Phoebe,Black Phoebe,36ft,4,4,1.0,Black Phoebe,0.99785,Common Virtuoso Katydid,0.013349999999999999,Patagonian Tyrant,0.003475,True,True,True,1,Black Phoebe,0.9994,Common Virtuoso Katydid,0.0411,Patagonian Tyrant,0.0086,True,True,True,1,True,0.9994,0.99785,0.9984,1.0,1.0,1.0,OK,,0.9997250000000001,-0.001875000000000071,0.998124484233164
E2_week_only,California_Towhee_36ft.wav,California Towhee,California Towhee,36ft,2,2,1.0,California Towhee,0.99195,Louisiana Waterthrush,0.0184,Northern Waterthrush,0.0091,True,True,True,1,California Towhee,0.9984,Louisiana Waterthrush,0.0283,Orange-crowned Warbler,0.013,True,True,True,1,True,0.9984,0.99195,0.99195,1.0,1.0,1.0,OK,,0.9981,-0.006149999999999989,0.9938382927562368
E2_week_only,Dark_eyed_Junco_36ft.wav,Dark-eyed Junco,Dark-eyed Junco,36ft,2,2,1.0,Dark-eyed Junco,0.85165,Pine Warbler,0.08615,Cirl Bunting,0.08315,True,True,True,1,Dark-eyed Junco,0.8534,Cirl Bunting,0.128,Pine Warbler,0.0872,True,True,True,1,True,0.8534,0.85165,0.85165,1.0,1.0,1.0,OK,,0.9764999999999999,-0.1248499999999999,0.8721454173067077
E2_week_only,European_Starling_36ft.wav,European Starling,European Starling,36ft,4,3,0.75,Rusty Blackbird,0.0918,Common Grackle,0.061024999999999996,American Robin,0.0396,False,False,True,5,Rusty Blackbird,0.3128,Common Grackle,0.1913,Broad-winged Hawk,0.1531,False,False,False,8,True,0.059,0.03035,0.0312,0.0,0.5,0.5,OK,,0.344325,-0.313975,0.08814346910622231
E2_week_only,Hooded_Oriole_36ft.wav,Hooded Oriole,Hooded Oriole,36ft,4,4,1.0,Hooded Oriole,0.257175,Western Tanager,0.182825,Curve-billed Thrasher,0.05095,True,True,True,1,Western Tanager,0.7313,Hooded Oriole,0.5376,Curve-billed Thrasher,0.1487,False,True,True,2,True,0.5376,0.257175,0.1769,0.5,1.0,1.0,OK,,0.755325,-0.49815000000000004,0.3404825737265415
E2_week_only,House_Finch_36ft.wav,House Finch,House Finch,36ft,3,3,1.0,House Finch,0.48466666666666663,European Robin,0.08176666666666667,Purple Finch,0.0721,True,True,True,1,House Finch,0.7507,European Robin,0.1754,Purple Finch,0.1382,True,True,True,1,True,0.7507,0.48466666666666663,0.6315,0.6666666666666666,1.0,1.0,OK,,0.6496333333333334,-0.16496666666666676,0.7460618810611113
E2_week_only,House_Sparrow_36ft.wav,House Sparrow,House Sparrow,36ft,4,4,1.0,House Sparrow,0.419625,Square-tailed Bulbul,0.052975,Spanish Sparrow,0.038875,True,True,True,1,House Sparrow,0.5626,Square-tailed Bulbul,0.2119,Spanish Sparrow,0.1513,True,True,True,1,True,0.5626,0.419625,0.39215,1.0,1.0,1.0,OK,,0.5964,-0.17677500000000002,0.7035965794768612
E2_week_only,Lesser_Goldfinch_36ft.wav,Lesser Goldfinch,Lesser Goldfinch,36ft,4,2,0.5,Lesser Goldfinch,0.092525,Oriental Magpie-Robin,0.07345,Collared Sunbird,0.043275,True,True,True,1,Lesser Goldfinch,0.3181,Collared Sunbird,0.1731,Oriental Magpie-Robin,0.1486,True,True,True,1,True,0.3181,0.092525,0.026,0.25,0.5,0.5,OK,,0.06257499999999999,0.029950000000000004,1.478625649220935
E2_week_only,Mourning_Dove_36ft.wav,Mourning Dove,Mourning Dove,36ft,3,3,1.0,Mourning Dove,0.8233333333333333,Buff-spotted Flufftail,0.1143,White-tipped Dove,0.05736666666666667,True,True,True,1,Mourning Dove,0.9356,Buff-spotted Flufftail,0.3338,White-tipped Dove,0.1062,True,True,True,1,True,0.9356,0.8233333333333333,0.8648,1.0,1.0,1.0,OK,,0.7801,0.043233333333333235,1.0554202452677006
E2_week_only,Northern_House_Wren_36ft.wav,Northern House Wren,House Wren,36ft,3,3,1.0,House Wren,0.6075666666666667,Connecticut Warbler,0.0311,Kentucky Warbler,0.022933333333333333,True,True,True,1,House Wren,0.8912,Connecticut Warbler,0.0933,Kentucky Warbler,0.0688,True,True,True,1,True,0.8912,0.6075666666666667,0.8652,0.6666666666666666,1.0,1.0,OK,,0.7593666666666667,-0.15180000000000005,0.8000965717044906
E2_week_only,Northern_Mockingbird_36ft.wav,Northern Mockingbird,Northern Mockingbird,36ft,4,3,0.75,Jacky-winter,0.032075,Bare-crowned Antbird,0.03155,Zeledon's Antbird,0.031475,False,False,True,4,Jacky-winter,0.1283,Bare-crowned Antbird,0.1262,Zeledon's Antbird,0.1259,False,False,True,4,True,0.0809,0.0304,0.02035,0.25,0.75,0.75,OK,,0.31210000000000004,-0.28170000000000006,0.0974046779878244
E2_week_only,Northern_Yellow_Warbler_36ft.wav,Northern Yellow Warbler,Yellow Warbler,36ft,1,1,1.0,Yellow Warbler,0.5861,American Redstart,0.0279,Chestnut-sided Warbler,0.0245,True,True,True,1,Yellow Warbler,0.5861,American Redstart,0.0279,Chestnut-sided Warbler,0.0245,True,True,True,1,True,0.5861,0.5861,0.5861,1.0,1.0,1.0,OK,,0.9617,-0.37560000000000004,0.6094416138088801
E2_week_only,Oak_Titmouse_36ft.wav,Oak Titmouse,Oak Titmouse,36ft,4,4,1.0,Oak Titmouse,0.76155,Juniper Titmouse,0.0725,Tufted Titmouse,0.065275,True,True,True,1,Oak Titmouse,0.9975,Juniper Titmouse,0.29,Tufted Titmouse,0.1323,True,True,True,1,True,0.9975,0.76155,0.9656499999999999,0.75,1.0,1.0,OK,,0.910375,-0.1488250000000001,0.836523410682411
E2_week_only,Rock_Pigeon_36ft.wav,Rock Pigeon,Rock Pigeon,36ft,3,3,1.0,Rock Pigeon,0.9630666666666667,Rufous Hummingbird,0.049966666666666666,Ruby-throated Hummingbird,0.012066666666666668,True,True,True,1,Rock Pigeon,0.9825,Rufous Hummingbird,0.1499,Ruby-throated Hummingbird,0.0362,True,True,True,1,True,0.9825,0.9630666666666666,0.9816,1.0,1.0,1.0,OK,,0.8856333333333333,0.07743333333333335,1.0874327223455909
E2_week_only,Song_Sparrow_36ft.wav,Song Sparrow,Song Sparrow,36ft,1,1,1.0,Song Sparrow,0.6727,Swamp Sparrow,0.0124,Blue-winged Warbler,0.0055,True,True,True,1,Song Sparrow,0.6727,Swamp Sparrow,0.0124,Blue-winged Warbler,0.0055,True,True,True,1,True,0.6727,0.6727,0.6727,1.0,1.0,1.0,OK,,0.9159,-0.24320000000000008,0.7344688284747243
E2_week_only,Spotted_Towhee_36ft.wav,Spotted Towhee,Spotted Towhee,36ft,2,2,1.0,Spotted Towhee,0.823,Green-tailed Towhee,0.0638,Yellow-eyed Junco,0.0127,True,True,True,1,Spotted Towhee,0.8397,Green-tailed Towhee,0.082,Virginia's Warbler,0.0193,True,True,True,1,True,0.8397,0.823,0.823,1.0,1.0,1.0,OK,,0.9761,-0.1531,0.8431513164634771
E2_week_only,American_Robin_48ft.wav,American Robin,American Robin,48ft,4,2,0.5,Summer Tanager,0.081425,American Robin,0.07375,Scarlet Tanager,0.029425,False,True,True,2,Summer Tanager,0.2419,American Robin,0.2161,Scarlet Tanager,0.1177,False,True,True,2,True,0.2161,0.07375,0.03945,0.25,0.5,0.5,OK,,0.9196,-0.84585,0.08019791213571117
E2_week_only,Anna_s_Hummingbird_48ft.wav,Anna's Hummingbird,Anna's Hummingbird,48ft,4,3,0.75,Anna's Hummingbird,0.730275,Bananaquit,0.018825,Sapphire-spangled Emerald,0.008175,True,True,True,1,Anna's Hummingbird,0.9961,Bananaquit,0.0522,Sapphire-spangled Emerald,0.0327,True,True,True,1,True,0.9961,0.730275,0.9625,0.75,0.75,0.75,OK,,0.94445,-0.214175,0.7732278045423262
E2_week_only,Barn_Swallow_48ft.wav,Barn Swallow,Barn Swallow,48ft,3,3,1.0,Barn Swallow,0.3532666666666667,Bell's Vireo,0.04716666666666666,House Finch,0.030733333333333335,True,True,True,1,Barn Swallow,0.8637,Bell's Vireo,0.1415,House Finch,0.0922,True,True,True,1,True,0.8637,0.3575333333333333,0.1961,0.6666666666666666,0.6666666666666666,0.6666666666666666,OK,,0.9812333333333334,-0.6237000000000001,0.3643713693650847
E2_week_only,Bewick_s_Wren_48ft.wav,Bewick's Wren,Bewick's Wren,48ft,1,1,1.0,Bewick's Wren,0.1707,Orange-crowned Warbler,0.0154,Black-throated Sparrow,0.0149,True,True,True,1,Bewick's Wren,0.1707,Orange-crowned Warbler,0.0154,Black-throated Sparrow,0.0149,True,True,True,1,True,0.1707,0.1707,0.1707,1.0,1.0,1.0,OK,,0.8609,-0.6902,0.19828086885817167
E2_week_only,Black_Phoebe_48ft.wav,Black Phoebe,Black Phoebe,48ft,4,3,0.75,Black Phoebe,0.503175,Pacific-slope Flycatcher,0.00705,Jerdon's Nightjar,0.0065,True,True,True,1,Black Phoebe,0.932,Jerdon's Nightjar,0.026,Indian Scops-Owl,0.0212,True,True,True,1,True,0.932,0.503175,0.54035,0.75,0.75,0.75,OK,,0.9997250000000001,-0.49655000000000005,0.5033134111880767
E2_week_only,California_Towhee_48ft.wav,California Towhee,California Towhee,48ft,2,2,1.0,California Towhee,0.48965000000000003,Malaysian Pied-Fantail,0.00665,Alpine Swift,0.0065,True,True,True,1,California Towhee,0.6311,Malaysian Pied-Fantail,0.0133,Alpine Swift,0.013,True,True,True,1,True,0.6311,0.48965000000000003,0.48965000000000003,1.0,1.0,1.0,OK,,0.9981,-0.50845,0.4905821060014027
E2_week_only,Dark_eyed_Junco_48ft.wav,Dark-eyed Junco,Dark-eyed Junco,48ft,2,2,1.0,Dark-eyed Junco,0.5517,Cirl Bunting,0.24309999999999998,White-winged Crossbill,0.10519999999999999,True,True,True,1,Dark-eyed Junco,0.5911,Cirl Bunting,0.2437,White-winged Crossbill,0.1185,True,True,True,1,True,0.5911,0.5517,0.5517,1.0,1.0,1.0,OK,,0.9764999999999999,-0.42479999999999996,0.5649769585253457
E2_week_only,European_Starling_48ft.wav,European Starling,European Starling,48ft,4,1,0.25,Gray Fantail,0.052725,Broad-winged Hawk,0.02165,American Robin,0.02,False,False,False,7,Gray Fantail,0.2109,Broad-winged Hawk,0.0866,American Robin,0.08,False,False,False,7,True,0.0338,0.00845,0.0,0.0,0.25,0.25,OK,,0.344325,-0.335875,0.0245407681696072
E2_week_only,Hooded_Oriole_48ft.wav,Hooded Oriole,Hooded Oriole,48ft,4,2,0.5,Western Tanager,0.17052499999999998,Hooded Oriole,0.089325,Malaysian Pied-Fantail,0.0711,False,True,True,2,Western Tanager,0.6585,Hooded Oriole,0.3573,Malaysian Pied-Fantail,0.2844,False,True,True,2,True,0.3573,0.091825,0.005,0.25,0.25,0.25,OK,,0.755325,-0.6635,0.12157018501969351
E2_week_only,House_Finch_48ft.wav,House Finch,House Finch,48ft,3,3,1.0,House Finch,0.4684,Two-banded Warbler,0.0704,Blue Grosbeak,0.05416666666666666,True,True,True,1,House Finch,0.9922,Two-banded Warbler,0.2112,Blue Grosbeak,0.1382,True,True,True,1,True,0.9922,0.4684,0.3692,0.6666666666666666,1.0,1.0,OK,,0.6496333333333334,-0.1812333333333334,0.7210221150392528
E2_week_only,House_Sparrow_48ft.wav,House Sparrow,House Sparrow,48ft,4,3,0.75,House Sparrow,0.374925,Spanish Sparrow,0.0231,Austral Thrush,0.01005,True,True,True,1,House Sparrow,0.558,Spanish Sparrow,0.0924,Austral Thrush,0.0402,True,True,True,1,True,0.558,0.374925,0.47085,0.75,0.75,0.75,OK,,0.5964,-0.22147500000000003,0.6286468812877263
E2_week_only,Lesser_Goldfinch_48ft.wav,Lesser Goldfinch,Lesser Goldfinch,48ft,4,2,0.5,Lesser Goldfinch,0.334775,Pallas's Leaf Warbler,0.09705000000000001,American Goldfinch,0.0484,True,True,True,1,Lesser Goldfinch,0.8851,Pallas's Leaf Warbler,0.3264,Micronesian Myzomela,0.1316,True,True,True,1,True,0.8851,0.334775,0.227,0.5,0.5,0.5,OK,,0.06257499999999999,0.2722,5.349980023971235
E2_week_only,Mourning_Dove_48ft.wav,Mourning Dove,Mourning Dove,48ft,3,3,1.0,Mourning Dove,0.5191,Eurasian Eagle-Owl,0.028666666666666663,Buff-spotted Flufftail,0.022666666666666665,True,True,True,1,Mourning Dove,0.9537,Eurasian Eagle-Owl,0.086,Buff-spotted Flufftail,0.0633,True,True,True,1,True,0.9537,0.5191,0.4307,1.0,1.0,1.0,OK,,0.7801,-0.261,0.6654275092936803
E2_week_only,Northern_House_Wren_48ft.wav,Northern House Wren,House Wren,48ft,3,2,0.6666666666666666,House Wren,0.3092333333333333,Connecticut Warbler,0.0273,Engine,0.023999999999999997,True,True,True,1,House Wren,0.9277,Connecticut Warbler,0.0819,Kentucky Warbler,0.047,True,True,True,1,True,0.9277,0.31083333333333335,0.0048,0.3333333333333333,0.3333333333333333,0.3333333333333333,OK,,0.7593666666666667,-0.4485333333333334,0.4093323383521355
E2_week_only,Northern_Mockingbird_48ft.wav,Northern Mockingbird,Northern Mockingbird,48ft,4,3,0.75,Northern Mockingbird,0.1022,European Greenfinch,0.079825,Song Thrush,0.027674999999999998,True,True,True,1,European Greenfinch,0.3193,Northern Mockingbird,0.2162,Song Thrush,0.0973,False,True,True,2,True,0.2162,0.1022,0.0963,0.5,0.5,0.75,OK,,0.31210000000000004,-0.20990000000000003,0.32745914770906753
E2_week_only,Northern_Yellow_Warbler_48ft.wav,Northern Yellow Warbler,Yellow Warbler,48ft,1,1,1.0,Yellow Warbler,0.5094,Clay-colored Sparrow,0.0323,American Redstart,0.0247,True,True,True,1,Yellow Warbler,0.5094,Clay-colored Sparrow,0.0323,American Redstart,0.0247,True,True,True,1,True,0.5094,0.5094,0.5094,1.0,1.0,1.0,OK,,0.9617,-0.45230000000000004,0.5296870125818862
E2_week_only,Oak_Titmouse_48ft.wav,Oak Titmouse,Oak Titmouse,48ft,4,3,0.75,Oak Titmouse,0.31095,Carolina Wren,0.048925,Mourning Dove,0.020125,True,True,True,1,Oak Titmouse,0.9687,Carolina Wren,0.17,Mourning Dove,0.0805,True,True,True,1,True,0.9687,0.31094999999999995,0.13755,0.75,0.75,0.75,OK,,0.910375,-0.5994250000000001,0.3415625429081422
E2_week_only,Rock_Pigeon_48ft.wav,Rock Pigeon,Rock Pigeon,48ft,3,3,1.0,Rock Pigeon,0.2518,Great Horned Owl,0.09723333333333332,Brown Wood-Owl,0.037399999999999996,True,True,True,1,Rock Pigeon,0.6812,Great Horned Owl,0.172,Greater Coucal,0.0784,True,True,True,1,True,0.6812,0.2518,0.0502,0.3333333333333333,0.6666666666666666,1.0,OK,,0.8856333333333333,-0.6338333333333332,0.2843163084798073
E2_week_only,Song_Sparrow_48ft.wav,Song Sparrow,Song Sparrow,48ft,1,1,1.0,Song Sparrow,0.299,Downy Woodpecker,0.0162,Willow Flycatcher,0.0139,True,True,True,1,Song Sparrow,0.299,Downy Woodpecker,0.0162,Willow Flycatcher,0.0139,True,True,True,1,True,0.299,0.299,0.299,1.0,1.0,1.0,OK,,0.9159,-0.6169,0.3264548531499072
E2_week_only,Spotted_Towhee_48ft.wav,Spotted Towhee,Spotted Towhee,48ft,2,2,1.0,Cerulean Warbler,0.47905,Spotted Towhee,0.0597,Green-tailed Towhee,0.04525,False,True,True,2,Cerulean Warbler,0.5976,Spotted Towhee,0.0927,Green-tailed Towhee,0.0535,False,True,True,2,True,0.0927,0.0597,0.0597,0.0,0.5,1.0,OK,,0.9761,-0.9164,0.061161766212478236
E3_location_only,American_Robin_1ft.wav,American Robin,American Robin,1ft,4,4,1.0,American Robin,0.9196,Black-headed Grosbeak,0.033549999999999996,Northern Mockingbird,0.011625,True,True,True,1,American Robin,0.9906,Black-headed Grosbeak,0.1026,Northern Mockingbird,0.0257,True,True,True,1,True,0.9906,0.9196,0.9392499999999999,1.0,1.0,1.0,OK,,0.9196,0.0,1.0
E3_location_only,Annas_Hummingbird_1ft.wav,Anna's Hummingbird,Anna's Hummingbird,1ft,4,4,1.0,Anna's Hummingbird,0.94445,Savannah Sparrow,0.003675,Bewick's Wren,0.000925,True,True,True,1,Anna's Hummingbird,0.9953,Savannah Sparrow,0.0069,House Finch,0.0032,True,True,True,1,True,0.9953,0.94445,0.9902500000000001,1.0,1.0,1.0,OK,,0.94445,0.0,1.0
E3_location_only,Barn_Swallow_1ft.wav,Barn Swallow,Barn Swallow,1ft,3,3,1.0,Barn Swallow,0.9812333333333333,Cliff Swallow,0.017333333333333333,Virginia Rail,0.005533333333333334,True,True,True,1,Barn Swallow,0.9841,Cliff Swallow,0.052,House Finch,0.0112,True,True,True,1,True,0.9841,0.9812333333333334,0.981,1.0,1.0,1.0,OK,,0.9812333333333334,0.0,1.0
E3_location_only,Bewicks_Wren_1ft.wav,Bewick's Wren,Bewick's Wren,1ft,1,1,1.0,Bewick's Wren,0.8609,Black-throated Sparrow,0.1658,Song Sparrow,0.0579,True,True,True,1,Bewick's Wren,0.8609,Black-throated Sparrow,0.1658,Song Sparrow,0.0579,True,True,True,1,True,0.8609,0.8609,0.8609,1.0,1.0,1.0,OK,,0.8609,0.0,1.0
E3_location_only,Black_Phoebe_1ft.wav,Black Phoebe,Black Phoebe,1ft,4,4,1.0,Black Phoebe,0.999725,Bushtit,0.0002,Oak Titmouse,0.000125,True,True,True,1,Black Phoebe,0.9998,Bushtit,0.0005,Oak Titmouse,0.0005,True,True,True,1,True,0.9998,0.9997250000000001,0.9998,1.0,1.0,1.0,OK,,0.9997250000000001,0.0,1.0
E3_location_only,California_Towhee_1ft.wav,California Towhee,California Towhee,1ft,2,2,1.0,California Towhee,0.9981,Abert's Towhee,0.00385,Spotted Towhee,0.00165,True,True,True,1,California Towhee,0.9986,Abert's Towhee,0.0066,Spotted Towhee,0.0019,True,True,True,1,True,0.9986,0.9981,0.9981,1.0,1.0,1.0,OK,,0.9981,0.0,1.0
E3_location_only,Dark_eyed_Junco_1ft.wav,Dark-eyed Junco,Dark-eyed Junco,1ft,2,2,1.0,Dark-eyed Junco,0.9764999999999999,Chipping Sparrow,0.06275,Yellow-rumped Warbler,0.0037,True,True,True,1,Dark-eyed Junco,0.9843,Chipping Sparrow,0.104,Brewer's Sparrow,0.0043,True,True,True,1,True,0.9843,0.9764999999999999,0.9764999999999999,1.0,1.0,1.0,OK,,0.9764999999999999,0.0,1.0
E3_location_only,European_Starling_1ft.wav,European Starling,European Starling,1ft,4,4,1.0,European Starling,0.344325,Golden-crowned Sparrow,0.0617,Chipping Sparrow,0.0129,True,True,True,1,European Starling,0.7345,Golden-crowned Sparrow,0.2468,Brewer's Blackbird,0.0342,True,True,True,1,True,0.7345,0.344325,0.31625000000000003,0.75,1.0,1.0,OK,,0.344325,0.0,1.0
E3_location_only,Hooded_Oriole_1ft.wav,Hooded Oriole,Hooded Oriole,1ft,4,4,1.0,Hooded Oriole,0.755325,Western Tanager,0.0856,Bullock's Oriole,0.01335,True,True,True,1,Hooded Oriole,0.8867,Western Tanager,0.3424,Fox Sparrow,0.0523,True,True,True,1,True,0.8867,0.755325,0.7302,1.0,1.0,1.0,OK,,0.755325,0.0,1.0
E3_location_only,House_Finch_1ft.wav,House Finch,House Finch,1ft,3,3,1.0,House Finch,0.6496333333333334,Purple Finch,0.021866666666666663,Blue Grosbeak,0.0161,True,True,True,1,House Finch,0.6925,Blue Grosbeak,0.032,Purple Finch,0.0262,True,True,True,1,True,0.6925,0.6496333333333334,0.6925,1.0,1.0,1.0,OK,,0.6496333333333334,0.0,1.0
E3_location_only,House_Sparrow_1ft.wav,House Sparrow,House Sparrow,1ft,4,4,1.0,House Sparrow,0.5964,Tree Swallow,0.010475,House Finch,0.004125,True,True,True,1,House Sparrow,0.8738,Tree Swallow,0.0252,House Finch,0.0097,True,True,True,1,True,0.8738,0.5964,0.5105500000000001,1.0,1.0,1.0,OK,,0.5964,0.0,1.0
E3_location_only,Lesser_Goldfinch_1ft.wav,Lesser Goldfinch,Lesser Goldfinch,1ft,4,4,1.0,American Goldfinch,0.1749,Lesser Goldfinch,0.06257499999999999,Fox Sparrow,0.005399999999999999,False,True,True,2,American Goldfinch,0.6807,Lesser Goldfinch,0.1137,Fox Sparrow,0.0208,False,True,True,2,True,0.1137,0.06257499999999999,0.06175,0.5,1.0,1.0,OK,,0.06257499999999999,0.0,1.0
E3_location_only,Mourning_Dove_1ft.wav,Mourning Dove,Mourning Dove,1ft,3,3,1.0,Mourning Dove,0.7801,Eurasian Collared-Dove,0.013733333333333334,White-winged Dove,0.0036000000000000003,True,True,True,1,Mourning Dove,0.9285,Eurasian Collared-Dove,0.0393,White-winged Dove,0.0057,True,True,True,1,True,0.9285,0.7801,0.8296,1.0,1.0,1.0,OK,,0.7801,0.0,1.0
E3_location_only,Northern_House_Wren_1ft.wav,Northern House Wren,House Wren,1ft,3,3,1.0,House Wren,0.7593666666666667,Marsh Wren,0.04193333333333333,Rufous-crowned Sparrow,0.0268,True,True,True,1,House Wren,0.992,Marsh Wren,0.1221,Rufous-crowned Sparrow,0.0804,True,True,True,1,True,0.992,0.7593666666666667,0.9754,1.0,1.0,1.0,OK,,0.7593666666666667,0.0,1.0
E3_location_only,Northern_Mockingbird_1ft.wav,Northern Mockingbird,Northern Mockingbird,1ft,4,4,1.0,Northern Mockingbird,0.3126,Wrentit,0.08715,American Robin,0.00825,True,True,True,1,Northern Mockingbird,0.5772,Wrentit,0.1834,Rock Wren,0.0202,True,True,True,1,True,0.5772,0.31260000000000004,0.3356,0.75,0.75,1.0,OK,,0.31260000000000004,0.0,1.0
E3_location_only,Northern_Yellow_Warbler_1ft.wav,Northern Yellow Warbler,Yellow Warbler,1ft,1,1,1.0,Yellow Warbler,0.9617,Willow Flycatcher,0.0077,Wilson's Warbler,0.0054,True,True,True,1,Yellow Warbler,0.9617,Willow Flycatcher,0.0077,Wilson's Warbler,0.0054,True,True,True,1,True,0.9617,0.9617,0.9617,1.0,1.0,1.0,OK,,0.9617,0.0,1.0
E3_location_only,Oak_Titmouse_1ft.wav,Oak Titmouse,Oak Titmouse,1ft,4,4,1.0,Oak Titmouse,0.9103749999999999,Spotted Towhee,0.018475,Rock Wren,0.0081,True,True,True,1,Oak Titmouse,0.9997,Spotted Towhee,0.0479,Northern Mockingbird,0.0177,True,True,True,1,True,0.9997,0.910375,0.99055,1.0,1.0,1.0,OK,,0.910375,0.0,1.0
E3_location_only,Rock_Pigeon_1ft.wav,Rock Pigeon,Rock Pigeon,1ft,3,3,1.0,Rock Pigeon,0.8856333333333334,Black Phoebe,0.06153333333333333,Canyon Wren,0.0067666666666666665,True,True,True,1,Rock Pigeon,0.9875,Black Phoebe,0.1134,Canyon Wren,0.0178,True,True,True,1,True,0.9875,0.8856333333333333,0.9081,1.0,1.0,1.0,OK,,0.8856333333333333,0.0,1.0
E3_location_only,Song_Sparrow_1ft.wav,Song Sparrow,Song Sparrow,1ft,1,1,1.0,Song Sparrow,0.9159,Virginia Rail,0.0063,Savannah Sparrow,0.0052,True,True,True,1,Song Sparrow,0.9159,Virginia Rail,0.0063,Savannah Sparrow,0.0052,True,True,True,1,True,0.9159,0.9159,0.9159,1.0,1.0,1.0,OK,,0.9159,0.0,1.0
E3_location_only,Spotted_Towhee_1ft.wav,Spotted Towhee,Spotted Towhee,1ft,2,2,1.0,Spotted Towhee,0.9761,Green-tailed Towhee,0.0644,Fox Sparrow,0.00305,True,True,True,1,Spotted Towhee,0.9864,Green-tailed Towhee,0.0828,Fox Sparrow,0.0041,True,True,True,1,True,0.9864,0.9761,0.9761,1.0,1.0,1.0,OK,,0.9761,0.0,1.0
E3_location_only,American_Robin_4ft.wav,American Robin,American Robin,4ft,4,4,1.0,American Robin,0.937825,Black-headed Grosbeak,0.049275,Northern Mockingbird,0.0045,True,True,True,1,American Robin,0.9948,Black-headed Grosbeak,0.1932,Northern Mockingbird,0.015,True,True,True,1,True,0.9948,0.937825,0.95505,1.0,1.0,1.0,OK,,0.9196,0.018225000000000047,1.0198183993040453
E3_location_only,Annas_Hummingbird_4ft.wav,Anna's Hummingbird,Anna's Hummingbird,4ft,4,4,1.0,Anna's Hummingbird,0.995975,Rufous Hummingbird,0.001375,Black Phoebe,0.001,True,True,True,1,Anna's Hummingbird,0.9993,Rufous Hummingbird,0.0055,Black Phoebe,0.004,True,True,True,1,True,0.9993,0.9959749999999999,0.9959,1.0,1.0,1.0,OK,,0.94445,0.05152499999999993,1.0545555614378739
E3_location_only,Barn_Swallow_4ft.wav,Barn Swallow,Barn Swallow,4ft,3,3,1.0,Barn Swallow,0.9994000000000001,Cliff Swallow,0.019266666666666665,Bank Swallow,0.002266666666666667,True,True,True,1,Barn Swallow,0.9996,Cliff Swallow,0.0416,Belted Kingfisher,0.006,True,True,True,1,True,0.9996,0.9994000000000001,0.9995,1.0,1.0,1.0,OK,,0.9812333333333334,0.018166666666666664,1.0185141148894248
E3_location_only,Bewicks_Wren_4ft.wav,Bewick's Wren,Bewick's Wren,4ft,1,1,1.0,Bewick's Wren,0.7954,Black-throated Sparrow,0.0923,Song Sparrow,0.0666,True,True,True,1,Bewick's Wren,0.7954,Black-throated Sparrow,0.0923,Song Sparrow,0.0666,True,True,True,1,True,0.7954,0.7954,0.7954,1.0,1.0,1.0,OK,,0.8609,-0.0655,0.9239168312231386
E3_location_only,Black_Phoebe_4ft.wav,Black Phoebe,Black Phoebe,4ft,4,4,1.0,Black Phoebe,0.998875,Bushtit,0.00085,Anna's Hummingbird,0.000225,True,True,True,1,Black Phoebe,0.9997,Bushtit,0.0012,Anna's Hummingbird,0.0005,True,True,True,1,True,0.9997,0.998875,0.99915,1.0,1.0,1.0,OK,,0.9997250000000001,-0.0008500000000001284,0.999149766185701
E3_location_only,California_Towhee_4ft.wav,California Towhee,California Towhee,4ft,2,2,1.0,California Towhee,0.99595,Abert's Towhee,0.00175,Hooded Oriole,0.00125,True,True,True,1,California Towhee,0.9997,Abert's Towhee,0.003,Hooded Oriole,0.002,True,True,True,1,True,0.9997,0.99595,0.99595,1.0,1.0,1.0,OK,,0.9981,-0.0021499999999999853,0.9978459072237251
E3_location_only,Dark_eyed_Junco_4ft.wav,Dark-eyed Junco,Dark-eyed Junco,4ft,2,2,1.0,Dark-eyed Junco,0.9716,Chipping Sparrow,0.01985,Yellow-rumped Warbler,0.0009499999999999999,True,True,True,1,Dark-eyed Junco,0.983,Chipping Sparrow,0.0205,Yellow-rumped Warbler,0.0012,True,True,True,1,True,0.983,0.9716,0.9716,1.0,1.0,1.0,OK,,0.9764999999999999,-0.004899999999999904,0.9949820788530467
E3_location_only,European_Starling_4ft.wav,European Starling,European Starling,4ft,4,4,1.0,European Starling,0.262625,Golden-crowned Sparrow,0.118225,American Robin,0.08385,True,True,True,1,European Starling,0.6804,Golden-crowned Sparrow,0.4729,American Robin,0.2158,True,True,True,1,True,0.6804,0.2636,0.18505000000000002,0.5,0.75,0.75,OK,,0.344325,-0.08072499999999999,0.7655557975749655
E3_location_only,Hooded_Oriole_4ft.wav,Hooded Oriole,Hooded Oriole,4ft,4,4,1.0,Hooded Oriole,0.9285249999999999,Western Tanager,0.19455,Bullock's Oriole,0.009075,True,True,True,1,Hooded Oriole,0.9994,Western Tanager,0.7782,Cassin's Kingbird,0.0268,True,True,True,1,True,0.9994,0.928525,0.95705,1.0,1.0,1.0,OK,,0.755325,0.17320000000000002,1.229305265945123
E3_location_only,House_Finch_4ft.wav,House Finch,House Finch,4ft,3,3,1.0,House Finch,0.8809333333333335,Purple Finch,0.0229,Townsend's Solitaire,0.012633333333333335,True,True,True,1,House Finch,0.9675,Purple Finch,0.0473,Townsend's Solitaire,0.0364,True,True,True,1,True,0.9675,0.8809333333333335,0.937,1.0,1.0,1.0,OK,,0.6496333333333334,0.23130000000000006,1.356047000872287
E3_location_only,House_Sparrow_4ft.wav,House Sparrow,House Sparrow,4ft,4,4,1.0,House Sparrow,0.4852,Northern Mockingbird,0.00295,Tree Swallow,0.00255,True,True,True,1,House Sparrow,0.6954,Tree Swallow,0.0067,House Finch,0.0053,True,True,True,1,True,0.6954,0.4852,0.5511,1.0,1.0,1.0,OK,,0.5964,-0.11120000000000002,0.8135479543930247
E3_location_only,Lesser_Goldfinch_4ft.wav,Lesser Goldfinch,Lesser Goldfinch,4ft,4,4,1.0,Lesser Goldfinch,0.217675,American Goldfinch,0.1159,Lawrence's Goldfinch,0.007225,True,True,True,1,American Goldfinch,0.4459,Lesser Goldfinch,0.4046,Lawrence's Goldfinch,0.0281,False,True,True,2,True,0.4046,0.217675,0.22925,0.75,1.0,1.0,OK,,0.06257499999999999,0.15510000000000002,3.4786256492209353
E3_location_only,Mourning_Dove_4ft.wav,Mourning Dove,Mourning Dove,4ft,3,3,1.0,Mourning Dove,0.8314666666666666,White-winged Dove,0.015633333333333332,Eurasian Collared-Dove,0.0107,True,True,True,1,Mourning Dove,0.9449,White-winged Dove,0.0228,Eurasian Collared-Dove,0.0192,True,True,True,1,True,0.9449,0.8314666666666666,0.8717,1.0,1.0,1.0,OK,,0.7801,0.05136666666666656,1.0658462590266204
E3_location_only,Northern_House_Wren_4ft.wav,Northern House Wren,House Wren,4ft,3,3,1.0,House Wren,0.8470333333333334,Marsh Wren,0.0236,Bell's Vireo,0.0082,True,True,True,1,House Wren,0.9978,Marsh Wren,0.0693,Bell's Vireo,0.0246,True,True,True,1,True,0.9978,0.8470333333333334,0.9954,1.0,1.0,1.0,OK,,0.7593666666666667,0.08766666666666667,1.115447083095562
E3_location_only,Northern_Mockingbird_4ft.wav,Northern Mockingbird,Northern Mockingbird,4ft,4,4,1.0,Northern Mockingbird,0.35974999999999996,Wrentit,0.006125,Crissal Thrasher,0.00245,True,True,True,1,Northern Mockingbird,0.8118,Wrentit,0.0234,Crissal Thrasher,0.0098,True,True,True,1,True,0.8118,0.35974999999999996,0.31335,0.75,0.75,1.0,OK,,0.31260000000000004,0.047149999999999914,1.1508317338451692
E3_location_only,Northern_Yellow_Warbler_4ft.wav,Northern Yellow Warbler,Yellow Warbler,4ft,1,1,1.0,Yellow Warbler,0.9331,Willow Flycatcher,0.0069,Wilson's Warbler,0.005,True,True,True,1,Yellow Warbler,0.9331,Willow Flycatcher,0.0069,Wilson's Warbler,0.005,True,True,True,1,True,0.9331,0.9331,0.9331,1.0,1.0,1.0,OK,,0.9617,-0.02859999999999996,0.9702609961526464
E3_location_only,Oak_Titmouse_4ft.wav,Oak Titmouse,Oak Titmouse,4ft,4,4,1.0,Oak Titmouse,0.894675,Spotted Towhee,0.00115,California Towhee,0.0009,True,True,True,1,Oak Titmouse,0.9989,Spotted Towhee,0.0023,California Towhee,0.0017,True,True,True,1,True,0.9989,0.894675,0.9982,1.0,1.0,1.0,OK,,0.910375,-0.015700000000000047,0.9827543594672524
E3_location_only,Rock_Pigeon_4ft.wav,Rock Pigeon,Rock Pigeon,4ft,3,3,1.0,Rock Pigeon,0.9934666666666666,Least Bittern,0.0018666666666666669,Band-tailed Pigeon,0.0011333333333333332,True,True,True,1,Rock Pigeon,0.9948,Least Bittern,0.0051,Band-tailed Pigeon,0.0026,True,True,True,1,True,0.9948,0.9934666666666666,0.9938,1.0,1.0,1.0,OK,,0.8856333333333333,0.10783333333333334,1.1217584402875531
E3_location_only,Song_Sparrow_4ft.wav,Song Sparrow,Song Sparrow,4ft,1,1,1.0,Song Sparrow,0.9624,Bewick's Wren,0.0019,Virginia Rail,0.0016,True,True,True,1,Song Sparrow,0.9624,Bewick's Wren,0.0019,Virginia Rail,0.0016,True,True,True,1,True,0.9624,0.9624,0.9624,1.0,1.0,1.0,OK,,0.9159,0.046499999999999986,1.050769734687193
E3_location_only,Spotted_Towhee_4ft.wav,Spotted Towhee,Spotted Towhee,4ft,2,2,1.0,Spotted Towhee,0.9879,Green-tailed Towhee,0.06785,Lincoln's Sparrow,0.0006,True,True,True,1,Spotted Towhee,0.9896,Green-tailed Towhee,0.1019,Dark-eyed Junco,0.0007,True,True,True,1,True,0.9896,0.9879,0.9879,1.0,1.0,1.0,OK,,0.9761,0.011800000000000033,1.0120889253150291
E3_location_only,American_Robin_8ft.wav,American Robin,American Robin,8ft,4,4,1.0,American Robin,0.85685,Black-headed Grosbeak,0.035575,Northern Mockingbird,0.0051,True,True,True,1,American Robin,0.969,Black-headed Grosbeak,0.1164,Northern Mockingbird,0.0125,True,True,True,1,True,0.969,0.85685,0.866,1.0,1.0,1.0,OK,,0.9196,-0.06274999999999997,0.9317638103523271
E3_location_only,Annas_Hummingbird_8ft.wav,Anna's Hummingbird,Anna's Hummingbird,8ft,4,4,1.0,Anna's Hummingbird,0.9588,Savannah Sparrow,0.004274999999999999,Brewer's Sparrow,0.001025,True,True,True,1,Anna's Hummingbird,0.9986,Savannah Sparrow,0.0157,Brewer's Sparrow,0.0041,True,True,True,1,True,0.9986,0.9588000000000001,0.99285,1.0,1.0,1.0,OK,,0.94445,0.014350000000000085,1.015194028270422
E3_location_only,Barn_Swallow_8ft.wav,Barn Swallow,Barn Swallow,8ft,3,3,1.0,Barn Swallow,0.9903666666666666,Cliff Swallow,0.0243,White-throated Swift,0.0012,True,True,True,1,Barn Swallow,0.9986,Cliff Swallow,0.0683,White-throated Swift,0.0024,True,True,True,1,True,0.9986,0.9903666666666666,0.9943,1.0,1.0,1.0,OK,,0.9812333333333334,0.009133333333333216,1.0093080137242245
E3_location_only,Bewicks_Wren_8ft.wav,Bewick's Wren,Bewick's Wren,8ft,1,1,1.0,Bewick's Wren,0.8914,Black-throated Sparrow,0.317,Song Sparrow,0.0098,True,True,True,1,Bewick's Wren,0.8914,Black-throated Sparrow,0.317,Song Sparrow,0.0098,True,True,True,1,True,0.8914,0.8914,0.8914,1.0,1.0,1.0,OK,,0.8609,0.03049999999999997,1.0354280404228133
E3_location_only,Black_Phoebe_8ft.wav,Black Phoebe,Black Phoebe,8ft,4,4,1.0,Black Phoebe,0.9989,Bushtit,0.000475,Anna's Hummingbird,0.00025,True,True,True,1,Black Phoebe,0.9996,Anna's Hummingbird,0.0007,Bushtit,0.0006,True,True,True,1,True,0.9996,0.9988999999999999,0.9988999999999999,1.0,1.0,1.0,OK,,0.9997250000000001,-0.0008250000000001867,0.9991747730625921
E3_location_only,California_Towhee_8ft.wav,California Towhee,California Towhee,8ft,2,2,1.0,California Towhee,0.9963500000000001,Abert's Towhee,0.00105,Nuttall's Woodpecker,0.0007999999999999999,True,True,True,1,California Towhee,0.9996,Abert's Towhee,0.0021,Orange-crowned Warbler,0.0013,True,True,True,1,True,0.9996,0.9963500000000001,0.9963500000000001,1.0,1.0,1.0,OK,,0.9981,-0.0017499999999999183,0.998246668670474
E3_location_only,Dark_eyed_Junco_8ft.wav,Dark-eyed Junco,Dark-eyed Junco,8ft,2,2,1.0,Dark-eyed Junco,0.97185,Chipping Sparrow,0.0158,Yellow-rumped Warbler,0.00165,True,True,True,1,Dark-eyed Junco,0.9858,Chipping Sparrow,0.0211,Yellow-rumped Warbler,0.0021,True,True,True,1,True,0.9858,0.97185,0.97185,1.0,1.0,1.0,OK,,0.9764999999999999,-0.004649999999999932,0.9952380952380953
E3_location_only,European_Starling_8ft.wav,European Starling,European Starling,8ft,4,4,1.0,European Starling,0.1441,American Robin,0.063025,Oak Titmouse,0.00625,True,True,True,1,European Starling,0.3068,American Robin,0.1391,Oak Titmouse,0.0205,True,True,True,1,True,0.3068,0.144825,0.1348,0.5,0.75,0.75,OK,,0.344325,-0.19949999999999998,0.42060553256371164
E3_location_only,Hooded_Oriole_8ft.wav,Hooded Oriole,Hooded Oriole,8ft,4,4,1.0,Hooded Oriole,0.6775,Western Tanager,0.216,Cassin's Finch,0.004275,True,True,True,1,Hooded Oriole,0.9939,Western Tanager,0.863,Cassin's Finch,0.0171,True,True,True,1,True,0.9939,0.6775,0.6833,0.75,1.0,1.0,OK,,0.755325,-0.07782500000000003,0.8969648826664018
E3_location_only,House_Finch_8ft.wav,House Finch,House Finch,8ft,3,3,1.0,House Finch,0.2994,Purple Finch,0.005733333333333333,Townsend's Solitaire,0.003933333333333333,True,True,True,1,House Finch,0.6912,Purple Finch,0.0099,Blue Grosbeak,0.0091,True,True,True,1,True,0.6912,0.29940000000000005,0.1712,1.0,1.0,1.0,OK,,0.6496333333333334,-0.35023333333333334,0.46087536559084613
E3_location_only,House_Sparrow_8ft.wav,House Sparrow,House Sparrow,8ft,4,4,1.0,House Sparrow,0.288925,Tree Swallow,0.0059499999999999996,House Finch,0.00565,True,True,True,1,House Sparrow,0.3691,House Finch,0.0213,Tree Swallow,0.0179,True,True,True,1,True,0.3691,0.288925,0.30365000000000003,1.0,1.0,1.0,OK,,0.5964,-0.30747500000000005,0.4844483568075117
E3_location_only,Lesser_Goldfinch_8ft.wav,Lesser Goldfinch,Lesser Goldfinch,8ft,4,4,1.0,Lesser Goldfinch,0.1922,American Goldfinch,0.059750000000000004,Lazuli Bunting,0.010775,True,True,True,1,Lesser Goldfinch,0.4873,American Goldfinch,0.226,Lazuli Bunting,0.0431,True,True,True,1,True,0.4873,0.1922,0.1384,0.75,1.0,1.0,OK,,0.06257499999999999,0.12962500000000002,3.0715141829804242
E3_location_only,Mourning_Dove_8ft.wav,Mourning Dove,Mourning Dove,8ft,3,3,1.0,Mourning Dove,0.21356666666666665,Black Phoebe,0.1939,Eurasian Collared-Dove,0.015666666666666666,True,True,True,1,Mourning Dove,0.5156,Black Phoebe,0.4863,Eurasian Collared-Dove,0.0292,True,True,True,1,True,0.5156,0.21356666666666665,0.1052,0.3333333333333333,1.0,1.0,OK,,0.7801,-0.5665333333333333,0.2737683203008161
E3_location_only,Northern_House_Wren_8ft.wav,Northern House Wren,House Wren,8ft,3,3,1.0,House Wren,0.7113666666666667,Rufous-crowned Sparrow,0.0322,Marsh Wren,0.01916666666666667,True,True,True,1,House Wren,0.9958,Rufous-crowned Sparrow,0.0966,Marsh Wren,0.0575,True,True,True,1,True,0.9958,0.7113666666666667,0.9912,1.0,1.0,1.0,OK,,0.7593666666666667,-0.04800000000000004,0.9367894297879812
E3_location_only,Northern_Mockingbird_8ft.wav,Northern Mockingbird,Northern Mockingbird,8ft,4,4,1.0,Northern Mockingbird,0.4608,Wrentit,0.09335,House Finch,0.006699999999999999,True,True,True,1,Northern Mockingbird,0.8684,Wrentit,0.3603,Great-tailed Grackle,0.0247,True,True,True,1,True,0.8684,0.4608,0.47985,0.75,1.0,1.0,OK,,0.31260000000000004,0.14819999999999994,1.474088291746641
E3_location_only,Northern_Yellow_Warbler_8ft.wav,Northern Yellow Warbler,Yellow Warbler,8ft,1,1,1.0,Yellow Warbler,0.9017,Black Phoebe,0.0411,Willow Flycatcher,0.0056,True,True,True,1,Yellow Warbler,0.9017,Black Phoebe,0.0411,Willow Flycatcher,0.0056,True,True,True,1,True,0.9017,0.9017,0.9017,1.0,1.0,1.0,OK,,0.9617,-0.06000000000000005,0.9376104814391182
E3_location_only,Oak_Titmouse_8ft.wav,Oak Titmouse,Oak Titmouse,8ft,4,4,1.0,Oak Titmouse,0.7524,Black Phoebe,0.01995,Spotted Towhee,0.003375,True,True,True,1,Oak Titmouse,0.9995,Black Phoebe,0.063,Spotted Towhee,0.011,True,True,True,1,True,0.9995,0.7524,0.997,0.75,1.0,1.0,OK,,0.910375,-0.1579750000000001,0.8264726074419881
E3_location_only,Rock_Pigeon_8ft.wav,Rock Pigeon,Rock Pigeon,8ft,3,3,1.0,Rock Pigeon,0.9980666666666668,Black Phoebe,0.14336666666666667,Cooper's Hawk,0.0013666666666666669,True,True,True,1,Rock Pigeon,0.9995,Black Phoebe,0.2282,Cooper's Hawk,0.0016,True,True,True,1,True,0.9995,0.9980666666666668,0.9981,1.0,1.0,1.0,OK,,0.8856333333333333,0.1124333333333335,1.1269524633971923
E3_location_only,Song_Sparrow_8ft.wav,Song Sparrow,Song Sparrow,8ft,1,1,1.0,Song Sparrow,0.9496,Virginia Rail,0.0019,Vesper Sparrow,0.0015,True,True,True,1,Song Sparrow,0.9496,Virginia Rail,0.0019,Vesper Sparrow,0.0015,True,True,True,1,True,0.9496,0.9496,0.9496,1.0,1.0,1.0,OK,,0.9159,0.03369999999999995,1.0367944098700732
E3_location_only,Spotted_Towhee_8ft.wav,Spotted Towhee,Spotted Towhee,8ft,2,2,1.0,Spotted Towhee,0.9726,Green-tailed Towhee,0.06509999999999999,Black-chinned Sparrow,0.00045,True,True,True,1,Spotted Towhee,0.9755,Green-tailed Towhee,0.0875,Black-chinned Sparrow,0.0009,True,True,True,1,True,0.9755,0.9726,0.9726,1.0,1.0,1.0,OK,,0.9761,-0.0034999999999999476,0.9964143018133389
E3_location_only,American_Robin_12ft.wav,American Robin,American Robin,12ft,4,4,1.0,American Robin,0.7108,Black-headed Grosbeak,0.0769,Townsend's Solitaire,0.002025,True,True,True,1,American Robin,0.8056,Black-headed Grosbeak,0.2784,Townsend's Solitaire,0.0081,True,True,True,1,True,0.8056,0.7108,0.71375,1.0,1.0,1.0,OK,,0.9196,-0.20879999999999999,0.7729447585906916
E3_location_only,Annas_Hummingbird_12ft.wav,Anna's Hummingbird,Anna's Hummingbird,12ft,4,4,1.0,Anna's Hummingbird,0.98305,Rufous Hummingbird,0.0046,Allen's Hummingbird,0.000875,True,True,True,1,Anna's Hummingbird,0.9994,Rufous Hummingbird,0.0184,Allen's Hummingbird,0.0035,True,True,True,1,True,0.9994,0.98305,0.9964999999999999,1.0,1.0,1.0,OK,,0.94445,0.03859999999999997,1.0408703478214834
E3_location_only,Barn_Swallow_12ft.wav,Barn Swallow,Barn Swallow,12ft,3,3,1.0,Barn Swallow,0.9975333333333333,Cliff Swallow,0.08656666666666667,Greater Roadrunner,0.0016666666666666668,True,True,True,1,Barn Swallow,0.9988,Cliff Swallow,0.2432,Greater Roadrunner,0.005,True,True,True,1,True,0.9988,0.9975333333333335,0.9977,1.0,1.0,1.0,OK,,0.9812333333333334,0.016300000000000092,1.0166117471209704
E3_location_only,Bewicks_Wren_12ft.wav,Bewick's Wren,Bewick's Wren,12ft,1,1,1.0,Bewick's Wren,0.8706,Black-throated Sparrow,0.0809,Song Sparrow,0.0201,True,True,True,1,Bewick's Wren,0.8706,Black-throated Sparrow,0.0809,Song Sparrow,0.0201,True,True,True,1,True,0.8706,0.8706,0.8706,1.0,1.0,1.0,OK,,0.8609,0.009700000000000042,1.0112672784295504
E3_location_only,Black_Phoebe_12ft.wav,Black Phoebe,Black Phoebe,12ft,4,4,1.0,Black Phoebe,0.994775,Song Sparrow,0.0046749999999999995,Downy Woodpecker,0.001875,True,True,True,1,Black Phoebe,0.9997,Song Sparrow,0.0136,Canada Goose,0.0053,True,True,True,1,True,0.9997,0.994775,0.99475,1.0,1.0,1.0,OK,,0.9997250000000001,-0.004950000000000121,0.9950486383755531
E3_location_only,California_Towhee_12ft.wav,California Towhee,California Towhee,12ft,2,2,1.0,California Towhee,0.99515,Abert's Towhee,0.00385,Orange-crowned Warbler,0.00045,True,True,True,1,California Towhee,0.999,Abert's Towhee,0.0072,Orange-crowned Warbler,0.0009,True,True,True,1,True,0.999,0.99515,0.99515,1.0,1.0,1.0,OK,,0.9981,-0.002950000000000008,0.9970443843302275
E3_location_only,Dark_eyed_Junco_12ft.wav,Dark-eyed Junco,Dark-eyed Junco,12ft,2,2,1.0,Dark-eyed Junco,0.9493,Chipping Sparrow,0.024800000000000003,Dusky Flycatcher,0.00125,True,True,True,1,Dark-eyed Junco,0.9696,Chipping Sparrow,0.0369,Dusky Flycatcher,0.0017,True,True,True,1,True,0.9696,0.9493,0.9493,1.0,1.0,1.0,OK,,0.9764999999999999,-0.02719999999999989,0.9721454173067078
E3_location_only,European_Starling_12ft.wav,European Starling,European Starling,12ft,4,3,0.75,European Starling,0.192225,American Robin,0.060024999999999995,Chipping Sparrow,0.006125,True,True,True,1,European Starling,0.562,American Robin,0.1576,Chipping Sparrow,0.0193,True,True,True,1,True,0.562,0.192225,0.10345,0.5,0.75,0.75,OK,,0.344325,-0.15209999999999999,0.5582661729470704
E3_location_only,Hooded_Oriole_12ft.wav,Hooded Oriole,Hooded Oriole,12ft,4,4,1.0,Hooded Oriole,0.62715,Western Tanager,0.2121,California Thrasher,0.025474999999999998,True,True,True,1,Hooded Oriole,0.9354,Western Tanager,0.8465,California Thrasher,0.1016,True,True,True,1,True,0.9354,0.6271499999999999,0.6563,0.75,1.0,1.0,OK,,0.755325,-0.12817500000000015,0.8303048356667657
E3_location_only,House_Finch_12ft.wav,House Finch,House Finch,12ft,3,3,1.0,House Finch,0.6542,Purple Finch,0.028300000000000002,Blue Grosbeak,0.0091,True,True,True,1,House Finch,0.9257,Purple Finch,0.0445,Blue Grosbeak,0.0223,True,True,True,1,True,0.9257,0.6542,0.7589,1.0,1.0,1.0,OK,,0.6496333333333334,0.004566666666666608,1.007029606444661
E3_location_only,House_Sparrow_12ft.wav,House Sparrow,House Sparrow,12ft,4,4,1.0,House Sparrow,0.463075,Townsend's Solitaire,0.00245,House Finch,0.0017,True,True,True,1,House Sparrow,0.7826,Townsend's Solitaire,0.0069,House Finch,0.0068,True,True,True,1,True,0.7826,0.463075,0.42164999999999997,1.0,1.0,1.0,OK,,0.5964,-0.13332500000000003,0.7764503688799463
E3_location_only,Lesser_Goldfinch_12ft.wav,Lesser Goldfinch,Lesser Goldfinch,12ft,4,4,1.0,Lesser Goldfinch,0.20465,American Goldfinch,0.05,Lazuli Bunting,0.004375,True,True,True,1,Lesser Goldfinch,0.443,American Goldfinch,0.1928,Lazuli Bunting,0.0175,True,True,True,1,True,0.443,0.20464999999999997,0.18614999999999998,0.5,1.0,1.0,OK,,0.06257499999999999,0.14207499999999998,3.2704754294846183
E3_location_only,Mourning_Dove_12ft.wav,Mourning Dove,Mourning Dove,12ft,3,3,1.0,Mourning Dove,0.5309,Eurasian Collared-Dove,0.08863333333333334,Northern Cardinal,0.0024333333333333334,True,True,True,1,Mourning Dove,0.9556,Eurasian Collared-Dove,0.2432,Northern Cardinal,0.0041,True,True,True,1,True,0.9556,0.5309,0.4292,0.6666666666666666,1.0,1.0,OK,,0.7801,-0.24919999999999998,0.6805537751570312
E3_location_only,Northern_House_Wren_12ft.wav,Northern House Wren,House Wren,12ft,3,3,1.0,House Wren,0.7785666666666667,Marsh Wren,0.13386666666666666,Bell's Vireo,0.05386666666666667,True,True,True,1,House Wren,0.9941,Marsh Wren,0.4008,Bell's Vireo,0.1616,True,True,True,1,True,0.9941,0.7785666666666667,0.9864,0.6666666666666666,1.0,1.0,OK,,0.7593666666666667,0.019199999999999995,1.0252842280848076
E3_location_only,Northern_Mockingbird_12ft.wav,Northern Mockingbird,Northern Mockingbird,12ft,4,4,1.0,Northern Mockingbird,0.3065,Wrentit,0.00425,American Robin,0.003325,True,True,True,1,Northern Mockingbird,0.7178,Wrentit,0.0138,American Robin,0.0127,True,True,True,1,True,0.7178,0.3065,0.2537,0.75,0.75,1.0,OK,,0.31260000000000004,-0.00610000000000005,0.9804862444017912
E3_location_only,Northern_Yellow_Warbler_12ft.wav,Northern Yellow Warbler,Yellow Warbler,12ft,1,1,1.0,Yellow Warbler,0.8782,Wilson's Warbler,0.0172,Willow Flycatcher,0.006,True,True,True,1,Yellow Warbler,0.8782,Wilson's Warbler,0.0172,Willow Flycatcher,0.006,True,True,True,1,True,0.8782,0.8782,0.8782,1.0,1.0,1.0,OK,,0.9617,-0.08350000000000002,0.9131745866694395
E3_location_only,Oak_Titmouse_12ft.wav,Oak Titmouse,Oak Titmouse,12ft,4,4,1.0,Oak Titmouse,0.76805,Spotted Towhee,0.003025,California Towhee,0.001225,True,True,True,1,Oak Titmouse,0.9991,Spotted Towhee,0.0089,California Towhee,0.0029,True,True,True,1,True,0.9991,0.76805,0.9984,1.0,1.0,1.0,OK,,0.910375,-0.14232500000000003,0.8436633255526569
E3_location_only,Rock_Pigeon_12ft.wav,Rock Pigeon,Rock Pigeon,12ft,3,3,1.0,Rock Pigeon,0.9921666666666668,American Crow,0.018699999999999998,Great Horned Owl,0.0009333333333333333,True,True,True,1,Rock Pigeon,0.9948,American Crow,0.0561,Least Bittern,0.0025,True,True,True,1,True,0.9948,0.9921666666666668,0.9946,1.0,1.0,1.0,OK,,0.8856333333333333,0.10653333333333348,1.120290564191351
E3_location_only,Song_Sparrow_12ft.wav,Song Sparrow,Song Sparrow,12ft,1,1,1.0,Song Sparrow,0.9502,Downy Woodpecker,0.0022,Savannah Sparrow,0.0018,True,True,True,1,Song Sparrow,0.9502,Downy Woodpecker,0.0022,Savannah Sparrow,0.0018,True,True,True,1,True,0.9502,0.9502,0.9502,1.0,1.0,1.0,OK,,0.9159,0.0343,1.0374495032208757
E3_location_only,Spotted_Towhee_12ft.wav,Spotted Towhee,Spotted Towhee,12ft,2,2,1.0,Spotted Towhee,0.97085,Green-tailed Towhee,0.0504,Lincoln's Sparrow,0.0006,True,True,True,1,Spotted Towhee,0.9848,Green-tailed Towhee,0.0615,Lincoln's Sparrow,0.0012,True,True,True,1,True,0.9848,0.97085,0.97085,1.0,1.0,1.0,OK,,0.9761,-0.005249999999999977,0.9946214527200082
E3_location_only,American_Robin_24ft.wav,American Robin,American Robin,24ft,4,4,1.0,American Robin,0.620475,Black-headed Grosbeak,0.066325,Black-throated Gray Warbler,0.00315,True,True,True,1,American Robin,0.6834,Black-headed Grosbeak,0.2571,Townsend's Solitaire,0.0126,True,True,True,1,True,0.6834,0.620475,0.63645,1.0,1.0,1.0,OK,,0.9196,-0.299125,0.6747227055241409
E3_location_only,Annas_Hummingbird_24ft.wav,Anna's Hummingbird,Anna's Hummingbird,24ft,4,4,1.0,Anna's Hummingbird,0.915325,Pacific-slope Flycatcher,0.0018999999999999998,Bewick's Wren,0.001425,True,True,True,1,Anna's Hummingbird,0.9968,Pacific-slope Flycatcher,0.0055,Brown-headed Cowbird,0.0045,True,True,True,1,True,0.9968,0.915325,0.9337500000000001,1.0,1.0,1.0,OK,,0.94445,-0.029124999999999956,0.9691619461061994
E3_location_only,Barn_Swallow_24ft.wav,Barn Swallow,Barn Swallow,24ft,3,3,1.0,Barn Swallow,0.7226333333333333,Cliff Swallow,0.05793333333333334,Western Kingbird,0.03963333333333333,True,True,True,1,Barn Swallow,0.9924,Cliff Swallow,0.1638,Western Kingbird,0.1061,True,True,True,1,True,0.9924,0.7226333333333333,0.6192,1.0,1.0,1.0,OK,,0.9812333333333334,-0.25860000000000005,0.7364541223630126
E3_location_only,Bewicks_Wren_24ft.wav,Bewick's Wren,Bewick's Wren,24ft,1,1,1.0,Bewick's Wren,0.1983,Song Sparrow,0.1771,Northern Mockingbird,0.0136,True,True,True,1,Bewick's Wren,0.1983,Song Sparrow,0.1771,Northern Mockingbird,0.0136,True,True,True,1,True,0.1983,0.1983,0.1983,1.0,1.0,1.0,OK,,0.8609,-0.6626,0.23034034150307817
E3_location_only,Black_Phoebe_24ft.wav,Black Phoebe,Black Phoebe,24ft,4,4,1.0,Black Phoebe,0.995575,Hairy Woodpecker,0.003025,Song Sparrow,0.002225,True,True,True,1,Black Phoebe,0.9995,Hairy Woodpecker,0.0104,Savannah Sparrow,0.0073,True,True,True,1,True,0.9995,0.9955750000000001,0.99505,1.0,1.0,1.0,OK,,0.9997250000000001,-0.004149999999999987,0.99584885843607
E3_location_only,California_Towhee_24ft.wav,California Towhee,California Towhee,24ft,2,2,1.0,California Towhee,0.9838,Abert's Towhee,0.0046,Spotted Towhee,0.00415,True,True,True,1,California Towhee,0.9971,Abert's Towhee,0.0092,Orange-crowned Warbler,0.0055,True,True,True,1,True,0.9971,0.9838,0.9838,1.0,1.0,1.0,OK,,0.9981,-0.01429999999999998,0.9856727782787296
E3_location_only,Dark_eyed_Junco_24ft.wav,Dark-eyed Junco,Dark-eyed Junco,24ft,2,2,1.0,Dark-eyed Junco,0.7918000000000001,Chipping Sparrow,0.0733,Yellow-rumped Warbler,0.008199999999999999,True,True,True,1,Dark-eyed Junco,0.9113,Chipping Sparrow,0.091,Brown Creeper,0.0125,True,True,True,1,True,0.9113,0.7918000000000001,0.7918000000000001,1.0,1.0,1.0,OK,,0.9764999999999999,-0.18469999999999986,0.8108550947260625
E3_location_only,European_Starling_24ft.wav,European Starling,European Starling,24ft,4,4,1.0,European Starling,0.076375,American Robin,0.061725,Hairy Woodpecker,0.01065,True,True,True,1,European Starling,0.2317,American Robin,0.1241,Pacific-slope Flycatcher,0.0284,True,True,True,1,True,0.2317,0.077275,0.0369,0.5,0.75,0.75,OK,,0.344325,-0.26705,0.22442459885282798
E3_location_only,Hooded_Oriole_24ft.wav,Hooded Oriole,Hooded Oriole,24ft,4,4,1.0,Hooded Oriole,0.639725,Western Tanager,0.22665000000000002,Fox Sparrow,0.01465,True,True,True,1,Hooded Oriole,0.9843,Western Tanager,0.9048,Fox Sparrow,0.0586,True,True,True,1,True,0.9843,0.639725,0.6856,0.75,1.0,1.0,OK,,0.755325,-0.11560000000000004,0.846953298249098
E3_location_only,House_Finch_24ft.wav,House Finch,House Finch,24ft,3,3,1.0,House Finch,0.19163333333333332,Purple Finch,0.012333333333333333,Blue Grosbeak,0.007133333333333333,True,True,True,1,House Finch,0.4622,Blue Grosbeak,0.0201,Purple Finch,0.0189,True,True,True,1,True,0.4622,0.19163333333333332,0.1103,0.6666666666666666,1.0,1.0,OK,,0.6496333333333334,-0.4580000000000001,0.29498691569603364
E3_location_only,House_Sparrow_24ft.wav,House Sparrow,House Sparrow,24ft,4,4,1.0,House Sparrow,0.5459,Northern Mockingbird,0.004175,White-winged Dove,0.0028,True,True,True,1,House Sparrow,0.8031,Northern Mockingbird,0.0068,White-winged Dove,0.0063,True,True,True,1,True,0.8031,0.5458999999999999,0.60955,1.0,1.0,1.0,OK,,0.5964,-0.0505000000000001,0.9153252850435948
E3_location_only,Lesser_Goldfinch_24ft.wav,Lesser Goldfinch,Lesser Goldfinch,24ft,4,4,1.0,Lesser Goldfinch,0.081025,American Goldfinch,0.018074999999999997,Lazuli Bunting,0.01355,True,True,True,1,Lesser Goldfinch,0.1727,American Goldfinch,0.0691,Lazuli Bunting,0.0542,True,True,True,1,True,0.1727,0.08202499999999999,0.0771,0.5,0.75,0.75,OK,,0.06257499999999999,0.019449999999999995,1.310827007590891
E3_location_only,Mourning_Dove_24ft.wav,Mourning Dove,Mourning Dove,24ft,3,3,1.0,Mourning Dove,0.8266333333333334,Eurasian Collared-Dove,0.03666666666666667,White-winged Dove,0.0029,True,True,True,1,Mourning Dove,0.9472,Eurasian Collared-Dove,0.0994,Red-shouldered Hawk,0.0043,True,True,True,1,True,0.9472,0.8266333333333334,0.8334,1.0,1.0,1.0,OK,,0.7801,0.046533333333333426,1.0596504721616888
E3_location_only,Northern_House_Wren_24ft.wav,Northern House Wren,House Wren,24ft,3,3,1.0,House Wren,0.7959333333333333,Marsh Wren,0.21020000000000003,Bell's Vireo,0.009266666666666666,True,True,True,1,House Wren,0.9771,Marsh Wren,0.6286,Bell's Vireo,0.0278,True,True,True,1,True,0.9771,0.7959333333333333,0.9749,0.6666666666666666,1.0,1.0,OK,,0.7593666666666667,0.036566666666666525,1.0481541635573501
E3_location_only,Northern_Mockingbird_24ft.wav,Northern Mockingbird,Northern Mockingbird,24ft,4,4,1.0,Northern Mockingbird,0.12229999999999999,Great-tailed Grackle,0.0164,Nuttall's Woodpecker,0.008925,True,True,True,1,Northern Mockingbird,0.3493,Great-tailed Grackle,0.0616,Nuttall's Woodpecker,0.0357,True,True,True,1,True,0.3493,0.12232499999999999,0.06995,0.5,0.75,0.75,OK,,0.31260000000000004,-0.19027500000000006,0.3913147792706333
E3_location_only,Northern_Yellow_Warbler_24ft.wav,Northern Yellow Warbler,Yellow Warbler,24ft,1,1,1.0,Yellow Warbler,0.6093,Mourning Dove,0.1114,Common Ground Dove,0.0281,True,True,True,1,Yellow Warbler,0.6093,Mourning Dove,0.1114,Common Ground Dove,0.0281,True,True,True,1,True,0.6093,0.6093,0.6093,1.0,1.0,1.0,OK,,0.9617,-0.35240000000000005,0.6335655609857543
E3_location_only,Oak_Titmouse_24ft.wav,Oak Titmouse,Oak Titmouse,24ft,4,4,1.0,Oak Titmouse,0.7583500000000001,Spotted Towhee,0.0042,California Towhee,0.002275,True,True,True,1,Oak Titmouse,0.9995,Spotted Towhee,0.0136,California Towhee,0.0077,True,True,True,1,True,0.9995,0.7583500000000001,0.9982500000000001,1.0,1.0,1.0,OK,,0.910375,-0.15202499999999997,0.833008375669367
E3_location_only,Rock_Pigeon_24ft.wav,Rock Pigeon,Rock Pigeon,24ft,3,3,1.0,Rock Pigeon,0.9758333333333334,Least Bittern,0.00036666666666666667,Great Horned Owl,0.00023333333333333333,True,True,True,1,Rock Pigeon,0.9938,Least Bittern,0.0005,Great Horned Owl,0.0004,True,True,True,1,True,0.9938,0.9758333333333334,0.9708,1.0,1.0,1.0,OK,,0.8856333333333333,0.09020000000000017,1.1018480183672703
E3_location_only,Song_Sparrow_24ft.wav,Song Sparrow,Song Sparrow,24ft,1,1,1.0,Song Sparrow,0.6543,Willow Flycatcher,0.0024,Downy Woodpecker,0.0022,True,True,True,1,Song Sparrow,0.6543,Willow Flycatcher,0.0024,Downy Woodpecker,0.0022,True,True,True,1,True,0.6543,0.6543,0.6543,1.0,1.0,1.0,OK,,0.9159,-0.26160000000000005,0.7143792990501145
E3_location_only,Spotted_Towhee_24ft.wav,Spotted Towhee,Spotted Towhee,24ft,2,2,1.0,Spotted Towhee,0.9065,Green-tailed Towhee,0.0487,Lincoln's Sparrow,0.0020499999999999997,True,True,True,1,Spotted Towhee,0.9325,Green-tailed Towhee,0.0601,Lincoln's Sparrow,0.0034,True,True,True,1,True,0.9325,0.9065,0.9065,1.0,1.0,1.0,OK,,0.9761,-0.0696,0.9286958303452515
E3_location_only,American_Robin_36ft.wav,American Robin,American Robin,36ft,4,4,1.0,American Robin,0.49185,Black-headed Grosbeak,0.008025,Bufflehead,0.0027749999999999997,True,True,True,1,American Robin,0.5516,Black-headed Grosbeak,0.022,Bufflehead,0.0096,True,True,True,1,True,0.5516,0.49185,0.51195,1.0,1.0,1.0,OK,,0.9196,-0.42774999999999996,0.5348521096128752
E3_location_only,Annas_Hummingbird_36ft.wav,Anna's Hummingbird,Anna's Hummingbird,36ft,4,4,1.0,Anna's Hummingbird,0.941225,Northern Flicker,0.004875,Chestnut-backed Chickadee,0.002325,True,True,True,1,Anna's Hummingbird,0.9977,Northern Flicker,0.0178,Chestnut-backed Chickadee,0.0093,True,True,True,1,True,0.9977,0.941225,0.94415,1.0,1.0,1.0,OK,,0.94445,-0.0032250000000000334,0.9965853142040341
E3_location_only,Barn_Swallow_36ft.wav,Barn Swallow,Barn Swallow,36ft,3,3,1.0,Barn Swallow,0.7431666666666666,Cliff Swallow,0.011566666666666668,Western Kingbird,0.0036000000000000003,True,True,True,1,Barn Swallow,0.9801,Cliff Swallow,0.0313,Western Kingbird,0.0094,True,True,True,1,True,0.9801,0.7431666666666666,0.788,1.0,1.0,1.0,OK,,0.9812333333333334,-0.23806666666666676,0.7573801678160138
E3_location_only,Bewicks_Wren_36ft.wav,Bewick's Wren,Bewick's Wren,36ft,1,1,1.0,Bewick's Wren,0.4043,Song Sparrow,0.026,Spotted Towhee,0.0218,True,True,True,1,Bewick's Wren,0.4043,Song Sparrow,0.026,Spotted Towhee,0.0218,True,True,True,1,True,0.4043,0.4043,0.4043,1.0,1.0,1.0,OK,,0.8609,-0.4566,0.4696248112440469
E3_location_only,Black_Phoebe_36ft.wav,Black Phoebe,Black Phoebe,36ft,4,4,1.0,Black Phoebe,0.99785,Song Sparrow,0.00265,Downy Woodpecker,0.0025,True,True,True,1,Black Phoebe,0.9994,Downy Woodpecker,0.0077,Cooper's Hawk,0.0072,True,True,True,1,True,0.9994,0.99785,0.9984,1.0,1.0,1.0,OK,,0.9997250000000001,-0.001875000000000071,0.998124484233164
E3_location_only,California_Towhee_36ft.wav,California Towhee,California Towhee,36ft,2,2,1.0,California Towhee,0.99195,Orange-crowned Warbler,0.00715,Spotted Towhee,0.00605,True,True,True,1,California Towhee,0.9984,Orange-crowned Warbler,0.013,Spotted Towhee,0.0063,True,True,True,1,True,0.9984,0.99195,0.99195,1.0,1.0,1.0,OK,,0.9981,-0.006149999999999989,0.9938382927562368
E3_location_only,Dark_eyed_Junco_36ft.wav,Dark-eyed Junco,Dark-eyed Junco,36ft,2,2,1.0,Dark-eyed Junco,0.85165,Chipping Sparrow,0.0668,Brown Creeper,0.0098,True,True,True,1,Dark-eyed Junco,0.8534,Chipping Sparrow,0.0732,Brown Creeper,0.0132,True,True,True,1,True,0.8534,0.85165,0.85165,1.0,1.0,1.0,OK,,0.9764999999999999,-0.1248499999999999,0.8721454173067077
E3_location_only,European_Starling_36ft.wav,European Starling,European Starling,36ft,4,4,1.0,American Robin,0.042225,European Starling,0.03035,Pacific-slope Flycatcher,0.01925,False,True,True,2,American Robin,0.1267,Pacific-slope Flycatcher,0.0633,European Starling,0.059,False,True,True,3,True,0.059,0.030875,0.0312,0.25,0.75,0.75,OK,,0.344325,-0.31345,0.0896681913889494
E3_location_only,Hooded_Oriole_36ft.wav,Hooded Oriole,Hooded Oriole,36ft,4,4,1.0,Hooded Oriole,0.257175,Western Tanager,0.18544999999999998,Bullock's Oriole,0.005574999999999999,True,True,True,1,Western Tanager,0.7313,Hooded Oriole,0.5376,Bullock's Oriole,0.0192,False,True,True,2,True,0.5376,0.257175,0.1769,0.75,1.0,1.0,OK,,0.755325,-0.49815000000000004,0.3404825737265415
E3_location_only,House_Finch_36ft.wav,House Finch,House Finch,36ft,3,3,1.0,House Finch,0.48466666666666663,Purple Finch,0.08143333333333333,Blue Grosbeak,0.03933333333333333,True,True,True,1,House Finch,0.7507,Purple Finch,0.1382,Blue Grosbeak,0.118,True,True,True,1,True,0.7507,0.48466666666666663,0.6315,0.6666666666666666,1.0,1.0,OK,,0.6496333333333334,-0.16496666666666676,0.7460618810611113
E3_location_only,House_Sparrow_36ft.wav,House Sparrow,House Sparrow,36ft,4,4,1.0,House Sparrow,0.419625,Eurasian Collared-Dove,0.002875,Mourning Dove,0.001975,True,True,True,1,House Sparrow,0.5626,Eurasian Collared-Dove,0.0093,Mourning Dove,0.0037,True,True,True,1,True,0.5626,0.419625,0.39215,1.0,1.0,1.0,OK,,0.5964,-0.17677500000000002,0.7035965794768612
E3_location_only,Lesser_Goldfinch_36ft.wav,Lesser Goldfinch,Lesser Goldfinch,36ft,4,4,1.0,Lesser Goldfinch,0.092525,Fox Sparrow,0.006925,American Goldfinch,0.006274999999999999,True,True,True,1,Lesser Goldfinch,0.3181,American Kestrel,0.0215,Lazuli Bunting,0.0183,True,True,True,1,True,0.3181,0.093025,0.0269,0.5,0.5,0.5,OK,,0.06257499999999999,0.030450000000000005,1.4866160607271275
E3_location_only,Mourning_Dove_36ft.wav,Mourning Dove,Mourning Dove,36ft,3,3,1.0,Mourning Dove,0.8233333333333333,White-winged Dove,0.004366666666666667,Eurasian Collared-Dove,0.0032333333333333333,True,True,True,1,Mourning Dove,0.9356,White-winged Dove,0.0102,Great Horned Owl,0.0072,True,True,True,1,True,0.9356,0.8233333333333333,0.8648,1.0,1.0,1.0,OK,,0.7801,0.043233333333333235,1.0554202452677006
E3_location_only,Northern_House_Wren_36ft.wav,Northern House Wren,House Wren,36ft,3,3,1.0,House Wren,0.6075666666666667,Marsh Wren,0.012866666666666667,Common Yellowthroat,0.0069,True,True,True,1,House Wren,0.8912,Marsh Wren,0.0386,Common Yellowthroat,0.0207,True,True,True,1,True,0.8912,0.6075666666666667,0.8652,1.0,1.0,1.0,OK,,0.7593666666666667,-0.15180000000000005,0.8000965717044906
E3_location_only,Northern_Mockingbird_36ft.wav,Northern Mockingbird,Northern Mockingbird,36ft,4,3,0.75,Northern Mockingbird,0.0304,American Robin,0.008499999999999999,Great-tailed Grackle,0.0021,True,True,True,1,Northern Mockingbird,0.0809,American Robin,0.0321,Great-tailed Grackle,0.0069,True,True,True,1,True,0.0809,0.0304,0.02035,0.5,0.75,0.75,OK,,0.31260000000000004,-0.28220000000000006,0.09724888035828533
E3_location_only,Northern_Yellow_Warbler_36ft.wav,Northern Yellow Warbler,Yellow Warbler,36ft,1,1,1.0,Yellow Warbler,0.5861,Wilson's Warbler,0.0102,Nashville Warbler,0.0084,True,True,True,1,Yellow Warbler,0.5861,Wilson's Warbler,0.0102,Nashville Warbler,0.0084,True,True,True,1,True,0.5861,0.5861,0.5861,1.0,1.0,1.0,OK,,0.9617,-0.37560000000000004,0.6094416138088801
E3_location_only,Oak_Titmouse_36ft.wav,Oak Titmouse,Oak Titmouse,36ft,4,4,1.0,Oak Titmouse,0.76155,Rock Wren,0.004699999999999999,Spotted Towhee,0.00275,True,True,True,1,Oak Titmouse,0.9975,Rock Wren,0.018,Hutton's Vireo,0.0074,True,True,True,1,True,0.9975,0.76155,0.9656499999999999,1.0,1.0,1.0,OK,,0.910375,-0.1488250000000001,0.836523410682411
E3_location_only,Rock_Pigeon_36ft.wav,Rock Pigeon,Rock Pigeon,36ft,3,3,1.0,Rock Pigeon,0.9630666666666667,Rufous Hummingbird,0.049966666666666666,Band-tailed Pigeon,0.0038666666666666663,True,True,True,1,Rock Pigeon,0.9825,Rufous Hummingbird,0.1499,Band-tailed Pigeon,0.0056,True,True,True,1,True,0.9825,0.9630666666666666,0.9816,1.0,1.0,1.0,OK,,0.8856333333333333,0.07743333333333335,1.0874327223455909
E3_location_only,Song_Sparrow_36ft.wav,Song Sparrow,Song Sparrow,36ft,1,1,1.0,Song Sparrow,0.6727,Common Yellowthroat,0.004,Nashville Warbler,0.0038,True,True,True,1,Song Sparrow,0.6727,Common Yellowthroat,0.004,Nashville Warbler,0.0038,True,True,True,1,True,0.6727,0.6727,0.6727,1.0,1.0,1.0,OK,,0.9159,-0.24320000000000008,0.7344688284747243
E3_location_only,Spotted_Towhee_36ft.wav,Spotted Towhee,Spotted Towhee,36ft,2,2,1.0,Spotted Towhee,0.823,Green-tailed Towhee,0.0638,MacGillivray's Warbler,0.00995,True,True,True,1,Spotted Towhee,0.8397,Green-tailed Towhee,0.082,Lincoln's Sparrow,0.0135,True,True,True,1,True,0.8397,0.823,0.823,1.0,1.0,1.0,OK,,0.9761,-0.1531,0.8431513164634771
E3_location_only,American_Robin_48ft.wav,American Robin,American Robin,48ft,4,2,0.5,American Robin,0.07375,Western Tanager,0.0079,Rock Pigeon,0.007125,True,True,True,1,American Robin,0.2161,Western Tanager,0.0302,Rock Pigeon,0.0285,True,True,True,1,True,0.2161,0.07375,0.03945,0.5,0.5,0.5,OK,,0.9196,-0.84585,0.08019791213571117
E3_location_only,Anna_s_Hummingbird_48ft.wav,Anna's Hummingbird,Anna's Hummingbird,48ft,4,4,1.0,Anna's Hummingbird,0.730275,Costa's Hummingbird,0.004025,Oak Titmouse,0.003175,True,True,True,1,Anna's Hummingbird,0.9961,Costa's Hummingbird,0.0104,Oak Titmouse,0.0075,True,True,True,1,True,0.9961,0.73065,0.9625,0.75,0.75,0.75,OK,,0.94445,-0.2138,0.7736248610302292
E3_location_only,Barn_Swallow_48ft.wav,Barn Swallow,Barn Swallow,48ft,3,3,1.0,Barn Swallow,0.3532666666666667,Bell's Vireo,0.04716666666666666,House Finch,0.030733333333333335,True,True,True,1,Barn Swallow,0.8637,Bell's Vireo,0.1415,House Finch,0.0922,True,True,True,1,True,0.8637,0.3575333333333333,0.1961,0.6666666666666666,0.6666666666666666,0.6666666666666666,OK,,0.9812333333333334,-0.6237000000000001,0.3643713693650847
E3_location_only,Bewick_s_Wren_48ft.wav,Bewick's Wren,Bewick's Wren,48ft,1,1,1.0,Bewick's Wren,0.1707,Orange-crowned Warbler,0.0154,Black-throated Sparrow,0.0149,True,True,True,1,Bewick's Wren,0.1707,Orange-crowned Warbler,0.0154,Black-throated Sparrow,0.0149,True,True,True,1,True,0.1707,0.1707,0.1707,1.0,1.0,1.0,OK,,0.8609,-0.6902,0.19828086885817167
E3_location_only,Black_Phoebe_48ft.wav,Black Phoebe,Black Phoebe,48ft,4,3,0.75,Black Phoebe,0.503175,Pacific-slope Flycatcher,0.0077,Nuttall's Woodpecker,0.002225,True,True,True,1,Black Phoebe,0.932,Pacific-slope Flycatcher,0.0166,Vermilion Flycatcher,0.0075,True,True,True,1,True,0.932,0.503175,0.54035,0.75,0.75,0.75,OK,,0.9997250000000001,-0.49655000000000005,0.5033134111880767
E3_location_only,California_Towhee_48ft.wav,California Towhee,California Towhee,48ft,2,2,1.0,California Towhee,0.48965000000000003,Peregrine Falcon,0.00355,Orange-crowned Warbler,0.0025,True,True,True,1,California Towhee,0.6311,Peregrine Falcon,0.0071,Orange-crowned Warbler,0.005,True,True,True,1,True,0.6311,0.48965000000000003,0.48965000000000003,1.0,1.0,1.0,OK,,0.9981,-0.50845,0.4905821060014027
E3_location_only,Dark_eyed_Junco_48ft.wav,Dark-eyed Junco,Dark-eyed Junco,48ft,2,2,1.0,Dark-eyed Junco,0.5517,Chipping Sparrow,0.02165,Yellow-rumped Warbler,0.009,True,True,True,1,Dark-eyed Junco,0.5911,Chipping Sparrow,0.0294,Yellow-rumped Warbler,0.0112,True,True,True,1,True,0.5911,0.5517,0.5517,1.0,1.0,1.0,OK,,0.9764999999999999,-0.42479999999999996,0.5649769585253457
E3_location_only,European_Starling_48ft.wav,European Starling,European Starling,48ft,4,2,0.5,American Robin,0.02,Pacific-slope Flycatcher,0.014925,European Starling,0.00955,False,True,True,3,American Robin,0.08,Pacific-slope Flycatcher,0.0444,European Starling,0.0338,False,True,True,3,True,0.0338,0.00955,0.0022,0.25,0.5,0.5,OK,,0.344325,-0.334775,0.027735424381035358
E3_location_only,Hooded_Oriole_48ft.wav,Hooded Oriole,Hooded Oriole,48ft,4,3,0.75,Western Tanager,0.17052499999999998,Hooded Oriole,0.091825,Dusky Flycatcher,0.002925,False,True,True,2,Western Tanager,0.6585,Hooded Oriole,0.3573,Dusky Flycatcher,0.0117,False,True,True,2,True,0.3573,0.09255000000000001,0.00645,0.25,0.5,0.5,OK,,0.755325,-0.662775,0.12253003673915203
E3_location_only,House_Finch_48ft.wav,House Finch,House Finch,48ft,3,3,1.0,House Finch,0.4684,Blue Grosbeak,0.05416666666666666,Purple Finch,0.015700000000000002,True,True,True,1,House Finch,0.9922,Blue Grosbeak,0.1382,Purple Finch,0.0277,True,True,True,1,True,0.9922,0.4684,0.3692,0.6666666666666666,1.0,1.0,OK,,0.6496333333333334,-0.1812333333333334,0.7210221150392528
E3_location_only,House_Sparrow_48ft.wav,House Sparrow,House Sparrow,48ft,4,3,0.75,House Sparrow,0.374925,White-winged Dove,0.006125,Black Phoebe,0.005175,True,True,True,1,House Sparrow,0.558,White-winged Dove,0.0135,Black Phoebe,0.0131,True,True,True,1,True,0.558,0.374925,0.47085,0.75,0.75,0.75,OK,,0.5964,-0.22147500000000003,0.6286468812877263
E3_location_only,Lesser_Goldfinch_48ft.wav,Lesser Goldfinch,Lesser Goldfinch,48ft,4,4,1.0,Lesser Goldfinch,0.334775,American Goldfinch,0.0484,Abert's Towhee,0.028025,True,True,True,1,Lesser Goldfinch,0.8851,Abert's Towhee,0.1121,American Goldfinch,0.0804,True,True,True,1,True,0.8851,0.335575,0.22835,0.5,0.5,0.5,OK,,0.06257499999999999,0.273,5.362764682381144
E3_location_only,Mourning_Dove_48ft.wav,Mourning Dove,Mourning Dove,48ft,3,3,1.0,Mourning Dove,0.5191,Eurasian Collared-Dove,0.005999999999999999,White-winged Dove,0.0044666666666666665,True,True,True,1,Mourning Dove,0.9537,Eurasian Collared-Dove,0.018,White-winged Dove,0.0099,True,True,True,1,True,0.9537,0.5191,0.4307,1.0,1.0,1.0,OK,,0.7801,-0.261,0.6654275092936803
E3_location_only,Northern_House_Wren_48ft.wav,Northern House Wren,House Wren,48ft,3,2,0.6666666666666666,House Wren,0.31083333333333335,American Goldfinch,0.0042,Brown Creeper,0.002,True,True,True,1,House Wren,0.9277,American Goldfinch,0.0126,Brown Creeper,0.006,True,True,True,1,True,0.9277,0.31083333333333335,0.0048,0.3333333333333333,0.6666666666666666,0.6666666666666666,OK,,0.7593666666666667,-0.4485333333333334,0.4093323383521355
E3_location_only,Northern_Mockingbird_48ft.wav,Northern Mockingbird,Northern Mockingbird,48ft,4,3,0.75,Northern Mockingbird,0.1022,American Robin,0.009625,Great-tailed Grackle,0.006325000000000001,True,True,True,1,Northern Mockingbird,0.2162,Great-tailed Grackle,0.0238,American Robin,0.02,True,True,True,1,True,0.2162,0.1022,0.0963,0.75,0.75,0.75,OK,,0.31260000000000004,-0.21040000000000003,0.32693538067818295
E3_location_only,Northern_Yellow_Warbler_48ft.wav,Northern Yellow Warbler,Yellow Warbler,48ft,1,1,1.0,Yellow Warbler,0.5094,Willow Flycatcher,0.0074,Wilson's Warbler,0.0058,True,True,True,1,Yellow Warbler,0.5094,Willow Flycatcher,0.0074,Wilson's Warbler,0.0058,True,True,True,1,True,0.5094,0.5094,0.5094,1.0,1.0,1.0,OK,,0.9617,-0.45230000000000004,0.5296870125818862
E3_location_only,Oak_Titmouse_48ft.wav,Oak Titmouse,Oak Titmouse,48ft,4,4,1.0,Oak Titmouse,0.310925,Mourning Dove,0.020125,Sharp-shinned Hawk,0.004475,True,True,True,1,Oak Titmouse,0.9687,Mourning Dove,0.0805,Sharp-shinned Hawk,0.0179,True,True,True,1,True,0.9687,0.311275,0.1375,0.75,0.75,0.75,OK,,0.910375,-0.5991,0.34191953865165453
E3_location_only,Rock_Pigeon_48ft.wav,Rock Pigeon,Rock Pigeon,48ft,3,3,1.0,Rock Pigeon,0.2518,Great Horned Owl,0.09723333333333332,Band-tailed Pigeon,0.021333333333333333,True,True,True,1,Rock Pigeon,0.6812,Great Horned Owl,0.172,Band-tailed Pigeon,0.0382,True,True,True,1,True,0.6812,0.2518,0.0502,0.3333333333333333,1.0,1.0,OK,,0.8856333333333333,-0.6338333333333332,0.2843163084798073
E3_location_only,Song_Sparrow_48ft.wav,Song Sparrow,Song Sparrow,48ft,1,1,1.0,Song Sparrow,0.299,Downy Woodpecker,0.0162,Willow Flycatcher,0.0139,True,True,True,1,Song Sparrow,0.299,Downy Woodpecker,0.0162,Willow Flycatcher,0.0139,True,True,True,1,True,0.299,0.299,0.299,1.0,1.0,1.0,OK,,0.9159,-0.6169,0.3264548531499072
E3_location_only,Spotted_Towhee_48ft.wav,Spotted Towhee,Spotted Towhee,48ft,2,2,1.0,Spotted Towhee,0.0597,Green-tailed Towhee,0.04525,Lincoln's Sparrow,0.0256,True,True,True,1,Spotted Towhee,0.0927,Green-tailed Towhee,0.0535,Lincoln's Sparrow,0.0405,True,True,True,1,True,0.0927,0.0597,0.0597,0.5,1.0,1.0,OK,,0.9761,-0.9164,0.061161766212478236
E4_week_and_location,American_Robin_1ft.wav,American Robin,American Robin,1ft,4,4,1.0,American Robin,0.9196,Black-headed Grosbeak,0.033549999999999996,Northern Mockingbird,0.011625,True,True,True,1,American Robin,0.9906,Black-headed Grosbeak,0.1026,Northern Mockingbird,0.0257,True,True,True,1,True,0.9906,0.9196,0.9392499999999999,1.0,1.0,1.0,OK,,0.9196,0.0,1.0
E4_week_and_location,Annas_Hummingbird_1ft.wav,Anna's Hummingbird,Anna's Hummingbird,1ft,4,4,1.0,Anna's Hummingbird,0.94445,Savannah Sparrow,0.003675,Bewick's Wren,0.000925,True,True,True,1,Anna's Hummingbird,0.9953,Savannah Sparrow,0.0069,House Finch,0.0032,True,True,True,1,True,0.9953,0.94445,0.9902500000000001,1.0,1.0,1.0,OK,,0.94445,0.0,1.0
E4_week_and_location,Barn_Swallow_1ft.wav,Barn Swallow,Barn Swallow,1ft,3,3,1.0,Barn Swallow,0.9812333333333333,Cliff Swallow,0.017333333333333333,Savannah Sparrow,0.004666666666666666,True,True,True,1,Barn Swallow,0.9841,Cliff Swallow,0.052,House Finch,0.0112,True,True,True,1,True,0.9841,0.9812333333333334,0.981,1.0,1.0,1.0,OK,,0.9812333333333334,0.0,1.0
E4_week_and_location,Bewicks_Wren_1ft.wav,Bewick's Wren,Bewick's Wren,1ft,1,1,1.0,Bewick's Wren,0.8609,Black-throated Sparrow,0.1658,Song Sparrow,0.0579,True,True,True,1,Bewick's Wren,0.8609,Black-throated Sparrow,0.1658,Song Sparrow,0.0579,True,True,True,1,True,0.8609,0.8609,0.8609,1.0,1.0,1.0,OK,,0.8609,0.0,1.0
E4_week_and_location,Black_Phoebe_1ft.wav,Black Phoebe,Black Phoebe,1ft,4,4,1.0,Black Phoebe,0.999725,Bushtit,0.0002,Oak Titmouse,0.000125,True,True,True,1,Black Phoebe,0.9998,Bushtit,0.0005,Oak Titmouse,0.0005,True,True,True,1,True,0.9998,0.9997250000000001,0.9998,1.0,1.0,1.0,OK,,0.9997250000000001,0.0,1.0
E4_week_and_location,California_Towhee_1ft.wav,California Towhee,California Towhee,1ft,2,2,1.0,California Towhee,0.9981,Abert's Towhee,0.00385,Spotted Towhee,0.00165,True,True,True,1,California Towhee,0.9986,Abert's Towhee,0.0066,Spotted Towhee,0.0019,True,True,True,1,True,0.9986,0.9981,0.9981,1.0,1.0,1.0,OK,,0.9981,0.0,1.0
E4_week_and_location,Dark_eyed_Junco_1ft.wav,Dark-eyed Junco,Dark-eyed Junco,1ft,2,2,1.0,Dark-eyed Junco,0.9764999999999999,Chipping Sparrow,0.06275,Yellow-rumped Warbler,0.0037,True,True,True,1,Dark-eyed Junco,0.9843,Chipping Sparrow,0.104,Yellow-rumped Warbler,0.0039,True,True,True,1,True,0.9843,0.9764999999999999,0.9764999999999999,1.0,1.0,1.0,OK,,0.9764999999999999,0.0,1.0
E4_week_and_location,European_Starling_1ft.wav,European Starling,European Starling,1ft,4,4,1.0,European Starling,0.344325,Chipping Sparrow,0.0129,Brewer's Blackbird,0.0117,True,True,True,1,European Starling,0.7345,Brewer's Blackbird,0.0342,Chipping Sparrow,0.0241,True,True,True,1,True,0.7345,0.344325,0.31625000000000003,0.75,1.0,1.0,OK,,0.344325,0.0,1.0
E4_week_and_location,Hooded_Oriole_1ft.wav,Hooded Oriole,Hooded Oriole,1ft,4,4,1.0,Hooded Oriole,0.755325,Western Tanager,0.0856,Bullock's Oriole,0.01335,True,True,True,1,Hooded Oriole,0.8867,Western Tanager,0.3424,California Thrasher,0.0411,True,True,True,1,True,0.8867,0.755325,0.7302,1.0,1.0,1.0,OK,,0.755325,0.0,1.0
E4_week_and_location,House_Finch_1ft.wav,House Finch,House Finch,1ft,3,3,1.0,House Finch,0.6496333333333334,Purple Finch,0.021866666666666663,Blue Grosbeak,0.0161,True,True,True,1,House Finch,0.6925,Blue Grosbeak,0.032,Purple Finch,0.0262,True,True,True,1,True,0.6925,0.6496333333333334,0.6925,1.0,1.0,1.0,OK,,0.6496333333333334,0.0,1.0
E4_week_and_location,House_Sparrow_1ft.wav,House Sparrow,House Sparrow,1ft,4,4,1.0,House Sparrow,0.5964,Tree Swallow,0.010975,House Finch,0.004125,True,True,True,1,House Sparrow,0.8738,Tree Swallow,0.0252,House Finch,0.0097,True,True,True,1,True,0.8738,0.5964,0.5105500000000001,1.0,1.0,1.0,OK,,0.5964,0.0,1.0
E4_week_and_location,Lesser_Goldfinch_1ft.wav,Lesser Goldfinch,Lesser Goldfinch,1ft,4,4,1.0,American Goldfinch,0.1749,Lesser Goldfinch,0.06257499999999999,Lazuli Bunting,0.0047,False,True,True,2,American Goldfinch,0.6807,Lesser Goldfinch,0.1137,Lazuli Bunting,0.0188,False,True,True,2,True,0.1137,0.06257499999999999,0.06175,0.5,1.0,1.0,OK,,0.06257499999999999,0.0,1.0
E4_week_and_location,Mourning_Dove_1ft.wav,Mourning Dove,Mourning Dove,1ft,3,3,1.0,Mourning Dove,0.7801,Eurasian Collared-Dove,0.013733333333333334,White-winged Dove,0.0036000000000000003,True,True,True,1,Mourning Dove,0.9285,Eurasian Collared-Dove,0.0393,White-winged Dove,0.0057,True,True,True,1,True,0.9285,0.7801,0.8296,1.0,1.0,1.0,OK,,0.7801,0.0,1.0
E4_week_and_location,Northern_House_Wren_1ft.wav,Northern House Wren,House Wren,1ft,3,3,1.0,House Wren,0.7593666666666667,Marsh Wren,0.04206666666666667,Rufous-crowned Sparrow,0.0268,True,True,True,1,House Wren,0.992,Marsh Wren,0.1221,Rufous-crowned Sparrow,0.0804,True,True,True,1,True,0.992,0.7593666666666667,0.9754,1.0,1.0,1.0,OK,,0.7593666666666667,0.0,1.0
E4_week_and_location,Northern_Mockingbird_1ft.wav,Northern Mockingbird,Northern Mockingbird,1ft,4,4,1.0,Northern Mockingbird,0.3126,Wrentit,0.08715,Rock Wren,0.0084,True,True,True,1,Northern Mockingbird,0.5772,Wrentit,0.1834,Rock Wren,0.0202,True,True,True,1,True,0.5772,0.31260000000000004,0.3356,0.75,0.75,1.0,OK,,0.31260000000000004,0.0,1.0
E4_week_and_location,Northern_Yellow_Warbler_1ft.wav,Northern Yellow Warbler,Yellow Warbler,1ft,1,1,1.0,Yellow Warbler,0.9617,Willow Flycatcher,0.0077,Wilson's Warbler,0.0054,True,True,True,1,Yellow Warbler,0.9617,Willow Flycatcher,0.0077,Wilson's Warbler,0.0054,True,True,True,1,True,0.9617,0.9617,0.9617,1.0,1.0,1.0,OK,,0.9617,0.0,1.0
E4_week_and_location,Oak_Titmouse_1ft.wav,Oak Titmouse,Oak Titmouse,1ft,4,4,1.0,Oak Titmouse,0.9103749999999999,Spotted Towhee,0.018475,Rock Wren,0.0081,True,True,True,1,Oak Titmouse,0.9997,Spotted Towhee,0.0479,Northern Mockingbird,0.0177,True,True,True,1,True,0.9997,0.910375,0.99055,1.0,1.0,1.0,OK,,0.910375,0.0,1.0
E4_week_and_location,Rock_Pigeon_1ft.wav,Rock Pigeon,Rock Pigeon,1ft,3,3,1.0,Rock Pigeon,0.8856333333333334,Black Phoebe,0.06153333333333333,Canyon Wren,0.0067666666666666665,True,True,True,1,Rock Pigeon,0.9875,Black Phoebe,0.1134,Canyon Wren,0.0178,True,True,True,1,True,0.9875,0.8856333333333333,0.9081,1.0,1.0,1.0,OK,,0.8856333333333333,0.0,1.0
E4_week_and_location,Song_Sparrow_1ft.wav,Song Sparrow,Song Sparrow,1ft,1,1,1.0,Song Sparrow,0.9159,Savannah Sparrow,0.0052,Red-winged Blackbird,0.0027,True,True,True,1,Song Sparrow,0.9159,Savannah Sparrow,0.0052,Red-winged Blackbird,0.0027,True,True,True,1,True,0.9159,0.9159,0.9159,1.0,1.0,1.0,OK,,0.9159,0.0,1.0
E4_week_and_location,Spotted_Towhee_1ft.wav,Spotted Towhee,Spotted Towhee,1ft,2,2,1.0,Spotted Towhee,0.9761,Dark-eyed Junco,0.0015500000000000002,Rufous-crowned Sparrow,0.00115,True,True,True,1,Spotted Towhee,0.9864,Dark-eyed Junco,0.0022,Rufous-crowned Sparrow,0.0015,True,True,True,1,True,0.9864,0.9761,0.9761,1.0,1.0,1.0,OK,,0.9761,0.0,1.0
E4_week_and_location,American_Robin_4ft.wav,American Robin,American Robin,4ft,4,4,1.0,American Robin,0.937825,Black-headed Grosbeak,0.049275,Northern Mockingbird,0.0045,True,True,True,1,American Robin,0.9948,Black-headed Grosbeak,0.1932,Northern Mockingbird,0.015,True,True,True,1,True,0.9948,0.937825,0.95505,1.0,1.0,1.0,OK,,0.9196,0.018225000000000047,1.0198183993040453
E4_week_and_location,Annas_Hummingbird_4ft.wav,Anna's Hummingbird,Anna's Hummingbird,4ft,4,4,1.0,Anna's Hummingbird,0.995975,Rufous Hummingbird,0.001375,Black Phoebe,0.001,True,True,True,1,Anna's Hummingbird,0.9993,Rufous Hummingbird,0.0055,Black Phoebe,0.004,True,True,True,1,True,0.9993,0.9959749999999999,0.9959,1.0,1.0,1.0,OK,,0.94445,0.05152499999999993,1.0545555614378739
E4_week_and_location,Barn_Swallow_4ft.wav,Barn Swallow,Barn Swallow,4ft,3,3,1.0,Barn Swallow,0.9994000000000001,Cliff Swallow,0.019266666666666665,Belted Kingfisher,0.002,True,True,True,1,Barn Swallow,0.9996,Cliff Swallow,0.0416,Belted Kingfisher,0.006,True,True,True,1,True,0.9996,0.9994000000000001,0.9995,1.0,1.0,1.0,OK,,0.9812333333333334,0.018166666666666664,1.0185141148894248
E4_week_and_location,Bewicks_Wren_4ft.wav,Bewick's Wren,Bewick's Wren,4ft,1,1,1.0,Bewick's Wren,0.7954,Black-throated Sparrow,0.0923,Song Sparrow,0.0666,True,True,True,1,Bewick's Wren,0.7954,Black-throated Sparrow,0.0923,Song Sparrow,0.0666,True,True,True,1,True,0.7954,0.7954,0.7954,1.0,1.0,1.0,OK,,0.8609,-0.0655,0.9239168312231386
E4_week_and_location,Black_Phoebe_4ft.wav,Black Phoebe,Black Phoebe,4ft,4,4,1.0,Black Phoebe,0.998875,Bushtit,0.00085,Anna's Hummingbird,0.000225,True,True,True,1,Black Phoebe,0.9997,Bushtit,0.0012,Anna's Hummingbird,0.0005,True,True,True,1,True,0.9997,0.998875,0.99915,1.0,1.0,1.0,OK,,0.9997250000000001,-0.0008500000000001284,0.999149766185701
E4_week_and_location,California_Towhee_4ft.wav,California Towhee,California Towhee,4ft,2,2,1.0,California Towhee,0.99595,Abert's Towhee,0.00175,Hooded Oriole,0.00125,True,True,True,1,California Towhee,0.9997,Abert's Towhee,0.003,Hooded Oriole,0.002,True,True,True,1,True,0.9997,0.99595,0.99595,1.0,1.0,1.0,OK,,0.9981,-0.0021499999999999853,0.9978459072237251
E4_week_and_location,Dark_eyed_Junco_4ft.wav,Dark-eyed Junco,Dark-eyed Junco,4ft,2,2,1.0,Dark-eyed Junco,0.9716,Chipping Sparrow,0.01985,Yellow-rumped Warbler,0.0009499999999999999,True,True,True,1,Dark-eyed Junco,0.983,Chipping Sparrow,0.0205,Yellow-rumped Warbler,0.0012,True,True,True,1,True,0.983,0.9716,0.9716,1.0,1.0,1.0,OK,,0.9764999999999999,-0.004899999999999904,0.9949820788530467
E4_week_and_location,European_Starling_4ft.wav,European Starling,European Starling,4ft,4,4,1.0,European Starling,0.262625,American Robin,0.08385,Chipping Sparrow,0.012925,True,True,True,1,European Starling,0.6804,American Robin,0.2158,Chipping Sparrow,0.0459,True,True,True,1,True,0.6804,0.2636,0.18505000000000002,0.5,0.75,0.75,OK,,0.344325,-0.08072499999999999,0.7655557975749655
E4_week_and_location,Hooded_Oriole_4ft.wav,Hooded Oriole,Hooded Oriole,4ft,4,4,1.0,Hooded Oriole,0.9285249999999999,Western Tanager,0.19455,Bullock's Oriole,0.009075,True,True,True,1,Hooded Oriole,0.9994,Western Tanager,0.7782,Cassin's Kingbird,0.0268,True,True,True,1,True,0.9994,0.928525,0.95705,1.0,1.0,1.0,OK,,0.755325,0.17320000000000002,1.229305265945123
E4_week_and_location,House_Finch_4ft.wav,House Finch,House Finch,4ft,3,3,1.0,House Finch,0.8809333333333335,Purple Finch,0.0229,Blue Grosbeak,0.0076,True,True,True,1,House Finch,0.9675,Purple Finch,0.0473,Blue Grosbeak,0.0223,True,True,True,1,True,0.9675,0.8809333333333335,0.937,1.0,1.0,1.0,OK,,0.6496333333333334,0.23130000000000006,1.356047000872287
E4_week_and_location,House_Sparrow_4ft.wav,House Sparrow,House Sparrow,4ft,4,4,1.0,House Sparrow,0.4852,Northern Mockingbird,0.00295,Tree Swallow,0.0026750000000000003,True,True,True,1,House Sparrow,0.6954,Tree Swallow,0.0067,House Finch,0.0053,True,True,True,1,True,0.6954,0.4852,0.5511,1.0,1.0,1.0,OK,,0.5964,-0.11120000000000002,0.8135479543930247
E4_week_and_location,Lesser_Goldfinch_4ft.wav,Lesser Goldfinch,Lesser Goldfinch,4ft,4,4,1.0,Lesser Goldfinch,0.217675,American Goldfinch,0.1159,Lawrence's Goldfinch,0.007225,True,True,True,1,American Goldfinch,0.4459,Lesser Goldfinch,0.4046,Lawrence's Goldfinch,0.0281,False,True,True,2,True,0.4046,0.217675,0.22925,0.75,1.0,1.0,OK,,0.06257499999999999,0.15510000000000002,3.4786256492209353
E4_week_and_location,Mourning_Dove_4ft.wav,Mourning Dove,Mourning Dove,4ft,3,3,1.0,Mourning Dove,0.8314666666666666,White-winged Dove,0.015633333333333332,Eurasian Collared-Dove,0.0107,True,True,True,1,Mourning Dove,0.9449,White-winged Dove,0.0228,Eurasian Collared-Dove,0.0192,True,True,True,1,True,0.9449,0.8314666666666666,0.8717,1.0,1.0,1.0,OK,,0.7801,0.05136666666666656,1.0658462590266204
E4_week_and_location,Northern_House_Wren_4ft.wav,Northern House Wren,House Wren,4ft,3,3,1.0,House Wren,0.8470333333333334,Marsh Wren,0.0236,Bell's Vireo,0.0082,True,True,True,1,House Wren,0.9978,Marsh Wren,0.0693,Bell's Vireo,0.0246,True,True,True,1,True,0.9978,0.8470333333333334,0.9954,1.0,1.0,1.0,OK,,0.7593666666666667,0.08766666666666667,1.115447083095562
E4_week_and_location,Northern_Mockingbird_4ft.wav,Northern Mockingbird,Northern Mockingbird,4ft,4,4,1.0,Northern Mockingbird,0.35974999999999996,Wrentit,0.006125,American Robin,0.0013,True,True,True,1,Northern Mockingbird,0.8118,Wrentit,0.0234,American Robin,0.0034,True,True,True,1,True,0.8118,0.35974999999999996,0.31335,0.75,0.75,1.0,OK,,0.31260000000000004,0.047149999999999914,1.1508317338451692
E4_week_and_location,Northern_Yellow_Warbler_4ft.wav,Northern Yellow Warbler,Yellow Warbler,4ft,1,1,1.0,Yellow Warbler,0.9331,Willow Flycatcher,0.0069,Wilson's Warbler,0.005,True,True,True,1,Yellow Warbler,0.9331,Willow Flycatcher,0.0069,Wilson's Warbler,0.005,True,True,True,1,True,0.9331,0.9331,0.9331,1.0,1.0,1.0,OK,,0.9617,-0.02859999999999996,0.9702609961526464
E4_week_and_location,Oak_Titmouse_4ft.wav,Oak Titmouse,Oak Titmouse,4ft,4,4,1.0,Oak Titmouse,0.894675,Spotted Towhee,0.00115,California Towhee,0.0009,True,True,True,1,Oak Titmouse,0.9989,Spotted Towhee,0.0023,California Towhee,0.0017,True,True,True,1,True,0.9989,0.894675,0.9982,1.0,1.0,1.0,OK,,0.910375,-0.015700000000000047,0.9827543594672524
E4_week_and_location,Rock_Pigeon_4ft.wav,Rock Pigeon,Rock Pigeon,4ft,3,3,1.0,Rock Pigeon,0.9934666666666666,Least Bittern,0.0018666666666666669,Band-tailed Pigeon,0.0011333333333333332,True,True,True,1,Rock Pigeon,0.9948,Least Bittern,0.0051,Band-tailed Pigeon,0.0026,True,True,True,1,True,0.9948,0.9934666666666666,0.9938,1.0,1.0,1.0,OK,,0.8856333333333333,0.10783333333333334,1.1217584402875531
E4_week_and_location,Song_Sparrow_4ft.wav,Song Sparrow,Song Sparrow,4ft,1,1,1.0,Song Sparrow,0.9624,Bewick's Wren,0.0019,Savannah Sparrow,0.0015,True,True,True,1,Song Sparrow,0.9624,Bewick's Wren,0.0019,Savannah Sparrow,0.0015,True,True,True,1,True,0.9624,0.9624,0.9624,1.0,1.0,1.0,OK,,0.9159,0.046499999999999986,1.050769734687193
E4_week_and_location,Spotted_Towhee_4ft.wav,Spotted Towhee,Spotted Towhee,4ft,2,2,1.0,Spotted Towhee,0.9879,Dark-eyed Junco,0.00055,Rufous-crowned Sparrow,0.00035,True,True,True,1,Spotted Towhee,0.9896,Dark-eyed Junco,0.0007,Rufous-crowned Sparrow,0.0007,True,True,True,1,True,0.9896,0.9879,0.9879,1.0,1.0,1.0,OK,,0.9761,0.011800000000000033,1.0120889253150291
E4_week_and_location,American_Robin_8ft.wav,American Robin,American Robin,8ft,4,4,1.0,American Robin,0.85685,Black-headed Grosbeak,0.035575,Northern Mockingbird,0.0051,True,True,True,1,American Robin,0.969,Black-headed Grosbeak,0.1164,Northern Mockingbird,0.0125,True,True,True,1,True,0.969,0.85685,0.866,1.0,1.0,1.0,OK,,0.9196,-0.06274999999999997,0.9317638103523271
E4_week_and_location,Annas_Hummingbird_8ft.wav,Anna's Hummingbird,Anna's Hummingbird,8ft,4,4,1.0,Anna's Hummingbird,0.9588,Savannah Sparrow,0.004274999999999999,Chipping Sparrow,0.000575,True,True,True,1,Anna's Hummingbird,0.9986,Savannah Sparrow,0.0157,Rock Wren,0.0023,True,True,True,1,True,0.9986,0.9588000000000001,0.99285,1.0,1.0,1.0,OK,,0.94445,0.014350000000000085,1.015194028270422
E4_week_and_location,Barn_Swallow_8ft.wav,Barn Swallow,Barn Swallow,8ft,3,3,1.0,Barn Swallow,0.9903666666666666,Cliff Swallow,0.0243,White-throated Swift,0.0012,True,True,True,1,Barn Swallow,0.9986,Cliff Swallow,0.0683,White-throated Swift,0.0024,True,True,True,1,True,0.9986,0.9903666666666666,0.9943,1.0,1.0,1.0,OK,,0.9812333333333334,0.009133333333333216,1.0093080137242245
E4_week_and_location,Bewicks_Wren_8ft.wav,Bewick's Wren,Bewick's Wren,8ft,1,1,1.0,Bewick's Wren,0.8914,Black-throated Sparrow,0.317,Song Sparrow,0.0098,True,True,True,1,Bewick's Wren,0.8914,Black-throated Sparrow,0.317,Song Sparrow,0.0098,True,True,True,1,True,0.8914,0.8914,0.8914,1.0,1.0,1.0,OK,,0.8609,0.03049999999999997,1.0354280404228133
E4_week_and_location,Black_Phoebe_8ft.wav,Black Phoebe,Black Phoebe,8ft,4,4,1.0,Black Phoebe,0.9989,Bushtit,0.000475,Anna's Hummingbird,0.00025,True,True,True,1,Black Phoebe,0.9996,Anna's Hummingbird,0.0007,Bushtit,0.0006,True,True,True,1,True,0.9996,0.9988999999999999,0.9988999999999999,1.0,1.0,1.0,OK,,0.9997250000000001,-0.0008250000000001867,0.9991747730625921
E4_week_and_location,California_Towhee_8ft.wav,California Towhee,California Towhee,8ft,2,2,1.0,California Towhee,0.9963500000000001,Abert's Towhee,0.00105,Nuttall's Woodpecker,0.0007999999999999999,True,True,True,1,California Towhee,0.9996,Abert's Towhee,0.0021,Orange-crowned Warbler,0.0013,True,True,True,1,True,0.9996,0.9963500000000001,0.9963500000000001,1.0,1.0,1.0,OK,,0.9981,-0.0017499999999999183,0.998246668670474
E4_week_and_location,Dark_eyed_Junco_8ft.wav,Dark-eyed Junco,Dark-eyed Junco,8ft,2,2,1.0,Dark-eyed Junco,0.97185,Chipping Sparrow,0.0158,Yellow-rumped Warbler,0.00165,True,True,True,1,Dark-eyed Junco,0.9858,Chipping Sparrow,0.0211,Yellow-rumped Warbler,0.0021,True,True,True,1,True,0.9858,0.97185,0.97185,1.0,1.0,1.0,OK,,0.9764999999999999,-0.004649999999999932,0.9952380952380953
E4_week_and_location,European_Starling_8ft.wav,European Starling,European Starling,8ft,4,4,1.0,European Starling,0.1441,American Robin,0.063025,Oak Titmouse,0.00625,True,True,True,1,European Starling,0.3068,American Robin,0.1391,Oak Titmouse,0.0205,True,True,True,1,True,0.3068,0.144825,0.1348,0.5,0.75,0.75,OK,,0.344325,-0.19949999999999998,0.42060553256371164
E4_week_and_location,Hooded_Oriole_8ft.wav,Hooded Oriole,Hooded Oriole,8ft,4,4,1.0,Hooded Oriole,0.6775,Western Tanager,0.216,California Thrasher,0.003375,True,True,True,1,Hooded Oriole,0.9939,Western Tanager,0.863,California Thrasher,0.0133,True,True,True,1,True,0.9939,0.6775,0.6833,0.75,1.0,1.0,OK,,0.755325,-0.07782500000000003,0.8969648826664018
E4_week_and_location,House_Finch_8ft.wav,House Finch,House Finch,8ft,3,3,1.0,House Finch,0.2994,Purple Finch,0.005733333333333333,Blue Grosbeak,0.0032333333333333333,True,True,True,1,House Finch,0.6912,Purple Finch,0.0099,Blue Grosbeak,0.0091,True,True,True,1,True,0.6912,0.29940000000000005,0.1712,1.0,1.0,1.0,OK,,0.6496333333333334,-0.35023333333333334,0.46087536559084613
E4_week_and_location,House_Sparrow_8ft.wav,House Sparrow,House Sparrow,8ft,4,4,1.0,House Sparrow,0.288925,Tree Swallow,0.0059499999999999996,House Finch,0.00565,True,True,True,1,House Sparrow,0.3691,House Finch,0.0213,Tree Swallow,0.0179,True,True,True,1,True,0.3691,0.288925,0.30365000000000003,1.0,1.0,1.0,OK,,0.5964,-0.30747500000000005,0.4844483568075117
E4_week_and_location,Lesser_Goldfinch_8ft.wav,Lesser Goldfinch,Lesser Goldfinch,8ft,4,4,1.0,Lesser Goldfinch,0.1922,American Goldfinch,0.059750000000000004,Lazuli Bunting,0.010775,True,True,True,1,Lesser Goldfinch,0.4873,American Goldfinch,0.226,Lazuli Bunting,0.0431,True,True,True,1,True,0.4873,0.1922,0.1384,0.75,1.0,1.0,OK,,0.06257499999999999,0.12962500000000002,3.0715141829804242
E4_week_and_location,Mourning_Dove_8ft.wav,Mourning Dove,Mourning Dove,8ft,3,3,1.0,Mourning Dove,0.21356666666666665,Black Phoebe,0.1939,Eurasian Collared-Dove,0.015666666666666666,True,True,True,1,Mourning Dove,0.5156,Black Phoebe,0.4863,Eurasian Collared-Dove,0.0292,True,True,True,1,True,0.5156,0.21356666666666665,0.1052,0.3333333333333333,1.0,1.0,OK,,0.7801,-0.5665333333333333,0.2737683203008161
E4_week_and_location,Northern_House_Wren_8ft.wav,Northern House Wren,House Wren,8ft,3,3,1.0,House Wren,0.7113666666666667,Rufous-crowned Sparrow,0.0322,Marsh Wren,0.01916666666666667,True,True,True,1,House Wren,0.9958,Rufous-crowned Sparrow,0.0966,Marsh Wren,0.0575,True,True,True,1,True,0.9958,0.7113666666666667,0.9912,1.0,1.0,1.0,OK,,0.7593666666666667,-0.04800000000000004,0.9367894297879812
E4_week_and_location,Northern_Mockingbird_8ft.wav,Northern Mockingbird,Northern Mockingbird,8ft,4,4,1.0,Northern Mockingbird,0.4608,Wrentit,0.09335,House Finch,0.006699999999999999,True,True,True,1,Northern Mockingbird,0.8684,Wrentit,0.3603,Great-tailed Grackle,0.0247,True,True,True,1,True,0.8684,0.4608,0.47985,0.75,1.0,1.0,OK,,0.31260000000000004,0.14819999999999994,1.474088291746641
E4_week_and_location,Northern_Yellow_Warbler_8ft.wav,Northern Yellow Warbler,Yellow Warbler,8ft,1,1,1.0,Yellow Warbler,0.9017,Black Phoebe,0.0411,Willow Flycatcher,0.0056,True,True,True,1,Yellow Warbler,0.9017,Black Phoebe,0.0411,Willow Flycatcher,0.0056,True,True,True,1,True,0.9017,0.9017,0.9017,1.0,1.0,1.0,OK,,0.9617,-0.06000000000000005,0.9376104814391182
E4_week_and_location,Oak_Titmouse_8ft.wav,Oak Titmouse,Oak Titmouse,8ft,4,4,1.0,Oak Titmouse,0.7524,Black Phoebe,0.01995,Spotted Towhee,0.003375,True,True,True,1,Oak Titmouse,0.9995,Black Phoebe,0.063,Spotted Towhee,0.011,True,True,True,1,True,0.9995,0.7524,0.997,0.75,1.0,1.0,OK,,0.910375,-0.1579750000000001,0.8264726074419881
E4_week_and_location,Rock_Pigeon_8ft.wav,Rock Pigeon,Rock Pigeon,8ft,3,3,1.0,Rock Pigeon,0.9980666666666668,Black Phoebe,0.14336666666666667,Cooper's Hawk,0.0013666666666666669,True,True,True,1,Rock Pigeon,0.9995,Black Phoebe,0.2282,Cooper's Hawk,0.0016,True,True,True,1,True,0.9995,0.9980666666666668,0.9981,1.0,1.0,1.0,OK,,0.8856333333333333,0.1124333333333335,1.1269524633971923
E4_week_and_location,Song_Sparrow_8ft.wav,Song Sparrow,Song Sparrow,8ft,1,1,1.0,Song Sparrow,0.9496,Willow Flycatcher,0.0011,Dark-eyed Junco,0.001,True,True,True,1,Song Sparrow,0.9496,Willow Flycatcher,0.0011,Dark-eyed Junco,0.001,True,True,True,1,True,0.9496,0.9496,0.9496,1.0,1.0,1.0,OK,,0.9159,0.03369999999999995,1.0367944098700732
E4_week_and_location,Spotted_Towhee_8ft.wav,Spotted Towhee,Spotted Towhee,8ft,2,2,1.0,Spotted Towhee,0.9726,Dark-eyed Junco,0.00045,Orange-crowned Warbler,0.00045,True,True,True,1,Spotted Towhee,0.9755,Western Tanager,0.0006,Dark-eyed Junco,0.0005,True,True,True,1,True,0.9755,0.9726,0.9726,1.0,1.0,1.0,OK,,0.9761,-0.0034999999999999476,0.9964143018133389
E4_week_and_location,American_Robin_12ft.wav,American Robin,American Robin,12ft,4,4,1.0,American Robin,0.7108,Black-headed Grosbeak,0.0769,Northern Mockingbird,0.0015999999999999999,True,True,True,1,American Robin,0.8056,Black-headed Grosbeak,0.2784,Black-throated Gray Warbler,0.005,True,True,True,1,True,0.8056,0.7108,0.71375,1.0,1.0,1.0,OK,,0.9196,-0.20879999999999999,0.7729447585906916
E4_week_and_location,Annas_Hummingbird_12ft.wav,Anna's Hummingbird,Anna's Hummingbird,12ft,4,4,1.0,Anna's Hummingbird,0.98305,Rufous Hummingbird,0.0046,Allen's Hummingbird,0.000875,True,True,True,1,Anna's Hummingbird,0.9994,Rufous Hummingbird,0.0184,Allen's Hummingbird,0.0035,True,True,True,1,True,0.9994,0.98305,0.9964999999999999,1.0,1.0,1.0,OK,,0.94445,0.03859999999999997,1.0408703478214834
E4_week_and_location,Barn_Swallow_12ft.wav,Barn Swallow,Barn Swallow,12ft,3,3,1.0,Barn Swallow,0.9975333333333333,Cliff Swallow,0.08656666666666667,Greater Roadrunner,0.0016666666666666668,True,True,True,1,Barn Swallow,0.9988,Cliff Swallow,0.2432,Greater Roadrunner,0.005,True,True,True,1,True,0.9988,0.9975333333333335,0.9977,1.0,1.0,1.0,OK,,0.9812333333333334,0.016300000000000092,1.0166117471209704
E4_week_and_location,Bewicks_Wren_12ft.wav,Bewick's Wren,Bewick's Wren,12ft,1,1,1.0,Bewick's Wren,0.8706,Black-throated Sparrow,0.0809,Song Sparrow,0.0201,True,True,True,1,Bewick's Wren,0.8706,Black-throated Sparrow,0.0809,Song Sparrow,0.0201,True,True,True,1,True,0.8706,0.8706,0.8706,1.0,1.0,1.0,OK,,0.8609,0.009700000000000042,1.0112672784295504
E4_week_and_location,Black_Phoebe_12ft.wav,Black Phoebe,Black Phoebe,12ft,4,4,1.0,Black Phoebe,0.994775,Song Sparrow,0.0046749999999999995,Downy Woodpecker,0.001875,True,True,True,1,Black Phoebe,0.9997,Song Sparrow,0.0136,Canada Goose,0.0053,True,True,True,1,True,0.9997,0.994775,0.99475,1.0,1.0,1.0,OK,,0.9997250000000001,-0.004950000000000121,0.9950486383755531
E4_week_and_location,California_Towhee_12ft.wav,California Towhee,California Towhee,12ft,2,2,1.0,California Towhee,0.99515,Abert's Towhee,0.00385,Orange-crowned Warbler,0.00045,True,True,True,1,California Towhee,0.999,Abert's Towhee,0.0072,Orange-crowned Warbler,0.0009,True,True,True,1,True,0.999,0.99515,0.99515,1.0,1.0,1.0,OK,,0.9981,-0.002950000000000008,0.9970443843302275
E4_week_and_location,Dark_eyed_Junco_12ft.wav,Dark-eyed Junco,Dark-eyed Junco,12ft,2,2,1.0,Dark-eyed Junco,0.9493,Chipping Sparrow,0.024800000000000003,Orange-crowned Warbler,0.0010500000000000002,True,True,True,1,Dark-eyed Junco,0.9696,Chipping Sparrow,0.0369,Orange-crowned Warbler,0.0011,True,True,True,1,True,0.9696,0.9493,0.9493,1.0,1.0,1.0,OK,,0.9764999999999999,-0.02719999999999989,0.9721454173067078
E4_week_and_location,European_Starling_12ft.wav,European Starling,European Starling,12ft,4,3,0.75,European Starling,0.192225,American Robin,0.060024999999999995,Chipping Sparrow,0.006125,True,True,True,1,European Starling,0.562,American Robin,0.1576,Chipping Sparrow,0.0193,True,True,True,1,True,0.562,0.192225,0.10345,0.5,0.75,0.75,OK,,0.344325,-0.15209999999999999,0.5582661729470704
E4_week_and_location,Hooded_Oriole_12ft.wav,Hooded Oriole,Hooded Oriole,12ft,4,4,1.0,Hooded Oriole,0.62715,Western Tanager,0.2121,California Thrasher,0.025474999999999998,True,True,True,1,Hooded Oriole,0.9354,Western Tanager,0.8465,California Thrasher,0.1016,True,True,True,1,True,0.9354,0.6271499999999999,0.6563,0.75,1.0,1.0,OK,,0.755325,-0.12817500000000015,0.8303048356667657
E4_week_and_location,House_Finch_12ft.wav,House Finch,House Finch,12ft,3,3,1.0,House Finch,0.6542,Purple Finch,0.028300000000000002,Blue Grosbeak,0.009300000000000001,True,True,True,1,House Finch,0.9257,Purple Finch,0.0445,Blue Grosbeak,0.0223,True,True,True,1,True,0.9257,0.6542,0.7589,1.0,1.0,1.0,OK,,0.6496333333333334,0.004566666666666608,1.007029606444661
E4_week_and_location,House_Sparrow_12ft.wav,House Sparrow,House Sparrow,12ft,4,4,1.0,House Sparrow,0.463075,House Finch,0.0017,Tree Swallow,0.0015500000000000002,True,True,True,1,House Sparrow,0.7826,House Finch,0.0068,Tree Swallow,0.004,True,True,True,1,True,0.7826,0.463075,0.42164999999999997,1.0,1.0,1.0,OK,,0.5964,-0.13332500000000003,0.7764503688799463
E4_week_and_location,Lesser_Goldfinch_12ft.wav,Lesser Goldfinch,Lesser Goldfinch,12ft,4,4,1.0,Lesser Goldfinch,0.20465,American Goldfinch,0.05,Lazuli Bunting,0.004375,True,True,True,1,Lesser Goldfinch,0.443,American Goldfinch,0.1928,Lazuli Bunting,0.0175,True,True,True,1,True,0.443,0.20464999999999997,0.18614999999999998,0.5,1.0,1.0,OK,,0.06257499999999999,0.14207499999999998,3.2704754294846183
E4_week_and_location,Mourning_Dove_12ft.wav,Mourning Dove,Mourning Dove,12ft,3,3,1.0,Mourning Dove,0.5309,Eurasian Collared-Dove,0.08863333333333334,Northern Cardinal,0.0024333333333333334,True,True,True,1,Mourning Dove,0.9556,Eurasian Collared-Dove,0.2432,Northern Cardinal,0.0041,True,True,True,1,True,0.9556,0.5309,0.4292,0.6666666666666666,1.0,1.0,OK,,0.7801,-0.24919999999999998,0.6805537751570312
E4_week_and_location,Northern_House_Wren_12ft.wav,Northern House Wren,House Wren,12ft,3,3,1.0,House Wren,0.7785666666666667,Marsh Wren,0.13386666666666666,Bell's Vireo,0.05386666666666667,True,True,True,1,House Wren,0.9941,Marsh Wren,0.4008,Bell's Vireo,0.1616,True,True,True,1,True,0.9941,0.7785666666666667,0.9864,0.6666666666666666,1.0,1.0,OK,,0.7593666666666667,0.019199999999999995,1.0252842280848076
E4_week_and_location,Northern_Mockingbird_12ft.wav,Northern Mockingbird,Northern Mockingbird,12ft,4,4,1.0,Northern Mockingbird,0.3065,Wrentit,0.00425,American Robin,0.003325,True,True,True,1,Northern Mockingbird,0.7178,Wrentit,0.0138,American Robin,0.0127,True,True,True,1,True,0.7178,0.3065,0.2537,0.75,0.75,1.0,OK,,0.31260000000000004,-0.00610000000000005,0.9804862444017912
E4_week_and_location,Northern_Yellow_Warbler_12ft.wav,Northern Yellow Warbler,Yellow Warbler,12ft,1,1,1.0,Yellow Warbler,0.8782,Wilson's Warbler,0.0172,Willow Flycatcher,0.006,True,True,True,1,Yellow Warbler,0.8782,Wilson's Warbler,0.0172,Willow Flycatcher,0.006,True,True,True,1,True,0.8782,0.8782,0.8782,1.0,1.0,1.0,OK,,0.9617,-0.08350000000000002,0.9131745866694395
E4_week_and_location,Oak_Titmouse_12ft.wav,Oak Titmouse,Oak Titmouse,12ft,4,4,1.0,Oak Titmouse,0.76805,Spotted Towhee,0.003025,California Towhee,0.001225,True,True,True,1,Oak Titmouse,0.9991,Spotted Towhee,0.0089,California Towhee,0.0029,True,True,True,1,True,0.9991,0.76805,0.9984,1.0,1.0,1.0,OK,,0.910375,-0.14232500000000003,0.8436633255526569
E4_week_and_location,Rock_Pigeon_12ft.wav,Rock Pigeon,Rock Pigeon,12ft,3,3,1.0,Rock Pigeon,0.9921666666666668,American Crow,0.018699999999999998,Great Horned Owl,0.0009333333333333333,True,True,True,1,Rock Pigeon,0.9948,American Crow,0.0561,Least Bittern,0.0025,True,True,True,1,True,0.9948,0.9921666666666668,0.9946,1.0,1.0,1.0,OK,,0.8856333333333333,0.10653333333333348,1.120290564191351
E4_week_and_location,Song_Sparrow_12ft.wav,Song Sparrow,Song Sparrow,12ft,1,1,1.0,Song Sparrow,0.9502,Downy Woodpecker,0.0022,Savannah Sparrow,0.0018,True,True,True,1,Song Sparrow,0.9502,Downy Woodpecker,0.0022,Savannah Sparrow,0.0018,True,True,True,1,True,0.9502,0.9502,0.9502,1.0,1.0,1.0,OK,,0.9159,0.0343,1.0374495032208757
E4_week_and_location,Spotted_Towhee_12ft.wav,Spotted Towhee,Spotted Towhee,12ft,2,2,1.0,Spotted Towhee,0.97085,Dark-eyed Junco,0.0008500000000000001,Orange-crowned Warbler,0.0007,True,True,True,1,Spotted Towhee,0.9848,Dark-eyed Junco,0.0009,Lazuli Bunting,0.0007,True,True,True,1,True,0.9848,0.97085,0.97085,1.0,1.0,1.0,OK,,0.9761,-0.005249999999999977,0.9946214527200082
E4_week_and_location,American_Robin_24ft.wav,American Robin,American Robin,24ft,4,4,1.0,American Robin,0.620475,Black-headed Grosbeak,0.066325,Black-throated Gray Warbler,0.00315,True,True,True,1,American Robin,0.6834,Black-headed Grosbeak,0.2571,Black-throated Gray Warbler,0.0115,True,True,True,1,True,0.6834,0.620475,0.63645,1.0,1.0,1.0,OK,,0.9196,-0.299125,0.6747227055241409
E4_week_and_location,Annas_Hummingbird_24ft.wav,Anna's Hummingbird,Anna's Hummingbird,24ft,4,4,1.0,Anna's Hummingbird,0.915325,Pacific-slope Flycatcher,0.0018999999999999998,Bewick's Wren,0.001425,True,True,True,1,Anna's Hummingbird,0.9968,Pacific-slope Flycatcher,0.0055,Brown-headed Cowbird,0.0045,True,True,True,1,True,0.9968,0.915325,0.9337500000000001,1.0,1.0,1.0,OK,,0.94445,-0.029124999999999956,0.9691619461061994
E4_week_and_location,Barn_Swallow_24ft.wav,Barn Swallow,Barn Swallow,24ft,3,3,1.0,Barn Swallow,0.7226333333333333,Cliff Swallow,0.05793333333333334,Western Kingbird,0.03963333333333333,True,True,True,1,Barn Swallow,0.9924,Cliff Swallow,0.1638,Western Kingbird,0.1061,True,True,True,1,True,0.9924,0.7226333333333333,0.6192,1.0,1.0,1.0,OK,,0.9812333333333334,-0.25860000000000005,0.7364541223630126
E4_week_and_location,Bewicks_Wren_24ft.wav,Bewick's Wren,Bewick's Wren,24ft,1,1,1.0,Bewick's Wren,0.1983,Song Sparrow,0.1771,Northern Mockingbird,0.0136,True,True,True,1,Bewick's Wren,0.1983,Song Sparrow,0.1771,Northern Mockingbird,0.0136,True,True,True,1,True,0.1983,0.1983,0.1983,1.0,1.0,1.0,OK,,0.8609,-0.6626,0.23034034150307817
E4_week_and_location,Black_Phoebe_24ft.wav,Black Phoebe,Black Phoebe,24ft,4,4,1.0,Black Phoebe,0.995575,Hairy Woodpecker,0.003025,Song Sparrow,0.002225,True,True,True,1,Black Phoebe,0.9995,Hairy Woodpecker,0.0104,Savannah Sparrow,0.0073,True,True,True,1,True,0.9995,0.9955750000000001,0.99505,1.0,1.0,1.0,OK,,0.9997250000000001,-0.004149999999999987,0.99584885843607
E4_week_and_location,California_Towhee_24ft.wav,California Towhee,California Towhee,24ft,2,2,1.0,California Towhee,0.9838,Abert's Towhee,0.0046,Spotted Towhee,0.00415,True,True,True,1,California Towhee,0.9971,Abert's Towhee,0.0092,Orange-crowned Warbler,0.0055,True,True,True,1,True,0.9971,0.9838,0.9838,1.0,1.0,1.0,OK,,0.9981,-0.01429999999999998,0.9856727782787296
E4_week_and_location,Dark_eyed_Junco_24ft.wav,Dark-eyed Junco,Dark-eyed Junco,24ft,2,2,1.0,Dark-eyed Junco,0.7918000000000001,Chipping Sparrow,0.0733,Yellow-rumped Warbler,0.008199999999999999,True,True,True,1,Dark-eyed Junco,0.9113,Chipping Sparrow,0.091,Brown Creeper,0.0125,True,True,True,1,True,0.9113,0.7918000000000001,0.7918000000000001,1.0,1.0,1.0,OK,,0.9764999999999999,-0.18469999999999986,0.8108550947260625
E4_week_and_location,European_Starling_24ft.wav,European Starling,European Starling,24ft,4,4,1.0,European Starling,0.076375,American Robin,0.061725,Hairy Woodpecker,0.01065,True,True,True,1,European Starling,0.2317,American Robin,0.1241,Pacific-slope Flycatcher,0.0284,True,True,True,1,True,0.2317,0.077275,0.0369,0.5,0.75,0.75,OK,,0.344325,-0.26705,0.22442459885282798
E4_week_and_location,Hooded_Oriole_24ft.wav,Hooded Oriole,Hooded Oriole,24ft,4,4,1.0,Hooded Oriole,0.639725,Western Tanager,0.22665000000000002,Purple Finch,0.0074,True,True,True,1,Hooded Oriole,0.9843,Western Tanager,0.9048,Purple Finch,0.0296,True,True,True,1,True,0.9843,0.639725,0.6856,0.75,1.0,1.0,OK,,0.755325,-0.11560000000000004,0.846953298249098
E4_week_and_location,House_Finch_24ft.wav,House Finch,House Finch,24ft,3,3,1.0,House Finch,0.19163333333333332,Purple Finch,0.012333333333333333,Blue Grosbeak,0.007133333333333333,True,True,True,1,House Finch,0.4622,Blue Grosbeak,0.0201,Purple Finch,0.0189,True,True,True,1,True,0.4622,0.19163333333333332,0.1103,0.6666666666666666,1.0,1.0,OK,,0.6496333333333334,-0.4580000000000001,0.29498691569603364
E4_week_and_location,House_Sparrow_24ft.wav,House Sparrow,House Sparrow,24ft,4,4,1.0,House Sparrow,0.5459,Northern Mockingbird,0.004175,White-winged Dove,0.0028,True,True,True,1,House Sparrow,0.8031,Northern Mockingbird,0.0068,White-winged Dove,0.0063,True,True,True,1,True,0.8031,0.5458999999999999,0.60955,1.0,1.0,1.0,OK,,0.5964,-0.0505000000000001,0.9153252850435948
E4_week_and_location,Lesser_Goldfinch_24ft.wav,Lesser Goldfinch,Lesser Goldfinch,24ft,4,4,1.0,Lesser Goldfinch,0.082025,American Goldfinch,0.018074999999999997,Lazuli Bunting,0.01355,True,True,True,1,Lesser Goldfinch,0.1727,American Goldfinch,0.0691,Lazuli Bunting,0.0542,True,True,True,1,True,0.1727,0.08202499999999999,0.0771,0.5,0.75,1.0,OK,,0.06257499999999999,0.019449999999999995,1.310827007590891
E4_week_and_location,Mourning_Dove_24ft.wav,Mourning Dove,Mourning Dove,24ft,3,3,1.0,Mourning Dove,0.8266333333333334,Eurasian Collared-Dove,0.03666666666666667,White-winged Dove,0.0029,True,True,True,1,Mourning Dove,0.9472,Eurasian Collared-Dove,0.0994,Red-shouldered Hawk,0.0043,True,True,True,1,True,0.9472,0.8266333333333334,0.8334,1.0,1.0,1.0,OK,,0.7801,0.046533333333333426,1.0596504721616888
E4_week_and_location,Northern_House_Wren_24ft.wav,Northern House Wren,House Wren,24ft,3,3,1.0,House Wren,0.7959333333333333,Marsh Wren,0.21020000000000003,Bell's Vireo,0.009266666666666666,True,True,True,1,House Wren,0.9771,Marsh Wren,0.6286,Bell's Vireo,0.0278,True,True,True,1,True,0.9771,0.7959333333333333,0.9749,0.6666666666666666,1.0,1.0,OK,,0.7593666666666667,0.036566666666666525,1.0481541635573501
E4_week_and_location,Northern_Mockingbird_24ft.wav,Northern Mockingbird,Northern Mockingbird,24ft,4,4,1.0,Northern Mockingbird,0.122325,Great-tailed Grackle,0.0164,Nuttall's Woodpecker,0.008925,True,True,True,1,Northern Mockingbird,0.3493,Great-tailed Grackle,0.0616,Nuttall's Woodpecker,0.0357,True,True,True,1,True,0.3493,0.12232499999999999,0.06995,0.5,0.75,1.0,OK,,0.31260000000000004,-0.19027500000000006,0.3913147792706333
E4_week_and_location,Northern_Yellow_Warbler_24ft.wav,Northern Yellow Warbler,Yellow Warbler,24ft,1,1,1.0,Yellow Warbler,0.6093,Mourning Dove,0.1114,Wilson's Warbler,0.0161,True,True,True,1,Yellow Warbler,0.6093,Mourning Dove,0.1114,Wilson's Warbler,0.0161,True,True,True,1,True,0.6093,0.6093,0.6093,1.0,1.0,1.0,OK,,0.9617,-0.35240000000000005,0.6335655609857543
E4_week_and_location,Oak_Titmouse_24ft.wav,Oak Titmouse,Oak Titmouse,24ft,4,4,1.0,Oak Titmouse,0.7583500000000001,Spotted Towhee,0.0042,California Towhee,0.002275,True,True,True,1,Oak Titmouse,0.9995,Spotted Towhee,0.0136,California Towhee,0.0077,True,True,True,1,True,0.9995,0.7583500000000001,0.9982500000000001,1.0,1.0,1.0,OK,,0.910375,-0.15202499999999997,0.833008375669367
E4_week_and_location,Rock_Pigeon_24ft.wav,Rock Pigeon,Rock Pigeon,24ft,3,3,1.0,Rock Pigeon,0.9758333333333334,Least Bittern,0.00036666666666666667,Great Horned Owl,0.00023333333333333333,True,True,True,1,Rock Pigeon,0.9938,Least Bittern,0.0005,Great Horned Owl,0.0004,True,True,True,1,True,0.9938,0.9758333333333334,0.9708,1.0,1.0,1.0,OK,,0.8856333333333333,0.09020000000000017,1.1018480183672703
E4_week_and_location,Song_Sparrow_24ft.wav,Song Sparrow,Song Sparrow,24ft,1,1,1.0,Song Sparrow,0.6543,Willow Flycatcher,0.0024,Downy Woodpecker,0.0022,True,True,True,1,Song Sparrow,0.6543,Willow Flycatcher,0.0024,Downy Woodpecker,0.0022,True,True,True,1,True,0.6543,0.6543,0.6543,1.0,1.0,1.0,OK,,0.9159,-0.26160000000000005,0.7143792990501145
E4_week_and_location,Spotted_Towhee_24ft.wav,Spotted Towhee,Spotted Towhee,24ft,2,2,1.0,Spotted Towhee,0.9065,Black-crowned Night-Heron,0.00165,Dark-eyed Junco,0.0008,True,True,True,1,Spotted Towhee,0.9325,Black-crowned Night-Heron,0.0033,Dark-eyed Junco,0.0011,True,True,True,1,True,0.9325,0.9065,0.9065,1.0,1.0,1.0,OK,,0.9761,-0.0696,0.9286958303452515
E4_week_and_location,American_Robin_36ft.wav,American Robin,American Robin,36ft,4,4,1.0,American Robin,0.49185,Black-headed Grosbeak,0.008025,Wild Turkey,0.0028,True,True,True,1,American Robin,0.5516,Black-headed Grosbeak,0.022,Brewer's Blackbird,0.0058,True,True,True,1,True,0.5516,0.49185,0.51195,1.0,1.0,1.0,OK,,0.9196,-0.42774999999999996,0.5348521096128752
E4_week_and_location,Annas_Hummingbird_36ft.wav,Anna's Hummingbird,Anna's Hummingbird,36ft,4,4,1.0,Anna's Hummingbird,0.941225,Northern Flicker,0.004875,Chestnut-backed Chickadee,0.002325,True,True,True,1,Anna's Hummingbird,0.9977,Northern Flicker,0.0178,Chestnut-backed Chickadee,0.0093,True,True,True,1,True,0.9977,0.941225,0.94415,1.0,1.0,1.0,OK,,0.94445,-0.0032250000000000334,0.9965853142040341
E4_week_and_location,Barn_Swallow_36ft.wav,Barn Swallow,Barn Swallow,36ft,3,3,1.0,Barn Swallow,0.7431666666666666,Cliff Swallow,0.011566666666666668,Western Kingbird,0.0036000000000000003,True,True,True,1,Barn Swallow,0.9801,Cliff Swallow,0.0313,Western Kingbird,0.0094,True,True,True,1,True,0.9801,0.7431666666666666,0.788,1.0,1.0,1.0,OK,,0.9812333333333334,-0.23806666666666676,0.7573801678160138
E4_week_and_location,Bewicks_Wren_36ft.wav,Bewick's Wren,Bewick's Wren,36ft,1,1,1.0,Bewick's Wren,0.4043,Song Sparrow,0.026,Spotted Towhee,0.0218,True,True,True,1,Bewick's Wren,0.4043,Song Sparrow,0.026,Spotted Towhee,0.0218,True,True,True,1,True,0.4043,0.4043,0.4043,1.0,1.0,1.0,OK,,0.8609,-0.4566,0.4696248112440469
E4_week_and_location,Black_Phoebe_36ft.wav,Black Phoebe,Black Phoebe,36ft,4,4,1.0,Black Phoebe,0.99785,Song Sparrow,0.00265,Downy Woodpecker,0.0025,True,True,True,1,Black Phoebe,0.9994,Downy Woodpecker,0.0077,Cooper's Hawk,0.0072,True,True,True,1,True,0.9994,0.99785,0.9984,1.0,1.0,1.0,OK,,0.9997250000000001,-0.001875000000000071,0.998124484233164
E4_week_and_location,California_Towhee_36ft.wav,California Towhee,California Towhee,36ft,2,2,1.0,California Towhee,0.99195,Orange-crowned Warbler,0.00715,Spotted Towhee,0.00605,True,True,True,1,California Towhee,0.9984,Orange-crowned Warbler,0.013,Spotted Towhee,0.0063,True,True,True,1,True,0.9984,0.99195,0.99195,1.0,1.0,1.0,OK,,0.9981,-0.006149999999999989,0.9938382927562368
E4_week_and_location,Dark_eyed_Junco_36ft.wav,Dark-eyed Junco,Dark-eyed Junco,36ft,2,2,1.0,Dark-eyed Junco,0.85165,Chipping Sparrow,0.0668,Brown Creeper,0.0098,True,True,True,1,Dark-eyed Junco,0.8534,Chipping Sparrow,0.0732,Brown Creeper,0.0132,True,True,True,1,True,0.8534,0.85165,0.85165,1.0,1.0,1.0,OK,,0.9764999999999999,-0.1248499999999999,0.8721454173067077
E4_week_and_location,European_Starling_36ft.wav,European Starling,European Starling,36ft,4,4,1.0,American Robin,0.042225,European Starling,0.03035,Pacific-slope Flycatcher,0.01925,False,True,True,2,American Robin,0.1267,Pacific-slope Flycatcher,0.0633,European Starling,0.059,False,True,True,3,True,0.059,0.030875,0.0312,0.25,0.75,0.75,OK,,0.344325,-0.31345,0.0896681913889494
E4_week_and_location,Hooded_Oriole_36ft.wav,Hooded Oriole,Hooded Oriole,36ft,4,4,1.0,Hooded Oriole,0.257175,Western Tanager,0.18544999999999998,Bullock's Oriole,0.005574999999999999,True,True,True,1,Western Tanager,0.7313,Hooded Oriole,0.5376,Bullock's Oriole,0.0192,False,True,True,2,True,0.5376,0.257175,0.1769,0.75,1.0,1.0,OK,,0.755325,-0.49815000000000004,0.3404825737265415
E4_week_and_location,House_Finch_36ft.wav,House Finch,House Finch,36ft,3,3,1.0,House Finch,0.48466666666666663,Purple Finch,0.08143333333333333,Blue Grosbeak,0.040233333333333336,True,True,True,1,House Finch,0.7507,Purple Finch,0.1382,Blue Grosbeak,0.118,True,True,True,1,True,0.7507,0.48466666666666663,0.6315,0.6666666666666666,1.0,1.0,OK,,0.6496333333333334,-0.16496666666666676,0.7460618810611113
E4_week_and_location,House_Sparrow_36ft.wav,House Sparrow,House Sparrow,36ft,4,4,1.0,House Sparrow,0.419625,Eurasian Collared-Dove,0.002875,Mourning Dove,0.001975,True,True,True,1,House Sparrow,0.5626,Eurasian Collared-Dove,0.0093,Mourning Dove,0.0037,True,True,True,1,True,0.5626,0.419625,0.39215,1.0,1.0,1.0,OK,,0.5964,-0.17677500000000002,0.7035965794768612
E4_week_and_location,Lesser_Goldfinch_36ft.wav,Lesser Goldfinch,Lesser Goldfinch,36ft,4,4,1.0,Lesser Goldfinch,0.092525,American Goldfinch,0.00775,American Kestrel,0.005375,True,True,True,1,Lesser Goldfinch,0.3181,American Kestrel,0.0215,Lazuli Bunting,0.0183,True,True,True,1,True,0.3181,0.093025,0.0269,0.5,0.5,0.5,OK,,0.06257499999999999,0.030450000000000005,1.4866160607271275
E4_week_and_location,Mourning_Dove_36ft.wav,Mourning Dove,Mourning Dove,36ft,3,3,1.0,Mourning Dove,0.8233333333333333,White-winged Dove,0.004366666666666667,Eurasian Collared-Dove,0.0032333333333333333,True,True,True,1,Mourning Dove,0.9356,White-winged Dove,0.0102,Great Horned Owl,0.0072,True,True,True,1,True,0.9356,0.8233333333333333,0.8648,1.0,1.0,1.0,OK,,0.7801,0.043233333333333235,1.0554202452677006
E4_week_and_location,Northern_House_Wren_36ft.wav,Northern House Wren,House Wren,36ft,3,3,1.0,House Wren,0.6075666666666667,Marsh Wren,0.012866666666666667,Common Yellowthroat,0.0069,True,True,True,1,House Wren,0.8912,Marsh Wren,0.0386,Common Yellowthroat,0.0207,True,True,True,1,True,0.8912,0.6075666666666667,0.8652,1.0,1.0,1.0,OK,,0.7593666666666667,-0.15180000000000005,0.8000965717044906
E4_week_and_location,Northern_Mockingbird_36ft.wav,Northern Mockingbird,Northern Mockingbird,36ft,4,3,0.75,Northern Mockingbird,0.0304,American Robin,0.008499999999999999,Great-tailed Grackle,0.0021,True,True,True,1,Northern Mockingbird,0.0809,American Robin,0.0321,Great-tailed Grackle,0.0069,True,True,True,1,True,0.0809,0.0304,0.02035,0.5,0.75,0.75,OK,,0.31260000000000004,-0.28220000000000006,0.09724888035828533
E4_week_and_location,Northern_Yellow_Warbler_36ft.wav,Northern Yellow Warbler,Yellow Warbler,36ft,1,1,1.0,Yellow Warbler,0.5861,Wilson's Warbler,0.0102,Downy Woodpecker,0.0053,True,True,True,1,Yellow Warbler,0.5861,Wilson's Warbler,0.0102,Downy Woodpecker,0.0053,True,True,True,1,True,0.5861,0.5861,0.5861,1.0,1.0,1.0,OK,,0.9617,-0.37560000000000004,0.6094416138088801
E4_week_and_location,Oak_Titmouse_36ft.wav,Oak Titmouse,Oak Titmouse,36ft,4,4,1.0,Oak Titmouse,0.76155,Rock Wren,0.004699999999999999,Spotted Towhee,0.00275,True,True,True,1,Oak Titmouse,0.9975,Rock Wren,0.018,Hutton's Vireo,0.0074,True,True,True,1,True,0.9975,0.76155,0.9656499999999999,1.0,1.0,1.0,OK,,0.910375,-0.1488250000000001,0.836523410682411
E4_week_and_location,Rock_Pigeon_36ft.wav,Rock Pigeon,Rock Pigeon,36ft,3,3,1.0,Rock Pigeon,0.9630666666666667,Rufous Hummingbird,0.049966666666666666,Band-tailed Pigeon,0.0038666666666666663,True,True,True,1,Rock Pigeon,0.9825,Rufous Hummingbird,0.1499,Band-tailed Pigeon,0.0056,True,True,True,1,True,0.9825,0.9630666666666666,0.9816,1.0,1.0,1.0,OK,,0.8856333333333333,0.07743333333333335,1.0874327223455909
E4_week_and_location,Song_Sparrow_36ft.wav,Song Sparrow,Song Sparrow,36ft,1,1,1.0,Song Sparrow,0.6727,Common Yellowthroat,0.004,Yellow Warbler,0.0037,True,True,True,1,Song Sparrow,0.6727,Common Yellowthroat,0.004,Yellow Warbler,0.0037,True,True,True,1,True,0.6727,0.6727,0.6727,1.0,1.0,1.0,OK,,0.9159,-0.24320000000000008,0.7344688284747243
E4_week_and_location,Spotted_Towhee_36ft.wav,Spotted Towhee,Spotted Towhee,36ft,2,2,1.0,Spotted Towhee,0.823,Orange-crowned Warbler,0.0026000000000000003,Lazuli Bunting,0.00235,True,True,True,1,Spotted Towhee,0.8397,Orange-crowned Warbler,0.0041,Dark-eyed Junco,0.0037,True,True,True,1,True,0.8397,0.823,0.823,1.0,1.0,1.0,OK,,0.9761,-0.1531,0.8431513164634771
E4_week_and_location,American_Robin_48ft.wav,American Robin,American Robin,48ft,4,2,0.5,American Robin,0.07375,Western Tanager,0.0079,Rock Pigeon,0.007125,True,True,True,1,American Robin,0.2161,Western Tanager,0.0302,Rock Pigeon,0.0285,True,True,True,1,True,0.2161,0.07375,0.03945,0.5,0.5,0.5,OK,,0.9196,-0.84585,0.08019791213571117
E4_week_and_location,Anna_s_Hummingbird_48ft.wav,Anna's Hummingbird,Anna's Hummingbird,48ft,4,4,1.0,Anna's Hummingbird,0.730275,Costa's Hummingbird,0.004025,Oak Titmouse,0.003175,True,True,True,1,Anna's Hummingbird,0.9961,Costa's Hummingbird,0.0104,Oak Titmouse,0.0075,True,True,True,1,True,0.9961,0.73065,0.9625,0.75,0.75,0.75,OK,,0.94445,-0.2138,0.7736248610302292
E4_week_and_location,Barn_Swallow_48ft.wav,Barn Swallow,Barn Swallow,48ft,3,3,1.0,Barn Swallow,0.3532666666666667,Bell's Vireo,0.048033333333333324,House Finch,0.031466666666666664,True,True,True,1,Barn Swallow,0.8637,Bell's Vireo,0.1415,House Finch,0.0922,True,True,True,1,True,0.8637,0.3575333333333333,0.1961,0.6666666666666666,0.6666666666666666,0.6666666666666666,OK,,0.9812333333333334,-0.6237000000000001,0.3643713693650847
E4_week_and_location,Bewick_s_Wren_48ft.wav,Bewick's Wren,Bewick's Wren,48ft,1,1,1.0,Bewick's Wren,0.1707,Orange-crowned Warbler,0.0154,Black-throated Sparrow,0.0149,True,True,True,1,Bewick's Wren,0.1707,Orange-crowned Warbler,0.0154,Black-throated Sparrow,0.0149,True,True,True,1,True,0.1707,0.1707,0.1707,1.0,1.0,1.0,OK,,0.8609,-0.6902,0.19828086885817167
E4_week_and_location,Black_Phoebe_48ft.wav,Black Phoebe,Black Phoebe,48ft,4,3,0.75,Black Phoebe,0.503175,Pacific-slope Flycatcher,0.0077,Nuttall's Woodpecker,0.002225,True,True,True,1,Black Phoebe,0.932,Pacific-slope Flycatcher,0.0166,Vermilion Flycatcher,0.0075,True,True,True,1,True,0.932,0.503175,0.54035,0.75,0.75,0.75,OK,,0.9997250000000001,-0.49655000000000005,0.5033134111880767
E4_week_and_location,California_Towhee_48ft.wav,California Towhee,California Towhee,48ft,2,2,1.0,California Towhee,0.48965000000000003,Peregrine Falcon,0.00355,Orange-crowned Warbler,0.0025,True,True,True,1,California Towhee,0.6311,Peregrine Falcon,0.0071,Orange-crowned Warbler,0.005,True,True,True,1,True,0.6311,0.48965000000000003,0.48965000000000003,1.0,1.0,1.0,OK,,0.9981,-0.50845,0.4905821060014027
E4_week_and_location,Dark_eyed_Junco_48ft.wav,Dark-eyed Junco,Dark-eyed Junco,48ft,2,2,1.0,Dark-eyed Junco,0.5517,Chipping Sparrow,0.02165,Yellow-rumped Warbler,0.009,True,True,True,1,Dark-eyed Junco,0.5911,Chipping Sparrow,0.0294,Yellow-rumped Warbler,0.0112,True,True,True,1,True,0.5911,0.5517,0.5517,1.0,1.0,1.0,OK,,0.9764999999999999,-0.42479999999999996,0.5649769585253457
E4_week_and_location,European_Starling_48ft.wav,European Starling,European Starling,48ft,4,2,0.5,American Robin,0.02,Pacific-slope Flycatcher,0.014925,European Starling,0.00955,False,True,True,3,American Robin,0.08,Pacific-slope Flycatcher,0.0444,European Starling,0.0338,False,True,True,3,True,0.0338,0.00955,0.0022,0.25,0.5,0.5,OK,,0.344325,-0.334775,0.027735424381035358
E4_week_and_location,Hooded_Oriole_48ft.wav,Hooded Oriole,Hooded Oriole,48ft,4,3,0.75,Western Tanager,0.17052499999999998,Hooded Oriole,0.091825,Oak Titmouse,0.0029,False,True,True,2,Western Tanager,0.6585,Hooded Oriole,0.3573,Oak Titmouse,0.0116,False,True,True,2,True,0.3573,0.09255000000000001,0.00645,0.25,0.5,0.5,OK,,0.755325,-0.662775,0.12253003673915203
E4_week_and_location,House_Finch_48ft.wav,House Finch,House Finch,48ft,3,3,1.0,House Finch,0.4684,Blue Grosbeak,0.05416666666666666,Purple Finch,0.015700000000000002,True,True,True,1,House Finch,0.9922,Blue Grosbeak,0.1382,Purple Finch,0.0277,True,True,True,1,True,0.9922,0.4684,0.3692,0.6666666666666666,1.0,1.0,OK,,0.6496333333333334,-0.1812333333333334,0.7210221150392528
E4_week_and_location,House_Sparrow_48ft.wav,House Sparrow,House Sparrow,48ft,4,3,0.75,House Sparrow,0.374925,White-winged Dove,0.006125,Black Phoebe,0.005175,True,True,True,1,House Sparrow,0.558,White-winged Dove,0.0135,Black Phoebe,0.0131,True,True,True,1,True,0.558,0.374925,0.47085,0.75,0.75,0.75,OK,,0.5964,-0.22147500000000003,0.6286468812877263
E4_week_and_location,Lesser_Goldfinch_48ft.wav,Lesser Goldfinch,Lesser Goldfinch,48ft,4,4,1.0,Lesser Goldfinch,0.334775,American Goldfinch,0.0484,Abert's Towhee,0.028025,True,True,True,1,Lesser Goldfinch,0.8851,Abert's Towhee,0.1121,American Goldfinch,0.0804,True,True,True,1,True,0.8851,0.335575,0.22835,0.5,0.5,0.5,OK,,0.06257499999999999,0.273,5.362764682381144
E4_week_and_location,Mourning_Dove_48ft.wav,Mourning Dove,Mourning Dove,48ft,3,3,1.0,Mourning Dove,0.5191,Eurasian Collared-Dove,0.006333333333333333,White-winged Dove,0.0044666666666666665,True,True,True,1,Mourning Dove,0.9537,Eurasian Collared-Dove,0.018,White-winged Dove,0.0099,True,True,True,1,True,0.9537,0.5191,0.4307,1.0,1.0,1.0,OK,,0.7801,-0.261,0.6654275092936803
E4_week_and_location,Northern_House_Wren_48ft.wav,Northern House Wren,House Wren,48ft,3,2,0.6666666666666666,House Wren,0.31083333333333335,American Goldfinch,0.0042,Brown Creeper,0.002,True,True,True,1,House Wren,0.9277,American Goldfinch,0.0126,Brown Creeper,0.006,True,True,True,1,True,0.9277,0.31083333333333335,0.0048,0.3333333333333333,0.6666666666666666,0.6666666666666666,OK,,0.7593666666666667,-0.4485333333333334,0.4093323383521355
E4_week_and_location,Northern_Mockingbird_48ft.wav,Northern Mockingbird,Northern Mockingbird,48ft,4,3,0.75,Northern Mockingbird,0.1022,American Robin,0.009625,Great-tailed Grackle,0.006325000000000001,True,True,True,1,Northern Mockingbird,0.2162,Great-tailed Grackle,0.0238,American Robin,0.02,True,True,True,1,True,0.2162,0.1022,0.0963,0.75,0.75,0.75,OK,,0.31260000000000004,-0.21040000000000003,0.32693538067818295
E4_week_and_location,Northern_Yellow_Warbler_48ft.wav,Northern Yellow Warbler,Yellow Warbler,48ft,1,1,1.0,Yellow Warbler,0.5094,Willow Flycatcher,0.0074,Wilson's Warbler,0.0058,True,True,True,1,Yellow Warbler,0.5094,Willow Flycatcher,0.0074,Wilson's Warbler,0.0058,True,True,True,1,True,0.5094,0.5094,0.5094,1.0,1.0,1.0,OK,,0.9617,-0.45230000000000004,0.5296870125818862
E4_week_and_location,Oak_Titmouse_48ft.wav,Oak Titmouse,Oak Titmouse,48ft,4,4,1.0,Oak Titmouse,0.310925,Mourning Dove,0.020125,Northern Cardinal,0.003225,True,True,True,1,Oak Titmouse,0.9687,Mourning Dove,0.0805,Northern Cardinal,0.0129,True,True,True,1,True,0.9687,0.311275,0.1375,0.75,0.75,0.75,OK,,0.910375,-0.5991,0.34191953865165453
E4_week_and_location,Rock_Pigeon_48ft.wav,Rock Pigeon,Rock Pigeon,48ft,3,3,1.0,Rock Pigeon,0.2518,Great Horned Owl,0.09723333333333332,Band-tailed Pigeon,0.021333333333333333,True,True,True,1,Rock Pigeon,0.6812,Great Horned Owl,0.172,Band-tailed Pigeon,0.0382,True,True,True,1,True,0.6812,0.2518,0.0502,0.3333333333333333,1.0,1.0,OK,,0.8856333333333333,-0.6338333333333332,0.2843163084798073
E4_week_and_location,Song_Sparrow_48ft.wav,Song Sparrow,Song Sparrow,48ft,1,1,1.0,Song Sparrow,0.299,Downy Woodpecker,0.0162,Willow Flycatcher,0.0139,True,True,True,1,Song Sparrow,0.299,Downy Woodpecker,0.0162,Willow Flycatcher,0.0139,True,True,True,1,True,0.299,0.299,0.299,1.0,1.0,1.0,OK,,0.9159,-0.6169,0.3264548531499072
E4_week_and_location,Spotted_Towhee_48ft.wav,Spotted Towhee,Spotted Towhee,48ft,2,2,1.0,Spotted Towhee,0.0597,Black-throated Gray Warbler,0.0112,Yellow-rumped Warbler,0.0042,True,True,True,1,Spotted Towhee,0.0927,Black-throated Gray Warbler,0.015,Bewick's Wren,0.0067,True,True,True,1,True,0.0927,0.0597,0.0597,1.0,1.0,1.0,OK,,0.9761,-0.9164,0.061161766212478236
