Start (s),End (s),Scientific name,Common name,Confidence,File,lat,lon,week,min_conf
0.0,3.0,Turdus migratorius,American Robin,0.8584,Filtered_Without_Harmonics\Normalized_Audio\American Robin.wav,-1,-1,27,0.01
0.0,3.0,Pheucticus melanocephalus,Black-headed Grosbeak,0.0574,Filtered_Without_Harmonics\Normalized_Audio\American Robin.wav,-1,-1,27,0.01
0.0,3.0,Piranga flava,Hepatic Tanager,0.0205,Filtered_Without_Harmonics\Normalized_Audio\American Robin.wav,-1,-1,27,0.01
0.0,3.0,Turdus pelios,African Thrush,0.0103,Filtered_Without_Harmonics\Normalized_Audio\American Robin.wav,-1,-1,27,0.01
0.0,3.0,Turdus amaurochalinus,Creamy-bellied Thrush,0.0053,Filtered_Without_Harmonics\Normalized_Audio\American Robin.wav,-1,-1,27,0.01
0.0,3.0,Mimus polyglottos,Northern Mockingbird,0.0038,Filtered_Without_Harmonics\Normalized_Audio\American Robin.wav,-1,-1,27,0.01
0.0,3.0,Piranga rubra,Summer Tanager,0.0038,Filtered_Without_Harmonics\Normalized_Audio\American Robin.wav,-1,-1,27,0.01
0.0,3.0,Turdus philomelos,Song Thrush,0.0035,Filtered_Without_Harmonics\Normalized_Audio\American Robin.wav,-1,-1,27,0.01
0.0,3.0,Pheucticus aureoventris,Black-backed Grosbeak,0.0020,Filtered_Without_Harmonics\Normalized_Audio\American Robin.wav,-1,-1,27,0.01
0.0,3.0,Turdus ignobilis,Black-billed Thrush,0.0019,Filtered_Without_Harmonics\Normalized_Audio\American Robin.wav,-1,-1,27,0.01
0.0,3.0,Pheucticus chrysogaster,Golden Grosbeak,0.0017,Filtered_Without_Harmonics\Normalized_Audio\American Robin.wav,-1,-1,27,0.01
0.0,3.0,Turdus infuscatus,Black Thrush,0.0014,Filtered_Without_Harmonics\Normalized_Audio\American Robin.wav,-1,-1,27,0.01
0.0,3.0,Pheucticus ludovicianus,Rose-breasted Grosbeak,0.0013,Filtered_Without_Harmonics\Normalized_Audio\American Robin.wav,-1,-1,27,0.01
0.0,3.0,Habia rubica,Red-crowned Ant-Tanager,0.0012,Filtered_Without_Harmonics\Normalized_Audio\American Robin.wav,-1,-1,27,0.01
0.0,3.0,Myadestes townsendi,Townsend's Solitaire,0.0008,Filtered_Without_Harmonics\Normalized_Audio\American Robin.wav,-1,-1,27,0.01
0.0,3.0,Setophaga nigrescens,Black-throated Gray Warbler,0.0008,Filtered_Without_Harmonics\Normalized_Audio\American Robin.wav,-1,-1,27,0.01
0.0,3.0,Icterus galbula,Baltimore Oriole,0.0007,Filtered_Without_Harmonics\Normalized_Audio\American Robin.wav,-1,-1,27,0.01
0.0,3.0,Molothrus ater,Brown-headed Cowbird,0.0006,Filtered_Without_Harmonics\Normalized_Audio\American Robin.wav,-1,-1,27,0.01
0.0,3.0,Turdus grayi,Clay-colored Thrush,0.0006,Filtered_Without_Harmonics\Normalized_Audio\American Robin.wav,-1,-1,27,0.01
0.0,3.0,Passerina amoena,Lazuli Bunting,0.0005,Filtered_Without_Harmonics\Normalized_Audio\American Robin.wav,-1,-1,27,0.01
3.0,6.0,Turdus migratorius,American Robin,0.9531,Filtered_Without_Harmonics\Normalized_Audio\American Robin.wav,-1,-1,27,0.01
3.0,6.0,Turdus ignobilis,Black-billed Thrush,0.0210,Filtered_Without_Harmonics\Normalized_Audio\American Robin.wav,-1,-1,27,0.01
3.0,6.0,Turdus amaurochalinus,Creamy-bellied Thrush,0.0195,Filtered_Without_Harmonics\Normalized_Audio\American Robin.wav,-1,-1,27,0.01
3.0,6.0,Setophaga nigrescens,Black-throated Gray Warbler,0.0040,Filtered_Without_Harmonics\Normalized_Audio\American Robin.wav,-1,-1,27,0.01
3.0,6.0,Myadestes townsendi,Townsend's Solitaire,0.0028,Filtered_Without_Harmonics\Normalized_Audio\American Robin.wav,-1,-1,27,0.01
3.0,6.0,Limnodromus griseus,Short-billed Dowitcher,0.0027,Filtered_Without_Harmonics\Normalized_Audio\American Robin.wav,-1,-1,27,0.01
3.0,6.0,Haemorhous purpureus,Purple Finch,0.0024,Filtered_Without_Harmonics\Normalized_Audio\American Robin.wav,-1,-1,27,0.01
3.0,6.0,Turdus infuscatus,Black Thrush,0.0019,Filtered_Without_Harmonics\Normalized_Audio\American Robin.wav,-1,-1,27,0.01
3.0,6.0,Turdus obscurus,Eyebrowed Thrush,0.0018,Filtered_Without_Harmonics\Normalized_Audio\American Robin.wav,-1,-1,27,0.01
3.0,6.0,Turdus falcklandii,Austral Thrush,0.0016,Filtered_Without_Harmonics\Normalized_Audio\American Robin.wav,-1,-1,27,0.01
3.0,6.0,Turdus rufitorques,Rufous-collared Robin,0.0013,Filtered_Without_Harmonics\Normalized_Audio\American Robin.wav,-1,-1,27,0.01
3.0,6.0,Piranga ludoviciana,Western Tanager,0.0010,Filtered_Without_Harmonics\Normalized_Audio\American Robin.wav,-1,-1,27,0.01
3.0,6.0,Piranga rubra,Summer Tanager,0.0009,Filtered_Without_Harmonics\Normalized_Audio\American Robin.wav,-1,-1,27,0.01
3.0,6.0,Molothrus ater,Brown-headed Cowbird,0.0008,Filtered_Without_Harmonics\Normalized_Audio\American Robin.wav,-1,-1,27,0.01
3.0,6.0,Icterus galbula,Baltimore Oriole,0.0007,Filtered_Without_Harmonics\Normalized_Audio\American Robin.wav,-1,-1,27,0.01
3.0,6.0,Turdus naumanni,Naumann's Thrush,0.0007,Filtered_Without_Harmonics\Normalized_Audio\American Robin.wav,-1,-1,27,0.01
3.0,6.0,Turdus pallidus,Pale Thrush,0.0006,Filtered_Without_Harmonics\Normalized_Audio\American Robin.wav,-1,-1,27,0.01
3.0,6.0,Turdus grayi,Clay-colored Thrush,0.0006,Filtered_Without_Harmonics\Normalized_Audio\American Robin.wav,-1,-1,27,0.01
3.0,6.0,Pipilo maculatus,Spotted Towhee,0.0006,Filtered_Without_Harmonics\Normalized_Audio\American Robin.wav,-1,-1,27,0.01
3.0,6.0,Setophaga coronata,Yellow-rumped Warbler,0.0005,Filtered_Without_Harmonics\Normalized_Audio\American Robin.wav,-1,-1,27,0.01
6.0,9.0,Turdus migratorius,American Robin,0.9810,Filtered_Without_Harmonics\Normalized_Audio\American Robin.wav,-1,-1,27,0.01
6.0,9.0,Turdus amaurochalinus,Creamy-bellied Thrush,0.1087,Filtered_Without_Harmonics\Normalized_Audio\American Robin.wav,-1,-1,27,0.01
6.0,9.0,Turdus infuscatus,Black Thrush,0.0236,Filtered_Without_Harmonics\Normalized_Audio\American Robin.wav,-1,-1,27,0.01
6.0,9.0,Turdus unicolor,Tickell's Thrush,0.0215,Filtered_Without_Harmonics\Normalized_Audio\American Robin.wav,-1,-1,27,0.01
6.0,9.0,Turdus pelios,African Thrush,0.0195,Filtered_Without_Harmonics\Normalized_Audio\American Robin.wav,-1,-1,27,0.01
6.0,9.0,Mimus polyglottos,Northern Mockingbird,0.0053,Filtered_Without_Harmonics\Normalized_Audio\American Robin.wav,-1,-1,27,0.01
6.0,9.0,Piranga rubra,Summer Tanager,0.0048,Filtered_Without_Harmonics\Normalized_Audio\American Robin.wav,-1,-1,27,0.01
6.0,9.0,Turdus pallidus,Pale Thrush,0.0038,Filtered_Without_Harmonics\Normalized_Audio\American Robin.wav,-1,-1,27,0.01
6.0,9.0,Pheucticus melanocephalus,Black-headed Grosbeak,0.0033,Filtered_Without_Harmonics\Normalized_Audio\American Robin.wav,-1,-1,27,0.01
6.0,9.0,Turdus ignobilis,Black-billed Thrush,0.0032,Filtered_Without_Harmonics\Normalized_Audio\American Robin.wav,-1,-1,27,0.01
6.0,9.0,Turdus dissimilis,Black-breasted Thrush,0.0031,Filtered_Without_Harmonics\Normalized_Audio\American Robin.wav,-1,-1,27,0.01
6.0,9.0,Turdus obscurus,Eyebrowed Thrush,0.0028,Filtered_Without_Harmonics\Normalized_Audio\American Robin.wav,-1,-1,27,0.01
6.0,9.0,Piranga flava,Hepatic Tanager,0.0026,Filtered_Without_Harmonics\Normalized_Audio\American Robin.wav,-1,-1,27,0.01
6.0,9.0,Icterus galbula,Baltimore Oriole,0.0025,Filtered_Without_Harmonics\Normalized_Audio\American Robin.wav,-1,-1,27,0.01
6.0,9.0,Turdus philomelos,Song Thrush,0.0023,Filtered_Without_Harmonics\Normalized_Audio\American Robin.wav,-1,-1,27,0.01
6.0,9.0,Pheucticus ludovicianus,Rose-breasted Grosbeak,0.0022,Filtered_Without_Harmonics\Normalized_Audio\American Robin.wav,-1,-1,27,0.01
6.0,9.0,Habia rubica,Red-crowned Ant-Tanager,0.0022,Filtered_Without_Harmonics\Normalized_Audio\American Robin.wav,-1,-1,27,0.01
6.0,9.0,Pheucticus aureoventris,Black-backed Grosbeak,0.0021,Filtered_Without_Harmonics\Normalized_Audio\American Robin.wav,-1,-1,27,0.01
6.0,9.0,Molothrus ater,Brown-headed Cowbird,0.0018,Filtered_Without_Harmonics\Normalized_Audio\American Robin.wav,-1,-1,27,0.01
6.0,9.0,Turdus leucomelas,Pale-breasted Thrush,0.0016,Filtered_Without_Harmonics\Normalized_Audio\American Robin.wav,-1,-1,27,0.01
9.0,10.0,Turdus migratorius,American Robin,0.7444,Filtered_Without_Harmonics\Normalized_Audio\American Robin.wav,-1,-1,27,0.01
9.0,10.0,Pheucticus melanocephalus,Black-headed Grosbeak,0.2986,Filtered_Without_Harmonics\Normalized_Audio\American Robin.wav,-1,-1,27,0.01
9.0,10.0,Pheucticus ludovicianus,Rose-breasted Grosbeak,0.0323,Filtered_Without_Harmonics\Normalized_Audio\American Robin.wav,-1,-1,27,0.01
9.0,10.0,Turdus amaurochalinus,Creamy-bellied Thrush,0.0276,Filtered_Without_Harmonics\Normalized_Audio\American Robin.wav,-1,-1,27,0.01
9.0,10.0,Pheucticus aureoventris,Black-backed Grosbeak,0.0204,Filtered_Without_Harmonics\Normalized_Audio\American Robin.wav,-1,-1,27,0.01
9.0,10.0,Pycnonotus jocosus,Red-whiskered Bulbul,0.0107,Filtered_Without_Harmonics\Normalized_Audio\American Robin.wav,-1,-1,27,0.01
9.0,10.0,Setophaga nigrescens,Black-throated Gray Warbler,0.0107,Filtered_Without_Harmonics\Normalized_Audio\American Robin.wav,-1,-1,27,0.01
9.0,10.0,Turdus infuscatus,Black Thrush,0.0057,Filtered_Without_Harmonics\Normalized_Audio\American Robin.wav,-1,-1,27,0.01
9.0,10.0,Pheucticus chrysogaster,Golden Grosbeak,0.0049,Filtered_Without_Harmonics\Normalized_Audio\American Robin.wav,-1,-1,27,0.01
9.0,10.0,Piranga flava,Hepatic Tanager,0.0048,Filtered_Without_Harmonics\Normalized_Audio\American Robin.wav,-1,-1,27,0.01
9.0,10.0,Molothrus ater,Brown-headed Cowbird,0.0029,Filtered_Without_Harmonics\Normalized_Audio\American Robin.wav,-1,-1,27,0.01
9.0,10.0,Passerina amoena,Lazuli Bunting,0.0028,Filtered_Without_Harmonics\Normalized_Audio\American Robin.wav,-1,-1,27,0.01
9.0,10.0,Sialia currucoides,Mountain Bluebird,0.0028,Filtered_Without_Harmonics\Normalized_Audio\American Robin.wav,-1,-1,27,0.01
9.0,10.0,Leiothlypis celata,Orange-crowned Warbler,0.0027,Filtered_Without_Harmonics\Normalized_Audio\American Robin.wav,-1,-1,27,0.01
9.0,10.0,Myadestes townsendi,Townsend's Solitaire,0.0024,Filtered_Without_Harmonics\Normalized_Audio\American Robin.wav,-1,-1,27,0.01
9.0,10.0,Colaptes auratus,Northern Flicker,0.0023,Filtered_Without_Harmonics\Normalized_Audio\American Robin.wav,-1,-1,27,0.01
9.0,10.0,Turdus grayi,Clay-colored Thrush,0.0022,Filtered_Without_Harmonics\Normalized_Audio\American Robin.wav,-1,-1,27,0.01
9.0,10.0,Turdus pallidus,Pale Thrush,0.0022,Filtered_Without_Harmonics\Normalized_Audio\American Robin.wav,-1,-1,27,0.01
9.0,10.0,Mimus polyglottos,Northern Mockingbird,0.0020,Filtered_Without_Harmonics\Normalized_Audio\American Robin.wav,-1,-1,27,0.01
9.0,10.0,Icterus parisorum,Scott's Oriole,0.0020,Filtered_Without_Harmonics\Normalized_Audio\American Robin.wav,-1,-1,27,0.01
0.0,3.0,Calypte anna,Anna's Hummingbird,0.9925,Filtered_Without_Harmonics\Normalized_Audio\Anna's Hummingbird.wav,-1,-1,27,0.01
0.0,3.0,Locustella fluviatilis,River Warbler,0.0062,Filtered_Without_Harmonics\Normalized_Audio\Anna's Hummingbird.wav,-1,-1,27,0.01
0.0,3.0,Passerculus sandwichensis,Savannah Sparrow,0.0045,Filtered_Without_Harmonics\Normalized_Audio\Anna's Hummingbird.wav,-1,-1,27,0.01
0.0,3.0,Spizella pallida,Clay-colored Sparrow,0.0033,Filtered_Without_Harmonics\Normalized_Audio\Anna's Hummingbird.wav,-1,-1,27,0.01
0.0,3.0,Ammospiza leconteii,LeConte's Sparrow,0.0032,Filtered_Without_Harmonics\Normalized_Audio\Anna's Hummingbird.wav,-1,-1,27,0.01
0.0,3.0,Phoenicurus ochruros,Black Redstart,0.0012,Filtered_Without_Harmonics\Normalized_Audio\Anna's Hummingbird.wav,-1,-1,27,0.01
0.0,3.0,Spizella breweri,Brewer's Sparrow,0.0012,Filtered_Without_Harmonics\Normalized_Audio\Anna's Hummingbird.wav,-1,-1,27,0.01
0.0,3.0,Aegithalos concinnus,Black-throated Tit,0.0007,Filtered_Without_Harmonics\Normalized_Audio\Anna's Hummingbird.wav,-1,-1,27,0.01
0.0,3.0,Sicalis luteola,Grassland Yellow-Finch,0.0004,Filtered_Without_Harmonics\Normalized_Audio\Anna's Hummingbird.wav,-1,-1,27,0.01
0.0,3.0,Coereba flaveola,Bananaquit,0.0003,Filtered_Without_Harmonics\Normalized_Audio\Anna's Hummingbird.wav,-1,-1,27,0.01
0.0,3.0,Colibri coruscans,Sparkling Violetear,0.0003,Filtered_Without_Harmonics\Normalized_Audio\Anna's Hummingbird.wav,-1,-1,27,0.01
0.0,3.0,Ammodramus aurifrons,Yellow-browed Sparrow,0.0003,Filtered_Without_Harmonics\Normalized_Audio\Anna's Hummingbird.wav,-1,-1,27,0.01
0.0,3.0,Calypte costae,Costa's Hummingbird,0.0003,Filtered_Without_Harmonics\Normalized_Audio\Anna's Hummingbird.wav,-1,-1,27,0.01
0.0,3.0,Cisticola juncidis,Zitting Cisticola,0.0002,Filtered_Without_Harmonics\Normalized_Audio\Anna's Hummingbird.wav,-1,-1,27,0.01
0.0,3.0,Selasphorus sasin,Allen's Hummingbird,0.0002,Filtered_Without_Harmonics\Normalized_Audio\Anna's Hummingbird.wav,-1,-1,27,0.01
0.0,3.0,Selasphorus calliope,Calliope Hummingbird,0.0001,Filtered_Without_Harmonics\Normalized_Audio\Anna's Hummingbird.wav,-1,-1,27,0.01
0.0,3.0,Xenerpestes singularis,Equatorial Graytail,0.0001,Filtered_Without_Harmonics\Normalized_Audio\Anna's Hummingbird.wav,-1,-1,27,0.01
0.0,3.0,Salpinctes obsoletus,Rock Wren,0.0001,Filtered_Without_Harmonics\Normalized_Audio\Anna's Hummingbird.wav,-1,-1,27,0.01
0.0,3.0,Stilpnia heinei,Black-capped Tanager,0.0001,Filtered_Without_Harmonics\Normalized_Audio\Anna's Hummingbird.wav,-1,-1,27,0.01
0.0,3.0,Baeolophus inornatus,Oak Titmouse,0.0001,Filtered_Without_Harmonics\Normalized_Audio\Anna's Hummingbird.wav,-1,-1,27,0.01
3.0,6.0,Calypte anna,Anna's Hummingbird,0.9953,Filtered_Without_Harmonics\Normalized_Audio\Anna's Hummingbird.wav,-1,-1,27,0.01
3.0,6.0,Phoenicurus ochruros,Black Redstart,0.0384,Filtered_Without_Harmonics\Normalized_Audio\Anna's Hummingbird.wav,-1,-1,27,0.01
3.0,6.0,Spizella pallida,Clay-colored Sparrow,0.0110,Filtered_Without_Harmonics\Normalized_Audio\Anna's Hummingbird.wav,-1,-1,27,0.01
3.0,6.0,Locustella fluviatilis,River Warbler,0.0035,Filtered_Without_Harmonics\Normalized_Audio\Anna's Hummingbird.wav,-1,-1,27,0.01
3.0,6.0,Passerculus sandwichensis,Savannah Sparrow,0.0033,Filtered_Without_Harmonics\Normalized_Audio\Anna's Hummingbird.wav,-1,-1,27,0.01
3.0,6.0,Spizella breweri,Brewer's Sparrow,0.0027,Filtered_Without_Harmonics\Normalized_Audio\Anna's Hummingbird.wav,-1,-1,27,0.01
3.0,6.0,Ammospiza leconteii,LeConte's Sparrow,0.0024,Filtered_Without_Harmonics\Normalized_Audio\Anna's Hummingbird.wav,-1,-1,27,0.01
3.0,6.0,Aegithalos concinnus,Black-throated Tit,0.0013,Filtered_Without_Harmonics\Normalized_Audio\Anna's Hummingbird.wav,-1,-1,27,0.01
3.0,6.0,Saxicola rubetra,Whinchat,0.0010,Filtered_Without_Harmonics\Normalized_Audio\Anna's Hummingbird.wav,-1,-1,27,0.01
3.0,6.0,Sicalis luteola,Grassland Yellow-Finch,0.0009,Filtered_Without_Harmonics\Normalized_Audio\Anna's Hummingbird.wav,-1,-1,27,0.01
3.0,6.0,Troglodytes aedon,House Wren,0.0006,Filtered_Without_Harmonics\Normalized_Audio\Anna's Hummingbird.wav,-1,-1,27,0.01
3.0,6.0,Thryomanes bewickii,Bewick's Wren,0.0006,Filtered_Without_Harmonics\Normalized_Audio\Anna's Hummingbird.wav,-1,-1,27,0.01
3.0,6.0,Salpinctes obsoletus,Rock Wren,0.0004,Filtered_Without_Harmonics\Normalized_Audio\Anna's Hummingbird.wav,-1,-1,27,0.01
3.0,6.0,Cisticola juncidis,Zitting Cisticola,0.0004,Filtered_Without_Harmonics\Normalized_Audio\Anna's Hummingbird.wav,-1,-1,27,0.01
3.0,6.0,Setophaga nigrescens,Black-throated Gray Warbler,0.0003,Filtered_Without_Harmonics\Normalized_Audio\Anna's Hummingbird.wav,-1,-1,27,0.01
3.0,6.0,Campylorhynchus brunneicapillus,Cactus Wren,0.0003,Filtered_Without_Harmonics\Normalized_Audio\Anna's Hummingbird.wav,-1,-1,27,0.01
3.0,6.0,Ploceus velatus,Southern Masked-Weaver,0.0003,Filtered_Without_Harmonics\Normalized_Audio\Anna's Hummingbird.wav,-1,-1,27,0.01
3.0,6.0,Cisticola subruficapilla,Red-headed Cisticola,0.0003,Filtered_Without_Harmonics\Normalized_Audio\Anna's Hummingbird.wav,-1,-1,27,0.01
3.0,6.0,Galerida cristata,Crested Lark,0.0003,Filtered_Without_Harmonics\Normalized_Audio\Anna's Hummingbird.wav,-1,-1,27,0.01
3.0,6.0,Calypte costae,Costa's Hummingbird,0.0002,Filtered_Without_Harmonics\Normalized_Audio\Anna's Hummingbird.wav,-1,-1,27,0.01
6.0,9.0,Calypte anna,Anna's Hummingbird,0.9963,Filtered_Without_Harmonics\Normalized_Audio\Anna's Hummingbird.wav,-1,-1,27,0.01
6.0,9.0,Passerculus sandwichensis,Savannah Sparrow,0.0296,Filtered_Without_Harmonics\Normalized_Audio\Anna's Hummingbird.wav,-1,-1,27,0.01
6.0,9.0,Euplectes afer,Yellow-crowned Bishop,0.0112,Filtered_Without_Harmonics\Normalized_Audio\Anna's Hummingbird.wav,-1,-1,27,0.01
6.0,9.0,Spizella breweri,Brewer's Sparrow,0.0094,Filtered_Without_Harmonics\Normalized_Audio\Anna's Hummingbird.wav,-1,-1,27,0.01
6.0,9.0,Apus apus,Common Swift,0.0061,Filtered_Without_Harmonics\Normalized_Audio\Anna's Hummingbird.wav,-1,-1,27,0.01
6.0,9.0,Locustella mandelli,Russet Bush Warbler,0.0053,Filtered_Without_Harmonics\Normalized_Audio\Anna's Hummingbird.wav,-1,-1,27,0.01
6.0,9.0,Emberiza calandra,Corn Bunting,0.0034,Filtered_Without_Harmonics\Normalized_Audio\Anna's Hummingbird.wav,-1,-1,27,0.01
6.0,9.0,Cisticola juncidis,Zitting Cisticola,0.0030,Filtered_Without_Harmonics\Normalized_Audio\Anna's Hummingbird.wav,-1,-1,27,0.01
6.0,9.0,Phoenicurus ochruros,Black Redstart,0.0029,Filtered_Without_Harmonics\Normalized_Audio\Anna's Hummingbird.wav,-1,-1,27,0.01
6.0,9.0,Colibri coruscans,Sparkling Violetear,0.0020,Filtered_Without_Harmonics\Normalized_Audio\Anna's Hummingbird.wav,-1,-1,27,0.01
6.0,9.0,Spizella pallida,Clay-colored Sparrow,0.0018,Filtered_Without_Harmonics\Normalized_Audio\Anna's Hummingbird.wav,-1,-1,27,0.01
6.0,9.0,Cisticola fulvicapilla,Piping Cisticola,0.0016,Filtered_Without_Harmonics\Normalized_Audio\Anna's Hummingbird.wav,-1,-1,27,0.01
6.0,9.0,Archilochus alexandri,Black-chinned Hummingbird,0.0015,Filtered_Without_Harmonics\Normalized_Audio\Anna's Hummingbird.wav,-1,-1,27,0.01
6.0,9.0,Sicalis luteola,Grassland Yellow-Finch,0.0014,Filtered_Without_Harmonics\Normalized_Audio\Anna's Hummingbird.wav,-1,-1,27,0.01
6.0,9.0,Lanius collurio,Red-backed Shrike,0.0011,Filtered_Without_Harmonics\Normalized_Audio\Anna's Hummingbird.wav,-1,-1,27,0.01
6.0,9.0,Ammospiza leconteii,LeConte's Sparrow,0.0010,Filtered_Without_Harmonics\Normalized_Audio\Anna's Hummingbird.wav,-1,-1,27,0.01
6.0,9.0,Colibri thalassinus,Mexican Violetear,0.0009,Filtered_Without_Harmonics\Normalized_Audio\Anna's Hummingbird.wav,-1,-1,27,0.01
6.0,9.0,Setophaga nigrescens,Black-throated Gray Warbler,0.0009,Filtered_Without_Harmonics\Normalized_Audio\Anna's Hummingbird.wav,-1,-1,27,0.01
6.0,9.0,Emberiza melanocephala,Black-headed Bunting,0.0008,Filtered_Without_Harmonics\Normalized_Audio\Anna's Hummingbird.wav,-1,-1,27,0.01
6.0,9.0,Calypte costae,Costa's Hummingbird,0.0007,Filtered_Without_Harmonics\Normalized_Audio\Anna's Hummingbird.wav,-1,-1,27,0.01
9.0,10.0,Calypte anna,Anna's Hummingbird,0.9920,Filtered_Without_Harmonics\Normalized_Audio\Anna's Hummingbird.wav,-1,-1,27,0.01
9.0,10.0,Spizella pallida,Clay-colored Sparrow,0.1583,Filtered_Without_Harmonics\Normalized_Audio\Anna's Hummingbird.wav,-1,-1,27,0.01
9.0,10.0,Passerculus sandwichensis,Savannah Sparrow,0.0340,Filtered_Without_Harmonics\Normalized_Audio\Anna's Hummingbird.wav,-1,-1,27,0.01
9.0,10.0,Locustella fluviatilis,River Warbler,0.0173,Filtered_Without_Harmonics\Normalized_Audio\Anna's Hummingbird.wav,-1,-1,27,0.01
9.0,10.0,Ammodramus aurifrons,Yellow-browed Sparrow,0.0171,Filtered_Without_Harmonics\Normalized_Audio\Anna's Hummingbird.wav,-1,-1,27,0.01
9.0,10.0,Sicalis luteola,Grassland Yellow-Finch,0.0151,Filtered_Without_Harmonics\Normalized_Audio\Anna's Hummingbird.wav,-1,-1,27,0.01
9.0,10.0,Ploceus velatus,Southern Masked-Weaver,0.0105,Filtered_Without_Harmonics\Normalized_Audio\Anna's Hummingbird.wav,-1,-1,27,0.01
9.0,10.0,Vermivora cyanoptera,Blue-winged Warbler,0.0105,Filtered_Without_Harmonics\Normalized_Audio\Anna's Hummingbird.wav,-1,-1,27,0.01
9.0,10.0,Ammospiza leconteii,LeConte's Sparrow,0.0104,Filtered_Without_Harmonics\Normalized_Audio\Anna's Hummingbird.wav,-1,-1,27,0.01
9.0,10.0,Euplectes ardens,Red-collared Widowbird,0.0070,Filtered_Without_Harmonics\Normalized_Audio\Anna's Hummingbird.wav,-1,-1,27,0.01
9.0,10.0,Spizella breweri,Brewer's Sparrow,0.0048,Filtered_Without_Harmonics\Normalized_Audio\Anna's Hummingbird.wav,-1,-1,27,0.01
9.0,10.0,Geospizopsis plebejus,Ash-breasted Sierra Finch,0.0046,Filtered_Without_Harmonics\Normalized_Audio\Anna's Hummingbird.wav,-1,-1,27,0.01
9.0,10.0,Vermivora chrysoptera,Golden-winged Warbler,0.0037,Filtered_Without_Harmonics\Normalized_Audio\Anna's Hummingbird.wav,-1,-1,27,0.01
9.0,10.0,Serinus serinus,European Serin,0.0028,Filtered_Without_Harmonics\Normalized_Audio\Anna's Hummingbird.wav,-1,-1,27,0.01
9.0,10.0,Phoenicurus ochruros,Black Redstart,0.0028,Filtered_Without_Harmonics\Normalized_Audio\Anna's Hummingbird.wav,-1,-1,27,0.01
9.0,10.0,Euplectes afer,Yellow-crowned Bishop,0.0022,Filtered_Without_Harmonics\Normalized_Audio\Anna's Hummingbird.wav,-1,-1,27,0.01
9.0,10.0,Stenostira scita,Fairy Flycatcher,0.0018,Filtered_Without_Harmonics\Normalized_Audio\Anna's Hummingbird.wav,-1,-1,27,0.01
9.0,10.0,Prinia gracilis,Graceful Prinia,0.0018,Filtered_Without_Harmonics\Normalized_Audio\Anna's Hummingbird.wav,-1,-1,27,0.01
9.0,10.0,Melanospiza bicolor,Black-faced Grassquit,0.0015,Filtered_Without_Harmonics\Normalized_Audio\Anna's Hummingbird.wav,-1,-1,27,0.01
9.0,10.0,Coereba flaveola,Bananaquit,0.0014,Filtered_Without_Harmonics\Normalized_Audio\Anna's Hummingbird.wav,-1,-1,27,0.01
0.0,3.0,Hirundo rustica,Barn Swallow,0.9997,Filtered_Without_Harmonics\Normalized_Audio\Barn Sparrow.wav,-1,-1,27,0.01
0.0,3.0,Riparia riparia,Bank Swallow,0.0014,Filtered_Without_Harmonics\Normalized_Audio\Barn Sparrow.wav,-1,-1,27,0.01
0.0,3.0,Iduna pallida,Eastern Olivaceous Warbler,0.0006,Filtered_Without_Harmonics\Normalized_Audio\Barn Sparrow.wav,-1,-1,27,0.01
0.0,3.0,Delichon urbicum,Common House-Martin,0.0003,Filtered_Without_Harmonics\Normalized_Audio\Barn Sparrow.wav,-1,-1,27,0.01
0.0,3.0,Sylvia borin,Garden Warbler,0.0003,Filtered_Without_Harmonics\Normalized_Audio\Barn Sparrow.wav,-1,-1,27,0.01
0.0,3.0,Acrocephalus palustris,Marsh Warbler,0.0003,Filtered_Without_Harmonics\Normalized_Audio\Barn Sparrow.wav,-1,-1,27,0.01
0.0,3.0,Acrocephalus schoenobaenus,Sedge Warbler,0.0003,Filtered_Without_Harmonics\Normalized_Audio\Barn Sparrow.wav,-1,-1,27,0.01
0.0,3.0,Passer montanus,Eurasian Tree Sparrow,0.0003,Filtered_Without_Harmonics\Normalized_Audio\Barn Sparrow.wav,-1,-1,27,0.01
0.0,3.0,Vireo bellii,Bell's Vireo,0.0003,Filtered_Without_Harmonics\Normalized_Audio\Barn Sparrow.wav,-1,-1,27,0.01
0.0,3.0,Melanocorypha calandra,Calandra Lark,0.0003,Filtered_Without_Harmonics\Normalized_Audio\Barn Sparrow.wav,-1,-1,27,0.01
0.0,3.0,Geothlypis trichas,Common Yellowthroat,0.0002,Filtered_Without_Harmonics\Normalized_Audio\Barn Sparrow.wav,-1,-1,27,0.01
0.0,3.0,Iduna caligata,Booted Warbler,0.0002,Filtered_Without_Harmonics\Normalized_Audio\Barn Sparrow.wav,-1,-1,27,0.01
0.0,3.0,Rallus limicola,Virginia Rail,0.0002,Filtered_Without_Harmonics\Normalized_Audio\Barn Sparrow.wav,-1,-1,27,0.01
0.0,3.0,Carduelis carduelis,European Goldfinch,0.0002,Filtered_Without_Harmonics\Normalized_Audio\Barn Sparrow.wav,-1,-1,27,0.01
0.0,3.0,Branta canadensis,Canada Goose,0.0002,Filtered_Without_Harmonics\Normalized_Audio\Barn Sparrow.wav,-1,-1,27,0.01
0.0,3.0,Cecropis daurica,Red-rumped Swallow,0.0001,Filtered_Without_Harmonics\Normalized_Audio\Barn Sparrow.wav,-1,-1,27,0.01
0.0,3.0,Acrocephalus scirpaceus,Eurasian Reed Warbler,0.0001,Filtered_Without_Harmonics\Normalized_Audio\Barn Sparrow.wav,-1,-1,27,0.01
0.0,3.0,Pycnonotus barbatus,Common Bulbul,0.0001,Filtered_Without_Harmonics\Normalized_Audio\Barn Sparrow.wav,-1,-1,27,0.01
0.0,3.0,Dendrocopos major,Great Spotted Woodpecker,0.0001,Filtered_Without_Harmonics\Normalized_Audio\Barn Sparrow.wav,-1,-1,27,0.01
0.0,3.0,Tachycineta bicolor,Tree Swallow,0.0001,Filtered_Without_Harmonics\Normalized_Audio\Barn Sparrow.wav,-1,-1,27,0.01
3.0,6.0,Hirundo rustica,Barn Swallow,0.9958,Filtered_Without_Harmonics\Normalized_Audio\Barn Sparrow.wav,-1,-1,27,0.01
3.0,6.0,Cecropis daurica,Red-rumped Swallow,0.0854,Filtered_Without_Harmonics\Normalized_Audio\Barn Sparrow.wav,-1,-1,27,0.01
3.0,6.0,Hirundo tahitica,Pacific Swallow,0.0296,Filtered_Without_Harmonics\Normalized_Audio\Barn Sparrow.wav,-1,-1,27,0.01
3.0,6.0,Ploceus cucullatus,Village Weaver,0.0144,Filtered_Without_Harmonics\Normalized_Audio\Barn Sparrow.wav,-1,-1,27,0.01
3.0,6.0,Hirundo smithii,Wire-tailed Swallow,0.0097,Filtered_Without_Harmonics\Normalized_Audio\Barn Sparrow.wav,-1,-1,27,0.01
3.0,6.0,Petrochelidon pyrrhonota,Cliff Swallow,0.0077,Filtered_Without_Harmonics\Normalized_Audio\Barn Sparrow.wav,-1,-1,27,0.01
3.0,6.0,Lanius senator,Woodchat Shrike,0.0073,Filtered_Without_Harmonics\Normalized_Audio\Barn Sparrow.wav,-1,-1,27,0.01
3.0,6.0,Hirundo angolensis,Angola Swallow,0.0042,Filtered_Without_Harmonics\Normalized_Audio\Barn Sparrow.wav,-1,-1,27,0.01
3.0,6.0,Acrocephalus palustris,Marsh Warbler,0.0040,Filtered_Without_Harmonics\Normalized_Audio\Barn Sparrow.wav,-1,-1,27,0.01
3.0,6.0,Hirundo neoxena,Welcome Swallow,0.0037,Filtered_Without_Harmonics\Normalized_Audio\Barn Sparrow.wav,-1,-1,27,0.01
3.0,6.0,Artamus cyanopterus,Dusky Woodswallow,0.0034,Filtered_Without_Harmonics\Normalized_Audio\Barn Sparrow.wav,-1,-1,27,0.01
3.0,6.0,Iduna caligata,Booted Warbler,0.0034,Filtered_Without_Harmonics\Normalized_Audio\Barn Sparrow.wav,-1,-1,27,0.01
3.0,6.0,Turdus viscivorus,Mistle Thrush,0.0021,Filtered_Without_Harmonics\Normalized_Audio\Barn Sparrow.wav,-1,-1,27,0.01
3.0,6.0,Pycnonotus barbatus,Common Bulbul,0.0020,Filtered_Without_Harmonics\Normalized_Audio\Barn Sparrow.wav,-1,-1,27,0.01
3.0,6.0,Spinus magellanicus,Hooded Siskin,0.0019,Filtered_Without_Harmonics\Normalized_Audio\Barn Sparrow.wav,-1,-1,27,0.01
3.0,6.0,Gymnoris pyrgita,Yellow-spotted Bush Sparrow,0.0018,Filtered_Without_Harmonics\Normalized_Audio\Barn Sparrow.wav,-1,-1,27,0.01
3.0,6.0,Iduna pallida,Eastern Olivaceous Warbler,0.0018,Filtered_Without_Harmonics\Normalized_Audio\Barn Sparrow.wav,-1,-1,27,0.01
3.0,6.0,Lanius schach,Long-tailed Shrike,0.0016,Filtered_Without_Harmonics\Normalized_Audio\Barn Sparrow.wav,-1,-1,27,0.01
3.0,6.0,Ploceus intermedius,Lesser Masked-Weaver,0.0014,Filtered_Without_Harmonics\Normalized_Audio\Barn Sparrow.wav,-1,-1,27,0.01
3.0,6.0,Delichon urbicum,Common House-Martin,0.0011,Filtered_Without_Harmonics\Normalized_Audio\Barn Sparrow.wav,-1,-1,27,0.01
6.0,9.0,Hirundo rustica,Barn Swallow,0.9941,Filtered_Without_Harmonics\Normalized_Audio\Barn Sparrow.wav,-1,-1,27,0.01
6.0,9.0,Cecropis daurica,Red-rumped Swallow,0.0510,Filtered_Without_Harmonics\Normalized_Audio\Barn Sparrow.wav,-1,-1,27,0.01
6.0,9.0,Hirundo tahitica,Pacific Swallow,0.0223,Filtered_Without_Harmonics\Normalized_Audio\Barn Sparrow.wav,-1,-1,27,0.01
6.0,9.0,Pseudasthenes humicola,Dusky-tailed Canastero,0.0140,Filtered_Without_Harmonics\Normalized_Audio\Barn Sparrow.wav,-1,-1,27,0.01
6.0,9.0,Pygochelidon cyanoleuca,Blue-and-white Swallow,0.0058,Filtered_Without_Harmonics\Normalized_Audio\Barn Sparrow.wav,-1,-1,27,0.01
6.0,9.0,Iduna pallida,Eastern Olivaceous Warbler,0.0058,Filtered_Without_Harmonics\Normalized_Audio\Barn Sparrow.wav,-1,-1,27,0.01
6.0,9.0,Petrochelidon fulva,Cave Swallow,0.0045,Filtered_Without_Harmonics\Normalized_Audio\Barn Sparrow.wav,-1,-1,27,0.01
6.0,9.0,Paroaria coronata,Red-crested Cardinal,0.0042,Filtered_Without_Harmonics\Normalized_Audio\Barn Sparrow.wav,-1,-1,27,0.01
6.0,9.0,Forpus cyanopygius,Mexican Parrotlet,0.0034,Filtered_Without_Harmonics\Normalized_Audio\Barn Sparrow.wav,-1,-1,27,0.01
6.0,9.0,Ploceus cucullatus,Village Weaver,0.0029,Filtered_Without_Harmonics\Normalized_Audio\Barn Sparrow.wav,-1,-1,27,0.01
6.0,9.0,Spinus spinus,Eurasian Siskin,0.0022,Filtered_Without_Harmonics\Normalized_Audio\Barn Sparrow.wav,-1,-1,27,0.01
6.0,9.0,Delichon urbicum,Common House-Martin,0.0021,Filtered_Without_Harmonics\Normalized_Audio\Barn Sparrow.wav,-1,-1,27,0.01
6.0,9.0,Locustella naevia,Common Grasshopper-Warbler,0.0015,Filtered_Without_Harmonics\Normalized_Audio\Barn Sparrow.wav,-1,-1,27,0.01
6.0,9.0,Petrochelidon pyrrhonota,Cliff Swallow,0.0014,Filtered_Without_Harmonics\Normalized_Audio\Barn Sparrow.wav,-1,-1,27,0.01
6.0,9.0,Turdus viscivorus,Mistle Thrush,0.0012,Filtered_Without_Harmonics\Normalized_Audio\Barn Sparrow.wav,-1,-1,27,0.01
6.0,9.0,Melanocorypha calandra,Calandra Lark,0.0011,Filtered_Without_Harmonics\Normalized_Audio\Barn Sparrow.wav,-1,-1,27,0.01
6.0,9.0,Iduna caligata,Booted Warbler,0.0011,Filtered_Without_Harmonics\Normalized_Audio\Barn Sparrow.wav,-1,-1,27,0.01
6.0,9.0,Hirundo smithii,Wire-tailed Swallow,0.0011,Filtered_Without_Harmonics\Normalized_Audio\Barn Sparrow.wav,-1,-1,27,0.01
6.0,9.0,Spinus magellanicus,Hooded Siskin,0.0010,Filtered_Without_Harmonics\Normalized_Audio\Barn Sparrow.wav,-1,-1,27,0.01
6.0,9.0,Galerida theklae,Thekla's Lark,0.0010,Filtered_Without_Harmonics\Normalized_Audio\Barn Sparrow.wav,-1,-1,27,0.01
9.0,10.0,Synallaxis stictothorax,Necklaced Spinetail,0.1329,Filtered_Without_Harmonics\Normalized_Audio\Barn Sparrow.wav,-1,-1,27,0.01
9.0,10.0,Myornis senilis,Ash-colored Tapaculo,0.0963,Filtered_Without_Harmonics\Normalized_Audio\Barn Sparrow.wav,-1,-1,27,0.01
9.0,10.0,Phaeomyias murina,Mouse-colored Tyrannulet,0.0863,Filtered_Without_Harmonics\Normalized_Audio\Barn Sparrow.wav,-1,-1,27,0.01
9.0,10.0,Hemitriccus margaritaceiventer,Pearly-vented Tody-Tyrant,0.0538,Filtered_Without_Harmonics\Normalized_Audio\Barn Sparrow.wav,-1,-1,27,0.01
9.0,10.0,Certhiaxis cinnamomeus,Yellow-chinned Spinetail,0.0502,Filtered_Without_Harmonics\Normalized_Audio\Barn Sparrow.wav,-1,-1,27,0.01
9.0,10.0,Asthenes sclateri,Puna Canastero,0.0328,Filtered_Without_Harmonics\Normalized_Audio\Barn Sparrow.wav,-1,-1,27,0.01
9.0,10.0,Euscarthmus meloryphus,Rufous-crowned Pygmy-Tyrant,0.0283,Filtered_Without_Harmonics\Normalized_Audio\Barn Sparrow.wav,-1,-1,27,0.01
9.0,10.0,Pseudelaenia leucospodia,Gray-and-white Tyrannulet,0.0248,Filtered_Without_Harmonics\Normalized_Audio\Barn Sparrow.wav,-1,-1,27,0.01
9.0,10.0,Synallaxis fuscorufa,Rusty-headed Spinetail,0.0192,Filtered_Without_Harmonics\Normalized_Audio\Barn Sparrow.wav,-1,-1,27,0.01
9.0,10.0,Phleocryptes melanops,Wren-like Rushbird,0.0191,Filtered_Without_Harmonics\Normalized_Audio\Barn Sparrow.wav,-1,-1,27,0.01
9.0,10.0,Phyllomyias sclateri,Sclater's Tyrannulet,0.0184,Filtered_Without_Harmonics\Normalized_Audio\Barn Sparrow.wav,-1,-1,27,0.01
9.0,10.0,Limnoctites sulphuriferus,Sulphur-bearded Reedhaunter,0.0157,Filtered_Without_Harmonics\Normalized_Audio\Barn Sparrow.wav,-1,-1,27,0.01
9.0,10.0,Mecocerculus leucophrys,White-throated Tyrannulet,0.0151,Filtered_Without_Harmonics\Normalized_Audio\Barn Sparrow.wav,-1,-1,27,0.01
9.0,10.0,Synallaxis albescens,Pale-breasted Spinetail,0.0140,Filtered_Without_Harmonics\Normalized_Audio\Barn Sparrow.wav,-1,-1,27,0.01
9.0,10.0,Ochetorhynchus phoenicurus,Band-tailed Earthcreeper,0.0126,Filtered_Without_Harmonics\Normalized_Audio\Barn Sparrow.wav,-1,-1,27,0.01
9.0,10.0,Anairetes flavirostris,Yellow-billed Tit-Tyrant,0.0122,Filtered_Without_Harmonics\Normalized_Audio\Barn Sparrow.wav,-1,-1,27,0.01
9.0,10.0,Euscarthmus fulviceps,Fulvous-headed Pygmy-Tyrant,0.0089,Filtered_Without_Harmonics\Normalized_Audio\Barn Sparrow.wav,-1,-1,27,0.01
9.0,10.0,Phacellodomus striaticeps,Streak-fronted Thornbird,0.0088,Filtered_Without_Harmonics\Normalized_Audio\Barn Sparrow.wav,-1,-1,27,0.01
9.0,10.0,Tyrannus savana,Fork-tailed Flycatcher,0.0080,Filtered_Without_Harmonics\Normalized_Audio\Barn Sparrow.wav,-1,-1,27,0.01
9.0,10.0,Cranioleuca hellmayri,Streak-capped Spinetail,0.0078,Filtered_Without_Harmonics\Normalized_Audio\Barn Sparrow.wav,-1,-1,27,0.01
0.0,3.0,Thryomanes bewickii,Bewick's Wren,0.9031,Filtered_Without_Harmonics\Normalized_Audio\Bewick's Wren.wav,-1,-1,27,0.01
0.0,3.0,Amphispiza bilineata,Black-throated Sparrow,0.4181,Filtered_Without_Harmonics\Normalized_Audio\Bewick's Wren.wav,-1,-1,27,0.01
0.0,3.0,Melospiza melodia,Song Sparrow,0.1356,Filtered_Without_Harmonics\Normalized_Audio\Bewick's Wren.wav,-1,-1,27,0.01
0.0,3.0,Passerculus sandwichensis,Savannah Sparrow,0.0091,Filtered_Without_Harmonics\Normalized_Audio\Bewick's Wren.wav,-1,-1,27,0.01
0.0,3.0,Spizella breweri,Brewer's Sparrow,0.0039,Filtered_Without_Harmonics\Normalized_Audio\Bewick's Wren.wav,-1,-1,27,0.01
0.0,3.0,Peucaea carpalis,Rufous-winged Sparrow,0.0034,Filtered_Without_Harmonics\Normalized_Audio\Bewick's Wren.wav,-1,-1,27,0.01
0.0,3.0,Junco hyemalis,Dark-eyed Junco,0.0032,Filtered_Without_Harmonics\Normalized_Audio\Bewick's Wren.wav,-1,-1,27,0.01
0.0,3.0,Chondestes grammacus,Lark Sparrow,0.0029,Filtered_Without_Harmonics\Normalized_Audio\Bewick's Wren.wav,-1,-1,27,0.01
0.0,3.0,Carduelis carduelis,European Goldfinch,0.0027,Filtered_Without_Harmonics\Normalized_Audio\Bewick's Wren.wav,-1,-1,27,0.01
0.0,3.0,Spizella atrogularis,Black-chinned Sparrow,0.0025,Filtered_Without_Harmonics\Normalized_Audio\Bewick's Wren.wav,-1,-1,27,0.01
0.0,3.0,Pipilo maculatus,Spotted Towhee,0.0023,Filtered_Without_Harmonics\Normalized_Audio\Bewick's Wren.wav,-1,-1,27,0.01
0.0,3.0,Pipilo chlorurus,Green-tailed Towhee,0.0015,Filtered_Without_Harmonics\Normalized_Audio\Bewick's Wren.wav,-1,-1,27,0.01
0.0,3.0,Leiothlypis celata,Orange-crowned Warbler,0.0015,Filtered_Without_Harmonics\Normalized_Audio\Bewick's Wren.wav,-1,-1,27,0.01
0.0,3.0,Cistothorus platensis,Grass Wren,0.0011,Filtered_Without_Harmonics\Normalized_Audio\Bewick's Wren.wav,-1,-1,27,0.01
0.0,3.0,Troglodytes troglodytes,Eurasian Wren,0.0010,Filtered_Without_Harmonics\Normalized_Audio\Bewick's Wren.wav,-1,-1,27,0.01
0.0,3.0,Pooecetes gramineus,Vesper Sparrow,0.0010,Filtered_Without_Harmonics\Normalized_Audio\Bewick's Wren.wav,-1,-1,27,0.01
0.0,3.0,Passerina amoena,Lazuli Bunting,0.0008,Filtered_Without_Harmonics\Normalized_Audio\Bewick's Wren.wav,-1,-1,27,0.01
0.0,3.0,Salpinctes obsoletus,Rock Wren,0.0008,Filtered_Without_Harmonics\Normalized_Audio\Bewick's Wren.wav,-1,-1,27,0.01
0.0,3.0,Pipilo erythrophthalmus,Eastern Towhee,0.0007,Filtered_Without_Harmonics\Normalized_Audio\Bewick's Wren.wav,-1,-1,27,0.01
0.0,3.0,Zonotrichia leucophrys,White-crowned Sparrow,0.0007,Filtered_Without_Harmonics\Normalized_Audio\Bewick's Wren.wav,-1,-1,27,0.01
3.0,6.0,Engine,Engine,0.0063,Filtered_Without_Harmonics\Normalized_Audio\Bewick's Wren.wav,-1,-1,27,0.01
3.0,6.0,Human vocal,Human vocal,0.0038,Filtered_Without_Harmonics\Normalized_Audio\Bewick's Wren.wav,-1,-1,27,0.01
3.0,6.0,Fireworks,Fireworks,0.0030,Filtered_Without_Harmonics\Normalized_Audio\Bewick's Wren.wav,-1,-1,27,0.01
3.0,6.0,Power tools,Power tools,0.0029,Filtered_Without_Harmonics\Normalized_Audio\Bewick's Wren.wav,-1,-1,27,0.01
3.0,6.0,Bubo virginianus,Great Horned Owl,0.0029,Filtered_Without_Harmonics\Normalized_Audio\Bewick's Wren.wav,-1,-1,27,0.01
3.0,6.0,Dryobates minor,Lesser Spotted Woodpecker,0.0027,Filtered_Without_Harmonics\Normalized_Audio\Bewick's Wren.wav,-1,-1,27,0.01
3.0,6.0,Buteo jamaicensis,Red-tailed Hawk,0.0027,Filtered_Without_Harmonics\Normalized_Audio\Bewick's Wren.wav,-1,-1,27,0.01
3.0,6.0,Dryocopus pileatus,Pileated Woodpecker,0.0024,Filtered_Without_Harmonics\Normalized_Audio\Bewick's Wren.wav,-1,-1,27,0.01
3.0,6.0,Turdus merula,Eurasian Blackbird,0.0023,Filtered_Without_Harmonics\Normalized_Audio\Bewick's Wren.wav,-1,-1,27,0.01
3.0,6.0,Bonasa umbellus,Ruffed Grouse,0.0023,Filtered_Without_Harmonics\Normalized_Audio\Bewick's Wren.wav,-1,-1,27,0.01
3.0,6.0,Bombycilla cedrorum,Cedar Waxwing,0.0023,Filtered_Without_Harmonics\Normalized_Audio\Bewick's Wren.wav,-1,-1,27,0.01
3.0,6.0,Catharus fuscescens,Veery,0.0023,Filtered_Without_Harmonics\Normalized_Audio\Bewick's Wren.wav,-1,-1,27,0.01
3.0,6.0,Phyllomyias nigrocapillus,Black-capped Tyrannulet,0.0023,Filtered_Without_Harmonics\Normalized_Audio\Bewick's Wren.wav,-1,-1,27,0.01
3.0,6.0,Regulus regulus,Goldcrest,0.0022,Filtered_Without_Harmonics\Normalized_Audio\Bewick's Wren.wav,-1,-1,27,0.01
3.0,6.0,Ochthoeca cinnamomeiventris,Slaty-backed Chat-Tyrant,0.0022,Filtered_Without_Harmonics\Normalized_Audio\Bewick's Wren.wav,-1,-1,27,0.01
3.0,6.0,Myiarchus crinitus,Great Crested Flycatcher,0.0021,Filtered_Without_Harmonics\Normalized_Audio\Bewick's Wren.wav,-1,-1,27,0.01
3.0,6.0,Scolopax minor,American Woodcock,0.0021,Filtered_Without_Harmonics\Normalized_Audio\Bewick's Wren.wav,-1,-1,27,0.01
3.0,6.0,Catharus ustulatus,Swainson's Thrush,0.0020,Filtered_Without_Harmonics\Normalized_Audio\Bewick's Wren.wav,-1,-1,27,0.01
3.0,6.0,Contopus virens,Eastern Wood-Pewee,0.0019,Filtered_Without_Harmonics\Normalized_Audio\Bewick's Wren.wav,-1,-1,27,0.01
3.0,6.0,Buteo lineatus,Red-shouldered Hawk,0.0019,Filtered_Without_Harmonics\Normalized_Audio\Bewick's Wren.wav,-1,-1,27,0.01
6.0,9.0,Engine,Engine,0.0068,Filtered_Without_Harmonics\Normalized_Audio\Bewick's Wren.wav,-1,-1,27,0.01
6.0,9.0,Human vocal,Human vocal,0.0042,Filtered_Without_Harmonics\Normalized_Audio\Bewick's Wren.wav,-1,-1,27,0.01
6.0,9.0,Fireworks,Fireworks,0.0034,Filtered_Without_Harmonics\Normalized_Audio\Bewick's Wren.wav,-1,-1,27,0.01
6.0,9.0,Bubo virginianus,Great Horned Owl,0.0033,Filtered_Without_Harmonics\Normalized_Audio\Bewick's Wren.wav,-1,-1,27,0.01
6.0,9.0,Power tools,Power tools,0.0032,Filtered_Without_Harmonics\Normalized_Audio\Bewick's Wren.wav,-1,-1,27,0.01
6.0,9.0,Buteo jamaicensis,Red-tailed Hawk,0.0027,Filtered_Without_Harmonics\Normalized_Audio\Bewick's Wren.wav,-1,-1,27,0.01
6.0,9.0,Dryobates minor,Lesser Spotted Woodpecker,0.0027,Filtered_Without_Harmonics\Normalized_Audio\Bewick's Wren.wav,-1,-1,27,0.01
6.0,9.0,Dryocopus pileatus,Pileated Woodpecker,0.0026,Filtered_Without_Harmonics\Normalized_Audio\Bewick's Wren.wav,-1,-1,27,0.01
6.0,9.0,Turdus merula,Eurasian Blackbird,0.0025,Filtered_Without_Harmonics\Normalized_Audio\Bewick's Wren.wav,-1,-1,27,0.01
6.0,9.0,Bombycilla cedrorum,Cedar Waxwing,0.0024,Filtered_Without_Harmonics\Normalized_Audio\Bewick's Wren.wav,-1,-1,27,0.01
6.0,9.0,Loxia curvirostra,Red Crossbill,0.0023,Filtered_Without_Harmonics\Normalized_Audio\Bewick's Wren.wav,-1,-1,27,0.01
6.0,9.0,Regulus regulus,Goldcrest,0.0023,Filtered_Without_Harmonics\Normalized_Audio\Bewick's Wren.wav,-1,-1,27,0.01
6.0,9.0,Bonasa umbellus,Ruffed Grouse,0.0023,Filtered_Without_Harmonics\Normalized_Audio\Bewick's Wren.wav,-1,-1,27,0.01
6.0,9.0,Catharus fuscescens,Veery,0.0022,Filtered_Without_Harmonics\Normalized_Audio\Bewick's Wren.wav,-1,-1,27,0.01
6.0,9.0,Scolopax minor,American Woodcock,0.0022,Filtered_Without_Harmonics\Normalized_Audio\Bewick's Wren.wav,-1,-1,27,0.01
6.0,9.0,Junco hyemalis,Dark-eyed Junco,0.0022,Filtered_Without_Harmonics\Normalized_Audio\Bewick's Wren.wav,-1,-1,27,0.01
6.0,9.0,Myiarchus crinitus,Great Crested Flycatcher,0.0021,Filtered_Without_Harmonics\Normalized_Audio\Bewick's Wren.wav,-1,-1,27,0.01
6.0,9.0,Catharus ustulatus,Swainson's Thrush,0.0021,Filtered_Without_Harmonics\Normalized_Audio\Bewick's Wren.wav,-1,-1,27,0.01
6.0,9.0,Parkesia motacilla,Louisiana Waterthrush,0.0021,Filtered_Without_Harmonics\Normalized_Audio\Bewick's Wren.wav,-1,-1,27,0.01
6.0,9.0,Seiurus aurocapilla,Ovenbird,0.0021,Filtered_Without_Harmonics\Normalized_Audio\Bewick's Wren.wav,-1,-1,27,0.01
9.0,10.0,Engine,Engine,0.0068,Filtered_Without_Harmonics\Normalized_Audio\Bewick's Wren.wav,-1,-1,27,0.01
9.0,10.0,Human vocal,Human vocal,0.0042,Filtered_Without_Harmonics\Normalized_Audio\Bewick's Wren.wav,-1,-1,27,0.01
9.0,10.0,Fireworks,Fireworks,0.0034,Filtered_Without_Harmonics\Normalized_Audio\Bewick's Wren.wav,-1,-1,27,0.01
9.0,10.0,Bubo virginianus,Great Horned Owl,0.0033,Filtered_Without_Harmonics\Normalized_Audio\Bewick's Wren.wav,-1,-1,27,0.01
9.0,10.0,Power tools,Power tools,0.0032,Filtered_Without_Harmonics\Normalized_Audio\Bewick's Wren.wav,-1,-1,27,0.01
9.0,10.0,Buteo jamaicensis,Red-tailed Hawk,0.0027,Filtered_Without_Harmonics\Normalized_Audio\Bewick's Wren.wav,-1,-1,27,0.01
9.0,10.0,Dryobates minor,Lesser Spotted Woodpecker,0.0027,Filtered_Without_Harmonics\Normalized_Audio\Bewick's Wren.wav,-1,-1,27,0.01
9.0,10.0,Dryocopus pileatus,Pileated Woodpecker,0.0026,Filtered_Without_Harmonics\Normalized_Audio\Bewick's Wren.wav,-1,-1,27,0.01
9.0,10.0,Turdus merula,Eurasian Blackbird,0.0025,Filtered_Without_Harmonics\Normalized_Audio\Bewick's Wren.wav,-1,-1,27,0.01
9.0,10.0,Bombycilla cedrorum,Cedar Waxwing,0.0024,Filtered_Without_Harmonics\Normalized_Audio\Bewick's Wren.wav,-1,-1,27,0.01
9.0,10.0,Loxia curvirostra,Red Crossbill,0.0023,Filtered_Without_Harmonics\Normalized_Audio\Bewick's Wren.wav,-1,-1,27,0.01
9.0,10.0,Regulus regulus,Goldcrest,0.0023,Filtered_Without_Harmonics\Normalized_Audio\Bewick's Wren.wav,-1,-1,27,0.01
9.0,10.0,Bonasa umbellus,Ruffed Grouse,0.0023,Filtered_Without_Harmonics\Normalized_Audio\Bewick's Wren.wav,-1,-1,27,0.01
9.0,10.0,Catharus fuscescens,Veery,0.0022,Filtered_Without_Harmonics\Normalized_Audio\Bewick's Wren.wav,-1,-1,27,0.01
9.0,10.0,Scolopax minor,American Woodcock,0.0022,Filtered_Without_Harmonics\Normalized_Audio\Bewick's Wren.wav,-1,-1,27,0.01
9.0,10.0,Junco hyemalis,Dark-eyed Junco,0.0022,Filtered_Without_Harmonics\Normalized_Audio\Bewick's Wren.wav,-1,-1,27,0.01
9.0,10.0,Myiarchus crinitus,Great Crested Flycatcher,0.0021,Filtered_Without_Harmonics\Normalized_Audio\Bewick's Wren.wav,-1,-1,27,0.01
9.0,10.0,Catharus ustulatus,Swainson's Thrush,0.0021,Filtered_Without_Harmonics\Normalized_Audio\Bewick's Wren.wav,-1,-1,27,0.01
9.0,10.0,Parkesia motacilla,Louisiana Waterthrush,0.0021,Filtered_Without_Harmonics\Normalized_Audio\Bewick's Wren.wav,-1,-1,27,0.01
9.0,10.0,Seiurus aurocapilla,Ovenbird,0.0021,Filtered_Without_Harmonics\Normalized_Audio\Bewick's Wren.wav,-1,-1,27,0.01
0.0,3.0,Sayornis nigricans,Black Phoebe,0.9892,Filtered_Without_Harmonics\Normalized_Audio\Black Phoebe.wav,-1,-1,27,0.01
0.0,3.0,Salpinctes obsoletus,Rock Wren,0.0148,Filtered_Without_Harmonics\Normalized_Audio\Black Phoebe.wav,-1,-1,27,0.01
0.0,3.0,Leiothlypis luciae,Lucy's Warbler,0.0017,Filtered_Without_Harmonics\Normalized_Audio\Black Phoebe.wav,-1,-1,27,0.01
0.0,3.0,Psaltriparus minimus,Bushtit,0.0009,Filtered_Without_Harmonics\Normalized_Audio\Black Phoebe.wav,-1,-1,27,0.01
0.0,3.0,Baeolophus inornatus,Oak Titmouse,0.0005,Filtered_Without_Harmonics\Normalized_Audio\Black Phoebe.wav,-1,-1,27,0.01
0.0,3.0,Passerina amoena,Lazuli Bunting,0.0005,Filtered_Without_Harmonics\Normalized_Audio\Black Phoebe.wav,-1,-1,27,0.01
0.0,3.0,Chamaea fasciata,Wrentit,0.0005,Filtered_Without_Harmonics\Normalized_Audio\Black Phoebe.wav,-1,-1,27,0.01
0.0,3.0,Aimophila ruficeps,Rufous-crowned Sparrow,0.0005,Filtered_Without_Harmonics\Normalized_Audio\Black Phoebe.wav,-1,-1,27,0.01
0.0,3.0,Calypte anna,Anna's Hummingbird,0.0005,Filtered_Without_Harmonics\Normalized_Audio\Black Phoebe.wav,-1,-1,27,0.01
0.0,3.0,Spizella atrogularis,Black-chinned Sparrow,0.0005,Filtered_Without_Harmonics\Normalized_Audio\Black Phoebe.wav,-1,-1,27,0.01
0.0,3.0,Pyrocephalus rubinus,Vermilion Flycatcher,0.0005,Filtered_Without_Harmonics\Normalized_Audio\Black Phoebe.wav,-1,-1,27,0.01
0.0,3.0,Anthus rubescens,American Pipit,0.0005,Filtered_Without_Harmonics\Normalized_Audio\Black Phoebe.wav,-1,-1,27,0.01
0.0,3.0,Thryomanes bewickii,Bewick's Wren,0.0004,Filtered_Without_Harmonics\Normalized_Audio\Black Phoebe.wav,-1,-1,27,0.01
0.0,3.0,Bombycilla garrulus,Bohemian Waxwing,0.0004,Filtered_Without_Harmonics\Normalized_Audio\Black Phoebe.wav,-1,-1,27,0.01
0.0,3.0,Melospiza melodia,Song Sparrow,0.0004,Filtered_Without_Harmonics\Normalized_Audio\Black Phoebe.wav,-1,-1,27,0.01
0.0,3.0,Leiothlypis celata,Orange-crowned Warbler,0.0003,Filtered_Without_Harmonics\Normalized_Audio\Black Phoebe.wav,-1,-1,27,0.01
0.0,3.0,Sayornis phoebe,Eastern Phoebe,0.0003,Filtered_Without_Harmonics\Normalized_Audio\Black Phoebe.wav,-1,-1,27,0.01
0.0,3.0,Contopus sordidulus,Western Wood-Pewee,0.0003,Filtered_Without_Harmonics\Normalized_Audio\Black Phoebe.wav,-1,-1,27,0.01
0.0,3.0,Zonotrichia leucophrys,White-crowned Sparrow,0.0003,Filtered_Without_Harmonics\Normalized_Audio\Black Phoebe.wav,-1,-1,27,0.01
0.0,3.0,Junco hyemalis,Dark-eyed Junco,0.0003,Filtered_Without_Harmonics\Normalized_Audio\Black Phoebe.wav,-1,-1,27,0.01
3.0,6.0,Sayornis nigricans,Black Phoebe,0.9968,Filtered_Without_Harmonics\Normalized_Audio\Black Phoebe.wav,-1,-1,27,0.01
3.0,6.0,Salpinctes obsoletus,Rock Wren,0.0052,Filtered_Without_Harmonics\Normalized_Audio\Black Phoebe.wav,-1,-1,27,0.01
3.0,6.0,Leiothlypis luciae,Lucy's Warbler,0.0028,Filtered_Without_Harmonics\Normalized_Audio\Black Phoebe.wav,-1,-1,27,0.01
3.0,6.0,Pyrocephalus rubinus,Vermilion Flycatcher,0.0015,Filtered_Without_Harmonics\Normalized_Audio\Black Phoebe.wav,-1,-1,27,0.01
3.0,6.0,Sayornis phoebe,Eastern Phoebe,0.0011,Filtered_Without_Harmonics\Normalized_Audio\Black Phoebe.wav,-1,-1,27,0.01
3.0,6.0,Psaltriparus minimus,Bushtit,0.0006,Filtered_Without_Harmonics\Normalized_Audio\Black Phoebe.wav,-1,-1,27,0.01
3.0,6.0,Aimophila ruficeps,Rufous-crowned Sparrow,0.0005,Filtered_Without_Harmonics\Normalized_Audio\Black Phoebe.wav,-1,-1,27,0.01
3.0,6.0,Contopus sordidulus,Western Wood-Pewee,0.0005,Filtered_Without_Harmonics\Normalized_Audio\Black Phoebe.wav,-1,-1,27,0.01
3.0,6.0,Melospiza melodia,Song Sparrow,0.0004,Filtered_Without_Harmonics\Normalized_Audio\Black Phoebe.wav,-1,-1,27,0.01
3.0,6.0,Chamaea fasciata,Wrentit,0.0004,Filtered_Without_Harmonics\Normalized_Audio\Black Phoebe.wav,-1,-1,27,0.01
3.0,6.0,Passerina amoena,Lazuli Bunting,0.0003,Filtered_Without_Harmonics\Normalized_Audio\Black Phoebe.wav,-1,-1,27,0.01
3.0,6.0,Baeolophus inornatus,Oak Titmouse,0.0003,Filtered_Without_Harmonics\Normalized_Audio\Black Phoebe.wav,-1,-1,27,0.01
3.0,6.0,Auriparus flaviceps,Verdin,0.0002,Filtered_Without_Harmonics\Normalized_Audio\Black Phoebe.wav,-1,-1,27,0.01
3.0,6.0,Anthus rubescens,American Pipit,0.0002,Filtered_Without_Harmonics\Normalized_Audio\Black Phoebe.wav,-1,-1,27,0.01
3.0,6.0,Sayornis saya,Say's Phoebe,0.0002,Filtered_Without_Harmonics\Normalized_Audio\Black Phoebe.wav,-1,-1,27,0.01
3.0,6.0,Spinus psaltria,Lesser Goldfinch,0.0002,Filtered_Without_Harmonics\Normalized_Audio\Black Phoebe.wav,-1,-1,27,0.01
3.0,6.0,Leiothlypis celata,Orange-crowned Warbler,0.0002,Filtered_Without_Harmonics\Normalized_Audio\Black Phoebe.wav,-1,-1,27,0.01
3.0,6.0,Calypte anna,Anna's Hummingbird,0.0002,Filtered_Without_Harmonics\Normalized_Audio\Black Phoebe.wav,-1,-1,27,0.01
3.0,6.0,Thryomanes bewickii,Bewick's Wren,0.0002,Filtered_Without_Harmonics\Normalized_Audio\Black Phoebe.wav,-1,-1,27,0.01
3.0,6.0,Zonotrichia leucophrys,White-crowned Sparrow,0.0002,Filtered_Without_Harmonics\Normalized_Audio\Black Phoebe.wav,-1,-1,27,0.01
6.0,9.0,Sayornis nigricans,Black Phoebe,0.9914,Filtered_Without_Harmonics\Normalized_Audio\Black Phoebe.wav,-1,-1,27,0.01
6.0,9.0,Salpinctes obsoletus,Rock Wren,0.0093,Filtered_Without_Harmonics\Normalized_Audio\Black Phoebe.wav,-1,-1,27,0.01
6.0,9.0,Leiothlypis luciae,Lucy's Warbler,0.0065,Filtered_Without_Harmonics\Normalized_Audio\Black Phoebe.wav,-1,-1,27,0.01
6.0,9.0,Psaltriparus minimus,Bushtit,0.0020,Filtered_Without_Harmonics\Normalized_Audio\Black Phoebe.wav,-1,-1,27,0.01
6.0,9.0,Sayornis phoebe,Eastern Phoebe,0.0015,Filtered_Without_Harmonics\Normalized_Audio\Black Phoebe.wav,-1,-1,27,0.01
6.0,9.0,Passerina amoena,Lazuli Bunting,0.0010,Filtered_Without_Harmonics\Normalized_Audio\Black Phoebe.wav,-1,-1,27,0.01
6.0,9.0,Baeolophus inornatus,Oak Titmouse,0.0008,Filtered_Without_Harmonics\Normalized_Audio\Black Phoebe.wav,-1,-1,27,0.01
6.0,9.0,Anthus rubescens,American Pipit,0.0007,Filtered_Without_Harmonics\Normalized_Audio\Black Phoebe.wav,-1,-1,27,0.01
6.0,9.0,Calypte anna,Anna's Hummingbird,0.0006,Filtered_Without_Harmonics\Normalized_Audio\Black Phoebe.wav,-1,-1,27,0.01
6.0,9.0,Pyrocephalus rubinus,Vermilion Flycatcher,0.0006,Filtered_Without_Harmonics\Normalized_Audio\Black Phoebe.wav,-1,-1,27,0.01
6.0,9.0,Auriparus flaviceps,Verdin,0.0005,Filtered_Without_Harmonics\Normalized_Audio\Black Phoebe.wav,-1,-1,27,0.01
6.0,9.0,Spizella atrogularis,Black-chinned Sparrow,0.0005,Filtered_Without_Harmonics\Normalized_Audio\Black Phoebe.wav,-1,-1,27,0.01
6.0,9.0,Aimophila ruficeps,Rufous-crowned Sparrow,0.0005,Filtered_Without_Harmonics\Normalized_Audio\Black Phoebe.wav,-1,-1,27,0.01
6.0,9.0,Junco hyemalis,Dark-eyed Junco,0.0005,Filtered_Without_Harmonics\Normalized_Audio\Black Phoebe.wav,-1,-1,27,0.01
6.0,9.0,Chamaea fasciata,Wrentit,0.0005,Filtered_Without_Harmonics\Normalized_Audio\Black Phoebe.wav,-1,-1,27,0.01
6.0,9.0,Spinus psaltria,Lesser Goldfinch,0.0004,Filtered_Without_Harmonics\Normalized_Audio\Black Phoebe.wav,-1,-1,27,0.01
6.0,9.0,Anthus campestris,Tawny Pipit,0.0004,Filtered_Without_Harmonics\Normalized_Audio\Black Phoebe.wav,-1,-1,27,0.01
6.0,9.0,Sayornis saya,Say's Phoebe,0.0004,Filtered_Without_Harmonics\Normalized_Audio\Black Phoebe.wav,-1,-1,27,0.01
6.0,9.0,Melospiza melodia,Song Sparrow,0.0004,Filtered_Without_Harmonics\Normalized_Audio\Black Phoebe.wav,-1,-1,27,0.01
6.0,9.0,Bombycilla garrulus,Bohemian Waxwing,0.0004,Filtered_Without_Harmonics\Normalized_Audio\Black Phoebe.wav,-1,-1,27,0.01
9.0,10.0,Sayornis nigricans,Black Phoebe,0.9954,Filtered_Without_Harmonics\Normalized_Audio\Black Phoebe.wav,-1,-1,27,0.01
9.0,10.0,Eremophila alpestris,Horned Lark,0.0115,Filtered_Without_Harmonics\Normalized_Audio\Black Phoebe.wav,-1,-1,27,0.01
9.0,10.0,Leiothlypis luciae,Lucy's Warbler,0.0114,Filtered_Without_Harmonics\Normalized_Audio\Black Phoebe.wav,-1,-1,27,0.01
9.0,10.0,Salpinctes obsoletus,Rock Wren,0.0047,Filtered_Without_Harmonics\Normalized_Audio\Black Phoebe.wav,-1,-1,27,0.01
9.0,10.0,Phylloscopus xanthoschistos,Gray-hooded Warbler,0.0040,Filtered_Without_Harmonics\Normalized_Audio\Black Phoebe.wav,-1,-1,27,0.01
9.0,10.0,Auriparus flaviceps,Verdin,0.0039,Filtered_Without_Harmonics\Normalized_Audio\Black Phoebe.wav,-1,-1,27,0.01
9.0,10.0,Phylloscopus humei,Hume's Warbler,0.0038,Filtered_Without_Harmonics\Normalized_Audio\Black Phoebe.wav,-1,-1,27,0.01
9.0,10.0,Baeolophus inornatus,Oak Titmouse,0.0031,Filtered_Without_Harmonics\Normalized_Audio\Black Phoebe.wav,-1,-1,27,0.01
9.0,10.0,Pyrocephalus rubinus,Vermilion Flycatcher,0.0029,Filtered_Without_Harmonics\Normalized_Audio\Black Phoebe.wav,-1,-1,27,0.01
9.0,10.0,Anthus rubescens,American Pipit,0.0028,Filtered_Without_Harmonics\Normalized_Audio\Black Phoebe.wav,-1,-1,27,0.01
9.0,10.0,Sayornis phoebe,Eastern Phoebe,0.0027,Filtered_Without_Harmonics\Normalized_Audio\Black Phoebe.wav,-1,-1,27,0.01
9.0,10.0,Psaltriparus minimus,Bushtit,0.0024,Filtered_Without_Harmonics\Normalized_Audio\Black Phoebe.wav,-1,-1,27,0.01
9.0,10.0,Setophaga petechia,Yellow Warbler,0.0017,Filtered_Without_Harmonics\Normalized_Audio\Black Phoebe.wav,-1,-1,27,0.01
9.0,10.0,Anthus campestris,Tawny Pipit,0.0012,Filtered_Without_Harmonics\Normalized_Audio\Black Phoebe.wav,-1,-1,27,0.01
9.0,10.0,Motacilla flava,Western Yellow Wagtail,0.0010,Filtered_Without_Harmonics\Normalized_Audio\Black Phoebe.wav,-1,-1,27,0.01
9.0,10.0,Calcarius lapponicus,Lapland Longspur,0.0010,Filtered_Without_Harmonics\Normalized_Audio\Black Phoebe.wav,-1,-1,27,0.01
9.0,10.0,Melospiza melodia,Song Sparrow,0.0009,Filtered_Without_Harmonics\Normalized_Audio\Black Phoebe.wav,-1,-1,27,0.01
9.0,10.0,Leiothlypis celata,Orange-crowned Warbler,0.0009,Filtered_Without_Harmonics\Normalized_Audio\Black Phoebe.wav,-1,-1,27,0.01
9.0,10.0,Certhia americana,Brown Creeper,0.0008,Filtered_Without_Harmonics\Normalized_Audio\Black Phoebe.wav,-1,-1,27,0.01
9.0,10.0,Junco hyemalis,Dark-eyed Junco,0.0008,Filtered_Without_Harmonics\Normalized_Audio\Black Phoebe.wav,-1,-1,27,0.01
0.0,3.0,Melozone crissalis,California Towhee,0.9778,Filtered_Without_Harmonics\Normalized_Audio\California Towhee.wav,-1,-1,27,0.01
0.0,3.0,Leiothlypis celata,Orange-crowned Warbler,0.0779,Filtered_Without_Harmonics\Normalized_Audio\California Towhee.wav,-1,-1,27,0.01
0.0,3.0,Cinnyris nectarinioides,Black-bellied Sunbird,0.0158,Filtered_Without_Harmonics\Normalized_Audio\California Towhee.wav,-1,-1,27,0.01
0.0,3.0,Phylloscopus armandii,Yellow-streaked Warbler,0.0150,Filtered_Without_Harmonics\Normalized_Audio\California Towhee.wav,-1,-1,27,0.01
0.0,3.0,Cinnyris mariquensis,Mariqua Sunbird,0.0102,Filtered_Without_Harmonics\Normalized_Audio\California Towhee.wav,-1,-1,27,0.01
0.0,3.0,Cinnyris talatala,White-breasted Sunbird,0.0097,Filtered_Without_Harmonics\Normalized_Audio\California Towhee.wav,-1,-1,27,0.01
0.0,3.0,Zonotrichia atricapilla,Golden-crowned Sparrow,0.0086,Filtered_Without_Harmonics\Normalized_Audio\California Towhee.wav,-1,-1,27,0.01
0.0,3.0,Myiothlypis nigrocristata,Black-crested Warbler,0.0064,Filtered_Without_Harmonics\Normalized_Audio\California Towhee.wav,-1,-1,27,0.01
0.0,3.0,Bradypterus sylvaticus,Knysna Warbler,0.0062,Filtered_Without_Harmonics\Normalized_Audio\California Towhee.wav,-1,-1,27,0.01
0.0,3.0,Cardellina pusilla,Wilson's Warbler,0.0044,Filtered_Without_Harmonics\Normalized_Audio\California Towhee.wav,-1,-1,27,0.01
0.0,3.0,Parkesia noveboracensis,Northern Waterthrush,0.0035,Filtered_Without_Harmonics\Normalized_Audio\California Towhee.wav,-1,-1,27,0.01
0.0,3.0,Cranioleuca marcapatae,Marcapata Spinetail,0.0033,Filtered_Without_Harmonics\Normalized_Audio\California Towhee.wav,-1,-1,27,0.01
0.0,3.0,Auriparus flaviceps,Verdin,0.0025,Filtered_Without_Harmonics\Normalized_Audio\California Towhee.wav,-1,-1,27,0.01
0.0,3.0,Melozone albicollis,White-throated Towhee,0.0024,Filtered_Without_Harmonics\Normalized_Audio\California Towhee.wav,-1,-1,27,0.01
0.0,3.0,Emberiza calandra,Corn Bunting,0.0024,Filtered_Without_Harmonics\Normalized_Audio\California Towhee.wav,-1,-1,27,0.01
0.0,3.0,Cettia cetti,Cetti's Warbler,0.0023,Filtered_Without_Harmonics\Normalized_Audio\California Towhee.wav,-1,-1,27,0.01
0.0,3.0,Cardinalis sinuatus,Pyrrhuloxia,0.0018,Filtered_Without_Harmonics\Normalized_Audio\California Towhee.wav,-1,-1,27,0.01
0.0,3.0,Leiothlypis peregrina,Tennessee Warbler,0.0017,Filtered_Without_Harmonics\Normalized_Audio\California Towhee.wav,-1,-1,27,0.01
0.0,3.0,Phylloscopus neglectus,Plain Leaf Warbler,0.0015,Filtered_Without_Harmonics\Normalized_Audio\California Towhee.wav,-1,-1,27,0.01
0.0,3.0,Leiothlypis ruficapilla,Nashville Warbler,0.0013,Filtered_Without_Harmonics\Normalized_Audio\California Towhee.wav,-1,-1,27,0.01
3.0,6.0,Engine,Engine,0.0068,Filtered_Without_Harmonics\Normalized_Audio\California Towhee.wav,-1,-1,27,0.01
3.0,6.0,Human vocal,Human vocal,0.0042,Filtered_Without_Harmonics\Normalized_Audio\California Towhee.wav,-1,-1,27,0.01
3.0,6.0,Fireworks,Fireworks,0.0034,Filtered_Without_Harmonics\Normalized_Audio\California Towhee.wav,-1,-1,27,0.01
3.0,6.0,Bubo virginianus,Great Horned Owl,0.0033,Filtered_Without_Harmonics\Normalized_Audio\California Towhee.wav,-1,-1,27,0.01
3.0,6.0,Power tools,Power tools,0.0032,Filtered_Without_Harmonics\Normalized_Audio\California Towhee.wav,-1,-1,27,0.01
3.0,6.0,Buteo jamaicensis,Red-tailed Hawk,0.0027,Filtered_Without_Harmonics\Normalized_Audio\California Towhee.wav,-1,-1,27,0.01
3.0,6.0,Dryobates minor,Lesser Spotted Woodpecker,0.0027,Filtered_Without_Harmonics\Normalized_Audio\California Towhee.wav,-1,-1,27,0.01
3.0,6.0,Dryocopus pileatus,Pileated Woodpecker,0.0026,Filtered_Without_Harmonics\Normalized_Audio\California Towhee.wav,-1,-1,27,0.01
3.0,6.0,Turdus merula,Eurasian Blackbird,0.0025,Filtered_Without_Harmonics\Normalized_Audio\California Towhee.wav,-1,-1,27,0.01
3.0,6.0,Bombycilla cedrorum,Cedar Waxwing,0.0024,Filtered_Without_Harmonics\Normalized_Audio\California Towhee.wav,-1,-1,27,0.01
3.0,6.0,Loxia curvirostra,Red Crossbill,0.0023,Filtered_Without_Harmonics\Normalized_Audio\California Towhee.wav,-1,-1,27,0.01
3.0,6.0,Regulus regulus,Goldcrest,0.0023,Filtered_Without_Harmonics\Normalized_Audio\California Towhee.wav,-1,-1,27,0.01
3.0,6.0,Bonasa umbellus,Ruffed Grouse,0.0023,Filtered_Without_Harmonics\Normalized_Audio\California Towhee.wav,-1,-1,27,0.01
3.0,6.0,Catharus fuscescens,Veery,0.0022,Filtered_Without_Harmonics\Normalized_Audio\California Towhee.wav,-1,-1,27,0.01
3.0,6.0,Scolopax minor,American Woodcock,0.0022,Filtered_Without_Harmonics\Normalized_Audio\California Towhee.wav,-1,-1,27,0.01
3.0,6.0,Junco hyemalis,Dark-eyed Junco,0.0022,Filtered_Without_Harmonics\Normalized_Audio\California Towhee.wav,-1,-1,27,0.01
3.0,6.0,Myiarchus crinitus,Great Crested Flycatcher,0.0021,Filtered_Without_Harmonics\Normalized_Audio\California Towhee.wav,-1,-1,27,0.01
3.0,6.0,Catharus ustulatus,Swainson's Thrush,0.0021,Filtered_Without_Harmonics\Normalized_Audio\California Towhee.wav,-1,-1,27,0.01
3.0,6.0,Parkesia motacilla,Louisiana Waterthrush,0.0021,Filtered_Without_Harmonics\Normalized_Audio\California Towhee.wav,-1,-1,27,0.01
3.0,6.0,Seiurus aurocapilla,Ovenbird,0.0021,Filtered_Without_Harmonics\Normalized_Audio\California Towhee.wav,-1,-1,27,0.01
6.0,9.0,Melozone crissalis,California Towhee,0.9697,Filtered_Without_Harmonics\Normalized_Audio\California Towhee.wav,-1,-1,27,0.01
6.0,9.0,Melozone aberti,Abert's Towhee,0.0043,Filtered_Without_Harmonics\Normalized_Audio\California Towhee.wav,-1,-1,27,0.01
6.0,9.0,Cinnyris nectarinioides,Black-bellied Sunbird,0.0027,Filtered_Without_Harmonics\Normalized_Audio\California Towhee.wav,-1,-1,27,0.01
6.0,9.0,Melozone albicollis,White-throated Towhee,0.0026,Filtered_Without_Harmonics\Normalized_Audio\California Towhee.wav,-1,-1,27,0.01
6.0,9.0,Bradypterus sylvaticus,Knysna Warbler,0.0026,Filtered_Without_Harmonics\Normalized_Audio\California Towhee.wav,-1,-1,27,0.01
6.0,9.0,Leiothlypis celata,Orange-crowned Warbler,0.0022,Filtered_Without_Harmonics\Normalized_Audio\California Towhee.wav,-1,-1,27,0.01
6.0,9.0,Cinnyris mariquensis,Mariqua Sunbird,0.0019,Filtered_Without_Harmonics\Normalized_Audio\California Towhee.wav,-1,-1,27,0.01
6.0,9.0,Acrocephalus bistrigiceps,Black-browed Reed Warbler,0.0007,Filtered_Without_Harmonics\Normalized_Audio\California Towhee.wav,-1,-1,27,0.01
6.0,9.0,Leiothlypis peregrina,Tennessee Warbler,0.0007,Filtered_Without_Harmonics\Normalized_Audio\California Towhee.wav,-1,-1,27,0.01
6.0,9.0,Anthus spinoletta,Water Pipit,0.0006,Filtered_Without_Harmonics\Normalized_Audio\California Towhee.wav,-1,-1,27,0.01
6.0,9.0,Toxostoma redivivum,California Thrasher,0.0006,Filtered_Without_Harmonics\Normalized_Audio\California Towhee.wav,-1,-1,27,0.01
6.0,9.0,Cardellina pusilla,Wilson's Warbler,0.0006,Filtered_Without_Harmonics\Normalized_Audio\California Towhee.wav,-1,-1,27,0.01
6.0,9.0,Anthus petrosus,Rock Pipit,0.0004,Filtered_Without_Harmonics\Normalized_Audio\California Towhee.wav,-1,-1,27,0.01
6.0,9.0,Parkesia noveboracensis,Northern Waterthrush,0.0004,Filtered_Without_Harmonics\Normalized_Audio\California Towhee.wav,-1,-1,27,0.01
6.0,9.0,Emberiza calandra,Corn Bunting,0.0004,Filtered_Without_Harmonics\Normalized_Audio\California Towhee.wav,-1,-1,27,0.01
6.0,9.0,Pipilo maculatus,Spotted Towhee,0.0004,Filtered_Without_Harmonics\Normalized_Audio\California Towhee.wav,-1,-1,27,0.01
6.0,9.0,Zonotrichia atricapilla,Golden-crowned Sparrow,0.0004,Filtered_Without_Harmonics\Normalized_Audio\California Towhee.wav,-1,-1,27,0.01
6.0,9.0,Myiothlypis nigrocristata,Black-crested Warbler,0.0004,Filtered_Without_Harmonics\Normalized_Audio\California Towhee.wav,-1,-1,27,0.01
6.0,9.0,Cardinalis sinuatus,Pyrrhuloxia,0.0003,Filtered_Without_Harmonics\Normalized_Audio\California Towhee.wav,-1,-1,27,0.01
6.0,9.0,Rhynchospiza stolzmanni,Tumbes Sparrow,0.0003,Filtered_Without_Harmonics\Normalized_Audio\California Towhee.wav,-1,-1,27,0.01
9.0,10.0,Engine,Engine,0.0068,Filtered_Without_Harmonics\Normalized_Audio\California Towhee.wav,-1,-1,27,0.01
9.0,10.0,Human vocal,Human vocal,0.0042,Filtered_Without_Harmonics\Normalized_Audio\California Towhee.wav,-1,-1,27,0.01
9.0,10.0,Fireworks,Fireworks,0.0034,Filtered_Without_Harmonics\Normalized_Audio\California Towhee.wav,-1,-1,27,0.01
9.0,10.0,Bubo virginianus,Great Horned Owl,0.0033,Filtered_Without_Harmonics\Normalized_Audio\California Towhee.wav,-1,-1,27,0.01
9.0,10.0,Power tools,Power tools,0.0032,Filtered_Without_Harmonics\Normalized_Audio\California Towhee.wav,-1,-1,27,0.01
9.0,10.0,Buteo jamaicensis,Red-tailed Hawk,0.0027,Filtered_Without_Harmonics\Normalized_Audio\California Towhee.wav,-1,-1,27,0.01
9.0,10.0,Dryobates minor,Lesser Spotted Woodpecker,0.0027,Filtered_Without_Harmonics\Normalized_Audio\California Towhee.wav,-1,-1,27,0.01
9.0,10.0,Dryocopus pileatus,Pileated Woodpecker,0.0026,Filtered_Without_Harmonics\Normalized_Audio\California Towhee.wav,-1,-1,27,0.01
9.0,10.0,Turdus merula,Eurasian Blackbird,0.0025,Filtered_Without_Harmonics\Normalized_Audio\California Towhee.wav,-1,-1,27,0.01
9.0,10.0,Bombycilla cedrorum,Cedar Waxwing,0.0024,Filtered_Without_Harmonics\Normalized_Audio\California Towhee.wav,-1,-1,27,0.01
9.0,10.0,Loxia curvirostra,Red Crossbill,0.0023,Filtered_Without_Harmonics\Normalized_Audio\California Towhee.wav,-1,-1,27,0.01
9.0,10.0,Regulus regulus,Goldcrest,0.0023,Filtered_Without_Harmonics\Normalized_Audio\California Towhee.wav,-1,-1,27,0.01
9.0,10.0,Bonasa umbellus,Ruffed Grouse,0.0023,Filtered_Without_Harmonics\Normalized_Audio\California Towhee.wav,-1,-1,27,0.01
9.0,10.0,Catharus fuscescens,Veery,0.0022,Filtered_Without_Harmonics\Normalized_Audio\California Towhee.wav,-1,-1,27,0.01
9.0,10.0,Scolopax minor,American Woodcock,0.0022,Filtered_Without_Harmonics\Normalized_Audio\California Towhee.wav,-1,-1,27,0.01
9.0,10.0,Junco hyemalis,Dark-eyed Junco,0.0022,Filtered_Without_Harmonics\Normalized_Audio\California Towhee.wav,-1,-1,27,0.01
9.0,10.0,Myiarchus crinitus,Great Crested Flycatcher,0.0021,Filtered_Without_Harmonics\Normalized_Audio\California Towhee.wav,-1,-1,27,0.01
9.0,10.0,Catharus ustulatus,Swainson's Thrush,0.0021,Filtered_Without_Harmonics\Normalized_Audio\California Towhee.wav,-1,-1,27,0.01
9.0,10.0,Parkesia motacilla,Louisiana Waterthrush,0.0021,Filtered_Without_Harmonics\Normalized_Audio\California Towhee.wav,-1,-1,27,0.01
9.0,10.0,Seiurus aurocapilla,Ovenbird,0.0021,Filtered_Without_Harmonics\Normalized_Audio\California Towhee.wav,-1,-1,27,0.01
0.0,3.0,Junco hyemalis,Dark-eyed Junco,0.8218,Filtered_Without_Harmonics\Normalized_Audio\Dark-eyed Junco.wav,-1,-1,27,0.01
0.0,3.0,Melospiza georgiana,Swamp Sparrow,0.6350,Filtered_Without_Harmonics\Normalized_Audio\Dark-eyed Junco.wav,-1,-1,27,0.01
0.0,3.0,Spizella passerina,Chipping Sparrow,0.0226,Filtered_Without_Harmonics\Normalized_Audio\Dark-eyed Junco.wav,-1,-1,27,0.01
0.0,3.0,Melospiza melodia,Song Sparrow,0.0036,Filtered_Without_Harmonics\Normalized_Audio\Dark-eyed Junco.wav,-1,-1,27,0.01
0.0,3.0,Setophaga palmarum,Palm Warbler,0.0033,Filtered_Without_Harmonics\Normalized_Audio\Dark-eyed Junco.wav,-1,-1,27,0.01
0.0,3.0,Spizella pusilla,Field Sparrow,0.0023,Filtered_Without_Harmonics\Normalized_Audio\Dark-eyed Junco.wav,-1,-1,27,0.01
0.0,3.0,Spinus tristis,American Goldfinch,0.0022,Filtered_Without_Harmonics\Normalized_Audio\Dark-eyed Junco.wav,-1,-1,27,0.01
0.0,3.0,Rallus limicola,Virginia Rail,0.0015,Filtered_Without_Harmonics\Normalized_Audio\Dark-eyed Junco.wav,-1,-1,27,0.01
0.0,3.0,Zonotrichia leucophrys,White-crowned Sparrow,0.0015,Filtered_Without_Harmonics\Normalized_Audio\Dark-eyed Junco.wav,-1,-1,27,0.01
0.0,3.0,Setophaga pinus,Pine Warbler,0.0014,Filtered_Without_Harmonics\Normalized_Audio\Dark-eyed Junco.wav,-1,-1,27,0.01
0.0,3.0,Pooecetes gramineus,Vesper Sparrow,0.0013,Filtered_Without_Harmonics\Normalized_Audio\Dark-eyed Junco.wav,-1,-1,27,0.01
0.0,3.0,Zonotrichia albicollis,White-throated Sparrow,0.0013,Filtered_Without_Harmonics\Normalized_Audio\Dark-eyed Junco.wav,-1,-1,27,0.01
0.0,3.0,Spizella pallida,Clay-colored Sparrow,0.0011,Filtered_Without_Harmonics\Normalized_Audio\Dark-eyed Junco.wav,-1,-1,27,0.01
0.0,3.0,Peucaea aestivalis,Bachman's Sparrow,0.0010,Filtered_Without_Harmonics\Normalized_Audio\Dark-eyed Junco.wav,-1,-1,27,0.01
0.0,3.0,Setophaga coronata,Yellow-rumped Warbler,0.0009,Filtered_Without_Harmonics\Normalized_Audio\Dark-eyed Junco.wav,-1,-1,27,0.01
0.0,3.0,Loxia leucoptera,White-winged Crossbill,0.0009,Filtered_Without_Harmonics\Normalized_Audio\Dark-eyed Junco.wav,-1,-1,27,0.01
0.0,3.0,Emberiza cirlus,Cirl Bunting,0.0008,Filtered_Without_Harmonics\Normalized_Audio\Dark-eyed Junco.wav,-1,-1,27,0.01
0.0,3.0,Poecile palustris,Marsh Tit,0.0007,Filtered_Without_Harmonics\Normalized_Audio\Dark-eyed Junco.wav,-1,-1,27,0.01
0.0,3.0,Spizelloides arborea,American Tree Sparrow,0.0007,Filtered_Without_Harmonics\Normalized_Audio\Dark-eyed Junco.wav,-1,-1,27,0.01
0.0,3.0,Agelaius phoeniceus,Red-winged Blackbird,0.0006,Filtered_Without_Harmonics\Normalized_Audio\Dark-eyed Junco.wav,-1,-1,27,0.01
3.0,6.0,Engine,Engine,0.0068,Filtered_Without_Harmonics\Normalized_Audio\Dark-eyed Junco.wav,-1,-1,27,0.01
3.0,6.0,Human vocal,Human vocal,0.0042,Filtered_Without_Harmonics\Normalized_Audio\Dark-eyed Junco.wav,-1,-1,27,0.01
3.0,6.0,Fireworks,Fireworks,0.0034,Filtered_Without_Harmonics\Normalized_Audio\Dark-eyed Junco.wav,-1,-1,27,0.01
3.0,6.0,Bubo virginianus,Great Horned Owl,0.0033,Filtered_Without_Harmonics\Normalized_Audio\Dark-eyed Junco.wav,-1,-1,27,0.01
3.0,6.0,Power tools,Power tools,0.0032,Filtered_Without_Harmonics\Normalized_Audio\Dark-eyed Junco.wav,-1,-1,27,0.01
3.0,6.0,Buteo jamaicensis,Red-tailed Hawk,0.0027,Filtered_Without_Harmonics\Normalized_Audio\Dark-eyed Junco.wav,-1,-1,27,0.01
3.0,6.0,Dryobates minor,Lesser Spotted Woodpecker,0.0027,Filtered_Without_Harmonics\Normalized_Audio\Dark-eyed Junco.wav,-1,-1,27,0.01
3.0,6.0,Dryocopus pileatus,Pileated Woodpecker,0.0026,Filtered_Without_Harmonics\Normalized_Audio\Dark-eyed Junco.wav,-1,-1,27,0.01
3.0,6.0,Turdus merula,Eurasian Blackbird,0.0025,Filtered_Without_Harmonics\Normalized_Audio\Dark-eyed Junco.wav,-1,-1,27,0.01
3.0,6.0,Bombycilla cedrorum,Cedar Waxwing,0.0024,Filtered_Without_Harmonics\Normalized_Audio\Dark-eyed Junco.wav,-1,-1,27,0.01
3.0,6.0,Loxia curvirostra,Red Crossbill,0.0023,Filtered_Without_Harmonics\Normalized_Audio\Dark-eyed Junco.wav,-1,-1,27,0.01
3.0,6.0,Regulus regulus,Goldcrest,0.0023,Filtered_Without_Harmonics\Normalized_Audio\Dark-eyed Junco.wav,-1,-1,27,0.01
3.0,6.0,Bonasa umbellus,Ruffed Grouse,0.0023,Filtered_Without_Harmonics\Normalized_Audio\Dark-eyed Junco.wav,-1,-1,27,0.01
3.0,6.0,Catharus fuscescens,Veery,0.0022,Filtered_Without_Harmonics\Normalized_Audio\Dark-eyed Junco.wav,-1,-1,27,0.01
3.0,6.0,Scolopax minor,American Woodcock,0.0022,Filtered_Without_Harmonics\Normalized_Audio\Dark-eyed Junco.wav,-1,-1,27,0.01
3.0,6.0,Junco hyemalis,Dark-eyed Junco,0.0022,Filtered_Without_Harmonics\Normalized_Audio\Dark-eyed Junco.wav,-1,-1,27,0.01
3.0,6.0,Myiarchus crinitus,Great Crested Flycatcher,0.0021,Filtered_Without_Harmonics\Normalized_Audio\Dark-eyed Junco.wav,-1,-1,27,0.01
3.0,6.0,Catharus ustulatus,Swainson's Thrush,0.0021,Filtered_Without_Harmonics\Normalized_Audio\Dark-eyed Junco.wav,-1,-1,27,0.01
3.0,6.0,Parkesia motacilla,Louisiana Waterthrush,0.0021,Filtered_Without_Harmonics\Normalized_Audio\Dark-eyed Junco.wav,-1,-1,27,0.01
3.0,6.0,Seiurus aurocapilla,Ovenbird,0.0021,Filtered_Without_Harmonics\Normalized_Audio\Dark-eyed Junco.wav,-1,-1,27,0.01
6.0,9.0,Junco hyemalis,Dark-eyed Junco,0.8831,Filtered_Without_Harmonics\Normalized_Audio\Dark-eyed Junco.wav,-1,-1,27,0.01
6.0,9.0,Melospiza georgiana,Swamp Sparrow,0.5112,Filtered_Without_Harmonics\Normalized_Audio\Dark-eyed Junco.wav,-1,-1,27,0.01
6.0,9.0,Spizella passerina,Chipping Sparrow,0.0306,Filtered_Without_Harmonics\Normalized_Audio\Dark-eyed Junco.wav,-1,-1,27,0.01
6.0,9.0,Melospiza melodia,Song Sparrow,0.0025,Filtered_Without_Harmonics\Normalized_Audio\Dark-eyed Junco.wav,-1,-1,27,0.01
6.0,9.0,Setophaga palmarum,Palm Warbler,0.0024,Filtered_Without_Harmonics\Normalized_Audio\Dark-eyed Junco.wav,-1,-1,27,0.01
6.0,9.0,Spinus tristis,American Goldfinch,0.0017,Filtered_Without_Harmonics\Normalized_Audio\Dark-eyed Junco.wav,-1,-1,27,0.01
6.0,9.0,Emberiza cirlus,Cirl Bunting,0.0016,Filtered_Without_Harmonics\Normalized_Audio\Dark-eyed Junco.wav,-1,-1,27,0.01
6.0,9.0,Spizella pusilla,Field Sparrow,0.0015,Filtered_Without_Harmonics\Normalized_Audio\Dark-eyed Junco.wav,-1,-1,27,0.01
6.0,9.0,Pooecetes gramineus,Vesper Sparrow,0.0012,Filtered_Without_Harmonics\Normalized_Audio\Dark-eyed Junco.wav,-1,-1,27,0.01
6.0,9.0,Zonotrichia leucophrys,White-crowned Sparrow,0.0012,Filtered_Without_Harmonics\Normalized_Audio\Dark-eyed Junco.wav,-1,-1,27,0.01
6.0,9.0,Zonotrichia albicollis,White-throated Sparrow,0.0011,Filtered_Without_Harmonics\Normalized_Audio\Dark-eyed Junco.wav,-1,-1,27,0.01
6.0,9.0,Setophaga pinus,Pine Warbler,0.0010,Filtered_Without_Harmonics\Normalized_Audio\Dark-eyed Junco.wav,-1,-1,27,0.01
6.0,9.0,Loxia leucoptera,White-winged Crossbill,0.0010,Filtered_Without_Harmonics\Normalized_Audio\Dark-eyed Junco.wav,-1,-1,27,0.01
6.0,9.0,Poecile palustris,Marsh Tit,0.0008,Filtered_Without_Harmonics\Normalized_Audio\Dark-eyed Junco.wav,-1,-1,27,0.01
6.0,9.0,Rallus limicola,Virginia Rail,0.0008,Filtered_Without_Harmonics\Normalized_Audio\Dark-eyed Junco.wav,-1,-1,27,0.01
6.0,9.0,Setophaga coronata,Yellow-rumped Warbler,0.0008,Filtered_Without_Harmonics\Normalized_Audio\Dark-eyed Junco.wav,-1,-1,27,0.01
6.0,9.0,Anthus trivialis,Tree Pipit,0.0007,Filtered_Without_Harmonics\Normalized_Audio\Dark-eyed Junco.wav,-1,-1,27,0.01
6.0,9.0,Spizella pallida,Clay-colored Sparrow,0.0006,Filtered_Without_Harmonics\Normalized_Audio\Dark-eyed Junco.wav,-1,-1,27,0.01
6.0,9.0,Spizelloides arborea,American Tree Sparrow,0.0004,Filtered_Without_Harmonics\Normalized_Audio\Dark-eyed Junco.wav,-1,-1,27,0.01
6.0,9.0,Spizella breweri,Brewer's Sparrow,0.0004,Filtered_Without_Harmonics\Normalized_Audio\Dark-eyed Junco.wav,-1,-1,27,0.01
9.0,10.0,Engine,Engine,0.0068,Filtered_Without_Harmonics\Normalized_Audio\Dark-eyed Junco.wav,-1,-1,27,0.01
9.0,10.0,Human vocal,Human vocal,0.0042,Filtered_Without_Harmonics\Normalized_Audio\Dark-eyed Junco.wav,-1,-1,27,0.01
9.0,10.0,Fireworks,Fireworks,0.0034,Filtered_Without_Harmonics\Normalized_Audio\Dark-eyed Junco.wav,-1,-1,27,0.01
9.0,10.0,Bubo virginianus,Great Horned Owl,0.0033,Filtered_Without_Harmonics\Normalized_Audio\Dark-eyed Junco.wav,-1,-1,27,0.01
9.0,10.0,Power tools,Power tools,0.0032,Filtered_Without_Harmonics\Normalized_Audio\Dark-eyed Junco.wav,-1,-1,27,0.01
9.0,10.0,Buteo jamaicensis,Red-tailed Hawk,0.0027,Filtered_Without_Harmonics\Normalized_Audio\Dark-eyed Junco.wav,-1,-1,27,0.01
9.0,10.0,Dryobates minor,Lesser Spotted Woodpecker,0.0027,Filtered_Without_Harmonics\Normalized_Audio\Dark-eyed Junco.wav,-1,-1,27,0.01
9.0,10.0,Dryocopus pileatus,Pileated Woodpecker,0.0026,Filtered_Without_Harmonics\Normalized_Audio\Dark-eyed Junco.wav,-1,-1,27,0.01
9.0,10.0,Turdus merula,Eurasian Blackbird,0.0025,Filtered_Without_Harmonics\Normalized_Audio\Dark-eyed Junco.wav,-1,-1,27,0.01
9.0,10.0,Bombycilla cedrorum,Cedar Waxwing,0.0024,Filtered_Without_Harmonics\Normalized_Audio\Dark-eyed Junco.wav,-1,-1,27,0.01
9.0,10.0,Loxia curvirostra,Red Crossbill,0.0023,Filtered_Without_Harmonics\Normalized_Audio\Dark-eyed Junco.wav,-1,-1,27,0.01
9.0,10.0,Regulus regulus,Goldcrest,0.0023,Filtered_Without_Harmonics\Normalized_Audio\Dark-eyed Junco.wav,-1,-1,27,0.01
9.0,10.0,Bonasa umbellus,Ruffed Grouse,0.0023,Filtered_Without_Harmonics\Normalized_Audio\Dark-eyed Junco.wav,-1,-1,27,0.01
9.0,10.0,Catharus fuscescens,Veery,0.0022,Filtered_Without_Harmonics\Normalized_Audio\Dark-eyed Junco.wav,-1,-1,27,0.01
9.0,10.0,Scolopax minor,American Woodcock,0.0022,Filtered_Without_Harmonics\Normalized_Audio\Dark-eyed Junco.wav,-1,-1,27,0.01
9.0,10.0,Junco hyemalis,Dark-eyed Junco,0.0022,Filtered_Without_Harmonics\Normalized_Audio\Dark-eyed Junco.wav,-1,-1,27,0.01
9.0,10.0,Myiarchus crinitus,Great Crested Flycatcher,0.0021,Filtered_Without_Harmonics\Normalized_Audio\Dark-eyed Junco.wav,-1,-1,27,0.01
9.0,10.0,Catharus ustulatus,Swainson's Thrush,0.0021,Filtered_Without_Harmonics\Normalized_Audio\Dark-eyed Junco.wav,-1,-1,27,0.01
9.0,10.0,Parkesia motacilla,Louisiana Waterthrush,0.0021,Filtered_Without_Harmonics\Normalized_Audio\Dark-eyed Junco.wav,-1,-1,27,0.01
9.0,10.0,Seiurus aurocapilla,Ovenbird,0.0021,Filtered_Without_Harmonics\Normalized_Audio\Dark-eyed Junco.wav,-1,-1,27,0.01
0.0,3.0,Quiscalus major,Boat-tailed Grackle,0.1214,Filtered_Without_Harmonics\Normalized_Audio\European Starling.wav,-1,-1,27,0.01
0.0,3.0,Turdus migratorius,American Robin,0.0917,Filtered_Without_Harmonics\Normalized_Audio\European Starling.wav,-1,-1,27,0.01
0.0,3.0,Phacellodomus striaticollis,Freckle-breasted Thornbird,0.0830,Filtered_Without_Harmonics\Normalized_Audio\European Starling.wav,-1,-1,27,0.01
0.0,3.0,Quiscalus quiscula,Common Grackle,0.0282,Filtered_Without_Harmonics\Normalized_Audio\European Starling.wav,-1,-1,27,0.01
0.0,3.0,Euphagus carolinus,Rusty Blackbird,0.0203,Filtered_Without_Harmonics\Normalized_Audio\European Starling.wav,-1,-1,27,0.01
0.0,3.0,Sturnus vulgaris,European Starling,0.0123,Filtered_Without_Harmonics\Normalized_Audio\European Starling.wav,-1,-1,27,0.01
0.0,3.0,Quiscalus mexicanus,Great-tailed Grackle,0.0100,Filtered_Without_Harmonics\Normalized_Audio\European Starling.wav,-1,-1,27,0.01
0.0,3.0,Buteo jamaicensis,Red-tailed Hawk,0.0034,Filtered_Without_Harmonics\Normalized_Audio\European Starling.wav,-1,-1,27,0.01
0.0,3.0,Agelaius phoeniceus,Red-winged Blackbird,0.0026,Filtered_Without_Harmonics\Normalized_Audio\European Starling.wav,-1,-1,27,0.01
0.0,3.0,Spatula discors,Blue-winged Teal,0.0023,Filtered_Without_Harmonics\Normalized_Audio\European Starling.wav,-1,-1,27,0.01
0.0,3.0,Lophoceros alboterminatus,Crowned Hornbill,0.0022,Filtered_Without_Harmonics\Normalized_Audio\European Starling.wav,-1,-1,27,0.01
0.0,3.0,Ploceus cucullatus,Village Weaver,0.0020,Filtered_Without_Harmonics\Normalized_Audio\European Starling.wav,-1,-1,27,0.01
0.0,3.0,Hypsipetes leucocephalus,Black Bulbul,0.0020,Filtered_Without_Harmonics\Normalized_Audio\European Starling.wav,-1,-1,27,0.01
0.0,3.0,Loxia curvirostra,Red Crossbill,0.0016,Filtered_Without_Harmonics\Normalized_Audio\European Starling.wav,-1,-1,27,0.01
0.0,3.0,Buteo platypterus,Broad-winged Hawk,0.0014,Filtered_Without_Harmonics\Normalized_Audio\European Starling.wav,-1,-1,27,0.01
0.0,3.0,Dumetella carolinensis,Gray Catbird,0.0012,Filtered_Without_Harmonics\Normalized_Audio\European Starling.wav,-1,-1,27,0.01
0.0,3.0,Agelaioides badius,Grayish Baywing,0.0012,Filtered_Without_Harmonics\Normalized_Audio\European Starling.wav,-1,-1,27,0.01
0.0,3.0,Actitis macularius,Spotted Sandpiper,0.0010,Filtered_Without_Harmonics\Normalized_Audio\European Starling.wav,-1,-1,27,0.01
0.0,3.0,Euphagus cyanocephalus,Brewer's Blackbird,0.0010,Filtered_Without_Harmonics\Normalized_Audio\European Starling.wav,-1,-1,27,0.01
0.0,3.0,Ploceus spekei,Speke's Weaver,0.0009,Filtered_Without_Harmonics\Normalized_Audio\European Starling.wav,-1,-1,27,0.01
3.0,6.0,Sturnus vulgaris,European Starling,0.1120,Filtered_Without_Harmonics\Normalized_Audio\European Starling.wav,-1,-1,27,0.01
3.0,6.0,Poecile atricapillus,Black-capped Chickadee,0.0576,Filtered_Without_Harmonics\Normalized_Audio\European Starling.wav,-1,-1,27,0.01
3.0,6.0,Turdus migratorius,American Robin,0.0446,Filtered_Without_Harmonics\Normalized_Audio\European Starling.wav,-1,-1,27,0.01
3.0,6.0,Spizelloides arborea,American Tree Sparrow,0.0178,Filtered_Without_Harmonics\Normalized_Audio\European Starling.wav,-1,-1,27,0.01
3.0,6.0,Coccothraustes vespertinus,Evening Grosbeak,0.0173,Filtered_Without_Harmonics\Normalized_Audio\European Starling.wav,-1,-1,27,0.01
3.0,6.0,Poecile gambeli,Mountain Chickadee,0.0080,Filtered_Without_Harmonics\Normalized_Audio\European Starling.wav,-1,-1,27,0.01
3.0,6.0,Haemorhous purpureus,Purple Finch,0.0058,Filtered_Without_Harmonics\Normalized_Audio\European Starling.wav,-1,-1,27,0.01
3.0,6.0,Pinicola enucleator,Pine Grosbeak,0.0056,Filtered_Without_Harmonics\Normalized_Audio\European Starling.wav,-1,-1,27,0.01
3.0,6.0,Poecile carolinensis,Carolina Chickadee,0.0050,Filtered_Without_Harmonics\Normalized_Audio\European Starling.wav,-1,-1,27,0.01
3.0,6.0,Spizella passerina,Chipping Sparrow,0.0050,Filtered_Without_Harmonics\Normalized_Audio\European Starling.wav,-1,-1,27,0.01
3.0,6.0,Plectrophenax nivalis,Snow Bunting,0.0046,Filtered_Without_Harmonics\Normalized_Audio\European Starling.wav,-1,-1,27,0.01
3.0,6.0,Haemorhous cassinii,Cassin's Finch,0.0044,Filtered_Without_Harmonics\Normalized_Audio\European Starling.wav,-1,-1,27,0.01
3.0,6.0,Poecile hudsonicus,Boreal Chickadee,0.0036,Filtered_Without_Harmonics\Normalized_Audio\European Starling.wav,-1,-1,27,0.01
3.0,6.0,Junco hyemalis,Dark-eyed Junco,0.0033,Filtered_Without_Harmonics\Normalized_Audio\European Starling.wav,-1,-1,27,0.01
3.0,6.0,Calcarius lapponicus,Lapland Longspur,0.0033,Filtered_Without_Harmonics\Normalized_Audio\European Starling.wav,-1,-1,27,0.01
3.0,6.0,Calidris mauri,Western Sandpiper,0.0031,Filtered_Without_Harmonics\Normalized_Audio\European Starling.wav,-1,-1,27,0.01
3.0,6.0,Zonotrichia leucophrys,White-crowned Sparrow,0.0030,Filtered_Without_Harmonics\Normalized_Audio\European Starling.wav,-1,-1,27,0.01
3.0,6.0,Lanius collurio,Red-backed Shrike,0.0030,Filtered_Without_Harmonics\Normalized_Audio\European Starling.wav,-1,-1,27,0.01
3.0,6.0,Sitta pygmaea,Pygmy Nuthatch,0.0025,Filtered_Without_Harmonics\Normalized_Audio\European Starling.wav,-1,-1,27,0.01
3.0,6.0,Empidonax wrightii,Gray Flycatcher,0.0024,Filtered_Without_Harmonics\Normalized_Audio\European Starling.wav,-1,-1,27,0.01
6.0,9.0,Sturnus vulgaris,European Starling,0.8796,Filtered_Without_Harmonics\Normalized_Audio\European Starling.wav,-1,-1,27,0.01
6.0,9.0,Sturnus unicolor,Spotless Starling,0.0170,Filtered_Without_Harmonics\Normalized_Audio\European Starling.wav,-1,-1,27,0.01
6.0,9.0,Chondestes grammacus,Lark Sparrow,0.0167,Filtered_Without_Harmonics\Normalized_Audio\European Starling.wav,-1,-1,27,0.01
6.0,9.0,Chroicocephalus philadelphia,Bonaparte's Gull,0.0157,Filtered_Without_Harmonics\Normalized_Audio\European Starling.wav,-1,-1,27,0.01
6.0,9.0,Chlidonias hybrida,Whiskered Tern,0.0121,Filtered_Without_Harmonics\Normalized_Audio\European Starling.wav,-1,-1,27,0.01
6.0,9.0,Zonotrichia atricapilla,Golden-crowned Sparrow,0.0086,Filtered_Without_Harmonics\Normalized_Audio\European Starling.wav,-1,-1,27,0.01
6.0,9.0,Passerculus sandwichensis,Savannah Sparrow,0.0041,Filtered_Without_Harmonics\Normalized_Audio\European Starling.wav,-1,-1,27,0.01
6.0,9.0,Aphelocoma wollweberi,Mexican Jay,0.0035,Filtered_Without_Harmonics\Normalized_Audio\European Starling.wav,-1,-1,27,0.01
6.0,9.0,Melanodera xanthogramma,Yellow-bridled Finch,0.0035,Filtered_Without_Harmonics\Normalized_Audio\European Starling.wav,-1,-1,27,0.01
6.0,9.0,Spizelloides arborea,American Tree Sparrow,0.0025,Filtered_Without_Harmonics\Normalized_Audio\European Starling.wav,-1,-1,27,0.01
6.0,9.0,Spizella breweri,Brewer's Sparrow,0.0025,Filtered_Without_Harmonics\Normalized_Audio\European Starling.wav,-1,-1,27,0.01
6.0,9.0,Polioptila caerulea,Blue-gray Gnatcatcher,0.0023,Filtered_Without_Harmonics\Normalized_Audio\European Starling.wav,-1,-1,27,0.01
6.0,9.0,Malurus assimilis,Purple-backed Fairywren,0.0023,Filtered_Without_Harmonics\Normalized_Audio\European Starling.wav,-1,-1,27,0.01
6.0,9.0,Mareca strepera,Gadwall,0.0022,Filtered_Without_Harmonics\Normalized_Audio\European Starling.wav,-1,-1,27,0.01
6.0,9.0,Toxostoma redivivum,California Thrasher,0.0017,Filtered_Without_Harmonics\Normalized_Audio\European Starling.wav,-1,-1,27,0.01
6.0,9.0,Pastor roseus,Rosy Starling,0.0015,Filtered_Without_Harmonics\Normalized_Audio\European Starling.wav,-1,-1,27,0.01
6.0,9.0,Euplectes capensis,Yellow Bishop,0.0013,Filtered_Without_Harmonics\Normalized_Audio\European Starling.wav,-1,-1,27,0.01
6.0,9.0,Lampornis clemenciae,Blue-throated Mountain-gem,0.0012,Filtered_Without_Harmonics\Normalized_Audio\European Starling.wav,-1,-1,27,0.01
6.0,9.0,Euplectes afer,Yellow-crowned Bishop,0.0011,Filtered_Without_Harmonics\Normalized_Audio\European Starling.wav,-1,-1,27,0.01
6.0,9.0,Ammodramus savannarum,Grasshopper Sparrow,0.0011,Filtered_Without_Harmonics\Normalized_Audio\European Starling.wav,-1,-1,27,0.01
9.0,10.0,Sturnus vulgaris,European Starling,0.1833,Filtered_Without_Harmonics\Normalized_Audio\European Starling.wav,-1,-1,27,0.01
9.0,10.0,Sturnus unicolor,Spotless Starling,0.1802,Filtered_Without_Harmonics\Normalized_Audio\European Starling.wav,-1,-1,27,0.01
9.0,10.0,Pastor roseus,Rosy Starling,0.0457,Filtered_Without_Harmonics\Normalized_Audio\European Starling.wav,-1,-1,27,0.01
9.0,10.0,Ploceus capensis,Cape Weaver,0.0335,Filtered_Without_Harmonics\Normalized_Audio\European Starling.wav,-1,-1,27,0.01
9.0,10.0,Rhopospina fruticeti,Mourning Sierra Finch,0.0256,Filtered_Without_Harmonics\Normalized_Audio\European Starling.wav,-1,-1,27,0.01
9.0,10.0,Oenanthe isabellina,Isabelline Wheatear,0.0234,Filtered_Without_Harmonics\Normalized_Audio\European Starling.wav,-1,-1,27,0.01
9.0,10.0,Euphagus cyanocephalus,Brewer's Blackbird,0.0174,Filtered_Without_Harmonics\Normalized_Audio\European Starling.wav,-1,-1,27,0.01
9.0,10.0,Oenanthe pileata,Capped Wheatear,0.0128,Filtered_Without_Harmonics\Normalized_Audio\European Starling.wav,-1,-1,27,0.01
9.0,10.0,Toxostoma lecontei,LeConte's Thrasher,0.0121,Filtered_Without_Harmonics\Normalized_Audio\European Starling.wav,-1,-1,27,0.01
9.0,10.0,Promerops cafer,Cape Sugarbird,0.0107,Filtered_Without_Harmonics\Normalized_Audio\European Starling.wav,-1,-1,27,0.01
9.0,10.0,Catharus ustulatus,Swainson's Thrush,0.0105,Filtered_Without_Harmonics\Normalized_Audio\European Starling.wav,-1,-1,27,0.01
9.0,10.0,Quiscalus major,Boat-tailed Grackle,0.0092,Filtered_Without_Harmonics\Normalized_Audio\European Starling.wav,-1,-1,27,0.01
9.0,10.0,Pseudoleistes guirahuro,Yellow-rumped Marshbird,0.0081,Filtered_Without_Harmonics\Normalized_Audio\European Starling.wav,-1,-1,27,0.01
9.0,10.0,Callipepla californica,California Quail,0.0081,Filtered_Without_Harmonics\Normalized_Audio\European Starling.wav,-1,-1,27,0.01
9.0,10.0,Cyanocitta stelleri,Steller's Jay,0.0078,Filtered_Without_Harmonics\Normalized_Audio\European Starling.wav,-1,-1,27,0.01
9.0,10.0,Passer domesticus,House Sparrow,0.0072,Filtered_Without_Harmonics\Normalized_Audio\European Starling.wav,-1,-1,27,0.01
9.0,10.0,Recurvirostra avosetta,Pied Avocet,0.0072,Filtered_Without_Harmonics\Normalized_Audio\European Starling.wav,-1,-1,27,0.01
9.0,10.0,Cecropis daurica,Red-rumped Swallow,0.0071,Filtered_Without_Harmonics\Normalized_Audio\European Starling.wav,-1,-1,27,0.01
9.0,10.0,Colinus cristatus,Crested Bobwhite,0.0066,Filtered_Without_Harmonics\Normalized_Audio\European Starling.wav,-1,-1,27,0.01
9.0,10.0,Delichon urbicum,Common House-Martin,0.0062,Filtered_Without_Harmonics\Normalized_Audio\European Starling.wav,-1,-1,27,0.01
0.0,3.0,Icterus cucullatus,Hooded Oriole,0.9995,Filtered_Without_Harmonics\Normalized_Audio\Hooded Oriole.wav,-1,-1,27,0.01
0.0,3.0,Oenanthe oenanthe,Northern Wheatear,0.1976,Filtered_Without_Harmonics\Normalized_Audio\Hooded Oriole.wav,-1,-1,27,0.01
0.0,3.0,Acrocephalus palustris,Marsh Warbler,0.0560,Filtered_Without_Harmonics\Normalized_Audio\Hooded Oriole.wav,-1,-1,27,0.01
0.0,3.0,Sylvia atricapilla,Eurasian Blackcap,0.0080,Filtered_Without_Harmonics\Normalized_Audio\Hooded Oriole.wav,-1,-1,27,0.01
0.0,3.0,Curruca iberiae,Western Subalpine Warbler,0.0065,Filtered_Without_Harmonics\Normalized_Audio\Hooded Oriole.wav,-1,-1,27,0.01
0.0,3.0,Luscinia megarhynchos,Common Nightingale,0.0061,Filtered_Without_Harmonics\Normalized_Audio\Hooded Oriole.wav,-1,-1,27,0.01
0.0,3.0,Curruca communis,Greater Whitethroat,0.0045,Filtered_Without_Harmonics\Normalized_Audio\Hooded Oriole.wav,-1,-1,27,0.01
0.0,3.0,Icterus spurius,Orchard Oriole,0.0032,Filtered_Without_Harmonics\Normalized_Audio\Hooded Oriole.wav,-1,-1,27,0.01
0.0,3.0,Hippolais polyglotta,Melodious Warbler,0.0030,Filtered_Without_Harmonics\Normalized_Audio\Hooded Oriole.wav,-1,-1,27,0.01
0.0,3.0,Curruca curruca,Lesser Whitethroat,0.0027,Filtered_Without_Harmonics\Normalized_Audio\Hooded Oriole.wav,-1,-1,27,0.01
0.0,3.0,Vireo crassirostris,Thick-billed Vireo,0.0026,Filtered_Without_Harmonics\Normalized_Audio\Hooded Oriole.wav,-1,-1,27,0.01
0.0,3.0,Hippolais languida,Upcher's Warbler,0.0018,Filtered_Without_Harmonics\Normalized_Audio\Hooded Oriole.wav,-1,-1,27,0.01
0.0,3.0,Sylvia borin,Garden Warbler,0.0018,Filtered_Without_Harmonics\Normalized_Audio\Hooded Oriole.wav,-1,-1,27,0.01
0.0,3.0,Tyrannus vociferans,Cassin's Kingbird,0.0018,Filtered_Without_Harmonics\Normalized_Audio\Hooded Oriole.wav,-1,-1,27,0.01
0.0,3.0,Lanius collurio,Red-backed Shrike,0.0017,Filtered_Without_Harmonics\Normalized_Audio\Hooded Oriole.wav,-1,-1,27,0.01
0.0,3.0,Iduna opaca,Western Olivaceous Warbler,0.0015,Filtered_Without_Harmonics\Normalized_Audio\Hooded Oriole.wav,-1,-1,27,0.01
0.0,3.0,Vireo nelsoni,Dwarf Vireo,0.0015,Filtered_Without_Harmonics\Normalized_Audio\Hooded Oriole.wav,-1,-1,27,0.01
0.0,3.0,Vireo griseus,White-eyed Vireo,0.0014,Filtered_Without_Harmonics\Normalized_Audio\Hooded Oriole.wav,-1,-1,27,0.01
0.0,3.0,Vireo vicinior,Gray Vireo,0.0014,Filtered_Without_Harmonics\Normalized_Audio\Hooded Oriole.wav,-1,-1,27,0.01
0.0,3.0,Icterus bullockii,Bullock's Oriole,0.0013,Filtered_Without_Harmonics\Normalized_Audio\Hooded Oriole.wav,-1,-1,27,0.01
3.0,6.0,Icterus cucullatus,Hooded Oriole,0.9802,Filtered_Without_Harmonics\Normalized_Audio\Hooded Oriole.wav,-1,-1,27,0.01
3.0,6.0,Toxostoma curvirostre,Curve-billed Thrasher,0.4880,Filtered_Without_Harmonics\Normalized_Audio\Hooded Oriole.wav,-1,-1,27,0.01
3.0,6.0,Acrocephalus palustris,Marsh Warbler,0.1059,Filtered_Without_Harmonics\Normalized_Audio\Hooded Oriole.wav,-1,-1,27,0.01
3.0,6.0,Cisticola erythrops,Red-faced Cisticola,0.0063,Filtered_Without_Harmonics\Normalized_Audio\Hooded Oriole.wav,-1,-1,27,0.01
3.0,6.0,Oenanthe oenanthe,Northern Wheatear,0.0056,Filtered_Without_Harmonics\Normalized_Audio\Hooded Oriole.wav,-1,-1,27,0.01
3.0,6.0,Curruca iberiae,Western Subalpine Warbler,0.0050,Filtered_Without_Harmonics\Normalized_Audio\Hooded Oriole.wav,-1,-1,27,0.01
3.0,6.0,Cisticola cantans,Singing Cisticola,0.0043,Filtered_Without_Harmonics\Normalized_Audio\Hooded Oriole.wav,-1,-1,27,0.01
3.0,6.0,Acrocephalus australis,Australian Reed Warbler,0.0037,Filtered_Without_Harmonics\Normalized_Audio\Hooded Oriole.wav,-1,-1,27,0.01
3.0,6.0,Sylvia atricapilla,Eurasian Blackcap,0.0035,Filtered_Without_Harmonics\Normalized_Audio\Hooded Oriole.wav,-1,-1,27,0.01
3.0,6.0,Curruca communis,Greater Whitethroat,0.0021,Filtered_Without_Harmonics\Normalized_Audio\Hooded Oriole.wav,-1,-1,27,0.01
3.0,6.0,Iduna caligata,Booted Warbler,0.0020,Filtered_Without_Harmonics\Normalized_Audio\Hooded Oriole.wav,-1,-1,27,0.01
3.0,6.0,Sylvia borin,Garden Warbler,0.0017,Filtered_Without_Harmonics\Normalized_Audio\Hooded Oriole.wav,-1,-1,27,0.01
3.0,6.0,Calliope calliope,Siberian Rubythroat,0.0016,Filtered_Without_Harmonics\Normalized_Audio\Hooded Oriole.wav,-1,-1,27,0.01
3.0,6.0,Icterus spurius,Orchard Oriole,0.0016,Filtered_Without_Harmonics\Normalized_Audio\Hooded Oriole.wav,-1,-1,27,0.01
3.0,6.0,Troglodytes aedon,House Wren,0.0013,Filtered_Without_Harmonics\Normalized_Audio\Hooded Oriole.wav,-1,-1,27,0.01
3.0,6.0,Calamanthus fuliginosus,Striated Fieldwren,0.0013,Filtered_Without_Harmonics\Normalized_Audio\Hooded Oriole.wav,-1,-1,27,0.01
3.0,6.0,Arundinax aedon,Thick-billed Warbler,0.0011,Filtered_Without_Harmonics\Normalized_Audio\Hooded Oriole.wav,-1,-1,27,0.01
3.0,6.0,Luscinia megarhynchos,Common Nightingale,0.0011,Filtered_Without_Harmonics\Normalized_Audio\Hooded Oriole.wav,-1,-1,27,0.01
3.0,6.0,Vireo atricapilla,Black-capped Vireo,0.0011,Filtered_Without_Harmonics\Normalized_Audio\Hooded Oriole.wav,-1,-1,27,0.01
3.0,6.0,Toxostoma redivivum,California Thrasher,0.0011,Filtered_Without_Harmonics\Normalized_Audio\Hooded Oriole.wav,-1,-1,27,0.01
6.0,9.0,Icterus cucullatus,Hooded Oriole,0.9983,Filtered_Without_Harmonics\Normalized_Audio\Hooded Oriole.wav,-1,-1,27,0.01
6.0,9.0,Toxostoma curvirostre,Curve-billed Thrasher,0.3714,Filtered_Without_Harmonics\Normalized_Audio\Hooded Oriole.wav,-1,-1,27,0.01
6.0,9.0,Icterus bullockii,Bullock's Oriole,0.0100,Filtered_Without_Harmonics\Normalized_Audio\Hooded Oriole.wav,-1,-1,27,0.01
6.0,9.0,Oenanthe oenanthe,Northern Wheatear,0.0069,Filtered_Without_Harmonics\Normalized_Audio\Hooded Oriole.wav,-1,-1,27,0.01
6.0,9.0,Acrocephalus palustris,Marsh Warbler,0.0067,Filtered_Without_Harmonics\Normalized_Audio\Hooded Oriole.wav,-1,-1,27,0.01
6.0,9.0,Cisticola erythrops,Red-faced Cisticola,0.0063,Filtered_Without_Harmonics\Normalized_Audio\Hooded Oriole.wav,-1,-1,27,0.01
6.0,9.0,Tyrannus vociferans,Cassin's Kingbird,0.0036,Filtered_Without_Harmonics\Normalized_Audio\Hooded Oriole.wav,-1,-1,27,0.01
6.0,9.0,Calamanthus fuliginosus,Striated Fieldwren,0.0027,Filtered_Without_Harmonics\Normalized_Audio\Hooded Oriole.wav,-1,-1,27,0.01
6.0,9.0,Serinus alario,Black-headed Canary,0.0025,Filtered_Without_Harmonics\Normalized_Audio\Hooded Oriole.wav,-1,-1,27,0.01
6.0,9.0,Icterus spurius,Orchard Oriole,0.0013,Filtered_Without_Harmonics\Normalized_Audio\Hooded Oriole.wav,-1,-1,27,0.01
6.0,9.0,Ploceus melanocephalus,Black-headed Weaver,0.0013,Filtered_Without_Harmonics\Normalized_Audio\Hooded Oriole.wav,-1,-1,27,0.01
6.0,9.0,Curaeus curaeus,Austral Blackbird,0.0011,Filtered_Without_Harmonics\Normalized_Audio\Hooded Oriole.wav,-1,-1,27,0.01
6.0,9.0,Toxostoma cinereum,Gray Thrasher,0.0009,Filtered_Without_Harmonics\Normalized_Audio\Hooded Oriole.wav,-1,-1,27,0.01
6.0,9.0,Cardinalis sinuatus,Pyrrhuloxia,0.0008,Filtered_Without_Harmonics\Normalized_Audio\Hooded Oriole.wav,-1,-1,27,0.01
6.0,9.0,Vidua macroura,Pin-tailed Whydah,0.0007,Filtered_Without_Harmonics\Normalized_Audio\Hooded Oriole.wav,-1,-1,27,0.01
6.0,9.0,Geothlypis beldingi,Belding's Yellowthroat,0.0007,Filtered_Without_Harmonics\Normalized_Audio\Hooded Oriole.wav,-1,-1,27,0.01
6.0,9.0,Vireo nelsoni,Dwarf Vireo,0.0007,Filtered_Without_Harmonics\Normalized_Audio\Hooded Oriole.wav,-1,-1,27,0.01
6.0,9.0,Lagonosticta senegala,Red-billed Firefinch,0.0006,Filtered_Without_Harmonics\Normalized_Audio\Hooded Oriole.wav,-1,-1,27,0.01
6.0,9.0,Vidua chalybeata,Village Indigobird,0.0005,Filtered_Without_Harmonics\Normalized_Audio\Hooded Oriole.wav,-1,-1,27,0.01
6.0,9.0,Acrocephalus australis,Australian Reed Warbler,0.0005,Filtered_Without_Harmonics\Normalized_Audio\Hooded Oriole.wav,-1,-1,27,0.01
9.0,10.0,Piranga ludoviciana,Western Tanager,0.5979,Filtered_Without_Harmonics\Normalized_Audio\Hooded Oriole.wav,-1,-1,27,0.01
9.0,10.0,Icterus cucullatus,Hooded Oriole,0.3636,Filtered_Without_Harmonics\Normalized_Audio\Hooded Oriole.wav,-1,-1,27,0.01
9.0,10.0,Toxostoma redivivum,California Thrasher,0.0232,Filtered_Without_Harmonics\Normalized_Audio\Hooded Oriole.wav,-1,-1,27,0.01
9.0,10.0,Spinus spinus,Eurasian Siskin,0.0102,Filtered_Without_Harmonics\Normalized_Audio\Hooded Oriole.wav,-1,-1,27,0.01
9.0,10.0,Sialia mexicana,Western Bluebird,0.0097,Filtered_Without_Harmonics\Normalized_Audio\Hooded Oriole.wav,-1,-1,27,0.01
9.0,10.0,Oenanthe oenanthe,Northern Wheatear,0.0068,Filtered_Without_Harmonics\Normalized_Audio\Hooded Oriole.wav,-1,-1,27,0.01
9.0,10.0,Acrocephalus australis,Australian Reed Warbler,0.0052,Filtered_Without_Harmonics\Normalized_Audio\Hooded Oriole.wav,-1,-1,27,0.01
9.0,10.0,Pipilo chlorurus,Green-tailed Towhee,0.0044,Filtered_Without_Harmonics\Normalized_Audio\Hooded Oriole.wav,-1,-1,27,0.01
9.0,10.0,Passerella iliaca,Fox Sparrow,0.0032,Filtered_Without_Harmonics\Normalized_Audio\Hooded Oriole.wav,-1,-1,27,0.01
9.0,10.0,Spinus psaltria,Lesser Goldfinch,0.0030,Filtered_Without_Harmonics\Normalized_Audio\Hooded Oriole.wav,-1,-1,27,0.01
9.0,10.0,Tyrannus vociferans,Cassin's Kingbird,0.0027,Filtered_Without_Harmonics\Normalized_Audio\Hooded Oriole.wav,-1,-1,27,0.01
9.0,10.0,Haemorhous cassinii,Cassin's Finch,0.0025,Filtered_Without_Harmonics\Normalized_Audio\Hooded Oriole.wav,-1,-1,27,0.01
9.0,10.0,Iduna caligata,Booted Warbler,0.0024,Filtered_Without_Harmonics\Normalized_Audio\Hooded Oriole.wav,-1,-1,27,0.01
9.0,10.0,Linaria cannabina,Eurasian Linnet,0.0024,Filtered_Without_Harmonics\Normalized_Audio\Hooded Oriole.wav,-1,-1,27,0.01
9.0,10.0,Spinus lawrencei,Lawrence's Goldfinch,0.0023,Filtered_Without_Harmonics\Normalized_Audio\Hooded Oriole.wav,-1,-1,27,0.01
9.0,10.0,Lonchura punctulata,Scaly-breasted Munia,0.0019,Filtered_Without_Harmonics\Normalized_Audio\Hooded Oriole.wav,-1,-1,27,0.01
9.0,10.0,Curruca communis,Greater Whitethroat,0.0018,Filtered_Without_Harmonics\Normalized_Audio\Hooded Oriole.wav,-1,-1,27,0.01
9.0,10.0,Icterus spurius,Orchard Oriole,0.0017,Filtered_Without_Harmonics\Normalized_Audio\Hooded Oriole.wav,-1,-1,27,0.01
9.0,10.0,Auriparus flaviceps,Verdin,0.0015,Filtered_Without_Harmonics\Normalized_Audio\Hooded Oriole.wav,-1,-1,27,0.01
9.0,10.0,Pinicola enucleator,Pine Grosbeak,0.0013,Filtered_Without_Harmonics\Normalized_Audio\Hooded Oriole.wav,-1,-1,27,0.01
0.0,3.0,Haemorhous mexicanus,House Finch,0.1601,Filtered_Without_Harmonics\Normalized_Audio\House Finch.wav,-1,-1,27,0.01
0.0,3.0,Galerida theklae,Thekla's Lark,0.1209,Filtered_Without_Harmonics\Normalized_Audio\House Finch.wav,-1,-1,27,0.01
0.0,3.0,Mirafra cheniana,Latakoo Lark,0.1055,Filtered_Without_Harmonics\Normalized_Audio\House Finch.wav,-1,-1,27,0.01
0.0,3.0,Galerida deva,Tawny Lark,0.0487,Filtered_Without_Harmonics\Normalized_Audio\House Finch.wav,-1,-1,27,0.01
0.0,3.0,Artemisiospiza nevadensis,Sagebrush Sparrow,0.0119,Filtered_Without_Harmonics\Normalized_Audio\House Finch.wav,-1,-1,27,0.01
0.0,3.0,Linaria cannabina,Eurasian Linnet,0.0077,Filtered_Without_Harmonics\Normalized_Audio\House Finch.wav,-1,-1,27,0.01
0.0,3.0,Myiothlypis coronata,Russet-crowned Warbler,0.0045,Filtered_Without_Harmonics\Normalized_Audio\House Finch.wav,-1,-1,27,0.01
0.0,3.0,Melanocorypha calandra,Calandra Lark,0.0040,Filtered_Without_Harmonics\Normalized_Audio\House Finch.wav,-1,-1,27,0.01
0.0,3.0,Galerida magnirostris,Large-billed Lark,0.0038,Filtered_Without_Harmonics\Normalized_Audio\House Finch.wav,-1,-1,27,0.01
0.0,3.0,Passerella iliaca,Fox Sparrow,0.0037,Filtered_Without_Harmonics\Normalized_Audio\House Finch.wav,-1,-1,27,0.01
0.0,3.0,Haemorhous purpureus,Purple Finch,0.0034,Filtered_Without_Harmonics\Normalized_Audio\House Finch.wav,-1,-1,27,0.01
0.0,3.0,Calendulauda sabota,Sabota Lark,0.0029,Filtered_Without_Harmonics\Normalized_Audio\House Finch.wav,-1,-1,27,0.01
0.0,3.0,Calandrella brachydactyla,Greater Short-toed Lark,0.0028,Filtered_Without_Harmonics\Normalized_Audio\House Finch.wav,-1,-1,27,0.01
0.0,3.0,Calandrella cinerea,Red-capped Lark,0.0028,Filtered_Without_Harmonics\Normalized_Audio\House Finch.wav,-1,-1,27,0.01
0.0,3.0,Plectrophenax nivalis,Snow Bunting,0.0028,Filtered_Without_Harmonics\Normalized_Audio\House Finch.wav,-1,-1,27,0.01
0.0,3.0,Galerida cristata,Crested Lark,0.0027,Filtered_Without_Harmonics\Normalized_Audio\House Finch.wav,-1,-1,27,0.01
0.0,3.0,Emberiza melanocephala,Black-headed Bunting,0.0026,Filtered_Without_Harmonics\Normalized_Audio\House Finch.wav,-1,-1,27,0.01
0.0,3.0,Chloris spinoides,Yellow-breasted Greenfinch,0.0023,Filtered_Without_Harmonics\Normalized_Audio\House Finch.wav,-1,-1,27,0.01
0.0,3.0,Haemorhous cassinii,Cassin's Finch,0.0018,Filtered_Without_Harmonics\Normalized_Audio\House Finch.wav,-1,-1,27,0.01
0.0,3.0,Myadestes townsendi,Townsend's Solitaire,0.0018,Filtered_Without_Harmonics\Normalized_Audio\House Finch.wav,-1,-1,27,0.01
3.0,6.0,Galerida theklae,Thekla's Lark,0.1063,Filtered_Without_Harmonics\Normalized_Audio\House Finch.wav,-1,-1,27,0.01
3.0,6.0,Artemisiospiza nevadensis,Sagebrush Sparrow,0.0745,Filtered_Without_Harmonics\Normalized_Audio\House Finch.wav,-1,-1,27,0.01
3.0,6.0,Calandrella brachydactyla,Greater Short-toed Lark,0.0675,Filtered_Without_Harmonics\Normalized_Audio\House Finch.wav,-1,-1,27,0.01
3.0,6.0,Saxicola rubetra,Whinchat,0.0629,Filtered_Without_Harmonics\Normalized_Audio\House Finch.wav,-1,-1,27,0.01
3.0,6.0,Galerida deva,Tawny Lark,0.0541,Filtered_Without_Harmonics\Normalized_Audio\House Finch.wav,-1,-1,27,0.01
3.0,6.0,Haemorhous mexicanus,House Finch,0.0340,Filtered_Without_Harmonics\Normalized_Audio\House Finch.wav,-1,-1,27,0.01
3.0,6.0,Passerina caerulea,Blue Grosbeak,0.0269,Filtered_Without_Harmonics\Normalized_Audio\House Finch.wav,-1,-1,27,0.01
3.0,6.0,Monticola saxatilis,Rufous-tailed Rock-Thrush,0.0254,Filtered_Without_Harmonics\Normalized_Audio\House Finch.wav,-1,-1,27,0.01
3.0,6.0,Galerida cristata,Crested Lark,0.0208,Filtered_Without_Harmonics\Normalized_Audio\House Finch.wav,-1,-1,27,0.01
3.0,6.0,Oenanthe pleschanka,Pied Wheatear,0.0206,Filtered_Without_Harmonics\Normalized_Audio\House Finch.wav,-1,-1,27,0.01
3.0,6.0,Artemisiospiza belli,Bell's Sparrow,0.0157,Filtered_Without_Harmonics\Normalized_Audio\House Finch.wav,-1,-1,27,0.01
3.0,6.0,Galerida malabarica,Malabar Lark,0.0156,Filtered_Without_Harmonics\Normalized_Audio\House Finch.wav,-1,-1,27,0.01
3.0,6.0,Alaudala heinei,Turkestan Short-toed Lark,0.0121,Filtered_Without_Harmonics\Normalized_Audio\House Finch.wav,-1,-1,27,0.01
3.0,6.0,Haemorhous cassinii,Cassin's Finch,0.0097,Filtered_Without_Harmonics\Normalized_Audio\House Finch.wav,-1,-1,27,0.01
3.0,6.0,Calandrella cinerea,Red-capped Lark,0.0097,Filtered_Without_Harmonics\Normalized_Audio\House Finch.wav,-1,-1,27,0.01
3.0,6.0,Oenanthe pileata,Capped Wheatear,0.0093,Filtered_Without_Harmonics\Normalized_Audio\House Finch.wav,-1,-1,27,0.01
3.0,6.0,Oenanthe oenanthe,Northern Wheatear,0.0088,Filtered_Without_Harmonics\Normalized_Audio\House Finch.wav,-1,-1,27,0.01
3.0,6.0,Setophaga kirtlandii,Kirtland's Warbler,0.0085,Filtered_Without_Harmonics\Normalized_Audio\House Finch.wav,-1,-1,27,0.01
3.0,6.0,Galerida magnirostris,Large-billed Lark,0.0083,Filtered_Without_Harmonics\Normalized_Audio\House Finch.wav,-1,-1,27,0.01
3.0,6.0,Oenanthe hispanica,Western Black-eared Wheatear,0.0081,Filtered_Without_Harmonics\Normalized_Audio\House Finch.wav,-1,-1,27,0.01
6.0,9.0,Artemisiospiza nevadensis,Sagebrush Sparrow,0.0593,Filtered_Without_Harmonics\Normalized_Audio\House Finch.wav,-1,-1,27,0.01
6.0,9.0,Galerida theklae,Thekla's Lark,0.0487,Filtered_Without_Harmonics\Normalized_Audio\House Finch.wav,-1,-1,27,0.01
6.0,9.0,Haemorhous mexicanus,House Finch,0.0413,Filtered_Without_Harmonics\Normalized_Audio\House Finch.wav,-1,-1,27,0.01
6.0,9.0,Monticola saxatilis,Rufous-tailed Rock-Thrush,0.0112,Filtered_Without_Harmonics\Normalized_Audio\House Finch.wav,-1,-1,27,0.01
6.0,9.0,Emberiza melanocephala,Black-headed Bunting,0.0100,Filtered_Without_Harmonics\Normalized_Audio\House Finch.wav,-1,-1,27,0.01
6.0,9.0,Galerida deva,Tawny Lark,0.0096,Filtered_Without_Harmonics\Normalized_Audio\House Finch.wav,-1,-1,27,0.01
6.0,9.0,Plectrophenax nivalis,Snow Bunting,0.0093,Filtered_Without_Harmonics\Normalized_Audio\House Finch.wav,-1,-1,27,0.01
6.0,9.0,Oenanthe leucura,Black Wheatear,0.0083,Filtered_Without_Harmonics\Normalized_Audio\House Finch.wav,-1,-1,27,0.01
6.0,9.0,Linaria cannabina,Eurasian Linnet,0.0076,Filtered_Without_Harmonics\Normalized_Audio\House Finch.wav,-1,-1,27,0.01
6.0,9.0,Iduna caligata,Booted Warbler,0.0056,Filtered_Without_Harmonics\Normalized_Audio\House Finch.wav,-1,-1,27,0.01
6.0,9.0,Mirafra cheniana,Latakoo Lark,0.0051,Filtered_Without_Harmonics\Normalized_Audio\House Finch.wav,-1,-1,27,0.01
6.0,9.0,Passerella iliaca,Fox Sparrow,0.0041,Filtered_Without_Harmonics\Normalized_Audio\House Finch.wav,-1,-1,27,0.01
6.0,9.0,Cercotrichas galactotes,Rufous-tailed Scrub-Robin,0.0036,Filtered_Without_Harmonics\Normalized_Audio\House Finch.wav,-1,-1,27,0.01
6.0,9.0,Haemorhous cassinii,Cassin's Finch,0.0035,Filtered_Without_Harmonics\Normalized_Audio\House Finch.wav,-1,-1,27,0.01
6.0,9.0,Saxicola caprata,Pied Bushchat,0.0033,Filtered_Without_Harmonics\Normalized_Audio\House Finch.wav,-1,-1,27,0.01
6.0,9.0,Myadestes townsendi,Townsend's Solitaire,0.0031,Filtered_Without_Harmonics\Normalized_Audio\House Finch.wav,-1,-1,27,0.01
6.0,9.0,Galerida cristata,Crested Lark,0.0031,Filtered_Without_Harmonics\Normalized_Audio\House Finch.wav,-1,-1,27,0.01
6.0,9.0,Hippolais languida,Upcher's Warbler,0.0030,Filtered_Without_Harmonics\Normalized_Audio\House Finch.wav,-1,-1,27,0.01
6.0,9.0,Monticola solitarius,Blue Rock-Thrush,0.0023,Filtered_Without_Harmonics\Normalized_Audio\House Finch.wav,-1,-1,27,0.01
6.0,9.0,Haemorhous purpureus,Purple Finch,0.0020,Filtered_Without_Harmonics\Normalized_Audio\House Finch.wav,-1,-1,27,0.01
9.0,10.0,Engine,Engine,0.0068,Filtered_Without_Harmonics\Normalized_Audio\House Finch.wav,-1,-1,27,0.01
9.0,10.0,Human vocal,Human vocal,0.0042,Filtered_Without_Harmonics\Normalized_Audio\House Finch.wav,-1,-1,27,0.01
9.0,10.0,Fireworks,Fireworks,0.0034,Filtered_Without_Harmonics\Normalized_Audio\House Finch.wav,-1,-1,27,0.01
9.0,10.0,Bubo virginianus,Great Horned Owl,0.0033,Filtered_Without_Harmonics\Normalized_Audio\House Finch.wav,-1,-1,27,0.01
9.0,10.0,Power tools,Power tools,0.0032,Filtered_Without_Harmonics\Normalized_Audio\House Finch.wav,-1,-1,27,0.01
9.0,10.0,Buteo jamaicensis,Red-tailed Hawk,0.0027,Filtered_Without_Harmonics\Normalized_Audio\House Finch.wav,-1,-1,27,0.01
9.0,10.0,Dryobates minor,Lesser Spotted Woodpecker,0.0027,Filtered_Without_Harmonics\Normalized_Audio\House Finch.wav,-1,-1,27,0.01
9.0,10.0,Dryocopus pileatus,Pileated Woodpecker,0.0026,Filtered_Without_Harmonics\Normalized_Audio\House Finch.wav,-1,-1,27,0.01
9.0,10.0,Turdus merula,Eurasian Blackbird,0.0025,Filtered_Without_Harmonics\Normalized_Audio\House Finch.wav,-1,-1,27,0.01
9.0,10.0,Bombycilla cedrorum,Cedar Waxwing,0.0024,Filtered_Without_Harmonics\Normalized_Audio\House Finch.wav,-1,-1,27,0.01
9.0,10.0,Loxia curvirostra,Red Crossbill,0.0023,Filtered_Without_Harmonics\Normalized_Audio\House Finch.wav,-1,-1,27,0.01
9.0,10.0,Regulus regulus,Goldcrest,0.0023,Filtered_Without_Harmonics\Normalized_Audio\House Finch.wav,-1,-1,27,0.01
9.0,10.0,Bonasa umbellus,Ruffed Grouse,0.0023,Filtered_Without_Harmonics\Normalized_Audio\House Finch.wav,-1,-1,27,0.01
9.0,10.0,Catharus fuscescens,Veery,0.0022,Filtered_Without_Harmonics\Normalized_Audio\House Finch.wav,-1,-1,27,0.01
9.0,10.0,Scolopax minor,American Woodcock,0.0022,Filtered_Without_Harmonics\Normalized_Audio\House Finch.wav,-1,-1,27,0.01
9.0,10.0,Junco hyemalis,Dark-eyed Junco,0.0022,Filtered_Without_Harmonics\Normalized_Audio\House Finch.wav,-1,-1,27,0.01
9.0,10.0,Myiarchus crinitus,Great Crested Flycatcher,0.0021,Filtered_Without_Harmonics\Normalized_Audio\House Finch.wav,-1,-1,27,0.01
9.0,10.0,Catharus ustulatus,Swainson's Thrush,0.0021,Filtered_Without_Harmonics\Normalized_Audio\House Finch.wav,-1,-1,27,0.01
9.0,10.0,Parkesia motacilla,Louisiana Waterthrush,0.0021,Filtered_Without_Harmonics\Normalized_Audio\House Finch.wav,-1,-1,27,0.01
9.0,10.0,Seiurus aurocapilla,Ovenbird,0.0021,Filtered_Without_Harmonics\Normalized_Audio\House Finch.wav,-1,-1,27,0.01
0.0,3.0,Passer domesticus,House Sparrow,0.6594,Filtered_Without_Harmonics\Normalized_Audio\House Sparrow.wav,-1,-1,27,0.01
0.0,3.0,Passer italiae,Italian Sparrow,0.4538,Filtered_Without_Harmonics\Normalized_Audio\House Sparrow.wav,-1,-1,27,0.01
0.0,3.0,Motacilla flava,Western Yellow Wagtail,0.0684,Filtered_Without_Harmonics\Normalized_Audio\House Sparrow.wav,-1,-1,27,0.01
0.0,3.0,Passer hispaniolensis,Spanish Sparrow,0.0507,Filtered_Without_Harmonics\Normalized_Audio\House Sparrow.wav,-1,-1,27,0.01
0.0,3.0,Anthus campestris,Tawny Pipit,0.0413,Filtered_Without_Harmonics\Normalized_Audio\House Sparrow.wav,-1,-1,27,0.01
0.0,3.0,Alaudala cheleensis,Asian Short-toed Lark,0.0233,Filtered_Without_Harmonics\Normalized_Audio\House Sparrow.wav,-1,-1,27,0.01
0.0,3.0,Alaudala raytal,Sand Lark,0.0125,Filtered_Without_Harmonics\Normalized_Audio\House Sparrow.wav,-1,-1,27,0.01
0.0,3.0,Luscinia svecica,Bluethroat,0.0107,Filtered_Without_Harmonics\Normalized_Audio\House Sparrow.wav,-1,-1,27,0.01
0.0,3.0,Calandrella cinerea,Red-capped Lark,0.0101,Filtered_Without_Harmonics\Normalized_Audio\House Sparrow.wav,-1,-1,27,0.01
0.0,3.0,Emberiza pallasi,Pallas's Bunting,0.0085,Filtered_Without_Harmonics\Normalized_Audio\House Sparrow.wav,-1,-1,27,0.01
0.0,3.0,Calandrella dukhunensis,Mongolian Short-toed Lark,0.0079,Filtered_Without_Harmonics\Normalized_Audio\House Sparrow.wav,-1,-1,27,0.01
0.0,3.0,Galerida cristata,Crested Lark,0.0073,Filtered_Without_Harmonics\Normalized_Audio\House Sparrow.wav,-1,-1,27,0.01
0.0,3.0,Alauda gulgula,Oriental Skylark,0.0068,Filtered_Without_Harmonics\Normalized_Audio\House Sparrow.wav,-1,-1,27,0.01
0.0,3.0,Melanocorypha calandra,Calandra Lark,0.0062,Filtered_Without_Harmonics\Normalized_Audio\House Sparrow.wav,-1,-1,27,0.01
0.0,3.0,Spinus pinus,Pine Siskin,0.0061,Filtered_Without_Harmonics\Normalized_Audio\House Sparrow.wav,-1,-1,27,0.01
0.0,3.0,Passer melanurus,Cape Sparrow,0.0057,Filtered_Without_Harmonics\Normalized_Audio\House Sparrow.wav,-1,-1,27,0.01
0.0,3.0,Passer montanus,Eurasian Tree Sparrow,0.0050,Filtered_Without_Harmonics\Normalized_Audio\House Sparrow.wav,-1,-1,27,0.01
0.0,3.0,Crithagra flaviventris,Yellow Canary,0.0046,Filtered_Without_Harmonics\Normalized_Audio\House Sparrow.wav,-1,-1,27,0.01
0.0,3.0,Mirafra javanica,Australasian Bushlark,0.0043,Filtered_Without_Harmonics\Normalized_Audio\House Sparrow.wav,-1,-1,27,0.01
0.0,3.0,Emberiza schoeniclus,Reed Bunting,0.0036,Filtered_Without_Harmonics\Normalized_Audio\House Sparrow.wav,-1,-1,27,0.01
3.0,6.0,Passer domesticus,House Sparrow,0.3910,Filtered_Without_Harmonics\Normalized_Audio\House Sparrow.wav,-1,-1,27,0.01
3.0,6.0,Passer italiae,Italian Sparrow,0.1950,Filtered_Without_Harmonics\Normalized_Audio\House Sparrow.wav,-1,-1,27,0.01
3.0,6.0,Crithagra flaviventris,Yellow Canary,0.0626,Filtered_Without_Harmonics\Normalized_Audio\House Sparrow.wav,-1,-1,27,0.01
3.0,6.0,Luscinia svecica,Bluethroat,0.0318,Filtered_Without_Harmonics\Normalized_Audio\House Sparrow.wav,-1,-1,27,0.01
3.0,6.0,Anthus similis,Long-billed Pipit,0.0237,Filtered_Without_Harmonics\Normalized_Audio\House Sparrow.wav,-1,-1,27,0.01
3.0,6.0,Passer melanurus,Cape Sparrow,0.0175,Filtered_Without_Harmonics\Normalized_Audio\House Sparrow.wav,-1,-1,27,0.01
3.0,6.0,Motacilla flava,Western Yellow Wagtail,0.0158,Filtered_Without_Harmonics\Normalized_Audio\House Sparrow.wav,-1,-1,27,0.01
3.0,6.0,Vireo vicinior,Gray Vireo,0.0131,Filtered_Without_Harmonics\Normalized_Audio\House Sparrow.wav,-1,-1,27,0.01
3.0,6.0,Calandrella cinerea,Red-capped Lark,0.0107,Filtered_Without_Harmonics\Normalized_Audio\House Sparrow.wav,-1,-1,27,0.01
3.0,6.0,Alaudala cheleensis,Asian Short-toed Lark,0.0106,Filtered_Without_Harmonics\Normalized_Audio\House Sparrow.wav,-1,-1,27,0.01
3.0,6.0,Alaudala raytal,Sand Lark,0.0087,Filtered_Without_Harmonics\Normalized_Audio\House Sparrow.wav,-1,-1,27,0.01
3.0,6.0,Emberiza pallasi,Pallas's Bunting,0.0074,Filtered_Without_Harmonics\Normalized_Audio\House Sparrow.wav,-1,-1,27,0.01
3.0,6.0,Tachycineta bicolor,Tree Swallow,0.0063,Filtered_Without_Harmonics\Normalized_Audio\House Sparrow.wav,-1,-1,27,0.01
3.0,6.0,Emberiza schoeniclus,Reed Bunting,0.0060,Filtered_Without_Harmonics\Normalized_Audio\House Sparrow.wav,-1,-1,27,0.01
3.0,6.0,Prinia atrogularis,Black-throated Prinia,0.0048,Filtered_Without_Harmonics\Normalized_Audio\House Sparrow.wav,-1,-1,27,0.01
3.0,6.0,Eremomela icteropygialis,Yellow-bellied Eremomela,0.0041,Filtered_Without_Harmonics\Normalized_Audio\House Sparrow.wav,-1,-1,27,0.01
3.0,6.0,Vireo flavoviridis,Yellow-green Vireo,0.0036,Filtered_Without_Harmonics\Normalized_Audio\House Sparrow.wav,-1,-1,27,0.01
3.0,6.0,Alauda gulgula,Oriental Skylark,0.0035,Filtered_Without_Harmonics\Normalized_Audio\House Sparrow.wav,-1,-1,27,0.01
3.0,6.0,Eremopterix griseus,Ashy-crowned Sparrow-Lark,0.0031,Filtered_Without_Harmonics\Normalized_Audio\House Sparrow.wav,-1,-1,27,0.01
3.0,6.0,Passer hispaniolensis,Spanish Sparrow,0.0031,Filtered_Without_Harmonics\Normalized_Audio\House Sparrow.wav,-1,-1,27,0.01
6.0,9.0,Passer italiae,Italian Sparrow,0.5362,Filtered_Without_Harmonics\Normalized_Audio\House Sparrow.wav,-1,-1,27,0.01
6.0,9.0,Passer domesticus,House Sparrow,0.4448,Filtered_Without_Harmonics\Normalized_Audio\House Sparrow.wav,-1,-1,27,0.01
6.0,9.0,Passer hispaniolensis,Spanish Sparrow,0.2098,Filtered_Without_Harmonics\Normalized_Audio\House Sparrow.wav,-1,-1,27,0.01
6.0,9.0,Crithagra flaviventris,Yellow Canary,0.0164,Filtered_Without_Harmonics\Normalized_Audio\House Sparrow.wav,-1,-1,27,0.01
6.0,9.0,Luscinia svecica,Bluethroat,0.0118,Filtered_Without_Harmonics\Normalized_Audio\House Sparrow.wav,-1,-1,27,0.01
6.0,9.0,Alaudala cheleensis,Asian Short-toed Lark,0.0082,Filtered_Without_Harmonics\Normalized_Audio\House Sparrow.wav,-1,-1,27,0.01
6.0,9.0,Alauda gulgula,Oriental Skylark,0.0075,Filtered_Without_Harmonics\Normalized_Audio\House Sparrow.wav,-1,-1,27,0.01
6.0,9.0,Anthus campestris,Tawny Pipit,0.0063,Filtered_Without_Harmonics\Normalized_Audio\House Sparrow.wav,-1,-1,27,0.01
6.0,9.0,Calandrella cinerea,Red-capped Lark,0.0050,Filtered_Without_Harmonics\Normalized_Audio\House Sparrow.wav,-1,-1,27,0.01
6.0,9.0,Anthus berthelotii,Berthelot's Pipit,0.0050,Filtered_Without_Harmonics\Normalized_Audio\House Sparrow.wav,-1,-1,27,0.01
6.0,9.0,Emberiza schoeniclus,Reed Bunting,0.0050,Filtered_Without_Harmonics\Normalized_Audio\House Sparrow.wav,-1,-1,27,0.01
6.0,9.0,Alaudala raytal,Sand Lark,0.0046,Filtered_Without_Harmonics\Normalized_Audio\House Sparrow.wav,-1,-1,27,0.01
6.0,9.0,Motacilla flava,Western Yellow Wagtail,0.0031,Filtered_Without_Harmonics\Normalized_Audio\House Sparrow.wav,-1,-1,27,0.01
6.0,9.0,Passer montanus,Eurasian Tree Sparrow,0.0030,Filtered_Without_Harmonics\Normalized_Audio\House Sparrow.wav,-1,-1,27,0.01
6.0,9.0,Melanocorypha calandra,Calandra Lark,0.0020,Filtered_Without_Harmonics\Normalized_Audio\House Sparrow.wav,-1,-1,27,0.01
6.0,9.0,Emberiza pallasi,Pallas's Bunting,0.0020,Filtered_Without_Harmonics\Normalized_Audio\House Sparrow.wav,-1,-1,27,0.01
6.0,9.0,Spinus pinus,Pine Siskin,0.0017,Filtered_Without_Harmonics\Normalized_Audio\House Sparrow.wav,-1,-1,27,0.01
6.0,9.0,Mirafra javanica,Australasian Bushlark,0.0015,Filtered_Without_Harmonics\Normalized_Audio\House Sparrow.wav,-1,-1,27,0.01
6.0,9.0,Zosterops lateralis,Silvereye,0.0014,Filtered_Without_Harmonics\Normalized_Audio\House Sparrow.wav,-1,-1,27,0.01
6.0,9.0,Passer melanurus,Cape Sparrow,0.0014,Filtered_Without_Harmonics\Normalized_Audio\House Sparrow.wav,-1,-1,27,0.01
9.0,10.0,Emarginata sinuata,Sickle-winged Chat,0.6497,Filtered_Without_Harmonics\Normalized_Audio\House Sparrow.wav,-1,-1,27,0.01
9.0,10.0,Passer domesticus,House Sparrow,0.2942,Filtered_Without_Harmonics\Normalized_Audio\House Sparrow.wav,-1,-1,27,0.01
9.0,10.0,Passer italiae,Italian Sparrow,0.1918,Filtered_Without_Harmonics\Normalized_Audio\House Sparrow.wav,-1,-1,27,0.01
9.0,10.0,Calandrella cinerea,Red-capped Lark,0.0508,Filtered_Without_Harmonics\Normalized_Audio\House Sparrow.wav,-1,-1,27,0.01
9.0,10.0,Linaria flavirostris,Twite,0.0378,Filtered_Without_Harmonics\Normalized_Audio\House Sparrow.wav,-1,-1,27,0.01
9.0,10.0,Passer hispaniolensis,Spanish Sparrow,0.0372,Filtered_Without_Harmonics\Normalized_Audio\House Sparrow.wav,-1,-1,27,0.01
9.0,10.0,Anthus campestris,Tawny Pipit,0.0360,Filtered_Without_Harmonics\Normalized_Audio\House Sparrow.wav,-1,-1,27,0.01
9.0,10.0,Galerida theklae,Thekla's Lark,0.0243,Filtered_Without_Harmonics\Normalized_Audio\House Sparrow.wav,-1,-1,27,0.01
9.0,10.0,Passer melanurus,Cape Sparrow,0.0195,Filtered_Without_Harmonics\Normalized_Audio\House Sparrow.wav,-1,-1,27,0.01
9.0,10.0,Galerida deva,Tawny Lark,0.0179,Filtered_Without_Harmonics\Normalized_Audio\House Sparrow.wav,-1,-1,27,0.01
9.0,10.0,Galerida malabarica,Malabar Lark,0.0124,Filtered_Without_Harmonics\Normalized_Audio\House Sparrow.wav,-1,-1,27,0.01
9.0,10.0,Myrmecocichla monticola,Mountain Wheatear,0.0107,Filtered_Without_Harmonics\Normalized_Audio\House Sparrow.wav,-1,-1,27,0.01
9.0,10.0,Haemorhous mexicanus,House Finch,0.0088,Filtered_Without_Harmonics\Normalized_Audio\House Sparrow.wav,-1,-1,27,0.01
9.0,10.0,Anthus novaeseelandiae,Australasian Pipit,0.0073,Filtered_Without_Harmonics\Normalized_Audio\House Sparrow.wav,-1,-1,27,0.01
9.0,10.0,Anthus richardi,Richard's Pipit,0.0073,Filtered_Without_Harmonics\Normalized_Audio\House Sparrow.wav,-1,-1,27,0.01
9.0,10.0,Acridotheres tristis,Common Myna,0.0061,Filtered_Without_Harmonics\Normalized_Audio\House Sparrow.wav,-1,-1,27,0.01
9.0,10.0,Passer rufocinctus,Kenya Rufous Sparrow,0.0061,Filtered_Without_Harmonics\Normalized_Audio\House Sparrow.wav,-1,-1,27,0.01
9.0,10.0,Calcarius lapponicus,Lapland Longspur,0.0058,Filtered_Without_Harmonics\Normalized_Audio\House Sparrow.wav,-1,-1,27,0.01
9.0,10.0,Alaudala cheleensis,Asian Short-toed Lark,0.0052,Filtered_Without_Harmonics\Normalized_Audio\House Sparrow.wav,-1,-1,27,0.01
9.0,10.0,Acridotheres fuscus,Jungle Myna,0.0049,Filtered_Without_Harmonics\Normalized_Audio\House Sparrow.wav,-1,-1,27,0.01
0.0,3.0,Spinus magellanicus,Hooded Siskin,0.2941,Filtered_Without_Harmonics\Normalized_Audio\Lesser Goldfinch.wav,-1,-1,27,0.01
0.0,3.0,Spinus psaltria,Lesser Goldfinch,0.1869,Filtered_Without_Harmonics\Normalized_Audio\Lesser Goldfinch.wav,-1,-1,27,0.01
0.0,3.0,Spinus xanthogastrus,Yellow-bellied Siskin,0.1448,Filtered_Without_Harmonics\Normalized_Audio\Lesser Goldfinch.wav,-1,-1,27,0.01
0.0,3.0,Spinus olivaceus,Olivaceous Siskin,0.0162,Filtered_Without_Harmonics\Normalized_Audio\Lesser Goldfinch.wav,-1,-1,27,0.01
0.0,3.0,Acrocephalus schoenobaenus,Sedge Warbler,0.0126,Filtered_Without_Harmonics\Normalized_Audio\Lesser Goldfinch.wav,-1,-1,27,0.01
0.0,3.0,Crithagra striolata,Streaky Seedeater,0.0018,Filtered_Without_Harmonics\Normalized_Audio\Lesser Goldfinch.wav,-1,-1,27,0.01
0.0,3.0,Spinus spinescens,Andean Siskin,0.0013,Filtered_Without_Harmonics\Normalized_Audio\Lesser Goldfinch.wav,-1,-1,27,0.01
0.0,3.0,Prinia hodgsonii,Gray-breasted Prinia,0.0011,Filtered_Without_Harmonics\Normalized_Audio\Lesser Goldfinch.wav,-1,-1,27,0.01
0.0,3.0,Iduna rama,Sykes's Warbler,0.0010,Filtered_Without_Harmonics\Normalized_Audio\Lesser Goldfinch.wav,-1,-1,27,0.01
0.0,3.0,Spinus spinus,Eurasian Siskin,0.0009,Filtered_Without_Harmonics\Normalized_Audio\Lesser Goldfinch.wav,-1,-1,27,0.01
0.0,3.0,Spinus notatus,Black-headed Siskin,0.0007,Filtered_Without_Harmonics\Normalized_Audio\Lesser Goldfinch.wav,-1,-1,27,0.01
0.0,3.0,Spinus lawrencei,Lawrence's Goldfinch,0.0006,Filtered_Without_Harmonics\Normalized_Audio\Lesser Goldfinch.wav,-1,-1,27,0.01
0.0,3.0,Sporophila nigricollis,Yellow-bellied Seedeater,0.0005,Filtered_Without_Harmonics\Normalized_Audio\Lesser Goldfinch.wav,-1,-1,27,0.01
0.0,3.0,Cinnyris pulchellus,Beautiful Sunbird,0.0005,Filtered_Without_Harmonics\Normalized_Audio\Lesser Goldfinch.wav,-1,-1,27,0.01
0.0,3.0,Phylloscopus proregulus,Pallas's Leaf Warbler,0.0004,Filtered_Without_Harmonics\Normalized_Audio\Lesser Goldfinch.wav,-1,-1,27,0.01
0.0,3.0,Turdus iliacus,Redwing,0.0004,Filtered_Without_Harmonics\Normalized_Audio\Lesser Goldfinch.wav,-1,-1,27,0.01
0.0,3.0,Acrocephalus agricola,Paddyfield Warbler,0.0004,Filtered_Without_Harmonics\Normalized_Audio\Lesser Goldfinch.wav,-1,-1,27,0.01
0.0,3.0,Sporophila caerulescens,Double-collared Seedeater,0.0004,Filtered_Without_Harmonics\Normalized_Audio\Lesser Goldfinch.wav,-1,-1,27,0.01
0.0,3.0,Diglossa mystacalis,Moustached Flowerpiercer,0.0003,Filtered_Without_Harmonics\Normalized_Audio\Lesser Goldfinch.wav,-1,-1,27,0.01
0.0,3.0,Sicalis flaveola,Saffron Finch,0.0003,Filtered_Without_Harmonics\Normalized_Audio\Lesser Goldfinch.wav,-1,-1,27,0.01
3.0,6.0,Passerina amoena,Lazuli Bunting,0.3273,Filtered_Without_Harmonics\Normalized_Audio\Lesser Goldfinch.wav,-1,-1,27,0.01
3.0,6.0,Phylloscopus proregulus,Pallas's Leaf Warbler,0.1006,Filtered_Without_Harmonics\Normalized_Audio\Lesser Goldfinch.wav,-1,-1,27,0.01
3.0,6.0,Spinus psaltria,Lesser Goldfinch,0.0909,Filtered_Without_Harmonics\Normalized_Audio\Lesser Goldfinch.wav,-1,-1,27,0.01
3.0,6.0,Passerina cyanea,Indigo Bunting,0.0134,Filtered_Without_Harmonics\Normalized_Audio\Lesser Goldfinch.wav,-1,-1,27,0.01
3.0,6.0,Spinus tristis,American Goldfinch,0.0122,Filtered_Without_Harmonics\Normalized_Audio\Lesser Goldfinch.wav,-1,-1,27,0.01
3.0,6.0,Colius colius,White-backed Mousebird,0.0118,Filtered_Without_Harmonics\Normalized_Audio\Lesser Goldfinch.wav,-1,-1,27,0.01
3.0,6.0,Spinus magellanicus,Hooded Siskin,0.0097,Filtered_Without_Harmonics\Normalized_Audio\Lesser Goldfinch.wav,-1,-1,27,0.01
3.0,6.0,Crithagra striolata,Streaky Seedeater,0.0090,Filtered_Without_Harmonics\Normalized_Audio\Lesser Goldfinch.wav,-1,-1,27,0.01
3.0,6.0,Polioptila dumicola,Masked Gnatcatcher,0.0089,Filtered_Without_Harmonics\Normalized_Audio\Lesser Goldfinch.wav,-1,-1,27,0.01
3.0,6.0,Anthus hodgsoni,Olive-backed Pipit,0.0077,Filtered_Without_Harmonics\Normalized_Audio\Lesser Goldfinch.wav,-1,-1,27,0.01
3.0,6.0,Sporophila nigricollis,Yellow-bellied Seedeater,0.0045,Filtered_Without_Harmonics\Normalized_Audio\Lesser Goldfinch.wav,-1,-1,27,0.01
3.0,6.0,Sporophila torqueola,Cinnamon-rumped Seedeater,0.0033,Filtered_Without_Harmonics\Normalized_Audio\Lesser Goldfinch.wav,-1,-1,27,0.01
3.0,6.0,Prinia hodgsonii,Gray-breasted Prinia,0.0032,Filtered_Without_Harmonics\Normalized_Audio\Lesser Goldfinch.wav,-1,-1,27,0.01
3.0,6.0,Spinus xanthogastrus,Yellow-bellied Siskin,0.0031,Filtered_Without_Harmonics\Normalized_Audio\Lesser Goldfinch.wav,-1,-1,27,0.01
3.0,6.0,Alauda gulgula,Oriental Skylark,0.0031,Filtered_Without_Harmonics\Normalized_Audio\Lesser Goldfinch.wav,-1,-1,27,0.01
3.0,6.0,Galerida cristata,Crested Lark,0.0030,Filtered_Without_Harmonics\Normalized_Audio\Lesser Goldfinch.wav,-1,-1,27,0.01
3.0,6.0,Sporophila caerulescens,Double-collared Seedeater,0.0030,Filtered_Without_Harmonics\Normalized_Audio\Lesser Goldfinch.wav,-1,-1,27,0.01
3.0,6.0,Galerida theklae,Thekla's Lark,0.0030,Filtered_Without_Harmonics\Normalized_Audio\Lesser Goldfinch.wav,-1,-1,27,0.01
3.0,6.0,Vidua macroura,Pin-tailed Whydah,0.0030,Filtered_Without_Harmonics\Normalized_Audio\Lesser Goldfinch.wav,-1,-1,27,0.01
3.0,6.0,Sporophila corvina,Variable Seedeater,0.0029,Filtered_Without_Harmonics\Normalized_Audio\Lesser Goldfinch.wav,-1,-1,27,0.01
6.0,9.0,Spinus psaltria,Lesser Goldfinch,0.5148,Filtered_Without_Harmonics\Normalized_Audio\Lesser Goldfinch.wav,-1,-1,27,0.01
6.0,9.0,Spinus lawrencei,Lawrence's Goldfinch,0.0460,Filtered_Without_Harmonics\Normalized_Audio\Lesser Goldfinch.wav,-1,-1,27,0.01
6.0,9.0,Spinus spinus,Eurasian Siskin,0.0273,Filtered_Without_Harmonics\Normalized_Audio\Lesser Goldfinch.wav,-1,-1,27,0.01
6.0,9.0,Polioptila dumicola,Masked Gnatcatcher,0.0153,Filtered_Without_Harmonics\Normalized_Audio\Lesser Goldfinch.wav,-1,-1,27,0.01
6.0,9.0,Spinus magellanicus,Hooded Siskin,0.0137,Filtered_Without_Harmonics\Normalized_Audio\Lesser Goldfinch.wav,-1,-1,27,0.01
6.0,9.0,Acrocephalus schoenobaenus,Sedge Warbler,0.0052,Filtered_Without_Harmonics\Normalized_Audio\Lesser Goldfinch.wav,-1,-1,27,0.01
6.0,9.0,Iduna opaca,Western Olivaceous Warbler,0.0018,Filtered_Without_Harmonics\Normalized_Audio\Lesser Goldfinch.wav,-1,-1,27,0.01
6.0,9.0,Acrocephalus bistrigiceps,Black-browed Reed Warbler,0.0013,Filtered_Without_Harmonics\Normalized_Audio\Lesser Goldfinch.wav,-1,-1,27,0.01
6.0,9.0,Luscinia svecica,Bluethroat,0.0013,Filtered_Without_Harmonics\Normalized_Audio\Lesser Goldfinch.wav,-1,-1,27,0.01
6.0,9.0,Lanius collurio,Red-backed Shrike,0.0008,Filtered_Without_Harmonics\Normalized_Audio\Lesser Goldfinch.wav,-1,-1,27,0.01
6.0,9.0,Sinosuthora webbiana,Vinous-throated Parrotbill,0.0008,Filtered_Without_Harmonics\Normalized_Audio\Lesser Goldfinch.wav,-1,-1,27,0.01
6.0,9.0,Galerida cristata,Crested Lark,0.0008,Filtered_Without_Harmonics\Normalized_Audio\Lesser Goldfinch.wav,-1,-1,27,0.01
6.0,9.0,Polioptila plumbea,Tropical Gnatcatcher,0.0008,Filtered_Without_Harmonics\Normalized_Audio\Lesser Goldfinch.wav,-1,-1,27,0.01
6.0,9.0,Acanthis cabaret,Lesser Redpoll,0.0007,Filtered_Without_Harmonics\Normalized_Audio\Lesser Goldfinch.wav,-1,-1,27,0.01
6.0,9.0,Phylloscopus proregulus,Pallas's Leaf Warbler,0.0006,Filtered_Without_Harmonics\Normalized_Audio\Lesser Goldfinch.wav,-1,-1,27,0.01
6.0,9.0,Spinus xanthogastrus,Yellow-bellied Siskin,0.0006,Filtered_Without_Harmonics\Normalized_Audio\Lesser Goldfinch.wav,-1,-1,27,0.01
6.0,9.0,Emberiza cia,Rock Bunting,0.0005,Filtered_Without_Harmonics\Normalized_Audio\Lesser Goldfinch.wav,-1,-1,27,0.01
6.0,9.0,Spinus notatus,Black-headed Siskin,0.0005,Filtered_Without_Harmonics\Normalized_Audio\Lesser Goldfinch.wav,-1,-1,27,0.01
6.0,9.0,Polioptila lembeyei,Cuban Gnatcatcher,0.0005,Filtered_Without_Harmonics\Normalized_Audio\Lesser Goldfinch.wav,-1,-1,27,0.01
6.0,9.0,Acrocephalus agricola,Paddyfield Warbler,0.0005,Filtered_Without_Harmonics\Normalized_Audio\Lesser Goldfinch.wav,-1,-1,27,0.01
9.0,10.0,Spinus tristis,American Goldfinch,0.7082,Filtered_Without_Harmonics\Normalized_Audio\Lesser Goldfinch.wav,-1,-1,27,0.01
9.0,10.0,Hedydipna collaris,Collared Sunbird,0.0895,Filtered_Without_Harmonics\Normalized_Audio\Lesser Goldfinch.wav,-1,-1,27,0.01
9.0,10.0,Sporophila minuta,Ruddy-breasted Seedeater,0.0505,Filtered_Without_Harmonics\Normalized_Audio\Lesser Goldfinch.wav,-1,-1,27,0.01
9.0,10.0,Thraupis sayaca,Sayaca Tanager,0.0093,Filtered_Without_Harmonics\Normalized_Audio\Lesser Goldfinch.wav,-1,-1,27,0.01
9.0,10.0,Passerina cyanea,Indigo Bunting,0.0092,Filtered_Without_Harmonics\Normalized_Audio\Lesser Goldfinch.wav,-1,-1,27,0.01
9.0,10.0,Spinus psaltria,Lesser Goldfinch,0.0081,Filtered_Without_Harmonics\Normalized_Audio\Lesser Goldfinch.wav,-1,-1,27,0.01
9.0,10.0,Periparus ater,Coal Tit,0.0080,Filtered_Without_Harmonics\Normalized_Audio\Lesser Goldfinch.wav,-1,-1,27,0.01
9.0,10.0,Spinus magellanicus,Hooded Siskin,0.0042,Filtered_Without_Harmonics\Normalized_Audio\Lesser Goldfinch.wav,-1,-1,27,0.01
9.0,10.0,Vidua chalybeata,Village Indigobird,0.0041,Filtered_Without_Harmonics\Normalized_Audio\Lesser Goldfinch.wav,-1,-1,27,0.01
9.0,10.0,Spinus spinescens,Andean Siskin,0.0035,Filtered_Without_Harmonics\Normalized_Audio\Lesser Goldfinch.wav,-1,-1,27,0.01
9.0,10.0,Cisticola marginatus,Winding Cisticola,0.0034,Filtered_Without_Harmonics\Normalized_Audio\Lesser Goldfinch.wav,-1,-1,27,0.01
9.0,10.0,Atlapetes melanolaemus,Black-faced Brushfinch,0.0030,Filtered_Without_Harmonics\Normalized_Audio\Lesser Goldfinch.wav,-1,-1,27,0.01
9.0,10.0,Hippolais icterina,Icterine Warbler,0.0027,Filtered_Without_Harmonics\Normalized_Audio\Lesser Goldfinch.wav,-1,-1,27,0.01
9.0,10.0,Polioptila caerulea,Blue-gray Gnatcatcher,0.0023,Filtered_Without_Harmonics\Normalized_Audio\Lesser Goldfinch.wav,-1,-1,27,0.01
9.0,10.0,Sporophila bouvreuil,Copper Seedeater,0.0021,Filtered_Without_Harmonics\Normalized_Audio\Lesser Goldfinch.wav,-1,-1,27,0.01
9.0,10.0,Polioptila dumicola,Masked Gnatcatcher,0.0020,Filtered_Without_Harmonics\Normalized_Audio\Lesser Goldfinch.wav,-1,-1,27,0.01
9.0,10.0,Crithagra mozambica,Yellow-fronted Canary,0.0017,Filtered_Without_Harmonics\Normalized_Audio\Lesser Goldfinch.wav,-1,-1,27,0.01
9.0,10.0,Serinus canaria,Island Canary,0.0016,Filtered_Without_Harmonics\Normalized_Audio\Lesser Goldfinch.wav,-1,-1,27,0.01
9.0,10.0,Periparus rubidiventris,Rufous-vented Tit,0.0015,Filtered_Without_Harmonics\Normalized_Audio\Lesser Goldfinch.wav,-1,-1,27,0.01
9.0,10.0,Spinus spinus,Eurasian Siskin,0.0011,Filtered_Without_Harmonics\Normalized_Audio\Lesser Goldfinch.wav,-1,-1,27,0.01
0.0,3.0,Zenaida macroura,Mourning Dove,0.8992,Filtered_Without_Harmonics\Normalized_Audio\Mourning Dove.wav,-1,-1,27,0.01
0.0,3.0,Sarothrura elegans,Buff-spotted Flufftail,0.1123,Filtered_Without_Harmonics\Normalized_Audio\Mourning Dove.wav,-1,-1,27,0.01
0.0,3.0,Zenaida asiatica,White-winged Dove,0.0354,Filtered_Without_Harmonics\Normalized_Audio\Mourning Dove.wav,-1,-1,27,0.01
0.0,3.0,Zenaida aurita,Zenaida Dove,0.0265,Filtered_Without_Harmonics\Normalized_Audio\Mourning Dove.wav,-1,-1,27,0.01
0.0,3.0,Geococcyx velox,Lesser Roadrunner,0.0224,Filtered_Without_Harmonics\Normalized_Audio\Mourning Dove.wav,-1,-1,27,0.01
0.0,3.0,Gavia immer,Common Loon,0.0172,Filtered_Without_Harmonics\Normalized_Audio\Mourning Dove.wav,-1,-1,27,0.01
0.0,3.0,Engine,Engine,0.0153,Filtered_Without_Harmonics\Normalized_Audio\Mourning Dove.wav,-1,-1,27,0.01
0.0,3.0,Canis lupus,Gray Wolf,0.0137,Filtered_Without_Harmonics\Normalized_Audio\Mourning Dove.wav,-1,-1,27,0.01
0.0,3.0,Leptotila verreauxi,White-tipped Dove,0.0098,Filtered_Without_Harmonics\Normalized_Audio\Mourning Dove.wav,-1,-1,27,0.01
0.0,3.0,Bubo bubo,Eurasian Eagle-Owl,0.0091,Filtered_Without_Harmonics\Normalized_Audio\Mourning Dove.wav,-1,-1,27,0.01
0.0,3.0,Dog,Dog,0.0088,Filtered_Without_Harmonics\Normalized_Audio\Mourning Dove.wav,-1,-1,27,0.01
0.0,3.0,Zenaida meloda,West Peruvian Dove,0.0087,Filtered_Without_Harmonics\Normalized_Audio\Mourning Dove.wav,-1,-1,27,0.01
0.0,3.0,Patagioenas picazuro,Picazuro Pigeon,0.0074,Filtered_Without_Harmonics\Normalized_Audio\Mourning Dove.wav,-1,-1,27,0.01
0.0,3.0,Strix ocellata,Mottled Wood-Owl,0.0068,Filtered_Without_Harmonics\Normalized_Audio\Mourning Dove.wav,-1,-1,27,0.01
0.0,3.0,Ardenna pacifica,Wedge-tailed Shearwater,0.0057,Filtered_Without_Harmonics\Normalized_Audio\Mourning Dove.wav,-1,-1,27,0.01
0.0,3.0,Strix varia,Barred Owl,0.0057,Filtered_Without_Harmonics\Normalized_Audio\Mourning Dove.wav,-1,-1,27,0.01
0.0,3.0,Streptopelia decaocto,Eurasian Collared-Dove,0.0054,Filtered_Without_Harmonics\Normalized_Audio\Mourning Dove.wav,-1,-1,27,0.01
0.0,3.0,Asio otus,Long-eared Owl,0.0053,Filtered_Without_Harmonics\Normalized_Audio\Mourning Dove.wav,-1,-1,27,0.01
0.0,3.0,Leptotila cassinii,Gray-chested Dove,0.0053,Filtered_Without_Harmonics\Normalized_Audio\Mourning Dove.wav,-1,-1,27,0.01
0.0,3.0,Human vocal,Human vocal,0.0046,Filtered_Without_Harmonics\Normalized_Audio\Mourning Dove.wav,-1,-1,27,0.01
3.0,6.0,Zenaida macroura,Mourning Dove,0.9617,Filtered_Without_Harmonics\Normalized_Audio\Mourning Dove.wav,-1,-1,27,0.01
3.0,6.0,Zenaida meloda,West Peruvian Dove,0.0130,Filtered_Without_Harmonics\Normalized_Audio\Mourning Dove.wav,-1,-1,27,0.01
3.0,6.0,Zenaida asiatica,White-winged Dove,0.0126,Filtered_Without_Harmonics\Normalized_Audio\Mourning Dove.wav,-1,-1,27,0.01
3.0,6.0,Sarothrura elegans,Buff-spotted Flufftail,0.0060,Filtered_Without_Harmonics\Normalized_Audio\Mourning Dove.wav,-1,-1,27,0.01
3.0,6.0,Streptopelia decaocto,Eurasian Collared-Dove,0.0052,Filtered_Without_Harmonics\Normalized_Audio\Mourning Dove.wav,-1,-1,27,0.01
3.0,6.0,Zenaida aurita,Zenaida Dove,0.0039,Filtered_Without_Harmonics\Normalized_Audio\Mourning Dove.wav,-1,-1,27,0.01
3.0,6.0,Turtur chalcospilos,Emerald-spotted Wood-Dove,0.0038,Filtered_Without_Harmonics\Normalized_Audio\Mourning Dove.wav,-1,-1,27,0.01
3.0,6.0,Turtur abyssinicus,Black-billed Wood-Dove,0.0035,Filtered_Without_Harmonics\Normalized_Audio\Mourning Dove.wav,-1,-1,27,0.01
3.0,6.0,Geococcyx californianus,Greater Roadrunner,0.0023,Filtered_Without_Harmonics\Normalized_Audio\Mourning Dove.wav,-1,-1,27,0.01
3.0,6.0,Columba iriditorques,Bronze-naped Pigeon,0.0023,Filtered_Without_Harmonics\Normalized_Audio\Mourning Dove.wav,-1,-1,27,0.01
3.0,6.0,Engine,Engine,0.0021,Filtered_Without_Harmonics\Normalized_Audio\Mourning Dove.wav,-1,-1,27,0.01
3.0,6.0,Geococcyx velox,Lesser Roadrunner,0.0011,Filtered_Without_Harmonics\Normalized_Audio\Mourning Dove.wav,-1,-1,27,0.01
3.0,6.0,Centropus rectunguis,Short-toed Coucal,0.0011,Filtered_Without_Harmonics\Normalized_Audio\Mourning Dove.wav,-1,-1,27,0.01
3.0,6.0,Leptotila verreauxi,White-tipped Dove,0.0008,Filtered_Without_Harmonics\Normalized_Audio\Mourning Dove.wav,-1,-1,27,0.01
3.0,6.0,Columba palumbus,Common Wood-Pigeon,0.0008,Filtered_Without_Harmonics\Normalized_Audio\Mourning Dove.wav,-1,-1,27,0.01
3.0,6.0,Human whistle,Human whistle,0.0007,Filtered_Without_Harmonics\Normalized_Audio\Mourning Dove.wav,-1,-1,27,0.01
3.0,6.0,Podargus ocellatus,Marbled Frogmouth,0.0005,Filtered_Without_Harmonics\Normalized_Audio\Mourning Dove.wav,-1,-1,27,0.01
3.0,6.0,Turtur afer,Blue-spotted Wood-Dove,0.0005,Filtered_Without_Harmonics\Normalized_Audio\Mourning Dove.wav,-1,-1,27,0.01
3.0,6.0,Melanerpes uropygialis,Gila Woodpecker,0.0004,Filtered_Without_Harmonics\Normalized_Audio\Mourning Dove.wav,-1,-1,27,0.01
3.0,6.0,Ninox strenua,Powerful Owl,0.0004,Filtered_Without_Harmonics\Normalized_Audio\Mourning Dove.wav,-1,-1,27,0.01
6.0,9.0,Zenaida macroura,Mourning Dove,0.8967,Filtered_Without_Harmonics\Normalized_Audio\Mourning Dove.wav,-1,-1,27,0.01
6.0,9.0,Leptotila verreauxi,White-tipped Dove,0.0412,Filtered_Without_Harmonics\Normalized_Audio\Mourning Dove.wav,-1,-1,27,0.01
6.0,9.0,Zenaida meloda,West Peruvian Dove,0.0294,Filtered_Without_Harmonics\Normalized_Audio\Mourning Dove.wav,-1,-1,27,0.01
6.0,9.0,Streptopelia decaocto,Eurasian Collared-Dove,0.0265,Filtered_Without_Harmonics\Normalized_Audio\Mourning Dove.wav,-1,-1,27,0.01
6.0,9.0,Geococcyx velox,Lesser Roadrunner,0.0120,Filtered_Without_Harmonics\Normalized_Audio\Mourning Dove.wav,-1,-1,27,0.01
6.0,9.0,Bubo bubo,Eurasian Eagle-Owl,0.0092,Filtered_Without_Harmonics\Normalized_Audio\Mourning Dove.wav,-1,-1,27,0.01
6.0,9.0,Zenaida aurita,Zenaida Dove,0.0060,Filtered_Without_Harmonics\Normalized_Audio\Mourning Dove.wav,-1,-1,27,0.01
6.0,9.0,Asio otus,Long-eared Owl,0.0043,Filtered_Without_Harmonics\Normalized_Audio\Mourning Dove.wav,-1,-1,27,0.01
6.0,9.0,Sarothrura elegans,Buff-spotted Flufftail,0.0033,Filtered_Without_Harmonics\Normalized_Audio\Mourning Dove.wav,-1,-1,27,0.01
6.0,9.0,Engine,Engine,0.0032,Filtered_Without_Harmonics\Normalized_Audio\Mourning Dove.wav,-1,-1,27,0.01
6.0,9.0,Strix ocellata,Mottled Wood-Owl,0.0030,Filtered_Without_Harmonics\Normalized_Audio\Mourning Dove.wav,-1,-1,27,0.01
6.0,9.0,Zenaida asiatica,White-winged Dove,0.0028,Filtered_Without_Harmonics\Normalized_Audio\Mourning Dove.wav,-1,-1,27,0.01
6.0,9.0,Leptotila rufaxilla,Gray-fronted Dove,0.0024,Filtered_Without_Harmonics\Normalized_Audio\Mourning Dove.wav,-1,-1,27,0.01
6.0,9.0,Pterodroma sandwichensis,Hawaiian Petrel,0.0023,Filtered_Without_Harmonics\Normalized_Audio\Mourning Dove.wav,-1,-1,27,0.01
6.0,9.0,Melanerpes carolinus,Red-bellied Woodpecker,0.0019,Filtered_Without_Harmonics\Normalized_Audio\Mourning Dove.wav,-1,-1,27,0.01
6.0,9.0,Patagioenas picazuro,Picazuro Pigeon,0.0016,Filtered_Without_Harmonics\Normalized_Audio\Mourning Dove.wav,-1,-1,27,0.01
6.0,9.0,Zenaida auriculata,Eared Dove,0.0015,Filtered_Without_Harmonics\Normalized_Audio\Mourning Dove.wav,-1,-1,27,0.01
6.0,9.0,Geotrygon montana,Ruddy Quail-Dove,0.0015,Filtered_Without_Harmonics\Normalized_Audio\Mourning Dove.wav,-1,-1,27,0.01
6.0,9.0,Ninox strenua,Powerful Owl,0.0014,Filtered_Without_Harmonics\Normalized_Audio\Mourning Dove.wav,-1,-1,27,0.01
6.0,9.0,Strix varia,Barred Owl,0.0014,Filtered_Without_Harmonics\Normalized_Audio\Mourning Dove.wav,-1,-1,27,0.01
9.0,10.0,Engine,Engine,0.0068,Filtered_Without_Harmonics\Normalized_Audio\Mourning Dove.wav,-1,-1,27,0.01
9.0,10.0,Human vocal,Human vocal,0.0042,Filtered_Without_Harmonics\Normalized_Audio\Mourning Dove.wav,-1,-1,27,0.01
9.0,10.0,Fireworks,Fireworks,0.0034,Filtered_Without_Harmonics\Normalized_Audio\Mourning Dove.wav,-1,-1,27,0.01
9.0,10.0,Bubo virginianus,Great Horned Owl,0.0033,Filtered_Without_Harmonics\Normalized_Audio\Mourning Dove.wav,-1,-1,27,0.01
9.0,10.0,Power tools,Power tools,0.0032,Filtered_Without_Harmonics\Normalized_Audio\Mourning Dove.wav,-1,-1,27,0.01
9.0,10.0,Buteo jamaicensis,Red-tailed Hawk,0.0027,Filtered_Without_Harmonics\Normalized_Audio\Mourning Dove.wav,-1,-1,27,0.01
9.0,10.0,Dryobates minor,Lesser Spotted Woodpecker,0.0027,Filtered_Without_Harmonics\Normalized_Audio\Mourning Dove.wav,-1,-1,27,0.01
9.0,10.0,Dryocopus pileatus,Pileated Woodpecker,0.0026,Filtered_Without_Harmonics\Normalized_Audio\Mourning Dove.wav,-1,-1,27,0.01
9.0,10.0,Turdus merula,Eurasian Blackbird,0.0025,Filtered_Without_Harmonics\Normalized_Audio\Mourning Dove.wav,-1,-1,27,0.01
9.0,10.0,Bombycilla cedrorum,Cedar Waxwing,0.0024,Filtered_Without_Harmonics\Normalized_Audio\Mourning Dove.wav,-1,-1,27,0.01
9.0,10.0,Loxia curvirostra,Red Crossbill,0.0023,Filtered_Without_Harmonics\Normalized_Audio\Mourning Dove.wav,-1,-1,27,0.01
9.0,10.0,Regulus regulus,Goldcrest,0.0023,Filtered_Without_Harmonics\Normalized_Audio\Mourning Dove.wav,-1,-1,27,0.01
9.0,10.0,Bonasa umbellus,Ruffed Grouse,0.0023,Filtered_Without_Harmonics\Normalized_Audio\Mourning Dove.wav,-1,-1,27,0.01
9.0,10.0,Catharus fuscescens,Veery,0.0022,Filtered_Without_Harmonics\Normalized_Audio\Mourning Dove.wav,-1,-1,27,0.01
9.0,10.0,Scolopax minor,American Woodcock,0.0022,Filtered_Without_Harmonics\Normalized_Audio\Mourning Dove.wav,-1,-1,27,0.01
9.0,10.0,Junco hyemalis,Dark-eyed Junco,0.0022,Filtered_Without_Harmonics\Normalized_Audio\Mourning Dove.wav,-1,-1,27,0.01
9.0,10.0,Myiarchus crinitus,Great Crested Flycatcher,0.0021,Filtered_Without_Harmonics\Normalized_Audio\Mourning Dove.wav,-1,-1,27,0.01
9.0,10.0,Catharus ustulatus,Swainson's Thrush,0.0021,Filtered_Without_Harmonics\Normalized_Audio\Mourning Dove.wav,-1,-1,27,0.01
9.0,10.0,Parkesia motacilla,Louisiana Waterthrush,0.0021,Filtered_Without_Harmonics\Normalized_Audio\Mourning Dove.wav,-1,-1,27,0.01
9.0,10.0,Seiurus aurocapilla,Ovenbird,0.0021,Filtered_Without_Harmonics\Normalized_Audio\Mourning Dove.wav,-1,-1,27,0.01
0.0,3.0,Troglodytes aedon,House Wren,0.9904,Filtered_Without_Harmonics\Normalized_Audio\Northern House Wren.wav,-1,-1,27,0.01
0.0,3.0,Melanerpes lewis,Lewis's Woodpecker,0.0074,Filtered_Without_Harmonics\Normalized_Audio\Northern House Wren.wav,-1,-1,27,0.01
0.0,3.0,Spinus barbatus,Black-chinned Siskin,0.0020,Filtered_Without_Harmonics\Normalized_Audio\Northern House Wren.wav,-1,-1,27,0.01
0.0,3.0,Leiothlypis celata,Orange-crowned Warbler,0.0015,Filtered_Without_Harmonics\Normalized_Audio\Northern House Wren.wav,-1,-1,27,0.01
0.0,3.0,Cistothorus palustris,Marsh Wren,0.0008,Filtered_Without_Harmonics\Normalized_Audio\Northern House Wren.wav,-1,-1,27,0.01
0.0,3.0,Contopus sordidulus,Western Wood-Pewee,0.0007,Filtered_Without_Harmonics\Normalized_Audio\Northern House Wren.wav,-1,-1,27,0.01
0.0,3.0,Dendragapus obscurus,Dusky Grouse,0.0007,Filtered_Without_Harmonics\Normalized_Audio\Northern House Wren.wav,-1,-1,27,0.01
0.0,3.0,Spinus pinus,Pine Siskin,0.0007,Filtered_Without_Harmonics\Normalized_Audio\Northern House Wren.wav,-1,-1,27,0.01
0.0,3.0,Aimophila ruficeps,Rufous-crowned Sparrow,0.0006,Filtered_Without_Harmonics\Normalized_Audio\Northern House Wren.wav,-1,-1,27,0.01
0.0,3.0,Contopus virens,Eastern Wood-Pewee,0.0006,Filtered_Without_Harmonics\Normalized_Audio\Northern House Wren.wav,-1,-1,27,0.01
0.0,3.0,Cistothorus platensis,Grass Wren,0.0004,Filtered_Without_Harmonics\Normalized_Audio\Northern House Wren.wav,-1,-1,27,0.01
0.0,3.0,Setophaga kirtlandii,Kirtland's Warbler,0.0003,Filtered_Without_Harmonics\Normalized_Audio\Northern House Wren.wav,-1,-1,27,0.01
0.0,3.0,Spizella passerina,Chipping Sparrow,0.0003,Filtered_Without_Harmonics\Normalized_Audio\Northern House Wren.wav,-1,-1,27,0.01
0.0,3.0,Setophaga pinus,Pine Warbler,0.0003,Filtered_Without_Harmonics\Normalized_Audio\Northern House Wren.wav,-1,-1,27,0.01
0.0,3.0,Melospiza lincolnii,Lincoln's Sparrow,0.0003,Filtered_Without_Harmonics\Normalized_Audio\Northern House Wren.wav,-1,-1,27,0.01
0.0,3.0,Spinus tristis,American Goldfinch,0.0003,Filtered_Without_Harmonics\Normalized_Audio\Northern House Wren.wav,-1,-1,27,0.01
0.0,3.0,Curruca curruca,Lesser Whitethroat,0.0003,Filtered_Without_Harmonics\Normalized_Audio\Northern House Wren.wav,-1,-1,27,0.01
0.0,3.0,Pooecetes gramineus,Vesper Sparrow,0.0003,Filtered_Without_Harmonics\Normalized_Audio\Northern House Wren.wav,-1,-1,27,0.01
0.0,3.0,Loxia leucoptera,White-winged Crossbill,0.0002,Filtered_Without_Harmonics\Normalized_Audio\Northern House Wren.wav,-1,-1,27,0.01
0.0,3.0,Protonotaria citrea,Prothonotary Warbler,0.0002,Filtered_Without_Harmonics\Normalized_Audio\Northern House Wren.wav,-1,-1,27,0.01
3.0,6.0,Cistothorus palustris,Marsh Wren,0.3039,Filtered_Without_Harmonics\Normalized_Audio\Northern House Wren.wav,-1,-1,27,0.01
3.0,6.0,Cistothorus platensis,Grass Wren,0.1903,Filtered_Without_Harmonics\Normalized_Audio\Northern House Wren.wav,-1,-1,27,0.01
3.0,6.0,Troglodytes aedon,House Wren,0.1055,Filtered_Without_Harmonics\Normalized_Audio\Northern House Wren.wav,-1,-1,27,0.01
3.0,6.0,Aimophila ruficeps,Rufous-crowned Sparrow,0.0619,Filtered_Without_Harmonics\Normalized_Audio\Northern House Wren.wav,-1,-1,27,0.01
3.0,6.0,Curruca iberiae,Western Subalpine Warbler,0.0409,Filtered_Without_Harmonics\Normalized_Audio\Northern House Wren.wav,-1,-1,27,0.01
3.0,6.0,Cistothorus stellaris,Sedge Wren,0.0392,Filtered_Without_Harmonics\Normalized_Audio\Northern House Wren.wav,-1,-1,27,0.01
3.0,6.0,Vireo bellii,Bell's Vireo,0.0135,Filtered_Without_Harmonics\Normalized_Audio\Northern House Wren.wav,-1,-1,27,0.01
3.0,6.0,Basileuterus rufifrons,Rufous-capped Warbler,0.0134,Filtered_Without_Harmonics\Normalized_Audio\Northern House Wren.wav,-1,-1,27,0.01
3.0,6.0,Cinnyris venustus,Variable Sunbird,0.0093,Filtered_Without_Harmonics\Normalized_Audio\Northern House Wren.wav,-1,-1,27,0.01
3.0,6.0,Spinus barbatus,Black-chinned Siskin,0.0090,Filtered_Without_Harmonics\Normalized_Audio\Northern House Wren.wav,-1,-1,27,0.01
3.0,6.0,Amphispizopsis quinquestriata,Five-striped Sparrow,0.0077,Filtered_Without_Harmonics\Normalized_Audio\Northern House Wren.wav,-1,-1,27,0.01
3.0,6.0,Curruca melanocephala,Sardinian Warbler,0.0075,Filtered_Without_Harmonics\Normalized_Audio\Northern House Wren.wav,-1,-1,27,0.01
3.0,6.0,Cinnyris pulchellus,Beautiful Sunbird,0.0074,Filtered_Without_Harmonics\Normalized_Audio\Northern House Wren.wav,-1,-1,27,0.01
3.0,6.0,Mirafra cheniana,Latakoo Lark,0.0063,Filtered_Without_Harmonics\Normalized_Audio\Northern House Wren.wav,-1,-1,27,0.01
3.0,6.0,Curruca curruca,Lesser Whitethroat,0.0054,Filtered_Without_Harmonics\Normalized_Audio\Northern House Wren.wav,-1,-1,27,0.01
3.0,6.0,Spinus pinus,Pine Siskin,0.0032,Filtered_Without_Harmonics\Normalized_Audio\Northern House Wren.wav,-1,-1,27,0.01
3.0,6.0,Cardellina pusilla,Wilson's Warbler,0.0028,Filtered_Without_Harmonics\Normalized_Audio\Northern House Wren.wav,-1,-1,27,0.01
3.0,6.0,Lanius collurio,Red-backed Shrike,0.0028,Filtered_Without_Harmonics\Normalized_Audio\Northern House Wren.wav,-1,-1,27,0.01
3.0,6.0,Cinnyris chalybeus,Southern Double-collared Sunbird,0.0026,Filtered_Without_Harmonics\Normalized_Audio\Northern House Wren.wav,-1,-1,27,0.01
3.0,6.0,Polioptila melanura,Black-tailed Gnatcatcher,0.0025,Filtered_Without_Harmonics\Normalized_Audio\Northern House Wren.wav,-1,-1,27,0.01
6.0,9.0,Troglodytes aedon,House Wren,0.9908,Filtered_Without_Harmonics\Normalized_Audio\Northern House Wren.wav,-1,-1,27,0.01
6.0,9.0,Melanerpes lewis,Lewis's Woodpecker,0.0040,Filtered_Without_Harmonics\Normalized_Audio\Northern House Wren.wav,-1,-1,27,0.01
6.0,9.0,Contopus virens,Eastern Wood-Pewee,0.0016,Filtered_Without_Harmonics\Normalized_Audio\Northern House Wren.wav,-1,-1,27,0.01
6.0,9.0,Contopus sordidulus,Western Wood-Pewee,0.0014,Filtered_Without_Harmonics\Normalized_Audio\Northern House Wren.wav,-1,-1,27,0.01
6.0,9.0,Cistothorus platensis,Grass Wren,0.0014,Filtered_Without_Harmonics\Normalized_Audio\Northern House Wren.wav,-1,-1,27,0.01
6.0,9.0,Icterus bullockii,Bullock's Oriole,0.0014,Filtered_Without_Harmonics\Normalized_Audio\Northern House Wren.wav,-1,-1,27,0.01
6.0,9.0,Spinus tristis,American Goldfinch,0.0010,Filtered_Without_Harmonics\Normalized_Audio\Northern House Wren.wav,-1,-1,27,0.01
6.0,9.0,Dendragapus obscurus,Dusky Grouse,0.0009,Filtered_Without_Harmonics\Normalized_Audio\Northern House Wren.wav,-1,-1,27,0.01
6.0,9.0,Curruca curruca,Lesser Whitethroat,0.0007,Filtered_Without_Harmonics\Normalized_Audio\Northern House Wren.wav,-1,-1,27,0.01
6.0,9.0,Spinus barbatus,Black-chinned Siskin,0.0006,Filtered_Without_Harmonics\Normalized_Audio\Northern House Wren.wav,-1,-1,27,0.01
6.0,9.0,Spinus pinus,Pine Siskin,0.0005,Filtered_Without_Harmonics\Normalized_Audio\Northern House Wren.wav,-1,-1,27,0.01
6.0,9.0,Leiothlypis celata,Orange-crowned Warbler,0.0005,Filtered_Without_Harmonics\Normalized_Audio\Northern House Wren.wav,-1,-1,27,0.01
6.0,9.0,Cistothorus stellaris,Sedge Wren,0.0004,Filtered_Without_Harmonics\Normalized_Audio\Northern House Wren.wav,-1,-1,27,0.01
6.0,9.0,Empidonax difficilis,Pacific-slope Flycatcher,0.0004,Filtered_Without_Harmonics\Normalized_Audio\Northern House Wren.wav,-1,-1,27,0.01
6.0,9.0,Sitta pygmaea,Pygmy Nuthatch,0.0004,Filtered_Without_Harmonics\Normalized_Audio\Northern House Wren.wav,-1,-1,27,0.01
6.0,9.0,Baeolophus inornatus,Oak Titmouse,0.0004,Filtered_Without_Harmonics\Normalized_Audio\Northern House Wren.wav,-1,-1,27,0.01
6.0,9.0,Melospiza lincolnii,Lincoln's Sparrow,0.0004,Filtered_Without_Harmonics\Normalized_Audio\Northern House Wren.wav,-1,-1,27,0.01
6.0,9.0,Melospiza melodia,Song Sparrow,0.0003,Filtered_Without_Harmonics\Normalized_Audio\Northern House Wren.wav,-1,-1,27,0.01
6.0,9.0,Setophaga petechia,Yellow Warbler,0.0003,Filtered_Without_Harmonics\Normalized_Audio\Northern House Wren.wav,-1,-1,27,0.01
6.0,9.0,Spizella passerina,Chipping Sparrow,0.0003,Filtered_Without_Harmonics\Normalized_Audio\Northern House Wren.wav,-1,-1,27,0.01
9.0,10.0,Engine,Engine,0.0068,Filtered_Without_Harmonics\Normalized_Audio\Northern House Wren.wav,-1,-1,27,0.01
9.0,10.0,Human vocal,Human vocal,0.0042,Filtered_Without_Harmonics\Normalized_Audio\Northern House Wren.wav,-1,-1,27,0.01
9.0,10.0,Fireworks,Fireworks,0.0034,Filtered_Without_Harmonics\Normalized_Audio\Northern House Wren.wav,-1,-1,27,0.01
9.0,10.0,Bubo virginianus,Great Horned Owl,0.0033,Filtered_Without_Harmonics\Normalized_Audio\Northern House Wren.wav,-1,-1,27,0.01
9.0,10.0,Power tools,Power tools,0.0032,Filtered_Without_Harmonics\Normalized_Audio\Northern House Wren.wav,-1,-1,27,0.01
9.0,10.0,Buteo jamaicensis,Red-tailed Hawk,0.0027,Filtered_Without_Harmonics\Normalized_Audio\Northern House Wren.wav,-1,-1,27,0.01
9.0,10.0,Dryobates minor,Lesser Spotted Woodpecker,0.0027,Filtered_Without_Harmonics\Normalized_Audio\Northern House Wren.wav,-1,-1,27,0.01
9.0,10.0,Dryocopus pileatus,Pileated Woodpecker,0.0026,Filtered_Without_Harmonics\Normalized_Audio\Northern House Wren.wav,-1,-1,27,0.01
9.0,10.0,Turdus merula,Eurasian Blackbird,0.0025,Filtered_Without_Harmonics\Normalized_Audio\Northern House Wren.wav,-1,-1,27,0.01
9.0,10.0,Bombycilla cedrorum,Cedar Waxwing,0.0024,Filtered_Without_Harmonics\Normalized_Audio\Northern House Wren.wav,-1,-1,27,0.01
9.0,10.0,Loxia curvirostra,Red Crossbill,0.0023,Filtered_Without_Harmonics\Normalized_Audio\Northern House Wren.wav,-1,-1,27,0.01
9.0,10.0,Regulus regulus,Goldcrest,0.0023,Filtered_Without_Harmonics\Normalized_Audio\Northern House Wren.wav,-1,-1,27,0.01
9.0,10.0,Bonasa umbellus,Ruffed Grouse,0.0023,Filtered_Without_Harmonics\Normalized_Audio\Northern House Wren.wav,-1,-1,27,0.01
9.0,10.0,Catharus fuscescens,Veery,0.0022,Filtered_Without_Harmonics\Normalized_Audio\Northern House Wren.wav,-1,-1,27,0.01
9.0,10.0,Scolopax minor,American Woodcock,0.0022,Filtered_Without_Harmonics\Normalized_Audio\Northern House Wren.wav,-1,-1,27,0.01
9.0,10.0,Junco hyemalis,Dark-eyed Junco,0.0022,Filtered_Without_Harmonics\Normalized_Audio\Northern House Wren.wav,-1,-1,27,0.01
9.0,10.0,Myiarchus crinitus,Great Crested Flycatcher,0.0021,Filtered_Without_Harmonics\Normalized_Audio\Northern House Wren.wav,-1,-1,27,0.01
9.0,10.0,Catharus ustulatus,Swainson's Thrush,0.0021,Filtered_Without_Harmonics\Normalized_Audio\Northern House Wren.wav,-1,-1,27,0.01
9.0,10.0,Parkesia motacilla,Louisiana Waterthrush,0.0021,Filtered_Without_Harmonics\Normalized_Audio\Northern House Wren.wav,-1,-1,27,0.01
9.0,10.0,Seiurus aurocapilla,Ovenbird,0.0021,Filtered_Without_Harmonics\Normalized_Audio\Northern House Wren.wav,-1,-1,27,0.01
0.0,3.0,Galerida deva,Tawny Lark,0.1109,Filtered_Without_Harmonics\Normalized_Audio\Northern Mockingbird.wav,-1,-1,27,0.01
0.0,3.0,Salpinctes obsoletus,Rock Wren,0.0748,Filtered_Without_Harmonics\Normalized_Audio\Northern Mockingbird.wav,-1,-1,27,0.01
0.0,3.0,Acrocephalus palustris,Marsh Warbler,0.0323,Filtered_Without_Harmonics\Normalized_Audio\Northern Mockingbird.wav,-1,-1,27,0.01
0.0,3.0,Hippolais polyglotta,Melodious Warbler,0.0151,Filtered_Without_Harmonics\Normalized_Audio\Northern Mockingbird.wav,-1,-1,27,0.01
0.0,3.0,Polioptila dumicola,Masked Gnatcatcher,0.0143,Filtered_Without_Harmonics\Normalized_Audio\Northern Mockingbird.wav,-1,-1,27,0.01
0.0,3.0,Alauda gulgula,Oriental Skylark,0.0131,Filtered_Without_Harmonics\Normalized_Audio\Northern Mockingbird.wav,-1,-1,27,0.01
0.0,3.0,Hippolais icterina,Icterine Warbler,0.0112,Filtered_Without_Harmonics\Normalized_Audio\Northern Mockingbird.wav,-1,-1,27,0.01
0.0,3.0,Mimus patagonicus,Patagonian Mockingbird,0.0112,Filtered_Without_Harmonics\Normalized_Audio\Northern Mockingbird.wav,-1,-1,27,0.01
0.0,3.0,Lullula arborea,Wood Lark,0.0097,Filtered_Without_Harmonics\Normalized_Audio\Northern Mockingbird.wav,-1,-1,27,0.01
0.0,3.0,Luscinia svecica,Bluethroat,0.0096,Filtered_Without_Harmonics\Normalized_Audio\Northern Mockingbird.wav,-1,-1,27,0.01
0.0,3.0,Geositta rufipennis,Rufous-banded Miner,0.0091,Filtered_Without_Harmonics\Normalized_Audio\Northern Mockingbird.wav,-1,-1,27,0.01
0.0,3.0,Galerida malabarica,Malabar Lark,0.0077,Filtered_Without_Harmonics\Normalized_Audio\Northern Mockingbird.wav,-1,-1,27,0.01
0.0,3.0,Mirafra cheniana,Latakoo Lark,0.0074,Filtered_Without_Harmonics\Normalized_Audio\Northern Mockingbird.wav,-1,-1,27,0.01
0.0,3.0,Calandrella cinerea,Red-capped Lark,0.0071,Filtered_Without_Harmonics\Normalized_Audio\Northern Mockingbird.wav,-1,-1,27,0.01
0.0,3.0,Acrocephalus schoenobaenus,Sedge Warbler,0.0069,Filtered_Without_Harmonics\Normalized_Audio\Northern Mockingbird.wav,-1,-1,27,0.01
0.0,3.0,Cistothorus platensis,Grass Wren,0.0065,Filtered_Without_Harmonics\Normalized_Audio\Northern Mockingbird.wav,-1,-1,27,0.01
0.0,3.0,Mimus polyglottos,Northern Mockingbird,0.0065,Filtered_Without_Harmonics\Normalized_Audio\Northern Mockingbird.wav,-1,-1,27,0.01
0.0,3.0,Acrocephalus agricola,Paddyfield Warbler,0.0054,Filtered_Without_Harmonics\Normalized_Audio\Northern Mockingbird.wav,-1,-1,27,0.01
0.0,3.0,Acrocephalus dumetorum,Blyth's Reed Warbler,0.0046,Filtered_Without_Harmonics\Normalized_Audio\Northern Mockingbird.wav,-1,-1,27,0.01
0.0,3.0,Calliope tschebaiewi,Chinese Rubythroat,0.0045,Filtered_Without_Harmonics\Normalized_Audio\Northern Mockingbird.wav,-1,-1,27,0.01
3.0,6.0,Salpinctes obsoletus,Rock Wren,0.2227,Filtered_Without_Harmonics\Normalized_Audio\Northern Mockingbird.wav,-1,-1,27,0.01
3.0,6.0,Melozone fusca,Canyon Towhee,0.0595,Filtered_Without_Harmonics\Normalized_Audio\Northern Mockingbird.wav,-1,-1,27,0.01
3.0,6.0,Mimus polyglottos,Northern Mockingbird,0.0318,Filtered_Without_Harmonics\Normalized_Audio\Northern Mockingbird.wav,-1,-1,27,0.01
3.0,6.0,Mimus patagonicus,Patagonian Mockingbird,0.0275,Filtered_Without_Harmonics\Normalized_Audio\Northern Mockingbird.wav,-1,-1,27,0.01
3.0,6.0,Turdus migratorius,American Robin,0.0161,Filtered_Without_Harmonics\Normalized_Audio\Northern Mockingbird.wav,-1,-1,27,0.01
3.0,6.0,Epthianura tricolor,Crimson Chat,0.0098,Filtered_Without_Harmonics\Normalized_Audio\Northern Mockingbird.wav,-1,-1,27,0.01
3.0,6.0,Formicivora rufa,Rusty-backed Antwren,0.0080,Filtered_Without_Harmonics\Normalized_Audio\Northern Mockingbird.wav,-1,-1,27,0.01
3.0,6.0,Chloris chloris,European Greenfinch,0.0073,Filtered_Without_Harmonics\Normalized_Audio\Northern Mockingbird.wav,-1,-1,27,0.01
3.0,6.0,Toxostoma crissale,Crissal Thrasher,0.0067,Filtered_Without_Harmonics\Normalized_Audio\Northern Mockingbird.wav,-1,-1,27,0.01
3.0,6.0,Pipilo maculatus,Spotted Towhee,0.0066,Filtered_Without_Harmonics\Normalized_Audio\Northern Mockingbird.wav,-1,-1,27,0.01
3.0,6.0,Baeolophus ridgwayi,Juniper Titmouse,0.0062,Filtered_Without_Harmonics\Normalized_Audio\Northern Mockingbird.wav,-1,-1,27,0.01
3.0,6.0,Galerida deva,Tawny Lark,0.0052,Filtered_Without_Harmonics\Normalized_Audio\Northern Mockingbird.wav,-1,-1,27,0.01
3.0,6.0,Melaniparus cinerascens,Ashy Tit,0.0052,Filtered_Without_Harmonics\Normalized_Audio\Northern Mockingbird.wav,-1,-1,27,0.01
3.0,6.0,Baeolophus inornatus,Oak Titmouse,0.0049,Filtered_Without_Harmonics\Normalized_Audio\Northern Mockingbird.wav,-1,-1,27,0.01
3.0,6.0,Phylidonyris niger,White-cheeked Honeyeater,0.0046,Filtered_Without_Harmonics\Normalized_Audio\Northern Mockingbird.wav,-1,-1,27,0.01
3.0,6.0,Mimus gilvus,Tropical Mockingbird,0.0043,Filtered_Without_Harmonics\Normalized_Audio\Northern Mockingbird.wav,-1,-1,27,0.01
3.0,6.0,Acrocephalus newtoni,Madagascar Swamp Warbler,0.0041,Filtered_Without_Harmonics\Normalized_Audio\Northern Mockingbird.wav,-1,-1,27,0.01
3.0,6.0,Vireo pallens,Mangrove Vireo,0.0041,Filtered_Without_Harmonics\Normalized_Audio\Northern Mockingbird.wav,-1,-1,27,0.01
3.0,6.0,Chondestes grammacus,Lark Sparrow,0.0040,Filtered_Without_Harmonics\Normalized_Audio\Northern Mockingbird.wav,-1,-1,27,0.01
3.0,6.0,Cisticola chiniana,Rattling Cisticola,0.0034,Filtered_Without_Harmonics\Normalized_Audio\Northern Mockingbird.wav,-1,-1,27,0.01
6.0,9.0,Lullula arborea,Wood Lark,0.3731,Filtered_Without_Harmonics\Normalized_Audio\Northern Mockingbird.wav,-1,-1,27,0.01
6.0,9.0,Chamaea fasciata,Wrentit,0.2212,Filtered_Without_Harmonics\Normalized_Audio\Northern Mockingbird.wav,-1,-1,27,0.01
6.0,9.0,Pomatostomus ruficeps,Chestnut-crowned Babbler,0.0895,Filtered_Without_Harmonics\Normalized_Audio\Northern Mockingbird.wav,-1,-1,27,0.01
6.0,9.0,Galerida deva,Tawny Lark,0.0734,Filtered_Without_Harmonics\Normalized_Audio\Northern Mockingbird.wav,-1,-1,27,0.01
6.0,9.0,Calandrella cinerea,Red-capped Lark,0.0373,Filtered_Without_Harmonics\Normalized_Audio\Northern Mockingbird.wav,-1,-1,27,0.01
6.0,9.0,Geositta rufipennis,Rufous-banded Miner,0.0303,Filtered_Without_Harmonics\Normalized_Audio\Northern Mockingbird.wav,-1,-1,27,0.01
6.0,9.0,Mimus patagonicus,Patagonian Mockingbird,0.0251,Filtered_Without_Harmonics\Normalized_Audio\Northern Mockingbird.wav,-1,-1,27,0.01
6.0,9.0,Melaniparus cinerascens,Ashy Tit,0.0248,Filtered_Without_Harmonics\Normalized_Audio\Northern Mockingbird.wav,-1,-1,27,0.01
6.0,9.0,Salpinctes obsoletus,Rock Wren,0.0237,Filtered_Without_Harmonics\Normalized_Audio\Northern Mockingbird.wav,-1,-1,27,0.01
6.0,9.0,Cercotrichas paena,Kalahari Scrub-Robin,0.0106,Filtered_Without_Harmonics\Normalized_Audio\Northern Mockingbird.wav,-1,-1,27,0.01
6.0,9.0,Mimus polyglottos,Northern Mockingbird,0.0098,Filtered_Without_Harmonics\Normalized_Audio\Northern Mockingbird.wav,-1,-1,27,0.01
6.0,9.0,Charadrius semipalmatus,Semipalmated Plover,0.0090,Filtered_Without_Harmonics\Normalized_Audio\Northern Mockingbird.wav,-1,-1,27,0.01
6.0,9.0,Epthianura tricolor,Crimson Chat,0.0086,Filtered_Without_Harmonics\Normalized_Audio\Northern Mockingbird.wav,-1,-1,27,0.01
6.0,9.0,Hippolais icterina,Icterine Warbler,0.0086,Filtered_Without_Harmonics\Normalized_Audio\Northern Mockingbird.wav,-1,-1,27,0.01
6.0,9.0,Sitta yunnanensis,Yunnan Nuthatch,0.0077,Filtered_Without_Harmonics\Normalized_Audio\Northern Mockingbird.wav,-1,-1,27,0.01
6.0,9.0,Microeca fascinans,Jacky-winter,0.0055,Filtered_Without_Harmonics\Normalized_Audio\Northern Mockingbird.wav,-1,-1,27,0.01
6.0,9.0,Curruca subcoerulea,Chestnut-vented Warbler,0.0052,Filtered_Without_Harmonics\Normalized_Audio\Northern Mockingbird.wav,-1,-1,27,0.01
6.0,9.0,Cisticola aridulus,Desert Cisticola,0.0046,Filtered_Without_Harmonics\Normalized_Audio\Northern Mockingbird.wav,-1,-1,27,0.01
6.0,9.0,Baeolophus wollweberi,Bridled Titmouse,0.0042,Filtered_Without_Harmonics\Normalized_Audio\Northern Mockingbird.wav,-1,-1,27,0.01
6.0,9.0,Rhopophilus pekinensis,Beijing Babbler,0.0039,Filtered_Without_Harmonics\Normalized_Audio\Northern Mockingbird.wav,-1,-1,27,0.01
9.0,10.0,Chamaea fasciata,Wrentit,0.7175,Filtered_Without_Harmonics\Normalized_Audio\Northern Mockingbird.wav,-1,-1,27,0.01
9.0,10.0,Microeca fascinans,Jacky-winter,0.0926,Filtered_Without_Harmonics\Normalized_Audio\Northern Mockingbird.wav,-1,-1,27,0.01
9.0,10.0,Salpinctes obsoletus,Rock Wren,0.0701,Filtered_Without_Harmonics\Normalized_Audio\Northern Mockingbird.wav,-1,-1,27,0.01
9.0,10.0,Lullula arborea,Wood Lark,0.0579,Filtered_Without_Harmonics\Normalized_Audio\Northern Mockingbird.wav,-1,-1,27,0.01
9.0,10.0,Haemorhous mexicanus,House Finch,0.0367,Filtered_Without_Harmonics\Normalized_Audio\Northern Mockingbird.wav,-1,-1,27,0.01
9.0,10.0,Icterus auratus,Orange Oriole,0.0243,Filtered_Without_Harmonics\Normalized_Audio\Northern Mockingbird.wav,-1,-1,27,0.01
9.0,10.0,Grallaricula leymebambae,Leymebamba Antpitta,0.0232,Filtered_Without_Harmonics\Normalized_Audio\Northern Mockingbird.wav,-1,-1,27,0.01
9.0,10.0,Galerida deva,Tawny Lark,0.0224,Filtered_Without_Harmonics\Normalized_Audio\Northern Mockingbird.wav,-1,-1,27,0.01
9.0,10.0,Artemisiospiza belli,Bell's Sparrow,0.0218,Filtered_Without_Harmonics\Normalized_Audio\Northern Mockingbird.wav,-1,-1,27,0.01
9.0,10.0,Baeolophus wollweberi,Bridled Titmouse,0.0198,Filtered_Without_Harmonics\Normalized_Audio\Northern Mockingbird.wav,-1,-1,27,0.01
9.0,10.0,Geositta rufipennis,Rufous-banded Miner,0.0162,Filtered_Without_Harmonics\Normalized_Audio\Northern Mockingbird.wav,-1,-1,27,0.01
9.0,10.0,Calandrella cinerea,Red-capped Lark,0.0119,Filtered_Without_Harmonics\Normalized_Audio\Northern Mockingbird.wav,-1,-1,27,0.01
9.0,10.0,Hypocnemoides melanopogon,Black-chinned Antbird,0.0096,Filtered_Without_Harmonics\Normalized_Audio\Northern Mockingbird.wav,-1,-1,27,0.01
9.0,10.0,Anthus rubescens,American Pipit,0.0080,Filtered_Without_Harmonics\Normalized_Audio\Northern Mockingbird.wav,-1,-1,27,0.01
9.0,10.0,Lalage tricolor,White-winged Triller,0.0071,Filtered_Without_Harmonics\Normalized_Audio\Northern Mockingbird.wav,-1,-1,27,0.01
9.0,10.0,Artemisiospiza nevadensis,Sagebrush Sparrow,0.0062,Filtered_Without_Harmonics\Normalized_Audio\Northern Mockingbird.wav,-1,-1,27,0.01
9.0,10.0,Myrmotherula ignota,Moustached Antwren,0.0058,Filtered_Without_Harmonics\Normalized_Audio\Northern Mockingbird.wav,-1,-1,27,0.01
9.0,10.0,Catherpes mexicanus,Canyon Wren,0.0058,Filtered_Without_Harmonics\Normalized_Audio\Northern Mockingbird.wav,-1,-1,27,0.01
9.0,10.0,Curruca subcoerulea,Chestnut-vented Warbler,0.0057,Filtered_Without_Harmonics\Normalized_Audio\Northern Mockingbird.wav,-1,-1,27,0.01
9.0,10.0,Garrulax taewanus,Taiwan Hwamei,0.0055,Filtered_Without_Harmonics\Normalized_Audio\Northern Mockingbird.wav,-1,-1,27,0.01
0.0,3.0,Engine,Engine,0.0068,Filtered_Without_Harmonics\Normalized_Audio\Northern Yellow Warbler.wav,-1,-1,27,0.01
0.0,3.0,Human vocal,Human vocal,0.0042,Filtered_Without_Harmonics\Normalized_Audio\Northern Yellow Warbler.wav,-1,-1,27,0.01
0.0,3.0,Fireworks,Fireworks,0.0034,Filtered_Without_Harmonics\Normalized_Audio\Northern Yellow Warbler.wav,-1,-1,27,0.01
0.0,3.0,Bubo virginianus,Great Horned Owl,0.0033,Filtered_Without_Harmonics\Normalized_Audio\Northern Yellow Warbler.wav,-1,-1,27,0.01
0.0,3.0,Power tools,Power tools,0.0032,Filtered_Without_Harmonics\Normalized_Audio\Northern Yellow Warbler.wav,-1,-1,27,0.01
0.0,3.0,Buteo jamaicensis,Red-tailed Hawk,0.0027,Filtered_Without_Harmonics\Normalized_Audio\Northern Yellow Warbler.wav,-1,-1,27,0.01
0.0,3.0,Dryobates minor,Lesser Spotted Woodpecker,0.0027,Filtered_Without_Harmonics\Normalized_Audio\Northern Yellow Warbler.wav,-1,-1,27,0.01
0.0,3.0,Dryocopus pileatus,Pileated Woodpecker,0.0026,Filtered_Without_Harmonics\Normalized_Audio\Northern Yellow Warbler.wav,-1,-1,27,0.01
0.0,3.0,Turdus merula,Eurasian Blackbird,0.0025,Filtered_Without_Harmonics\Normalized_Audio\Northern Yellow Warbler.wav,-1,-1,27,0.01
0.0,3.0,Bombycilla cedrorum,Cedar Waxwing,0.0024,Filtered_Without_Harmonics\Normalized_Audio\Northern Yellow Warbler.wav,-1,-1,27,0.01
0.0,3.0,Loxia curvirostra,Red Crossbill,0.0023,Filtered_Without_Harmonics\Normalized_Audio\Northern Yellow Warbler.wav,-1,-1,27,0.01
0.0,3.0,Regulus regulus,Goldcrest,0.0023,Filtered_Without_Harmonics\Normalized_Audio\Northern Yellow Warbler.wav,-1,-1,27,0.01
0.0,3.0,Bonasa umbellus,Ruffed Grouse,0.0023,Filtered_Without_Harmonics\Normalized_Audio\Northern Yellow Warbler.wav,-1,-1,27,0.01
0.0,3.0,Catharus fuscescens,Veery,0.0022,Filtered_Without_Harmonics\Normalized_Audio\Northern Yellow Warbler.wav,-1,-1,27,0.01
0.0,3.0,Scolopax minor,American Woodcock,0.0022,Filtered_Without_Harmonics\Normalized_Audio\Northern Yellow Warbler.wav,-1,-1,27,0.01
0.0,3.0,Junco hyemalis,Dark-eyed Junco,0.0022,Filtered_Without_Harmonics\Normalized_Audio\Northern Yellow Warbler.wav,-1,-1,27,0.01
0.0,3.0,Myiarchus crinitus,Great Crested Flycatcher,0.0021,Filtered_Without_Harmonics\Normalized_Audio\Northern Yellow Warbler.wav,-1,-1,27,0.01
0.0,3.0,Catharus ustulatus,Swainson's Thrush,0.0021,Filtered_Without_Harmonics\Normalized_Audio\Northern Yellow Warbler.wav,-1,-1,27,0.01
0.0,3.0,Parkesia motacilla,Louisiana Waterthrush,0.0021,Filtered_Without_Harmonics\Normalized_Audio\Northern Yellow Warbler.wav,-1,-1,27,0.01
0.0,3.0,Seiurus aurocapilla,Ovenbird,0.0021,Filtered_Without_Harmonics\Normalized_Audio\Northern Yellow Warbler.wav,-1,-1,27,0.01
3.0,6.0,Setophaga petechia,Yellow Warbler,0.9434,Filtered_Without_Harmonics\Normalized_Audio\Northern Yellow Warbler.wav,-1,-1,27,0.01
3.0,6.0,Setophaga ruticilla,American Redstart,0.0161,Filtered_Without_Harmonics\Normalized_Audio\Northern Yellow Warbler.wav,-1,-1,27,0.01
3.0,6.0,Leiothlypis ruficapilla,Nashville Warbler,0.0099,Filtered_Without_Harmonics\Normalized_Audio\Northern Yellow Warbler.wav,-1,-1,27,0.01
3.0,6.0,Cardellina pusilla,Wilson's Warbler,0.0092,Filtered_Without_Harmonics\Normalized_Audio\Northern Yellow Warbler.wav,-1,-1,27,0.01
3.0,6.0,Empidonax traillii,Willow Flycatcher,0.0091,Filtered_Without_Harmonics\Normalized_Audio\Northern Yellow Warbler.wav,-1,-1,27,0.01
3.0,6.0,Setophaga pensylvanica,Chestnut-sided Warbler,0.0070,Filtered_Without_Harmonics\Normalized_Audio\Northern Yellow Warbler.wav,-1,-1,27,0.01
3.0,6.0,Melospiza melodia,Song Sparrow,0.0065,Filtered_Without_Harmonics\Normalized_Audio\Northern Yellow Warbler.wav,-1,-1,27,0.01
3.0,6.0,Icterus galbula,Baltimore Oriole,0.0045,Filtered_Without_Harmonics\Normalized_Audio\Northern Yellow Warbler.wav,-1,-1,27,0.01
3.0,6.0,Agelaius phoeniceus,Red-winged Blackbird,0.0038,Filtered_Without_Harmonics\Normalized_Audio\Northern Yellow Warbler.wav,-1,-1,27,0.01
3.0,6.0,Geothlypis trichas,Common Yellowthroat,0.0035,Filtered_Without_Harmonics\Normalized_Audio\Northern Yellow Warbler.wav,-1,-1,27,0.01
3.0,6.0,Empidonax alnorum,Alder Flycatcher,0.0032,Filtered_Without_Harmonics\Normalized_Audio\Northern Yellow Warbler.wav,-1,-1,27,0.01
3.0,6.0,Vireo gilvus,Warbling Vireo,0.0031,Filtered_Without_Harmonics\Normalized_Audio\Northern Yellow Warbler.wav,-1,-1,27,0.01
3.0,6.0,Mniotilta varia,Black-and-white Warbler,0.0029,Filtered_Without_Harmonics\Normalized_Audio\Northern Yellow Warbler.wav,-1,-1,27,0.01
3.0,6.0,Spizella pallida,Clay-colored Sparrow,0.0028,Filtered_Without_Harmonics\Normalized_Audio\Northern Yellow Warbler.wav,-1,-1,27,0.01
3.0,6.0,Spinus tristis,American Goldfinch,0.0022,Filtered_Without_Harmonics\Normalized_Audio\Northern Yellow Warbler.wav,-1,-1,27,0.01
3.0,6.0,Icterus spurius,Orchard Oriole,0.0022,Filtered_Without_Harmonics\Normalized_Audio\Northern Yellow Warbler.wav,-1,-1,27,0.01
3.0,6.0,Setophaga coronata,Yellow-rumped Warbler,0.0022,Filtered_Without_Harmonics\Normalized_Audio\Northern Yellow Warbler.wav,-1,-1,27,0.01
3.0,6.0,Leiothlypis peregrina,Tennessee Warbler,0.0019,Filtered_Without_Harmonics\Normalized_Audio\Northern Yellow Warbler.wav,-1,-1,27,0.01
3.0,6.0,Parkesia noveboracensis,Northern Waterthrush,0.0019,Filtered_Without_Harmonics\Normalized_Audio\Northern Yellow Warbler.wav,-1,-1,27,0.01
3.0,6.0,Molothrus ater,Brown-headed Cowbird,0.0019,Filtered_Without_Harmonics\Normalized_Audio\Northern Yellow Warbler.wav,-1,-1,27,0.01
6.0,9.0,Setophaga ruticilla,American Redstart,0.1853,Filtered_Without_Harmonics\Normalized_Audio\Northern Yellow Warbler.wav,-1,-1,27,0.01
6.0,9.0,Setophaga americana,Northern Parula,0.1245,Filtered_Without_Harmonics\Normalized_Audio\Northern Yellow Warbler.wav,-1,-1,27,0.01
6.0,9.0,Setophaga fusca,Blackburnian Warbler,0.0749,Filtered_Without_Harmonics\Normalized_Audio\Northern Yellow Warbler.wav,-1,-1,27,0.01
6.0,9.0,Setophaga caerulescens,Black-throated Blue Warbler,0.0701,Filtered_Without_Harmonics\Normalized_Audio\Northern Yellow Warbler.wav,-1,-1,27,0.01
6.0,9.0,Setophaga cerulea,Cerulean Warbler,0.0699,Filtered_Without_Harmonics\Normalized_Audio\Northern Yellow Warbler.wav,-1,-1,27,0.01
6.0,9.0,Setophaga virens,Black-throated Green Warbler,0.0556,Filtered_Without_Harmonics\Normalized_Audio\Northern Yellow Warbler.wav,-1,-1,27,0.01
6.0,9.0,Setophaga townsendi,Townsend's Warbler,0.0406,Filtered_Without_Harmonics\Normalized_Audio\Northern Yellow Warbler.wav,-1,-1,27,0.01
6.0,9.0,Troglodytes pacificus,Pacific Wren,0.0322,Filtered_Without_Harmonics\Normalized_Audio\Northern Yellow Warbler.wav,-1,-1,27,0.01
6.0,9.0,Helmitheros vermivorum,Worm-eating Warbler,0.0290,Filtered_Without_Harmonics\Normalized_Audio\Northern Yellow Warbler.wav,-1,-1,27,0.01
6.0,9.0,Setophaga pitiayumi,Tropical Parula,0.0287,Filtered_Without_Harmonics\Normalized_Audio\Northern Yellow Warbler.wav,-1,-1,27,0.01
6.0,9.0,Setophaga occidentalis,Hermit Warbler,0.0259,Filtered_Without_Harmonics\Normalized_Audio\Northern Yellow Warbler.wav,-1,-1,27,0.01
6.0,9.0,Vermivora chrysoptera,Golden-winged Warbler,0.0248,Filtered_Without_Harmonics\Normalized_Audio\Northern Yellow Warbler.wav,-1,-1,27,0.01
6.0,9.0,Vermivora cyanoptera,Blue-winged Warbler,0.0191,Filtered_Without_Harmonics\Normalized_Audio\Northern Yellow Warbler.wav,-1,-1,27,0.01
6.0,9.0,Setophaga pensylvanica,Chestnut-sided Warbler,0.0154,Filtered_Without_Harmonics\Normalized_Audio\Northern Yellow Warbler.wav,-1,-1,27,0.01
6.0,9.0,Setophaga citrina,Hooded Warbler,0.0142,Filtered_Without_Harmonics\Normalized_Audio\Northern Yellow Warbler.wav,-1,-1,27,0.01
6.0,9.0,Mniotilta varia,Black-and-white Warbler,0.0140,Filtered_Without_Harmonics\Normalized_Audio\Northern Yellow Warbler.wav,-1,-1,27,0.01
6.0,9.0,Setophaga tigrina,Cape May Warbler,0.0135,Filtered_Without_Harmonics\Normalized_Audio\Northern Yellow Warbler.wav,-1,-1,27,0.01
6.0,9.0,Empidonax difficilis,Pacific-slope Flycatcher,0.0123,Filtered_Without_Harmonics\Normalized_Audio\Northern Yellow Warbler.wav,-1,-1,27,0.01
6.0,9.0,Myioborus miniatus,Slate-throated Redstart,0.0122,Filtered_Without_Harmonics\Normalized_Audio\Northern Yellow Warbler.wav,-1,-1,27,0.01
6.0,9.0,Setophaga striata,Blackpoll Warbler,0.0121,Filtered_Without_Harmonics\Normalized_Audio\Northern Yellow Warbler.wav,-1,-1,27,0.01
9.0,10.0,Engine,Engine,0.0068,Filtered_Without_Harmonics\Normalized_Audio\Northern Yellow Warbler.wav,-1,-1,27,0.01
9.0,10.0,Human vocal,Human vocal,0.0042,Filtered_Without_Harmonics\Normalized_Audio\Northern Yellow Warbler.wav,-1,-1,27,0.01
9.0,10.0,Fireworks,Fireworks,0.0034,Filtered_Without_Harmonics\Normalized_Audio\Northern Yellow Warbler.wav,-1,-1,27,0.01
9.0,10.0,Bubo virginianus,Great Horned Owl,0.0033,Filtered_Without_Harmonics\Normalized_Audio\Northern Yellow Warbler.wav,-1,-1,27,0.01
9.0,10.0,Power tools,Power tools,0.0032,Filtered_Without_Harmonics\Normalized_Audio\Northern Yellow Warbler.wav,-1,-1,27,0.01
9.0,10.0,Buteo jamaicensis,Red-tailed Hawk,0.0027,Filtered_Without_Harmonics\Normalized_Audio\Northern Yellow Warbler.wav,-1,-1,27,0.01
9.0,10.0,Dryobates minor,Lesser Spotted Woodpecker,0.0027,Filtered_Without_Harmonics\Normalized_Audio\Northern Yellow Warbler.wav,-1,-1,27,0.01
9.0,10.0,Dryocopus pileatus,Pileated Woodpecker,0.0026,Filtered_Without_Harmonics\Normalized_Audio\Northern Yellow Warbler.wav,-1,-1,27,0.01
9.0,10.0,Turdus merula,Eurasian Blackbird,0.0025,Filtered_Without_Harmonics\Normalized_Audio\Northern Yellow Warbler.wav,-1,-1,27,0.01
9.0,10.0,Bombycilla cedrorum,Cedar Waxwing,0.0024,Filtered_Without_Harmonics\Normalized_Audio\Northern Yellow Warbler.wav,-1,-1,27,0.01
9.0,10.0,Loxia curvirostra,Red Crossbill,0.0023,Filtered_Without_Harmonics\Normalized_Audio\Northern Yellow Warbler.wav,-1,-1,27,0.01
9.0,10.0,Regulus regulus,Goldcrest,0.0023,Filtered_Without_Harmonics\Normalized_Audio\Northern Yellow Warbler.wav,-1,-1,27,0.01
9.0,10.0,Bonasa umbellus,Ruffed Grouse,0.0023,Filtered_Without_Harmonics\Normalized_Audio\Northern Yellow Warbler.wav,-1,-1,27,0.01
9.0,10.0,Catharus fuscescens,Veery,0.0022,Filtered_Without_Harmonics\Normalized_Audio\Northern Yellow Warbler.wav,-1,-1,27,0.01
9.0,10.0,Scolopax minor,American Woodcock,0.0022,Filtered_Without_Harmonics\Normalized_Audio\Northern Yellow Warbler.wav,-1,-1,27,0.01
9.0,10.0,Junco hyemalis,Dark-eyed Junco,0.0022,Filtered_Without_Harmonics\Normalized_Audio\Northern Yellow Warbler.wav,-1,-1,27,0.01
9.0,10.0,Myiarchus crinitus,Great Crested Flycatcher,0.0021,Filtered_Without_Harmonics\Normalized_Audio\Northern Yellow Warbler.wav,-1,-1,27,0.01
9.0,10.0,Catharus ustulatus,Swainson's Thrush,0.0021,Filtered_Without_Harmonics\Normalized_Audio\Northern Yellow Warbler.wav,-1,-1,27,0.01
9.0,10.0,Parkesia motacilla,Louisiana Waterthrush,0.0021,Filtered_Without_Harmonics\Normalized_Audio\Northern Yellow Warbler.wav,-1,-1,27,0.01
9.0,10.0,Seiurus aurocapilla,Ovenbird,0.0021,Filtered_Without_Harmonics\Normalized_Audio\Northern Yellow Warbler.wav,-1,-1,27,0.01
0.0,3.0,Baeolophus ridgwayi,Juniper Titmouse,0.8901,Filtered_Without_Harmonics\Normalized_Audio\Oak Titmouse.wav,-1,-1,27,0.01
0.0,3.0,Baeolophus inornatus,Oak Titmouse,0.5813,Filtered_Without_Harmonics\Normalized_Audio\Oak Titmouse.wav,-1,-1,27,0.01
0.0,3.0,Bradypterus lopezi,Evergreen-forest Warbler,0.0434,Filtered_Without_Harmonics\Normalized_Audio\Oak Titmouse.wav,-1,-1,27,0.01
0.0,3.0,Baeolophus wollweberi,Bridled Titmouse,0.0106,Filtered_Without_Harmonics\Normalized_Audio\Oak Titmouse.wav,-1,-1,27,0.01
0.0,3.0,Melozone fusca,Canyon Towhee,0.0076,Filtered_Without_Harmonics\Normalized_Audio\Oak Titmouse.wav,-1,-1,27,0.01
0.0,3.0,Zonotrichia querula,Harris's Sparrow,0.0028,Filtered_Without_Harmonics\Normalized_Audio\Oak Titmouse.wav,-1,-1,27,0.01
0.0,3.0,Phylloscopus schwarzi,Radde's Warbler,0.0010,Filtered_Without_Harmonics\Normalized_Audio\Oak Titmouse.wav,-1,-1,27,0.01
0.0,3.0,Apalis thoracica,Bar-throated Apalis,0.0009,Filtered_Without_Harmonics\Normalized_Audio\Oak Titmouse.wav,-1,-1,27,0.01
0.0,3.0,Phylloscopus fuscatus,Dusky Warbler,0.0007,Filtered_Without_Harmonics\Normalized_Audio\Oak Titmouse.wav,-1,-1,27,0.01
0.0,3.0,Toxostoma crissale,Crissal Thrasher,0.0007,Filtered_Without_Harmonics\Normalized_Audio\Oak Titmouse.wav,-1,-1,27,0.01
0.0,3.0,Orthotomus ruficeps,Ashy Tailorbird,0.0003,Filtered_Without_Harmonics\Normalized_Audio\Oak Titmouse.wav,-1,-1,27,0.01
0.0,3.0,Vireo modestus,Jamaican Vireo,0.0003,Filtered_Without_Harmonics\Normalized_Audio\Oak Titmouse.wav,-1,-1,27,0.01
0.0,3.0,Orthotomus atrogularis,Dark-necked Tailorbird,0.0003,Filtered_Without_Harmonics\Normalized_Audio\Oak Titmouse.wav,-1,-1,27,0.01
0.0,3.0,Poecile hudsonicus,Boreal Chickadee,0.0003,Filtered_Without_Harmonics\Normalized_Audio\Oak Titmouse.wav,-1,-1,27,0.01
0.0,3.0,Prinia flaviventris,Yellow-bellied Prinia,0.0002,Filtered_Without_Harmonics\Normalized_Audio\Oak Titmouse.wav,-1,-1,27,0.01
0.0,3.0,Thryomanes bewickii,Bewick's Wren,0.0002,Filtered_Without_Harmonics\Normalized_Audio\Oak Titmouse.wav,-1,-1,27,0.01
0.0,3.0,Melozone crissalis,California Towhee,0.0002,Filtered_Without_Harmonics\Normalized_Audio\Oak Titmouse.wav,-1,-1,27,0.01
0.0,3.0,Piranga ludoviciana,Western Tanager,0.0002,Filtered_Without_Harmonics\Normalized_Audio\Oak Titmouse.wav,-1,-1,27,0.01
0.0,3.0,Cettia cetti,Cetti's Warbler,0.0002,Filtered_Without_Harmonics\Normalized_Audio\Oak Titmouse.wav,-1,-1,27,0.01
0.0,3.0,Calypte anna,Anna's Hummingbird,0.0002,Filtered_Without_Harmonics\Normalized_Audio\Oak Titmouse.wav,-1,-1,27,0.01
3.0,6.0,Baeolophus inornatus,Oak Titmouse,0.9969,Filtered_Without_Harmonics\Normalized_Audio\Oak Titmouse.wav,-1,-1,27,0.01
3.0,6.0,Machlolophus nuchalis,White-naped Tit,0.0175,Filtered_Without_Harmonics\Normalized_Audio\Oak Titmouse.wav,-1,-1,27,0.01
3.0,6.0,Orthotomus sutorius,Common Tailorbird,0.0156,Filtered_Without_Harmonics\Normalized_Audio\Oak Titmouse.wav,-1,-1,27,0.01
3.0,6.0,Baeolophus ridgwayi,Juniper Titmouse,0.0099,Filtered_Without_Harmonics\Normalized_Audio\Oak Titmouse.wav,-1,-1,27,0.01
3.0,6.0,Parus major,Great Tit,0.0066,Filtered_Without_Harmonics\Normalized_Audio\Oak Titmouse.wav,-1,-1,27,0.01
3.0,6.0,Melaniparus cinerascens,Ashy Tit,0.0044,Filtered_Without_Harmonics\Normalized_Audio\Oak Titmouse.wav,-1,-1,27,0.01
3.0,6.0,Prinia superciliaris,Hill Prinia,0.0028,Filtered_Without_Harmonics\Normalized_Audio\Oak Titmouse.wav,-1,-1,27,0.01
3.0,6.0,Salpinctes obsoletus,Rock Wren,0.0015,Filtered_Without_Harmonics\Normalized_Audio\Oak Titmouse.wav,-1,-1,27,0.01
3.0,6.0,Baeolophus atricristatus,Black-crested Titmouse,0.0014,Filtered_Without_Harmonics\Normalized_Audio\Oak Titmouse.wav,-1,-1,27,0.01
3.0,6.0,Pipilo maculatus,Spotted Towhee,0.0014,Filtered_Without_Harmonics\Normalized_Audio\Oak Titmouse.wav,-1,-1,27,0.01
3.0,6.0,Myiagra rubecula,Leaden Flycatcher,0.0013,Filtered_Without_Harmonics\Normalized_Audio\Oak Titmouse.wav,-1,-1,27,0.01
3.0,6.0,Vireo plumbeus,Plumbeous Vireo,0.0013,Filtered_Without_Harmonics\Normalized_Audio\Oak Titmouse.wav,-1,-1,27,0.01
3.0,6.0,Pycnonotus jocosus,Red-whiskered Bulbul,0.0012,Filtered_Without_Harmonics\Normalized_Audio\Oak Titmouse.wav,-1,-1,27,0.01
3.0,6.0,Melaniparus afer,Gray Tit,0.0011,Filtered_Without_Harmonics\Normalized_Audio\Oak Titmouse.wav,-1,-1,27,0.01
3.0,6.0,Aegithina tiphia,Common Iora,0.0010,Filtered_Without_Harmonics\Normalized_Audio\Oak Titmouse.wav,-1,-1,27,0.01
3.0,6.0,Cyanistes teneriffae,African Blue Tit,0.0010,Filtered_Without_Harmonics\Normalized_Audio\Oak Titmouse.wav,-1,-1,27,0.01
3.0,6.0,Orthotomus ruficeps,Ashy Tailorbird,0.0009,Filtered_Without_Harmonics\Normalized_Audio\Oak Titmouse.wav,-1,-1,27,0.01
3.0,6.0,Melozone crissalis,California Towhee,0.0009,Filtered_Without_Harmonics\Normalized_Audio\Oak Titmouse.wav,-1,-1,27,0.01
3.0,6.0,Vireo huttoni,Hutton's Vireo,0.0009,Filtered_Without_Harmonics\Normalized_Audio\Oak Titmouse.wav,-1,-1,27,0.01
3.0,6.0,Thryomanes bewickii,Bewick's Wren,0.0009,Filtered_Without_Harmonics\Normalized_Audio\Oak Titmouse.wav,-1,-1,27,0.01
6.0,9.0,Baeolophus inornatus,Oak Titmouse,0.9977,Filtered_Without_Harmonics\Normalized_Audio\Oak Titmouse.wav,-1,-1,27,0.01
6.0,9.0,Orthotomus sutorius,Common Tailorbird,0.0595,Filtered_Without_Harmonics\Normalized_Audio\Oak Titmouse.wav,-1,-1,27,0.01
6.0,9.0,Baeolophus ridgwayi,Juniper Titmouse,0.0081,Filtered_Without_Harmonics\Normalized_Audio\Oak Titmouse.wav,-1,-1,27,0.01
6.0,9.0,Melaniparus cinerascens,Ashy Tit,0.0080,Filtered_Without_Harmonics\Normalized_Audio\Oak Titmouse.wav,-1,-1,27,0.01
6.0,9.0,Machlolophus nuchalis,White-naped Tit,0.0074,Filtered_Without_Harmonics\Normalized_Audio\Oak Titmouse.wav,-1,-1,27,0.01
6.0,9.0,Parus major,Great Tit,0.0053,Filtered_Without_Harmonics\Normalized_Audio\Oak Titmouse.wav,-1,-1,27,0.01
6.0,9.0,Thryothorus ludovicianus,Carolina Wren,0.0038,Filtered_Without_Harmonics\Normalized_Audio\Oak Titmouse.wav,-1,-1,27,0.01
6.0,9.0,Baeolophus atricristatus,Black-crested Titmouse,0.0011,Filtered_Without_Harmonics\Normalized_Audio\Oak Titmouse.wav,-1,-1,27,0.01
6.0,9.0,Acridotheres tristis,Common Myna,0.0006,Filtered_Without_Harmonics\Normalized_Audio\Oak Titmouse.wav,-1,-1,27,0.01
6.0,9.0,Salpinctes obsoletus,Rock Wren,0.0006,Filtered_Without_Harmonics\Normalized_Audio\Oak Titmouse.wav,-1,-1,27,0.01
6.0,9.0,Aegithina tiphia,Common Iora,0.0006,Filtered_Without_Harmonics\Normalized_Audio\Oak Titmouse.wav,-1,-1,27,0.01
6.0,9.0,Prinia superciliaris,Hill Prinia,0.0005,Filtered_Without_Harmonics\Normalized_Audio\Oak Titmouse.wav,-1,-1,27,0.01
6.0,9.0,Baeolophus bicolor,Tufted Titmouse,0.0005,Filtered_Without_Harmonics\Normalized_Audio\Oak Titmouse.wav,-1,-1,27,0.01
6.0,9.0,Cyanistes teneriffae,African Blue Tit,0.0004,Filtered_Without_Harmonics\Normalized_Audio\Oak Titmouse.wav,-1,-1,27,0.01
6.0,9.0,Pipilo maculatus,Spotted Towhee,0.0004,Filtered_Without_Harmonics\Normalized_Audio\Oak Titmouse.wav,-1,-1,27,0.01
6.0,9.0,Cettia cetti,Cetti's Warbler,0.0004,Filtered_Without_Harmonics\Normalized_Audio\Oak Titmouse.wav,-1,-1,27,0.01
6.0,9.0,Pycnonotus jocosus,Red-whiskered Bulbul,0.0004,Filtered_Without_Harmonics\Normalized_Audio\Oak Titmouse.wav,-1,-1,27,0.01
6.0,9.0,Mimus polyglottos,Northern Mockingbird,0.0004,Filtered_Without_Harmonics\Normalized_Audio\Oak Titmouse.wav,-1,-1,27,0.01
6.0,9.0,Thryomanes bewickii,Bewick's Wren,0.0003,Filtered_Without_Harmonics\Normalized_Audio\Oak Titmouse.wav,-1,-1,27,0.01
6.0,9.0,Myiagra rubecula,Leaden Flycatcher,0.0003,Filtered_Without_Harmonics\Normalized_Audio\Oak Titmouse.wav,-1,-1,27,0.01
9.0,10.0,Baeolophus inornatus,Oak Titmouse,0.9988,Filtered_Without_Harmonics\Normalized_Audio\Oak Titmouse.wav,-1,-1,27,0.01
9.0,10.0,Orthotomus sutorius,Common Tailorbird,0.0401,Filtered_Without_Harmonics\Normalized_Audio\Oak Titmouse.wav,-1,-1,27,0.01
9.0,10.0,Baeolophus ridgwayi,Juniper Titmouse,0.0167,Filtered_Without_Harmonics\Normalized_Audio\Oak Titmouse.wav,-1,-1,27,0.01
9.0,10.0,Machlolophus nuchalis,White-naped Tit,0.0067,Filtered_Without_Harmonics\Normalized_Audio\Oak Titmouse.wav,-1,-1,27,0.01
9.0,10.0,Parus major,Great Tit,0.0061,Filtered_Without_Harmonics\Normalized_Audio\Oak Titmouse.wav,-1,-1,27,0.01
9.0,10.0,Pipilo maculatus,Spotted Towhee,0.0045,Filtered_Without_Harmonics\Normalized_Audio\Oak Titmouse.wav,-1,-1,27,0.01
9.0,10.0,Thryothorus ludovicianus,Carolina Wren,0.0043,Filtered_Without_Harmonics\Normalized_Audio\Oak Titmouse.wav,-1,-1,27,0.01
9.0,10.0,Pycnonotus jocosus,Red-whiskered Bulbul,0.0032,Filtered_Without_Harmonics\Normalized_Audio\Oak Titmouse.wav,-1,-1,27,0.01
9.0,10.0,Thryomanes bewickii,Bewick's Wren,0.0026,Filtered_Without_Harmonics\Normalized_Audio\Oak Titmouse.wav,-1,-1,27,0.01
9.0,10.0,Melaniparus cinerascens,Ashy Tit,0.0024,Filtered_Without_Harmonics\Normalized_Audio\Oak Titmouse.wav,-1,-1,27,0.01
9.0,10.0,Myiagra rubecula,Leaden Flycatcher,0.0020,Filtered_Without_Harmonics\Normalized_Audio\Oak Titmouse.wav,-1,-1,27,0.01
9.0,10.0,Loxia curvirostra,Red Crossbill,0.0018,Filtered_Without_Harmonics\Normalized_Audio\Oak Titmouse.wav,-1,-1,27,0.01
9.0,10.0,Baeolophus bicolor,Tufted Titmouse,0.0017,Filtered_Without_Harmonics\Normalized_Audio\Oak Titmouse.wav,-1,-1,27,0.01
9.0,10.0,Baeolophus atricristatus,Black-crested Titmouse,0.0014,Filtered_Without_Harmonics\Normalized_Audio\Oak Titmouse.wav,-1,-1,27,0.01
9.0,10.0,Melozone crissalis,California Towhee,0.0012,Filtered_Without_Harmonics\Normalized_Audio\Oak Titmouse.wav,-1,-1,27,0.01
9.0,10.0,Aegithina tiphia,Common Iora,0.0011,Filtered_Without_Harmonics\Normalized_Audio\Oak Titmouse.wav,-1,-1,27,0.01
9.0,10.0,Myiagra ruficollis,Broad-billed Flycatcher,0.0008,Filtered_Without_Harmonics\Normalized_Audio\Oak Titmouse.wav,-1,-1,27,0.01
9.0,10.0,Cardinalis cardinalis,Northern Cardinal,0.0008,Filtered_Without_Harmonics\Normalized_Audio\Oak Titmouse.wav,-1,-1,27,0.01
9.0,10.0,Cettia cetti,Cetti's Warbler,0.0008,Filtered_Without_Harmonics\Normalized_Audio\Oak Titmouse.wav,-1,-1,27,0.01
9.0,10.0,Leiothlypis celata,Orange-crowned Warbler,0.0008,Filtered_Without_Harmonics\Normalized_Audio\Oak Titmouse.wav,-1,-1,27,0.01
0.0,3.0,Columba livia,Rock Pigeon,0.9923,Filtered_Without_Harmonics\Normalized_Audio\Rock Pigeon.wav,-1,-1,27,0.01
0.0,3.0,Columba palumbus,Common Wood-Pigeon,0.0277,Filtered_Without_Harmonics\Normalized_Audio\Rock Pigeon.wav,-1,-1,27,0.01
0.0,3.0,Tympanuchus phasianellus,Sharp-tailed Grouse,0.0061,Filtered_Without_Harmonics\Normalized_Audio\Rock Pigeon.wav,-1,-1,27,0.01
0.0,3.0,Pulsatrix koeniswaldiana,Tawny-browed Owl,0.0055,Filtered_Without_Harmonics\Normalized_Audio\Rock Pigeon.wav,-1,-1,27,0.01
0.0,3.0,Columba guinea,Speckled Pigeon,0.0036,Filtered_Without_Harmonics\Normalized_Audio\Rock Pigeon.wav,-1,-1,27,0.01
0.0,3.0,Gorsachius melanolophus,Malayan Night-Heron,0.0036,Filtered_Without_Harmonics\Normalized_Audio\Rock Pigeon.wav,-1,-1,27,0.01
0.0,3.0,Streptopelia semitorquata,Red-eyed Dove,0.0025,Filtered_Without_Harmonics\Normalized_Audio\Rock Pigeon.wav,-1,-1,27,0.01
0.0,3.0,Streptopelia orientalis,Oriental Turtle-Dove,0.0020,Filtered_Without_Harmonics\Normalized_Audio\Rock Pigeon.wav,-1,-1,27,0.01
0.0,3.0,Engine,Engine,0.0020,Filtered_Without_Harmonics\Normalized_Audio\Rock Pigeon.wav,-1,-1,27,0.01
0.0,3.0,Nannopterum auritum,Double-crested Cormorant,0.0017,Filtered_Without_Harmonics\Normalized_Audio\Rock Pigeon.wav,-1,-1,27,0.01
0.0,3.0,Lyrurus tetrix,Black Grouse,0.0014,Filtered_Without_Harmonics\Normalized_Audio\Rock Pigeon.wav,-1,-1,27,0.01
0.0,3.0,Caprimulgus atripennis,Jerdon's Nightjar,0.0013,Filtered_Without_Harmonics\Normalized_Audio\Rock Pigeon.wav,-1,-1,27,0.01
0.0,3.0,Coragyps atratus,Black Vulture,0.0012,Filtered_Without_Harmonics\Normalized_Audio\Rock Pigeon.wav,-1,-1,27,0.01
0.0,3.0,Patagioenas fasciata,Band-tailed Pigeon,0.0010,Filtered_Without_Harmonics\Normalized_Audio\Rock Pigeon.wav,-1,-1,27,0.01
0.0,3.0,Ducula aenea,Green Imperial-Pigeon,0.0008,Filtered_Without_Harmonics\Normalized_Audio\Rock Pigeon.wav,-1,-1,27,0.01
0.0,3.0,Centropus sinensis,Greater Coucal,0.0006,Filtered_Without_Harmonics\Normalized_Audio\Rock Pigeon.wav,-1,-1,27,0.01
0.0,3.0,Ixobrychus exilis,Least Bittern,0.0006,Filtered_Without_Harmonics\Normalized_Audio\Rock Pigeon.wav,-1,-1,27,0.01
0.0,3.0,Geococcyx californianus,Greater Roadrunner,0.0006,Filtered_Without_Harmonics\Normalized_Audio\Rock Pigeon.wav,-1,-1,27,0.01
0.0,3.0,Centrocercus urophasianus,Greater Sage-Grouse,0.0005,Filtered_Without_Harmonics\Normalized_Audio\Rock Pigeon.wav,-1,-1,27,0.01
0.0,3.0,Tympanuchus pallidicinctus,Lesser Prairie-Chicken,0.0004,Filtered_Without_Harmonics\Normalized_Audio\Rock Pigeon.wav,-1,-1,27,0.01
3.0,6.0,Columba livia,Rock Pigeon,0.9908,Filtered_Without_Harmonics\Normalized_Audio\Rock Pigeon.wav,-1,-1,27,0.01
3.0,6.0,Columba palumbus,Common Wood-Pigeon,0.0582,Filtered_Without_Harmonics\Normalized_Audio\Rock Pigeon.wav,-1,-1,27,0.01
3.0,6.0,Streptopelia orientalis,Oriental Turtle-Dove,0.0252,Filtered_Without_Harmonics\Normalized_Audio\Rock Pigeon.wav,-1,-1,27,0.01
3.0,6.0,Lyrurus tetrix,Black Grouse,0.0179,Filtered_Without_Harmonics\Normalized_Audio\Rock Pigeon.wav,-1,-1,27,0.01
3.0,6.0,Ixobrychus exilis,Least Bittern,0.0168,Filtered_Without_Harmonics\Normalized_Audio\Rock Pigeon.wav,-1,-1,27,0.01
3.0,6.0,Nannopterum auritum,Double-crested Cormorant,0.0157,Filtered_Without_Harmonics\Normalized_Audio\Rock Pigeon.wav,-1,-1,27,0.01
3.0,6.0,Tympanuchus phasianellus,Sharp-tailed Grouse,0.0136,Filtered_Without_Harmonics\Normalized_Audio\Rock Pigeon.wav,-1,-1,27,0.01
3.0,6.0,Engine,Engine,0.0115,Filtered_Without_Harmonics\Normalized_Audio\Rock Pigeon.wav,-1,-1,27,0.01
3.0,6.0,Coragyps atratus,Black Vulture,0.0111,Filtered_Without_Harmonics\Normalized_Audio\Rock Pigeon.wav,-1,-1,27,0.01
3.0,6.0,Streptopelia semitorquata,Red-eyed Dove,0.0105,Filtered_Without_Harmonics\Normalized_Audio\Rock Pigeon.wav,-1,-1,27,0.01
3.0,6.0,Pulsatrix koeniswaldiana,Tawny-browed Owl,0.0085,Filtered_Without_Harmonics\Normalized_Audio\Rock Pigeon.wav,-1,-1,27,0.01
3.0,6.0,Human vocal,Human vocal,0.0050,Filtered_Without_Harmonics\Normalized_Audio\Rock Pigeon.wav,-1,-1,27,0.01
3.0,6.0,Streptopelia lugens,Dusky Turtle-Dove,0.0045,Filtered_Without_Harmonics\Normalized_Audio\Rock Pigeon.wav,-1,-1,27,0.01
3.0,6.0,Columba guinea,Speckled Pigeon,0.0028,Filtered_Without_Harmonics\Normalized_Audio\Rock Pigeon.wav,-1,-1,27,0.01
3.0,6.0,Bubo scandiacus,Snowy Owl,0.0026,Filtered_Without_Harmonics\Normalized_Audio\Rock Pigeon.wav,-1,-1,27,0.01
3.0,6.0,Centrocercus urophasianus,Greater Sage-Grouse,0.0020,Filtered_Without_Harmonics\Normalized_Audio\Rock Pigeon.wav,-1,-1,27,0.01
3.0,6.0,Gorsachius melanolophus,Malayan Night-Heron,0.0018,Filtered_Without_Harmonics\Normalized_Audio\Rock Pigeon.wav,-1,-1,27,0.01
3.0,6.0,Bubo bubo,Eurasian Eagle-Owl,0.0018,Filtered_Without_Harmonics\Normalized_Audio\Rock Pigeon.wav,-1,-1,27,0.01
3.0,6.0,Geococcyx velox,Lesser Roadrunner,0.0017,Filtered_Without_Harmonics\Normalized_Audio\Rock Pigeon.wav,-1,-1,27,0.01
3.0,6.0,Ardenna tenuirostris,Short-tailed Shearwater,0.0017,Filtered_Without_Harmonics\Normalized_Audio\Rock Pigeon.wav,-1,-1,27,0.01
6.0,9.0,Columba livia,Rock Pigeon,0.9936,Filtered_Without_Harmonics\Normalized_Audio\Rock Pigeon.wav,-1,-1,27,0.01
6.0,9.0,Pulsatrix koeniswaldiana,Tawny-browed Owl,0.0294,Filtered_Without_Harmonics\Normalized_Audio\Rock Pigeon.wav,-1,-1,27,0.01
6.0,9.0,Lyrurus tetrix,Black Grouse,0.0211,Filtered_Without_Harmonics\Normalized_Audio\Rock Pigeon.wav,-1,-1,27,0.01
6.0,9.0,Nannopterum auritum,Double-crested Cormorant,0.0185,Filtered_Without_Harmonics\Normalized_Audio\Rock Pigeon.wav,-1,-1,27,0.01
6.0,9.0,Tympanuchus phasianellus,Sharp-tailed Grouse,0.0143,Filtered_Without_Harmonics\Normalized_Audio\Rock Pigeon.wav,-1,-1,27,0.01
6.0,9.0,Columba palumbus,Common Wood-Pigeon,0.0129,Filtered_Without_Harmonics\Normalized_Audio\Rock Pigeon.wav,-1,-1,27,0.01
6.0,9.0,Engine,Engine,0.0116,Filtered_Without_Harmonics\Normalized_Audio\Rock Pigeon.wav,-1,-1,27,0.01
6.0,9.0,Streptopelia orientalis,Oriental Turtle-Dove,0.0068,Filtered_Without_Harmonics\Normalized_Audio\Rock Pigeon.wav,-1,-1,27,0.01
6.0,9.0,Streptopelia semitorquata,Red-eyed Dove,0.0062,Filtered_Without_Harmonics\Normalized_Audio\Rock Pigeon.wav,-1,-1,27,0.01
6.0,9.0,Human vocal,Human vocal,0.0050,Filtered_Without_Harmonics\Normalized_Audio\Rock Pigeon.wav,-1,-1,27,0.01
6.0,9.0,Coragyps atratus,Black Vulture,0.0039,Filtered_Without_Harmonics\Normalized_Audio\Rock Pigeon.wav,-1,-1,27,0.01
6.0,9.0,Columba guinea,Speckled Pigeon,0.0034,Filtered_Without_Harmonics\Normalized_Audio\Rock Pigeon.wav,-1,-1,27,0.01
6.0,9.0,Ixobrychus exilis,Least Bittern,0.0024,Filtered_Without_Harmonics\Normalized_Audio\Rock Pigeon.wav,-1,-1,27,0.01
6.0,9.0,Patagioenas fasciata,Band-tailed Pigeon,0.0024,Filtered_Without_Harmonics\Normalized_Audio\Rock Pigeon.wav,-1,-1,27,0.01
6.0,9.0,Bubo virginianus,Great Horned Owl,0.0022,Filtered_Without_Harmonics\Normalized_Audio\Rock Pigeon.wav,-1,-1,27,0.01
6.0,9.0,Gorsachius melanolophus,Malayan Night-Heron,0.0020,Filtered_Without_Harmonics\Normalized_Audio\Rock Pigeon.wav,-1,-1,27,0.01
6.0,9.0,Antigone canadensis,Sandhill Crane,0.0020,Filtered_Without_Harmonics\Normalized_Audio\Rock Pigeon.wav,-1,-1,27,0.01
6.0,9.0,Toxostoma lecontei,LeConte's Thrasher,0.0015,Filtered_Without_Harmonics\Normalized_Audio\Rock Pigeon.wav,-1,-1,27,0.01
6.0,9.0,Bubo bubo,Eurasian Eagle-Owl,0.0015,Filtered_Without_Harmonics\Normalized_Audio\Rock Pigeon.wav,-1,-1,27,0.01
6.0,9.0,Cygnus buccinator,Trumpeter Swan,0.0014,Filtered_Without_Harmonics\Normalized_Audio\Rock Pigeon.wav,-1,-1,27,0.01
9.0,10.0,Engine,Engine,0.0068,Filtered_Without_Harmonics\Normalized_Audio\Rock Pigeon.wav,-1,-1,27,0.01
9.0,10.0,Human vocal,Human vocal,0.0042,Filtered_Without_Harmonics\Normalized_Audio\Rock Pigeon.wav,-1,-1,27,0.01
9.0,10.0,Fireworks,Fireworks,0.0034,Filtered_Without_Harmonics\Normalized_Audio\Rock Pigeon.wav,-1,-1,27,0.01
9.0,10.0,Bubo virginianus,Great Horned Owl,0.0033,Filtered_Without_Harmonics\Normalized_Audio\Rock Pigeon.wav,-1,-1,27,0.01
9.0,10.0,Power tools,Power tools,0.0032,Filtered_Without_Harmonics\Normalized_Audio\Rock Pigeon.wav,-1,-1,27,0.01
9.0,10.0,Buteo jamaicensis,Red-tailed Hawk,0.0027,Filtered_Without_Harmonics\Normalized_Audio\Rock Pigeon.wav,-1,-1,27,0.01
9.0,10.0,Dryobates minor,Lesser Spotted Woodpecker,0.0027,Filtered_Without_Harmonics\Normalized_Audio\Rock Pigeon.wav,-1,-1,27,0.01
9.0,10.0,Dryocopus pileatus,Pileated Woodpecker,0.0026,Filtered_Without_Harmonics\Normalized_Audio\Rock Pigeon.wav,-1,-1,27,0.01
9.0,10.0,Turdus merula,Eurasian Blackbird,0.0025,Filtered_Without_Harmonics\Normalized_Audio\Rock Pigeon.wav,-1,-1,27,0.01
9.0,10.0,Bombycilla cedrorum,Cedar Waxwing,0.0024,Filtered_Without_Harmonics\Normalized_Audio\Rock Pigeon.wav,-1,-1,27,0.01
9.0,10.0,Loxia curvirostra,Red Crossbill,0.0023,Filtered_Without_Harmonics\Normalized_Audio\Rock Pigeon.wav,-1,-1,27,0.01
9.0,10.0,Regulus regulus,Goldcrest,0.0023,Filtered_Without_Harmonics\Normalized_Audio\Rock Pigeon.wav,-1,-1,27,0.01
9.0,10.0,Bonasa umbellus,Ruffed Grouse,0.0023,Filtered_Without_Harmonics\Normalized_Audio\Rock Pigeon.wav,-1,-1,27,0.01
9.0,10.0,Catharus fuscescens,Veery,0.0022,Filtered_Without_Harmonics\Normalized_Audio\Rock Pigeon.wav,-1,-1,27,0.01
9.0,10.0,Scolopax minor,American Woodcock,0.0022,Filtered_Without_Harmonics\Normalized_Audio\Rock Pigeon.wav,-1,-1,27,0.01
9.0,10.0,Junco hyemalis,Dark-eyed Junco,0.0022,Filtered_Without_Harmonics\Normalized_Audio\Rock Pigeon.wav,-1,-1,27,0.01
9.0,10.0,Myiarchus crinitus,Great Crested Flycatcher,0.0021,Filtered_Without_Harmonics\Normalized_Audio\Rock Pigeon.wav,-1,-1,27,0.01
9.0,10.0,Catharus ustulatus,Swainson's Thrush,0.0021,Filtered_Without_Harmonics\Normalized_Audio\Rock Pigeon.wav,-1,-1,27,0.01
9.0,10.0,Parkesia motacilla,Louisiana Waterthrush,0.0021,Filtered_Without_Harmonics\Normalized_Audio\Rock Pigeon.wav,-1,-1,27,0.01
9.0,10.0,Seiurus aurocapilla,Ovenbird,0.0021,Filtered_Without_Harmonics\Normalized_Audio\Rock Pigeon.wav,-1,-1,27,0.01
0.0,3.0,Engine,Engine,0.0058,Filtered_Without_Harmonics\Normalized_Audio\Song Sparrow.wav,-1,-1,27,0.01
0.0,3.0,Buteo jamaicensis,Red-tailed Hawk,0.0038,Filtered_Without_Harmonics\Normalized_Audio\Song Sparrow.wav,-1,-1,27,0.01
0.0,3.0,Catharus fuscescens,Veery,0.0031,Filtered_Without_Harmonics\Normalized_Audio\Song Sparrow.wav,-1,-1,27,0.01
0.0,3.0,Fireworks,Fireworks,0.0031,Filtered_Without_Harmonics\Normalized_Audio\Song Sparrow.wav,-1,-1,27,0.01
0.0,3.0,Power tools,Power tools,0.0030,Filtered_Without_Harmonics\Normalized_Audio\Song Sparrow.wav,-1,-1,27,0.01
0.0,3.0,Setophaga virens,Black-throated Green Warbler,0.0028,Filtered_Without_Harmonics\Normalized_Audio\Song Sparrow.wav,-1,-1,27,0.01
0.0,3.0,Bombycilla cedrorum,Cedar Waxwing,0.0028,Filtered_Without_Harmonics\Normalized_Audio\Song Sparrow.wav,-1,-1,27,0.01
0.0,3.0,Bonasa umbellus,Ruffed Grouse,0.0027,Filtered_Without_Harmonics\Normalized_Audio\Song Sparrow.wav,-1,-1,27,0.01
0.0,3.0,Dryobates minor,Lesser Spotted Woodpecker,0.0027,Filtered_Without_Harmonics\Normalized_Audio\Song Sparrow.wav,-1,-1,27,0.01
0.0,3.0,Meleagris gallopavo,Wild Turkey,0.0027,Filtered_Without_Harmonics\Normalized_Audio\Song Sparrow.wav,-1,-1,27,0.01
0.0,3.0,Dryocopus pileatus,Pileated Woodpecker,0.0027,Filtered_Without_Harmonics\Normalized_Audio\Song Sparrow.wav,-1,-1,27,0.01
0.0,3.0,Human vocal,Human vocal,0.0026,Filtered_Without_Harmonics\Normalized_Audio\Song Sparrow.wav,-1,-1,27,0.01
0.0,3.0,Parkesia motacilla,Louisiana Waterthrush,0.0026,Filtered_Without_Harmonics\Normalized_Audio\Song Sparrow.wav,-1,-1,27,0.01
0.0,3.0,Seiurus aurocapilla,Ovenbird,0.0025,Filtered_Without_Harmonics\Normalized_Audio\Song Sparrow.wav,-1,-1,27,0.01
0.0,3.0,Catharus ustulatus,Swainson's Thrush,0.0024,Filtered_Without_Harmonics\Normalized_Audio\Song Sparrow.wav,-1,-1,27,0.01
0.0,3.0,Leiothlypis celata,Orange-crowned Warbler,0.0024,Filtered_Without_Harmonics\Normalized_Audio\Song Sparrow.wav,-1,-1,27,0.01
0.0,3.0,Oporornis agilis,Connecticut Warbler,0.0024,Filtered_Without_Harmonics\Normalized_Audio\Song Sparrow.wav,-1,-1,27,0.01
0.0,3.0,Myiarchus crinitus,Great Crested Flycatcher,0.0024,Filtered_Without_Harmonics\Normalized_Audio\Song Sparrow.wav,-1,-1,27,0.01
0.0,3.0,Megaceryle alcyon,Belted Kingfisher,0.0023,Filtered_Without_Harmonics\Normalized_Audio\Song Sparrow.wav,-1,-1,27,0.01
0.0,3.0,Buteo lineatus,Red-shouldered Hawk,0.0023,Filtered_Without_Harmonics\Normalized_Audio\Song Sparrow.wav,-1,-1,27,0.01
3.0,6.0,Melospiza melodia,Song Sparrow,0.8093,Filtered_Without_Harmonics\Normalized_Audio\Song Sparrow.wav,-1,-1,27,0.01
3.0,6.0,Passerculus sandwichensis,Savannah Sparrow,0.1057,Filtered_Without_Harmonics\Normalized_Audio\Song Sparrow.wav,-1,-1,27,0.01
3.0,6.0,Thryomanes bewickii,Bewick's Wren,0.0082,Filtered_Without_Harmonics\Normalized_Audio\Song Sparrow.wav,-1,-1,27,0.01
3.0,6.0,Pooecetes gramineus,Vesper Sparrow,0.0080,Filtered_Without_Harmonics\Normalized_Audio\Song Sparrow.wav,-1,-1,27,0.01
3.0,6.0,Cistothorus platensis,Grass Wren,0.0025,Filtered_Without_Harmonics\Normalized_Audio\Song Sparrow.wav,-1,-1,27,0.01
3.0,6.0,Spizella pallida,Clay-colored Sparrow,0.0024,Filtered_Without_Harmonics\Normalized_Audio\Song Sparrow.wav,-1,-1,27,0.01
3.0,6.0,Melospiza georgiana,Swamp Sparrow,0.0021,Filtered_Without_Harmonics\Normalized_Audio\Song Sparrow.wav,-1,-1,27,0.01
3.0,6.0,Rallus limicola,Virginia Rail,0.0012,Filtered_Without_Harmonics\Normalized_Audio\Song Sparrow.wav,-1,-1,27,0.01
3.0,6.0,Cistothorus stellaris,Sedge Wren,0.0012,Filtered_Without_Harmonics\Normalized_Audio\Song Sparrow.wav,-1,-1,27,0.01
3.0,6.0,Spizella breweri,Brewer's Sparrow,0.0009,Filtered_Without_Harmonics\Normalized_Audio\Song Sparrow.wav,-1,-1,27,0.01
3.0,6.0,Amphispiza bilineata,Black-throated Sparrow,0.0007,Filtered_Without_Harmonics\Normalized_Audio\Song Sparrow.wav,-1,-1,27,0.01
3.0,6.0,Agelaius phoeniceus,Red-winged Blackbird,0.0006,Filtered_Without_Harmonics\Normalized_Audio\Song Sparrow.wav,-1,-1,27,0.01
3.0,6.0,Setophaga petechia,Yellow Warbler,0.0006,Filtered_Without_Harmonics\Normalized_Audio\Song Sparrow.wav,-1,-1,27,0.01
3.0,6.0,Spizelloides arborea,American Tree Sparrow,0.0006,Filtered_Without_Harmonics\Normalized_Audio\Song Sparrow.wav,-1,-1,27,0.01
3.0,6.0,Eremophila alpestris,Horned Lark,0.0006,Filtered_Without_Harmonics\Normalized_Audio\Song Sparrow.wav,-1,-1,27,0.01
3.0,6.0,Dolichonyx oryzivorus,Bobolink,0.0005,Filtered_Without_Harmonics\Normalized_Audio\Song Sparrow.wav,-1,-1,27,0.01
3.0,6.0,Geothlypis trichas,Common Yellowthroat,0.0004,Filtered_Without_Harmonics\Normalized_Audio\Song Sparrow.wav,-1,-1,27,0.01
3.0,6.0,Ammospiza maritima,Seaside Sparrow,0.0004,Filtered_Without_Harmonics\Normalized_Audio\Song Sparrow.wav,-1,-1,27,0.01
3.0,6.0,Troglodytes troglodytes,Eurasian Wren,0.0004,Filtered_Without_Harmonics\Normalized_Audio\Song Sparrow.wav,-1,-1,27,0.01
3.0,6.0,Ammospiza nelsoni,Nelson's Sparrow,0.0004,Filtered_Without_Harmonics\Normalized_Audio\Song Sparrow.wav,-1,-1,27,0.01
6.0,9.0,Engine,Engine,0.0068,Filtered_Without_Harmonics\Normalized_Audio\Song Sparrow.wav,-1,-1,27,0.01
6.0,9.0,Human vocal,Human vocal,0.0042,Filtered_Without_Harmonics\Normalized_Audio\Song Sparrow.wav,-1,-1,27,0.01
6.0,9.0,Fireworks,Fireworks,0.0034,Filtered_Without_Harmonics\Normalized_Audio\Song Sparrow.wav,-1,-1,27,0.01
6.0,9.0,Bubo virginianus,Great Horned Owl,0.0033,Filtered_Without_Harmonics\Normalized_Audio\Song Sparrow.wav,-1,-1,27,0.01
6.0,9.0,Power tools,Power tools,0.0032,Filtered_Without_Harmonics\Normalized_Audio\Song Sparrow.wav,-1,-1,27,0.01
6.0,9.0,Buteo jamaicensis,Red-tailed Hawk,0.0027,Filtered_Without_Harmonics\Normalized_Audio\Song Sparrow.wav,-1,-1,27,0.01
6.0,9.0,Dryobates minor,Lesser Spotted Woodpecker,0.0027,Filtered_Without_Harmonics\Normalized_Audio\Song Sparrow.wav,-1,-1,27,0.01
6.0,9.0,Dryocopus pileatus,Pileated Woodpecker,0.0026,Filtered_Without_Harmonics\Normalized_Audio\Song Sparrow.wav,-1,-1,27,0.01
6.0,9.0,Turdus merula,Eurasian Blackbird,0.0025,Filtered_Without_Harmonics\Normalized_Audio\Song Sparrow.wav,-1,-1,27,0.01
6.0,9.0,Bombycilla cedrorum,Cedar Waxwing,0.0024,Filtered_Without_Harmonics\Normalized_Audio\Song Sparrow.wav,-1,-1,27,0.01
6.0,9.0,Loxia curvirostra,Red Crossbill,0.0023,Filtered_Without_Harmonics\Normalized_Audio\Song Sparrow.wav,-1,-1,27,0.01
6.0,9.0,Regulus regulus,Goldcrest,0.0023,Filtered_Without_Harmonics\Normalized_Audio\Song Sparrow.wav,-1,-1,27,0.01
6.0,9.0,Bonasa umbellus,Ruffed Grouse,0.0023,Filtered_Without_Harmonics\Normalized_Audio\Song Sparrow.wav,-1,-1,27,0.01
6.0,9.0,Catharus fuscescens,Veery,0.0022,Filtered_Without_Harmonics\Normalized_Audio\Song Sparrow.wav,-1,-1,27,0.01
6.0,9.0,Scolopax minor,American Woodcock,0.0022,Filtered_Without_Harmonics\Normalized_Audio\Song Sparrow.wav,-1,-1,27,0.01
6.0,9.0,Junco hyemalis,Dark-eyed Junco,0.0022,Filtered_Without_Harmonics\Normalized_Audio\Song Sparrow.wav,-1,-1,27,0.01
6.0,9.0,Myiarchus crinitus,Great Crested Flycatcher,0.0021,Filtered_Without_Harmonics\Normalized_Audio\Song Sparrow.wav,-1,-1,27,0.01
6.0,9.0,Catharus ustulatus,Swainson's Thrush,0.0021,Filtered_Without_Harmonics\Normalized_Audio\Song Sparrow.wav,-1,-1,27,0.01
6.0,9.0,Parkesia motacilla,Louisiana Waterthrush,0.0021,Filtered_Without_Harmonics\Normalized_Audio\Song Sparrow.wav,-1,-1,27,0.01
6.0,9.0,Seiurus aurocapilla,Ovenbird,0.0021,Filtered_Without_Harmonics\Normalized_Audio\Song Sparrow.wav,-1,-1,27,0.01
9.0,10.0,Engine,Engine,0.0068,Filtered_Without_Harmonics\Normalized_Audio\Song Sparrow.wav,-1,-1,27,0.01
9.0,10.0,Human vocal,Human vocal,0.0042,Filtered_Without_Harmonics\Normalized_Audio\Song Sparrow.wav,-1,-1,27,0.01
9.0,10.0,Fireworks,Fireworks,0.0034,Filtered_Without_Harmonics\Normalized_Audio\Song Sparrow.wav,-1,-1,27,0.01
9.0,10.0,Bubo virginianus,Great Horned Owl,0.0033,Filtered_Without_Harmonics\Normalized_Audio\Song Sparrow.wav,-1,-1,27,0.01
9.0,10.0,Power tools,Power tools,0.0032,Filtered_Without_Harmonics\Normalized_Audio\Song Sparrow.wav,-1,-1,27,0.01
9.0,10.0,Buteo jamaicensis,Red-tailed Hawk,0.0027,Filtered_Without_Harmonics\Normalized_Audio\Song Sparrow.wav,-1,-1,27,0.01
9.0,10.0,Dryobates minor,Lesser Spotted Woodpecker,0.0027,Filtered_Without_Harmonics\Normalized_Audio\Song Sparrow.wav,-1,-1,27,0.01
9.0,10.0,Dryocopus pileatus,Pileated Woodpecker,0.0026,Filtered_Without_Harmonics\Normalized_Audio\Song Sparrow.wav,-1,-1,27,0.01
9.0,10.0,Turdus merula,Eurasian Blackbird,0.0025,Filtered_Without_Harmonics\Normalized_Audio\Song Sparrow.wav,-1,-1,27,0.01
9.0,10.0,Bombycilla cedrorum,Cedar Waxwing,0.0024,Filtered_Without_Harmonics\Normalized_Audio\Song Sparrow.wav,-1,-1,27,0.01
9.0,10.0,Loxia curvirostra,Red Crossbill,0.0023,Filtered_Without_Harmonics\Normalized_Audio\Song Sparrow.wav,-1,-1,27,0.01
9.0,10.0,Regulus regulus,Goldcrest,0.0023,Filtered_Without_Harmonics\Normalized_Audio\Song Sparrow.wav,-1,-1,27,0.01
9.0,10.0,Bonasa umbellus,Ruffed Grouse,0.0023,Filtered_Without_Harmonics\Normalized_Audio\Song Sparrow.wav,-1,-1,27,0.01
9.0,10.0,Catharus fuscescens,Veery,0.0022,Filtered_Without_Harmonics\Normalized_Audio\Song Sparrow.wav,-1,-1,27,0.01
9.0,10.0,Scolopax minor,American Woodcock,0.0022,Filtered_Without_Harmonics\Normalized_Audio\Song Sparrow.wav,-1,-1,27,0.01
9.0,10.0,Junco hyemalis,Dark-eyed Junco,0.0022,Filtered_Without_Harmonics\Normalized_Audio\Song Sparrow.wav,-1,-1,27,0.01
9.0,10.0,Myiarchus crinitus,Great Crested Flycatcher,0.0021,Filtered_Without_Harmonics\Normalized_Audio\Song Sparrow.wav,-1,-1,27,0.01
9.0,10.0,Catharus ustulatus,Swainson's Thrush,0.0021,Filtered_Without_Harmonics\Normalized_Audio\Song Sparrow.wav,-1,-1,27,0.01
9.0,10.0,Parkesia motacilla,Louisiana Waterthrush,0.0021,Filtered_Without_Harmonics\Normalized_Audio\Song Sparrow.wav,-1,-1,27,0.01
9.0,10.0,Seiurus aurocapilla,Ovenbird,0.0021,Filtered_Without_Harmonics\Normalized_Audio\Song Sparrow.wav,-1,-1,27,0.01
0.0,3.0,Pipilo maculatus,Spotted Towhee,0.9700,Filtered_Without_Harmonics\Normalized_Audio\Spotted Towhee.wav,-1,-1,27,0.01
0.0,3.0,Pipilo chlorurus,Green-tailed Towhee,0.7695,Filtered_Without_Harmonics\Normalized_Audio\Spotted Towhee.wav,-1,-1,27,0.01
0.0,3.0,Junco phaeonotus,Yellow-eyed Junco,0.0296,Filtered_Without_Harmonics\Normalized_Audio\Spotted Towhee.wav,-1,-1,27,0.01
0.0,3.0,Leiothlypis virginiae,Virginia's Warbler,0.0107,Filtered_Without_Harmonics\Normalized_Audio\Spotted Towhee.wav,-1,-1,27,0.01
0.0,3.0,Emberiza schoeniclus,Reed Bunting,0.0062,Filtered_Without_Harmonics\Normalized_Audio\Spotted Towhee.wav,-1,-1,27,0.01
0.0,3.0,Aimophila ruficeps,Rufous-crowned Sparrow,0.0039,Filtered_Without_Harmonics\Normalized_Audio\Spotted Towhee.wav,-1,-1,27,0.01
0.0,3.0,Spizella atrogularis,Black-chinned Sparrow,0.0019,Filtered_Without_Harmonics\Normalized_Audio\Spotted Towhee.wav,-1,-1,27,0.01
0.0,3.0,Junco hyemalis,Dark-eyed Junco,0.0014,Filtered_Without_Harmonics\Normalized_Audio\Spotted Towhee.wav,-1,-1,27,0.01
0.0,3.0,Pipilo erythrophthalmus,Eastern Towhee,0.0013,Filtered_Without_Harmonics\Normalized_Audio\Spotted Towhee.wav,-1,-1,27,0.01
0.0,3.0,Helopsaltes certhiola,Pallas's Grasshopper Warbler,0.0011,Filtered_Without_Harmonics\Normalized_Audio\Spotted Towhee.wav,-1,-1,27,0.01
0.0,3.0,Melospiza lincolnii,Lincoln's Sparrow,0.0011,Filtered_Without_Harmonics\Normalized_Audio\Spotted Towhee.wav,-1,-1,27,0.01
0.0,3.0,Leiothlypis celata,Orange-crowned Warbler,0.0008,Filtered_Without_Harmonics\Normalized_Audio\Spotted Towhee.wav,-1,-1,27,0.01
0.0,3.0,Chondestes grammacus,Lark Sparrow,0.0007,Filtered_Without_Harmonics\Normalized_Audio\Spotted Towhee.wav,-1,-1,27,0.01
0.0,3.0,Geothlypis tolmiei,MacGillivray's Warbler,0.0006,Filtered_Without_Harmonics\Normalized_Audio\Spotted Towhee.wav,-1,-1,27,0.01
0.0,3.0,Passerina amoena,Lazuli Bunting,0.0005,Filtered_Without_Harmonics\Normalized_Audio\Spotted Towhee.wav,-1,-1,27,0.01
0.0,3.0,Empidonax oberholseri,Dusky Flycatcher,0.0004,Filtered_Without_Harmonics\Normalized_Audio\Spotted Towhee.wav,-1,-1,27,0.01
0.0,3.0,Turdus philomelos,Song Thrush,0.0004,Filtered_Without_Harmonics\Normalized_Audio\Spotted Towhee.wav,-1,-1,27,0.01
0.0,3.0,Spizella breweri,Brewer's Sparrow,0.0004,Filtered_Without_Harmonics\Normalized_Audio\Spotted Towhee.wav,-1,-1,27,0.01
0.0,3.0,Melozone fusca,Canyon Towhee,0.0004,Filtered_Without_Harmonics\Normalized_Audio\Spotted Towhee.wav,-1,-1,27,0.01
0.0,3.0,Pooecetes gramineus,Vesper Sparrow,0.0003,Filtered_Without_Harmonics\Normalized_Audio\Spotted Towhee.wav,-1,-1,27,0.01
3.0,6.0,Engine,Engine,0.0068,Filtered_Without_Harmonics\Normalized_Audio\Spotted Towhee.wav,-1,-1,27,0.01
3.0,6.0,Human vocal,Human vocal,0.0042,Filtered_Without_Harmonics\Normalized_Audio\Spotted Towhee.wav,-1,-1,27,0.01
3.0,6.0,Fireworks,Fireworks,0.0034,Filtered_Without_Harmonics\Normalized_Audio\Spotted Towhee.wav,-1,-1,27,0.01
3.0,6.0,Bubo virginianus,Great Horned Owl,0.0033,Filtered_Without_Harmonics\Normalized_Audio\Spotted Towhee.wav,-1,-1,27,0.01
3.0,6.0,Power tools,Power tools,0.0032,Filtered_Without_Harmonics\Normalized_Audio\Spotted Towhee.wav,-1,-1,27,0.01
3.0,6.0,Buteo jamaicensis,Red-tailed Hawk,0.0027,Filtered_Without_Harmonics\Normalized_Audio\Spotted Towhee.wav,-1,-1,27,0.01
3.0,6.0,Dryobates minor,Lesser Spotted Woodpecker,0.0027,Filtered_Without_Harmonics\Normalized_Audio\Spotted Towhee.wav,-1,-1,27,0.01
3.0,6.0,Dryocopus pileatus,Pileated Woodpecker,0.0026,Filtered_Without_Harmonics\Normalized_Audio\Spotted Towhee.wav,-1,-1,27,0.01
3.0,6.0,Turdus merula,Eurasian Blackbird,0.0025,Filtered_Without_Harmonics\Normalized_Audio\Spotted Towhee.wav,-1,-1,27,0.01
3.0,6.0,Bombycilla cedrorum,Cedar Waxwing,0.0024,Filtered_Without_Harmonics\Normalized_Audio\Spotted Towhee.wav,-1,-1,27,0.01
3.0,6.0,Loxia curvirostra,Red Crossbill,0.0023,Filtered_Without_Harmonics\Normalized_Audio\Spotted Towhee.wav,-1,-1,27,0.01
3.0,6.0,Regulus regulus,Goldcrest,0.0023,Filtered_Without_Harmonics\Normalized_Audio\Spotted Towhee.wav,-1,-1,27,0.01
3.0,6.0,Bonasa umbellus,Ruffed Grouse,0.0023,Filtered_Without_Harmonics\Normalized_Audio\Spotted Towhee.wav,-1,-1,27,0.01
3.0,6.0,Catharus fuscescens,Veery,0.0022,Filtered_Without_Harmonics\Normalized_Audio\Spotted Towhee.wav,-1,-1,27,0.01
3.0,6.0,Scolopax minor,American Woodcock,0.0022,Filtered_Without_Harmonics\Normalized_Audio\Spotted Towhee.wav,-1,-1,27,0.01
3.0,6.0,Junco hyemalis,Dark-eyed Junco,0.0022,Filtered_Without_Harmonics\Normalized_Audio\Spotted Towhee.wav,-1,-1,27,0.01
3.0,6.0,Myiarchus crinitus,Great Crested Flycatcher,0.0021,Filtered_Without_Harmonics\Normalized_Audio\Spotted Towhee.wav,-1,-1,27,0.01
3.0,6.0,Catharus ustulatus,Swainson's Thrush,0.0021,Filtered_Without_Harmonics\Normalized_Audio\Spotted Towhee.wav,-1,-1,27,0.01
3.0,6.0,Parkesia motacilla,Louisiana Waterthrush,0.0021,Filtered_Without_Harmonics\Normalized_Audio\Spotted Towhee.wav,-1,-1,27,0.01
3.0,6.0,Seiurus aurocapilla,Ovenbird,0.0021,Filtered_Without_Harmonics\Normalized_Audio\Spotted Towhee.wav,-1,-1,27,0.01
6.0,9.0,Pipilo maculatus,Spotted Towhee,0.9388,Filtered_Without_Harmonics\Normalized_Audio\Spotted Towhee.wav,-1,-1,27,0.01
6.0,9.0,Pipilo chlorurus,Green-tailed Towhee,0.7908,Filtered_Without_Harmonics\Normalized_Audio\Spotted Towhee.wav,-1,-1,27,0.01
6.0,9.0,Junco phaeonotus,Yellow-eyed Junco,0.0363,Filtered_Without_Harmonics\Normalized_Audio\Spotted Towhee.wav,-1,-1,27,0.01
6.0,9.0,Leiothlypis virginiae,Virginia's Warbler,0.0307,Filtered_Without_Harmonics\Normalized_Audio\Spotted Towhee.wav,-1,-1,27,0.01
6.0,9.0,Geothlypis tolmiei,MacGillivray's Warbler,0.0093,Filtered_Without_Harmonics\Normalized_Audio\Spotted Towhee.wav,-1,-1,27,0.01
6.0,9.0,Emberiza schoeniclus,Reed Bunting,0.0063,Filtered_Without_Harmonics\Normalized_Audio\Spotted Towhee.wav,-1,-1,27,0.01
6.0,9.0,Aimophila ruficeps,Rufous-crowned Sparrow,0.0034,Filtered_Without_Harmonics\Normalized_Audio\Spotted Towhee.wav,-1,-1,27,0.01
6.0,9.0,Melospiza lincolnii,Lincoln's Sparrow,0.0028,Filtered_Without_Harmonics\Normalized_Audio\Spotted Towhee.wav,-1,-1,27,0.01
6.0,9.0,Helopsaltes certhiola,Pallas's Grasshopper Warbler,0.0025,Filtered_Without_Harmonics\Normalized_Audio\Spotted Towhee.wav,-1,-1,27,0.01
6.0,9.0,Passerella iliaca,Fox Sparrow,0.0024,Filtered_Without_Harmonics\Normalized_Audio\Spotted Towhee.wav,-1,-1,27,0.01
6.0,9.0,Junco hyemalis,Dark-eyed Junco,0.0016,Filtered_Without_Harmonics\Normalized_Audio\Spotted Towhee.wav,-1,-1,27,0.01
6.0,9.0,Leiothlypis celata,Orange-crowned Warbler,0.0016,Filtered_Without_Harmonics\Normalized_Audio\Spotted Towhee.wav,-1,-1,27,0.01
6.0,9.0,Empidonax oberholseri,Dusky Flycatcher,0.0014,Filtered_Without_Harmonics\Normalized_Audio\Spotted Towhee.wav,-1,-1,27,0.01
6.0,9.0,Spizella atrogularis,Black-chinned Sparrow,0.0014,Filtered_Without_Harmonics\Normalized_Audio\Spotted Towhee.wav,-1,-1,27,0.01
6.0,9.0,Pipilo erythrophthalmus,Eastern Towhee,0.0013,Filtered_Without_Harmonics\Normalized_Audio\Spotted Towhee.wav,-1,-1,27,0.01
6.0,9.0,Pooecetes gramineus,Vesper Sparrow,0.0012,Filtered_Without_Harmonics\Normalized_Audio\Spotted Towhee.wav,-1,-1,27,0.01
6.0,9.0,Setophaga coronata,Yellow-rumped Warbler,0.0008,Filtered_Without_Harmonics\Normalized_Audio\Spotted Towhee.wav,-1,-1,27,0.01
6.0,9.0,Passerina amoena,Lazuli Bunting,0.0008,Filtered_Without_Harmonics\Normalized_Audio\Spotted Towhee.wav,-1,-1,27,0.01
6.0,9.0,Piranga ludoviciana,Western Tanager,0.0005,Filtered_Without_Harmonics\Normalized_Audio\Spotted Towhee.wav,-1,-1,27,0.01
6.0,9.0,Setophaga graciae,Grace's Warbler,0.0005,Filtered_Without_Harmonics\Normalized_Audio\Spotted Towhee.wav,-1,-1,27,0.01
9.0,10.0,Engine,Engine,0.0068,Filtered_Without_Harmonics\Normalized_Audio\Spotted Towhee.wav,-1,-1,27,0.01
9.0,10.0,Human vocal,Human vocal,0.0042,Filtered_Without_Harmonics\Normalized_Audio\Spotted Towhee.wav,-1,-1,27,0.01
9.0,10.0,Fireworks,Fireworks,0.0034,Filtered_Without_Harmonics\Normalized_Audio\Spotted Towhee.wav,-1,-1,27,0.01
9.0,10.0,Bubo virginianus,Great Horned Owl,0.0033,Filtered_Without_Harmonics\Normalized_Audio\Spotted Towhee.wav,-1,-1,27,0.01
9.0,10.0,Power tools,Power tools,0.0032,Filtered_Without_Harmonics\Normalized_Audio\Spotted Towhee.wav,-1,-1,27,0.01
9.0,10.0,Buteo jamaicensis,Red-tailed Hawk,0.0027,Filtered_Without_Harmonics\Normalized_Audio\Spotted Towhee.wav,-1,-1,27,0.01
9.0,10.0,Dryobates minor,Lesser Spotted Woodpecker,0.0027,Filtered_Without_Harmonics\Normalized_Audio\Spotted Towhee.wav,-1,-1,27,0.01
9.0,10.0,Dryocopus pileatus,Pileated Woodpecker,0.0026,Filtered_Without_Harmonics\Normalized_Audio\Spotted Towhee.wav,-1,-1,27,0.01
9.0,10.0,Turdus merula,Eurasian Blackbird,0.0025,Filtered_Without_Harmonics\Normalized_Audio\Spotted Towhee.wav,-1,-1,27,0.01
9.0,10.0,Bombycilla cedrorum,Cedar Waxwing,0.0024,Filtered_Without_Harmonics\Normalized_Audio\Spotted Towhee.wav,-1,-1,27,0.01
9.0,10.0,Loxia curvirostra,Red Crossbill,0.0023,Filtered_Without_Harmonics\Normalized_Audio\Spotted Towhee.wav,-1,-1,27,0.01
9.0,10.0,Regulus regulus,Goldcrest,0.0023,Filtered_Without_Harmonics\Normalized_Audio\Spotted Towhee.wav,-1,-1,27,0.01
9.0,10.0,Bonasa umbellus,Ruffed Grouse,0.0023,Filtered_Without_Harmonics\Normalized_Audio\Spotted Towhee.wav,-1,-1,27,0.01
9.0,10.0,Catharus fuscescens,Veery,0.0022,Filtered_Without_Harmonics\Normalized_Audio\Spotted Towhee.wav,-1,-1,27,0.01
9.0,10.0,Scolopax minor,American Woodcock,0.0022,Filtered_Without_Harmonics\Normalized_Audio\Spotted Towhee.wav,-1,-1,27,0.01
9.0,10.0,Junco hyemalis,Dark-eyed Junco,0.0022,Filtered_Without_Harmonics\Normalized_Audio\Spotted Towhee.wav,-1,-1,27,0.01
9.0,10.0,Myiarchus crinitus,Great Crested Flycatcher,0.0021,Filtered_Without_Harmonics\Normalized_Audio\Spotted Towhee.wav,-1,-1,27,0.01
9.0,10.0,Catharus ustulatus,Swainson's Thrush,0.0021,Filtered_Without_Harmonics\Normalized_Audio\Spotted Towhee.wav,-1,-1,27,0.01
9.0,10.0,Parkesia motacilla,Louisiana Waterthrush,0.0021,Filtered_Without_Harmonics\Normalized_Audio\Spotted Towhee.wav,-1,-1,27,0.01
9.0,10.0,Seiurus aurocapilla,Ovenbird,0.0021,Filtered_Without_Harmonics\Normalized_Audio\Spotted Towhee.wav,-1,-1,27,0.01
