Start (s),End (s),Scientific name,Common name,Confidence,File,lat,lon,week,min_conf
0.0,3.0,Turdus migratorius,American Robin,0.9415,Filtered_With_Harmonics\Normalized_Audio\American Robin.wav,-1,-1,-1,0.01
0.0,3.0,Pheucticus melanocephalus,Black-headed Grosbeak,0.0244,Filtered_With_Harmonics\Normalized_Audio\American Robin.wav,-1,-1,-1,0.01
0.0,3.0,Turdus philomelos,Song Thrush,0.0094,Filtered_With_Harmonics\Normalized_Audio\American Robin.wav,-1,-1,-1,0.01
0.0,3.0,Piranga flava,Hepatic Tanager,0.0059,Filtered_With_Harmonics\Normalized_Audio\American Robin.wav,-1,-1,-1,0.01
0.0,3.0,Turdus pelios,African Thrush,0.0057,Filtered_With_Harmonics\Normalized_Audio\American Robin.wav,-1,-1,-1,0.01
0.0,3.0,Pheucticus chrysogaster,Golden Grosbeak,0.0050,Filtered_With_Harmonics\Normalized_Audio\American Robin.wav,-1,-1,-1,0.01
0.0,3.0,Mimus polyglottos,Northern Mockingbird,0.0043,Filtered_With_Harmonics\Normalized_Audio\American Robin.wav,-1,-1,-1,0.01
0.0,3.0,Turdus amaurochalinus,Creamy-bellied Thrush,0.0042,Filtered_With_Harmonics\Normalized_Audio\American Robin.wav,-1,-1,-1,0.01
0.0,3.0,Turdus infuscatus,Black Thrush,0.0037,Filtered_With_Harmonics\Normalized_Audio\American Robin.wav,-1,-1,-1,0.01
0.0,3.0,Piranga rubra,Summer Tanager,0.0021,Filtered_With_Harmonics\Normalized_Audio\American Robin.wav,-1,-1,-1,0.01
0.0,3.0,Pheucticus aureoventris,Black-backed Grosbeak,0.0015,Filtered_With_Harmonics\Normalized_Audio\American Robin.wav,-1,-1,-1,0.01
0.0,3.0,Habia rubica,Red-crowned Ant-Tanager,0.0012,Filtered_With_Harmonics\Normalized_Audio\American Robin.wav,-1,-1,-1,0.01
0.0,3.0,Turdus pallidus,Pale Thrush,0.0011,Filtered_With_Harmonics\Normalized_Audio\American Robin.wav,-1,-1,-1,0.01
0.0,3.0,Pheucticus ludovicianus,Rose-breasted Grosbeak,0.0011,Filtered_With_Harmonics\Normalized_Audio\American Robin.wav,-1,-1,-1,0.01
0.0,3.0,Icterus galbula,Baltimore Oriole,0.0010,Filtered_With_Harmonics\Normalized_Audio\American Robin.wav,-1,-1,-1,0.01
0.0,3.0,Turdus unicolor,Tickell's Thrush,0.0008,Filtered_With_Harmonics\Normalized_Audio\American Robin.wav,-1,-1,-1,0.01
0.0,3.0,Turdus ignobilis,Black-billed Thrush,0.0007,Filtered_With_Harmonics\Normalized_Audio\American Robin.wav,-1,-1,-1,0.01
0.0,3.0,Turdus hortulorum,Gray-backed Thrush,0.0007,Filtered_With_Harmonics\Normalized_Audio\American Robin.wav,-1,-1,-1,0.01
0.0,3.0,Turdus dissimilis,Black-breasted Thrush,0.0007,Filtered_With_Harmonics\Normalized_Audio\American Robin.wav,-1,-1,-1,0.01
0.0,3.0,Turdus leucomelas,Pale-breasted Thrush,0.0006,Filtered_With_Harmonics\Normalized_Audio\American Robin.wav,-1,-1,-1,0.01
3.0,6.0,Turdus migratorius,American Robin,0.9881,Filtered_With_Harmonics\Normalized_Audio\American Robin.wav,-1,-1,-1,0.01
3.0,6.0,Turdus falcklandii,Austral Thrush,0.0133,Filtered_With_Harmonics\Normalized_Audio\American Robin.wav,-1,-1,-1,0.01
3.0,6.0,Turdus rufitorques,Rufous-collared Robin,0.0045,Filtered_With_Harmonics\Normalized_Audio\American Robin.wav,-1,-1,-1,0.01
3.0,6.0,Turdus ignobilis,Black-billed Thrush,0.0042,Filtered_With_Harmonics\Normalized_Audio\American Robin.wav,-1,-1,-1,0.01
3.0,6.0,Turdus amaurochalinus,Creamy-bellied Thrush,0.0039,Filtered_With_Harmonics\Normalized_Audio\American Robin.wav,-1,-1,-1,0.01
3.0,6.0,Turdus philomelos,Song Thrush,0.0025,Filtered_With_Harmonics\Normalized_Audio\American Robin.wav,-1,-1,-1,0.01
3.0,6.0,Turdus obscurus,Eyebrowed Thrush,0.0025,Filtered_With_Harmonics\Normalized_Audio\American Robin.wav,-1,-1,-1,0.01
3.0,6.0,Turdus albocinctus,White-collared Blackbird,0.0018,Filtered_With_Harmonics\Normalized_Audio\American Robin.wav,-1,-1,-1,0.01
3.0,6.0,Turdus infuscatus,Black Thrush,0.0017,Filtered_With_Harmonics\Normalized_Audio\American Robin.wav,-1,-1,-1,0.01
3.0,6.0,Myadestes townsendi,Townsend's Solitaire,0.0014,Filtered_With_Harmonics\Normalized_Audio\American Robin.wav,-1,-1,-1,0.01
3.0,6.0,Icterus galbula,Baltimore Oriole,0.0014,Filtered_With_Harmonics\Normalized_Audio\American Robin.wav,-1,-1,-1,0.01
3.0,6.0,Turdus pallidus,Pale Thrush,0.0012,Filtered_With_Harmonics\Normalized_Audio\American Robin.wav,-1,-1,-1,0.01
3.0,6.0,Limnodromus griseus,Short-billed Dowitcher,0.0010,Filtered_With_Harmonics\Normalized_Audio\American Robin.wav,-1,-1,-1,0.01
3.0,6.0,Turdus naumanni,Naumann's Thrush,0.0010,Filtered_With_Harmonics\Normalized_Audio\American Robin.wav,-1,-1,-1,0.01
3.0,6.0,Turdus torquatus,Ring Ouzel,0.0009,Filtered_With_Harmonics\Normalized_Audio\American Robin.wav,-1,-1,-1,0.01
3.0,6.0,Turdus pelios,African Thrush,0.0008,Filtered_With_Harmonics\Normalized_Audio\American Robin.wav,-1,-1,-1,0.01
3.0,6.0,Pheucticus aureoventris,Black-backed Grosbeak,0.0007,Filtered_With_Harmonics\Normalized_Audio\American Robin.wav,-1,-1,-1,0.01
3.0,6.0,Turdus viscivorus,Mistle Thrush,0.0007,Filtered_With_Harmonics\Normalized_Audio\American Robin.wav,-1,-1,-1,0.01
3.0,6.0,Haemorhous purpureus,Purple Finch,0.0006,Filtered_With_Harmonics\Normalized_Audio\American Robin.wav,-1,-1,-1,0.01
3.0,6.0,Pheucticus melanocephalus,Black-headed Grosbeak,0.0006,Filtered_With_Harmonics\Normalized_Audio\American Robin.wav,-1,-1,-1,0.01
6.0,9.0,Turdus migratorius,American Robin,0.9717,Filtered_With_Harmonics\Normalized_Audio\American Robin.wav,-1,-1,-1,0.01
6.0,9.0,Turdus amaurochalinus,Creamy-bellied Thrush,0.0487,Filtered_With_Harmonics\Normalized_Audio\American Robin.wav,-1,-1,-1,0.01
6.0,9.0,Turdus infuscatus,Black Thrush,0.0264,Filtered_With_Harmonics\Normalized_Audio\American Robin.wav,-1,-1,-1,0.01
6.0,9.0,Turdus unicolor,Tickell's Thrush,0.0222,Filtered_With_Harmonics\Normalized_Audio\American Robin.wav,-1,-1,-1,0.01
6.0,9.0,Turdus pallidus,Pale Thrush,0.0149,Filtered_With_Harmonics\Normalized_Audio\American Robin.wav,-1,-1,-1,0.01
6.0,9.0,Turdus pelios,African Thrush,0.0098,Filtered_With_Harmonics\Normalized_Audio\American Robin.wav,-1,-1,-1,0.01
6.0,9.0,Habia rubica,Red-crowned Ant-Tanager,0.0063,Filtered_With_Harmonics\Normalized_Audio\American Robin.wav,-1,-1,-1,0.01
6.0,9.0,Icterus galbula,Baltimore Oriole,0.0048,Filtered_With_Harmonics\Normalized_Audio\American Robin.wav,-1,-1,-1,0.01
6.0,9.0,Turdus dissimilis,Black-breasted Thrush,0.0046,Filtered_With_Harmonics\Normalized_Audio\American Robin.wav,-1,-1,-1,0.01
6.0,9.0,Turdus obscurus,Eyebrowed Thrush,0.0044,Filtered_With_Harmonics\Normalized_Audio\American Robin.wav,-1,-1,-1,0.01
6.0,9.0,Mimus polyglottos,Northern Mockingbird,0.0043,Filtered_With_Harmonics\Normalized_Audio\American Robin.wav,-1,-1,-1,0.01
6.0,9.0,Turdus philomelos,Song Thrush,0.0041,Filtered_With_Harmonics\Normalized_Audio\American Robin.wav,-1,-1,-1,0.01
6.0,9.0,Turdus hortulorum,Gray-backed Thrush,0.0040,Filtered_With_Harmonics\Normalized_Audio\American Robin.wav,-1,-1,-1,0.01
6.0,9.0,Pheucticus ludovicianus,Rose-breasted Grosbeak,0.0035,Filtered_With_Harmonics\Normalized_Audio\American Robin.wav,-1,-1,-1,0.01
6.0,9.0,Pheucticus chrysogaster,Golden Grosbeak,0.0035,Filtered_With_Harmonics\Normalized_Audio\American Robin.wav,-1,-1,-1,0.01
6.0,9.0,Piranga rubra,Summer Tanager,0.0032,Filtered_With_Harmonics\Normalized_Audio\American Robin.wav,-1,-1,-1,0.01
6.0,9.0,Pheucticus aureoventris,Black-backed Grosbeak,0.0028,Filtered_With_Harmonics\Normalized_Audio\American Robin.wav,-1,-1,-1,0.01
6.0,9.0,Turdus chrysolaus,Brown-headed Thrush,0.0024,Filtered_With_Harmonics\Normalized_Audio\American Robin.wav,-1,-1,-1,0.01
6.0,9.0,Pheucticus melanocephalus,Black-headed Grosbeak,0.0024,Filtered_With_Harmonics\Normalized_Audio\American Robin.wav,-1,-1,-1,0.01
6.0,9.0,Turdus ignobilis,Black-billed Thrush,0.0021,Filtered_With_Harmonics\Normalized_Audio\American Robin.wav,-1,-1,-1,0.01
9.0,10.0,Turdus migratorius,American Robin,0.8263,Filtered_With_Harmonics\Normalized_Audio\American Robin.wav,-1,-1,-1,0.01
9.0,10.0,Pheucticus melanocephalus,Black-headed Grosbeak,0.2729,Filtered_With_Harmonics\Normalized_Audio\American Robin.wav,-1,-1,-1,0.01
9.0,10.0,Pheucticus ludovicianus,Rose-breasted Grosbeak,0.0631,Filtered_With_Harmonics\Normalized_Audio\American Robin.wav,-1,-1,-1,0.01
9.0,10.0,Pheucticus aureoventris,Black-backed Grosbeak,0.0600,Filtered_With_Harmonics\Normalized_Audio\American Robin.wav,-1,-1,-1,0.01
9.0,10.0,Pheucticus chrysogaster,Golden Grosbeak,0.0562,Filtered_With_Harmonics\Normalized_Audio\American Robin.wav,-1,-1,-1,0.01
9.0,10.0,Turdus amaurochalinus,Creamy-bellied Thrush,0.0313,Filtered_With_Harmonics\Normalized_Audio\American Robin.wav,-1,-1,-1,0.01
9.0,10.0,Turdus pallidus,Pale Thrush,0.0075,Filtered_With_Harmonics\Normalized_Audio\American Robin.wav,-1,-1,-1,0.01
9.0,10.0,Turdus infuscatus,Black Thrush,0.0047,Filtered_With_Harmonics\Normalized_Audio\American Robin.wav,-1,-1,-1,0.01
9.0,10.0,Turdus grayi,Clay-colored Thrush,0.0039,Filtered_With_Harmonics\Normalized_Audio\American Robin.wav,-1,-1,-1,0.01
9.0,10.0,Pycnonotus jocosus,Red-whiskered Bulbul,0.0037,Filtered_With_Harmonics\Normalized_Audio\American Robin.wav,-1,-1,-1,0.01
9.0,10.0,Icterus galbula,Baltimore Oriole,0.0037,Filtered_With_Harmonics\Normalized_Audio\American Robin.wav,-1,-1,-1,0.01
9.0,10.0,Colaptes auratus,Northern Flicker,0.0034,Filtered_With_Harmonics\Normalized_Audio\American Robin.wav,-1,-1,-1,0.01
9.0,10.0,Setophaga nigrescens,Black-throated Gray Warbler,0.0030,Filtered_With_Harmonics\Normalized_Audio\American Robin.wav,-1,-1,-1,0.01
9.0,10.0,Turdus obscurus,Eyebrowed Thrush,0.0028,Filtered_With_Harmonics\Normalized_Audio\American Robin.wav,-1,-1,-1,0.01
9.0,10.0,Piranga flava,Hepatic Tanager,0.0022,Filtered_With_Harmonics\Normalized_Audio\American Robin.wav,-1,-1,-1,0.01
9.0,10.0,Turdus dissimilis,Black-breasted Thrush,0.0017,Filtered_With_Harmonics\Normalized_Audio\American Robin.wav,-1,-1,-1,0.01
9.0,10.0,Turdus leucomelas,Pale-breasted Thrush,0.0016,Filtered_With_Harmonics\Normalized_Audio\American Robin.wav,-1,-1,-1,0.01
9.0,10.0,Mimus polyglottos,Northern Mockingbird,0.0015,Filtered_With_Harmonics\Normalized_Audio\American Robin.wav,-1,-1,-1,0.01
9.0,10.0,Pheucticus chrysopeplus,Yellow Grosbeak,0.0015,Filtered_With_Harmonics\Normalized_Audio\American Robin.wav,-1,-1,-1,0.01
9.0,10.0,Turdus philomelos,Song Thrush,0.0014,Filtered_With_Harmonics\Normalized_Audio\American Robin.wav,-1,-1,-1,0.01
0.0,3.0,Calypte anna,Anna's Hummingbird,0.9963,Filtered_With_Harmonics\Normalized_Audio\Anna's Hummingbird.wav,-1,-1,-1,0.01
0.0,3.0,Passerculus sandwichensis,Savannah Sparrow,0.0009,Filtered_With_Harmonics\Normalized_Audio\Anna's Hummingbird.wav,-1,-1,-1,0.01
0.0,3.0,Calypte costae,Costa's Hummingbird,0.0009,Filtered_With_Harmonics\Normalized_Audio\Anna's Hummingbird.wav,-1,-1,-1,0.01
0.0,3.0,Locustella fluviatilis,River Warbler,0.0008,Filtered_With_Harmonics\Normalized_Audio\Anna's Hummingbird.wav,-1,-1,-1,0.01
0.0,3.0,Ammospiza leconteii,LeConte's Sparrow,0.0007,Filtered_With_Harmonics\Normalized_Audio\Anna's Hummingbird.wav,-1,-1,-1,0.01
0.0,3.0,Phoenicurus ochruros,Black Redstart,0.0004,Filtered_With_Harmonics\Normalized_Audio\Anna's Hummingbird.wav,-1,-1,-1,0.01
0.0,3.0,Coereba flaveola,Bananaquit,0.0001,Filtered_With_Harmonics\Normalized_Audio\Anna's Hummingbird.wav,-1,-1,-1,0.01
0.0,3.0,Spizella pallida,Clay-colored Sparrow,0.0001,Filtered_With_Harmonics\Normalized_Audio\Anna's Hummingbird.wav,-1,-1,-1,0.01
0.0,3.0,Cynanthus latirostris,Broad-billed Hummingbird,0.0001,Filtered_With_Harmonics\Normalized_Audio\Anna's Hummingbird.wav,-1,-1,-1,0.01
0.0,3.0,Selasphorus calliope,Calliope Hummingbird,0.0001,Filtered_With_Harmonics\Normalized_Audio\Anna's Hummingbird.wav,-1,-1,-1,0.01
0.0,3.0,Colibri coruscans,Sparkling Violetear,0.0001,Filtered_With_Harmonics\Normalized_Audio\Anna's Hummingbird.wav,-1,-1,-1,0.01
0.0,3.0,Empidonax difficilis,Pacific-slope Flycatcher,0.0001,Filtered_With_Harmonics\Normalized_Audio\Anna's Hummingbird.wav,-1,-1,-1,0.01
0.0,3.0,Setophaga nigrescens,Black-throated Gray Warbler,0.0001,Filtered_With_Harmonics\Normalized_Audio\Anna's Hummingbird.wav,-1,-1,-1,0.01
0.0,3.0,Selasphorus sasin,Allen's Hummingbird,0.0001,Filtered_With_Harmonics\Normalized_Audio\Anna's Hummingbird.wav,-1,-1,-1,0.01
0.0,3.0,Selasphorus rufus,Rufous Hummingbird,0.0001,Filtered_With_Harmonics\Normalized_Audio\Anna's Hummingbird.wav,-1,-1,-1,0.01
0.0,3.0,Spizella breweri,Brewer's Sparrow,0.0000,Filtered_With_Harmonics\Normalized_Audio\Anna's Hummingbird.wav,-1,-1,-1,0.01
0.0,3.0,Baeolophus inornatus,Oak Titmouse,0.0000,Filtered_With_Harmonics\Normalized_Audio\Anna's Hummingbird.wav,-1,-1,-1,0.01
0.0,3.0,Haemorhous mexicanus,House Finch,0.0000,Filtered_With_Harmonics\Normalized_Audio\Anna's Hummingbird.wav,-1,-1,-1,0.01
0.0,3.0,Melanospiza bicolor,Black-faced Grassquit,0.0000,Filtered_With_Harmonics\Normalized_Audio\Anna's Hummingbird.wav,-1,-1,-1,0.01
0.0,3.0,Setophaga occidentalis,Hermit Warbler,0.0000,Filtered_With_Harmonics\Normalized_Audio\Anna's Hummingbird.wav,-1,-1,-1,0.01
3.0,6.0,Calypte anna,Anna's Hummingbird,0.9996,Filtered_With_Harmonics\Normalized_Audio\Anna's Hummingbird.wav,-1,-1,-1,0.01
3.0,6.0,Phoenicurus ochruros,Black Redstart,0.0020,Filtered_With_Harmonics\Normalized_Audio\Anna's Hummingbird.wav,-1,-1,-1,0.01
3.0,6.0,Passerculus sandwichensis,Savannah Sparrow,0.0003,Filtered_With_Harmonics\Normalized_Audio\Anna's Hummingbird.wav,-1,-1,-1,0.01
3.0,6.0,Locustella fluviatilis,River Warbler,0.0003,Filtered_With_Harmonics\Normalized_Audio\Anna's Hummingbird.wav,-1,-1,-1,0.01
3.0,6.0,Spizella pallida,Clay-colored Sparrow,0.0002,Filtered_With_Harmonics\Normalized_Audio\Anna's Hummingbird.wav,-1,-1,-1,0.01
3.0,6.0,Calypte costae,Costa's Hummingbird,0.0002,Filtered_With_Harmonics\Normalized_Audio\Anna's Hummingbird.wav,-1,-1,-1,0.01
3.0,6.0,Ammospiza leconteii,LeConte's Sparrow,0.0001,Filtered_With_Harmonics\Normalized_Audio\Anna's Hummingbird.wav,-1,-1,-1,0.01
3.0,6.0,Cynanthus latirostris,Broad-billed Hummingbird,0.0001,Filtered_With_Harmonics\Normalized_Audio\Anna's Hummingbird.wav,-1,-1,-1,0.01
3.0,6.0,Empidonax difficilis,Pacific-slope Flycatcher,0.0001,Filtered_With_Harmonics\Normalized_Audio\Anna's Hummingbird.wav,-1,-1,-1,0.01
3.0,6.0,Setophaga nigrescens,Black-throated Gray Warbler,0.0001,Filtered_With_Harmonics\Normalized_Audio\Anna's Hummingbird.wav,-1,-1,-1,0.01
3.0,6.0,Saxicola rubetra,Whinchat,0.0001,Filtered_With_Harmonics\Normalized_Audio\Anna's Hummingbird.wav,-1,-1,-1,0.01
3.0,6.0,Selasphorus calliope,Calliope Hummingbird,0.0000,Filtered_With_Harmonics\Normalized_Audio\Anna's Hummingbird.wav,-1,-1,-1,0.01
3.0,6.0,Thryomanes bewickii,Bewick's Wren,0.0000,Filtered_With_Harmonics\Normalized_Audio\Anna's Hummingbird.wav,-1,-1,-1,0.01
3.0,6.0,Vireo gilvus,Warbling Vireo,0.0000,Filtered_With_Harmonics\Normalized_Audio\Anna's Hummingbird.wav,-1,-1,-1,0.01
3.0,6.0,Haemorhous mexicanus,House Finch,0.0000,Filtered_With_Harmonics\Normalized_Audio\Anna's Hummingbird.wav,-1,-1,-1,0.01
3.0,6.0,Pheucticus melanocephalus,Black-headed Grosbeak,0.0000,Filtered_With_Harmonics\Normalized_Audio\Anna's Hummingbird.wav,-1,-1,-1,0.01
3.0,6.0,Icterus cucullatus,Hooded Oriole,0.0000,Filtered_With_Harmonics\Normalized_Audio\Anna's Hummingbird.wav,-1,-1,-1,0.01
3.0,6.0,Coereba flaveola,Bananaquit,0.0000,Filtered_With_Harmonics\Normalized_Audio\Anna's Hummingbird.wav,-1,-1,-1,0.01
3.0,6.0,Passerina amoena,Lazuli Bunting,0.0000,Filtered_With_Harmonics\Normalized_Audio\Anna's Hummingbird.wav,-1,-1,-1,0.01
3.0,6.0,Tachycineta thalassina,Violet-green Swallow,0.0000,Filtered_With_Harmonics\Normalized_Audio\Anna's Hummingbird.wav,-1,-1,-1,0.01
6.0,9.0,Calypte anna,Anna's Hummingbird,0.9997,Filtered_With_Harmonics\Normalized_Audio\Anna's Hummingbird.wav,-1,-1,-1,0.01
6.0,9.0,Passerculus sandwichensis,Savannah Sparrow,0.0067,Filtered_With_Harmonics\Normalized_Audio\Anna's Hummingbird.wav,-1,-1,-1,0.01
6.0,9.0,Phoenicurus ochruros,Black Redstart,0.0005,Filtered_With_Harmonics\Normalized_Audio\Anna's Hummingbird.wav,-1,-1,-1,0.01
6.0,9.0,Ammospiza leconteii,LeConte's Sparrow,0.0005,Filtered_With_Harmonics\Normalized_Audio\Anna's Hummingbird.wav,-1,-1,-1,0.01
6.0,9.0,Cynanthus latirostris,Broad-billed Hummingbird,0.0003,Filtered_With_Harmonics\Normalized_Audio\Anna's Hummingbird.wav,-1,-1,-1,0.01
6.0,9.0,Calypte costae,Costa's Hummingbird,0.0003,Filtered_With_Harmonics\Normalized_Audio\Anna's Hummingbird.wav,-1,-1,-1,0.01
6.0,9.0,Emberiza calandra,Corn Bunting,0.0002,Filtered_With_Harmonics\Normalized_Audio\Anna's Hummingbird.wav,-1,-1,-1,0.01
6.0,9.0,Coereba flaveola,Bananaquit,0.0002,Filtered_With_Harmonics\Normalized_Audio\Anna's Hummingbird.wav,-1,-1,-1,0.01
6.0,9.0,Spizella breweri,Brewer's Sparrow,0.0002,Filtered_With_Harmonics\Normalized_Audio\Anna's Hummingbird.wav,-1,-1,-1,0.01
6.0,9.0,Apus apus,Common Swift,0.0002,Filtered_With_Harmonics\Normalized_Audio\Anna's Hummingbird.wav,-1,-1,-1,0.01
6.0,9.0,Spizella pallida,Clay-colored Sparrow,0.0001,Filtered_With_Harmonics\Normalized_Audio\Anna's Hummingbird.wav,-1,-1,-1,0.01
6.0,9.0,Zonotrichia leucophrys,White-crowned Sparrow,0.0001,Filtered_With_Harmonics\Normalized_Audio\Anna's Hummingbird.wav,-1,-1,-1,0.01
6.0,9.0,Setophaga townsendi,Townsend's Warbler,0.0001,Filtered_With_Harmonics\Normalized_Audio\Anna's Hummingbird.wav,-1,-1,-1,0.01
6.0,9.0,Selasphorus heloisa,Bumblebee Hummingbird,0.0001,Filtered_With_Harmonics\Normalized_Audio\Anna's Hummingbird.wav,-1,-1,-1,0.01
6.0,9.0,Stilpnia heinei,Black-capped Tanager,0.0001,Filtered_With_Harmonics\Normalized_Audio\Anna's Hummingbird.wav,-1,-1,-1,0.01
6.0,9.0,Salpinctes obsoletus,Rock Wren,0.0001,Filtered_With_Harmonics\Normalized_Audio\Anna's Hummingbird.wav,-1,-1,-1,0.01
6.0,9.0,Phrygilus gayi,Gray-hooded Sierra Finch,0.0001,Filtered_With_Harmonics\Normalized_Audio\Anna's Hummingbird.wav,-1,-1,-1,0.01
6.0,9.0,Setophaga nigrescens,Black-throated Gray Warbler,0.0001,Filtered_With_Harmonics\Normalized_Audio\Anna's Hummingbird.wav,-1,-1,-1,0.01
6.0,9.0,Archilochus alexandri,Black-chinned Hummingbird,0.0001,Filtered_With_Harmonics\Normalized_Audio\Anna's Hummingbird.wav,-1,-1,-1,0.01
6.0,9.0,Saxicola rubetra,Whinchat,0.0001,Filtered_With_Harmonics\Normalized_Audio\Anna's Hummingbird.wav,-1,-1,-1,0.01
9.0,10.0,Calypte anna,Anna's Hummingbird,0.9983,Filtered_With_Harmonics\Normalized_Audio\Anna's Hummingbird.wav,-1,-1,-1,0.01
9.0,10.0,Spizella pallida,Clay-colored Sparrow,0.0067,Filtered_With_Harmonics\Normalized_Audio\Anna's Hummingbird.wav,-1,-1,-1,0.01
9.0,10.0,Passerculus sandwichensis,Savannah Sparrow,0.0051,Filtered_With_Harmonics\Normalized_Audio\Anna's Hummingbird.wav,-1,-1,-1,0.01
9.0,10.0,Ammospiza leconteii,LeConte's Sparrow,0.0031,Filtered_With_Harmonics\Normalized_Audio\Anna's Hummingbird.wav,-1,-1,-1,0.01
9.0,10.0,Calypte costae,Costa's Hummingbird,0.0031,Filtered_With_Harmonics\Normalized_Audio\Anna's Hummingbird.wav,-1,-1,-1,0.01
9.0,10.0,Euplectes ardens,Red-collared Widowbird,0.0016,Filtered_With_Harmonics\Normalized_Audio\Anna's Hummingbird.wav,-1,-1,-1,0.01
9.0,10.0,Ammodramus aurifrons,Yellow-browed Sparrow,0.0014,Filtered_With_Harmonics\Normalized_Audio\Anna's Hummingbird.wav,-1,-1,-1,0.01
9.0,10.0,Selasphorus calliope,Calliope Hummingbird,0.0012,Filtered_With_Harmonics\Normalized_Audio\Anna's Hummingbird.wav,-1,-1,-1,0.01
9.0,10.0,Stilpnia heinei,Black-capped Tanager,0.0011,Filtered_With_Harmonics\Normalized_Audio\Anna's Hummingbird.wav,-1,-1,-1,0.01
9.0,10.0,Melanospiza bicolor,Black-faced Grassquit,0.0010,Filtered_With_Harmonics\Normalized_Audio\Anna's Hummingbird.wav,-1,-1,-1,0.01
9.0,10.0,Phoenicurus ochruros,Black Redstart,0.0010,Filtered_With_Harmonics\Normalized_Audio\Anna's Hummingbird.wav,-1,-1,-1,0.01
9.0,10.0,Locustella fluviatilis,River Warbler,0.0009,Filtered_With_Harmonics\Normalized_Audio\Anna's Hummingbird.wav,-1,-1,-1,0.01
9.0,10.0,Vermivora cyanoptera,Blue-winged Warbler,0.0009,Filtered_With_Harmonics\Normalized_Audio\Anna's Hummingbird.wav,-1,-1,-1,0.01
9.0,10.0,Vermivora chrysoptera,Golden-winged Warbler,0.0009,Filtered_With_Harmonics\Normalized_Audio\Anna's Hummingbird.wav,-1,-1,-1,0.01
9.0,10.0,Selasphorus rufus,Rufous Hummingbird,0.0007,Filtered_With_Harmonics\Normalized_Audio\Anna's Hummingbird.wav,-1,-1,-1,0.01
9.0,10.0,Selasphorus sasin,Allen's Hummingbird,0.0006,Filtered_With_Harmonics\Normalized_Audio\Anna's Hummingbird.wav,-1,-1,-1,0.01
9.0,10.0,Aegithalos concinnus,Black-throated Tit,0.0005,Filtered_With_Harmonics\Normalized_Audio\Anna's Hummingbird.wav,-1,-1,-1,0.01
9.0,10.0,Coereba flaveola,Bananaquit,0.0005,Filtered_With_Harmonics\Normalized_Audio\Anna's Hummingbird.wav,-1,-1,-1,0.01
9.0,10.0,Mohoua albicilla,Whitehead,0.0005,Filtered_With_Harmonics\Normalized_Audio\Anna's Hummingbird.wav,-1,-1,-1,0.01
9.0,10.0,Thryomanes bewickii,Bewick's Wren,0.0004,Filtered_With_Harmonics\Normalized_Audio\Anna's Hummingbird.wav,-1,-1,-1,0.01
0.0,3.0,Hirundo rustica,Barn Swallow,0.9999,Filtered_With_Harmonics\Normalized_Audio\Barn Sparrow.wav,-1,-1,-1,0.01
0.0,3.0,Riparia riparia,Bank Swallow,0.0016,Filtered_With_Harmonics\Normalized_Audio\Barn Sparrow.wav,-1,-1,-1,0.01
0.0,3.0,Delichon urbicum,Common House-Martin,0.0006,Filtered_With_Harmonics\Normalized_Audio\Barn Sparrow.wav,-1,-1,-1,0.01
0.0,3.0,Passer montanus,Eurasian Tree Sparrow,0.0006,Filtered_With_Harmonics\Normalized_Audio\Barn Sparrow.wav,-1,-1,-1,0.01
0.0,3.0,Sylvia borin,Garden Warbler,0.0004,Filtered_With_Harmonics\Normalized_Audio\Barn Sparrow.wav,-1,-1,-1,0.01
0.0,3.0,Petrochelidon pyrrhonota,Cliff Swallow,0.0004,Filtered_With_Harmonics\Normalized_Audio\Barn Sparrow.wav,-1,-1,-1,0.01
0.0,3.0,Iduna pallida,Eastern Olivaceous Warbler,0.0003,Filtered_With_Harmonics\Normalized_Audio\Barn Sparrow.wav,-1,-1,-1,0.01
0.0,3.0,Cecropis daurica,Red-rumped Swallow,0.0003,Filtered_With_Harmonics\Normalized_Audio\Barn Sparrow.wav,-1,-1,-1,0.01
0.0,3.0,Acrocephalus palustris,Marsh Warbler,0.0002,Filtered_With_Harmonics\Normalized_Audio\Barn Sparrow.wav,-1,-1,-1,0.01
0.0,3.0,Vireo bellii,Bell's Vireo,0.0002,Filtered_With_Harmonics\Normalized_Audio\Barn Sparrow.wav,-1,-1,-1,0.01
0.0,3.0,Iduna caligata,Booted Warbler,0.0002,Filtered_With_Harmonics\Normalized_Audio\Barn Sparrow.wav,-1,-1,-1,0.01
0.0,3.0,Geothlypis trichas,Common Yellowthroat,0.0001,Filtered_With_Harmonics\Normalized_Audio\Barn Sparrow.wav,-1,-1,-1,0.01
0.0,3.0,Melanocorypha calandra,Calandra Lark,0.0001,Filtered_With_Harmonics\Normalized_Audio\Barn Sparrow.wav,-1,-1,-1,0.01
0.0,3.0,Carduelis carduelis,European Goldfinch,0.0001,Filtered_With_Harmonics\Normalized_Audio\Barn Sparrow.wav,-1,-1,-1,0.01
0.0,3.0,Acrocephalus schoenobaenus,Sedge Warbler,0.0001,Filtered_With_Harmonics\Normalized_Audio\Barn Sparrow.wav,-1,-1,-1,0.01
0.0,3.0,Dolichonyx oryzivorus,Bobolink,0.0001,Filtered_With_Harmonics\Normalized_Audio\Barn Sparrow.wav,-1,-1,-1,0.01
0.0,3.0,Passerculus sandwichensis,Savannah Sparrow,0.0001,Filtered_With_Harmonics\Normalized_Audio\Barn Sparrow.wav,-1,-1,-1,0.01
0.0,3.0,Curruca communis,Greater Whitethroat,0.0001,Filtered_With_Harmonics\Normalized_Audio\Barn Sparrow.wav,-1,-1,-1,0.01
0.0,3.0,Tachycineta bicolor,Tree Swallow,0.0001,Filtered_With_Harmonics\Normalized_Audio\Barn Sparrow.wav,-1,-1,-1,0.01
0.0,3.0,Rallus limicola,Virginia Rail,0.0001,Filtered_With_Harmonics\Normalized_Audio\Barn Sparrow.wav,-1,-1,-1,0.01
3.0,6.0,Hirundo rustica,Barn Swallow,0.9996,Filtered_With_Harmonics\Normalized_Audio\Barn Sparrow.wav,-1,-1,-1,0.01
3.0,6.0,Cecropis daurica,Red-rumped Swallow,0.1698,Filtered_With_Harmonics\Normalized_Audio\Barn Sparrow.wav,-1,-1,-1,0.01
3.0,6.0,Hirundo tahitica,Pacific Swallow,0.1108,Filtered_With_Harmonics\Normalized_Audio\Barn Sparrow.wav,-1,-1,-1,0.01
3.0,6.0,Petrochelidon pyrrhonota,Cliff Swallow,0.0090,Filtered_With_Harmonics\Normalized_Audio\Barn Sparrow.wav,-1,-1,-1,0.01
3.0,6.0,Hirundo angolensis,Angola Swallow,0.0041,Filtered_With_Harmonics\Normalized_Audio\Barn Sparrow.wav,-1,-1,-1,0.01
3.0,6.0,Hirundo smithii,Wire-tailed Swallow,0.0033,Filtered_With_Harmonics\Normalized_Audio\Barn Sparrow.wav,-1,-1,-1,0.01
3.0,6.0,Hirundo neoxena,Welcome Swallow,0.0031,Filtered_With_Harmonics\Normalized_Audio\Barn Sparrow.wav,-1,-1,-1,0.01
3.0,6.0,Turdus viscivorus,Mistle Thrush,0.0028,Filtered_With_Harmonics\Normalized_Audio\Barn Sparrow.wav,-1,-1,-1,0.01
3.0,6.0,Acrocephalus palustris,Marsh Warbler,0.0020,Filtered_With_Harmonics\Normalized_Audio\Barn Sparrow.wav,-1,-1,-1,0.01
3.0,6.0,Lanius senator,Woodchat Shrike,0.0017,Filtered_With_Harmonics\Normalized_Audio\Barn Sparrow.wav,-1,-1,-1,0.01
3.0,6.0,Delichon urbicum,Common House-Martin,0.0013,Filtered_With_Harmonics\Normalized_Audio\Barn Sparrow.wav,-1,-1,-1,0.01
3.0,6.0,Petronia petronia,Rock Sparrow,0.0013,Filtered_With_Harmonics\Normalized_Audio\Barn Sparrow.wav,-1,-1,-1,0.01
3.0,6.0,Petrochelidon fulva,Cave Swallow,0.0011,Filtered_With_Harmonics\Normalized_Audio\Barn Sparrow.wav,-1,-1,-1,0.01
3.0,6.0,Spatula querquedula,Garganey,0.0008,Filtered_With_Harmonics\Normalized_Audio\Barn Sparrow.wav,-1,-1,-1,0.01
3.0,6.0,Iduna caligata,Booted Warbler,0.0008,Filtered_With_Harmonics\Normalized_Audio\Barn Sparrow.wav,-1,-1,-1,0.01
3.0,6.0,Cecropis abyssinica,Lesser Striped Swallow,0.0006,Filtered_With_Harmonics\Normalized_Audio\Barn Sparrow.wav,-1,-1,-1,0.01
3.0,6.0,Sylvia borin,Garden Warbler,0.0005,Filtered_With_Harmonics\Normalized_Audio\Barn Sparrow.wav,-1,-1,-1,0.01
3.0,6.0,Pycnonotus barbatus,Common Bulbul,0.0005,Filtered_With_Harmonics\Normalized_Audio\Barn Sparrow.wav,-1,-1,-1,0.01
3.0,6.0,Ptyonoprogne rupestris,Eurasian Crag-Martin,0.0004,Filtered_With_Harmonics\Normalized_Audio\Barn Sparrow.wav,-1,-1,-1,0.01
3.0,6.0,Spinus magellanicus,Hooded Siskin,0.0004,Filtered_With_Harmonics\Normalized_Audio\Barn Sparrow.wav,-1,-1,-1,0.01
6.0,9.0,Hirundo rustica,Barn Swallow,0.9984,Filtered_With_Harmonics\Normalized_Audio\Barn Sparrow.wav,-1,-1,-1,0.01
6.0,9.0,Cecropis daurica,Red-rumped Swallow,0.0567,Filtered_With_Harmonics\Normalized_Audio\Barn Sparrow.wav,-1,-1,-1,0.01
6.0,9.0,Hirundo tahitica,Pacific Swallow,0.0258,Filtered_With_Harmonics\Normalized_Audio\Barn Sparrow.wav,-1,-1,-1,0.01
6.0,9.0,Locustella naevia,Common Grasshopper-Warbler,0.0105,Filtered_With_Harmonics\Normalized_Audio\Barn Sparrow.wav,-1,-1,-1,0.01
6.0,9.0,Pseudasthenes humicola,Dusky-tailed Canastero,0.0066,Filtered_With_Harmonics\Normalized_Audio\Barn Sparrow.wav,-1,-1,-1,0.01
6.0,9.0,Petrochelidon fulva,Cave Swallow,0.0061,Filtered_With_Harmonics\Normalized_Audio\Barn Sparrow.wav,-1,-1,-1,0.01
6.0,9.0,Turdus viscivorus,Mistle Thrush,0.0043,Filtered_With_Harmonics\Normalized_Audio\Barn Sparrow.wav,-1,-1,-1,0.01
6.0,9.0,Pygochelidon cyanoleuca,Blue-and-white Swallow,0.0026,Filtered_With_Harmonics\Normalized_Audio\Barn Sparrow.wav,-1,-1,-1,0.01
6.0,9.0,Iduna pallida,Eastern Olivaceous Warbler,0.0015,Filtered_With_Harmonics\Normalized_Audio\Barn Sparrow.wav,-1,-1,-1,0.01
6.0,9.0,Delichon urbicum,Common House-Martin,0.0014,Filtered_With_Harmonics\Normalized_Audio\Barn Sparrow.wav,-1,-1,-1,0.01
6.0,9.0,Petrochelidon pyrrhonota,Cliff Swallow,0.0010,Filtered_With_Harmonics\Normalized_Audio\Barn Sparrow.wav,-1,-1,-1,0.01
6.0,9.0,Spizella breweri,Brewer's Sparrow,0.0008,Filtered_With_Harmonics\Normalized_Audio\Barn Sparrow.wav,-1,-1,-1,0.01
6.0,9.0,Delichon dasypus,Asian House-Martin,0.0007,Filtered_With_Harmonics\Normalized_Audio\Barn Sparrow.wav,-1,-1,-1,0.01
6.0,9.0,Spinus spinus,Eurasian Siskin,0.0006,Filtered_With_Harmonics\Normalized_Audio\Barn Sparrow.wav,-1,-1,-1,0.01
6.0,9.0,Forpus cyanopygius,Mexican Parrotlet,0.0006,Filtered_With_Harmonics\Normalized_Audio\Barn Sparrow.wav,-1,-1,-1,0.01
6.0,9.0,Spinus barbatus,Black-chinned Siskin,0.0005,Filtered_With_Harmonics\Normalized_Audio\Barn Sparrow.wav,-1,-1,-1,0.01
6.0,9.0,Diglossa brunneiventris,Black-throated Flowerpiercer,0.0005,Filtered_With_Harmonics\Normalized_Audio\Barn Sparrow.wav,-1,-1,-1,0.01
6.0,9.0,Passer montanus,Eurasian Tree Sparrow,0.0005,Filtered_With_Harmonics\Normalized_Audio\Barn Sparrow.wav,-1,-1,-1,0.01
6.0,9.0,Hirundo smithii,Wire-tailed Swallow,0.0004,Filtered_With_Harmonics\Normalized_Audio\Barn Sparrow.wav,-1,-1,-1,0.01
6.0,9.0,Melanocorypha calandra,Calandra Lark,0.0004,Filtered_With_Harmonics\Normalized_Audio\Barn Sparrow.wav,-1,-1,-1,0.01
9.0,10.0,Phaeomyias murina,Mouse-colored Tyrannulet,0.1888,Filtered_With_Harmonics\Normalized_Audio\Barn Sparrow.wav,-1,-1,-1,0.01
9.0,10.0,Synallaxis stictothorax,Necklaced Spinetail,0.1811,Filtered_With_Harmonics\Normalized_Audio\Barn Sparrow.wav,-1,-1,-1,0.01
9.0,10.0,Certhiaxis cinnamomeus,Yellow-chinned Spinetail,0.0855,Filtered_With_Harmonics\Normalized_Audio\Barn Sparrow.wav,-1,-1,-1,0.01
9.0,10.0,Synallaxis fuscorufa,Rusty-headed Spinetail,0.0841,Filtered_With_Harmonics\Normalized_Audio\Barn Sparrow.wav,-1,-1,-1,0.01
9.0,10.0,Myornis senilis,Ash-colored Tapaculo,0.0837,Filtered_With_Harmonics\Normalized_Audio\Barn Sparrow.wav,-1,-1,-1,0.01
9.0,10.0,Hemitriccus margaritaceiventer,Pearly-vented Tody-Tyrant,0.0642,Filtered_With_Harmonics\Normalized_Audio\Barn Sparrow.wav,-1,-1,-1,0.01
9.0,10.0,Pseudelaenia leucospodia,Gray-and-white Tyrannulet,0.0406,Filtered_With_Harmonics\Normalized_Audio\Barn Sparrow.wav,-1,-1,-1,0.01
9.0,10.0,Euscarthmus meloryphus,Rufous-crowned Pygmy-Tyrant,0.0294,Filtered_With_Harmonics\Normalized_Audio\Barn Sparrow.wav,-1,-1,-1,0.01
9.0,10.0,Asthenes sclateri,Puna Canastero,0.0198,Filtered_With_Harmonics\Normalized_Audio\Barn Sparrow.wav,-1,-1,-1,0.01
9.0,10.0,Phyllomyias sclateri,Sclater's Tyrannulet,0.0180,Filtered_With_Harmonics\Normalized_Audio\Barn Sparrow.wav,-1,-1,-1,0.01
9.0,10.0,Mecocerculus leucophrys,White-throated Tyrannulet,0.0161,Filtered_With_Harmonics\Normalized_Audio\Barn Sparrow.wav,-1,-1,-1,0.01
9.0,10.0,Limnoctites sulphuriferus,Sulphur-bearded Reedhaunter,0.0159,Filtered_With_Harmonics\Normalized_Audio\Barn Sparrow.wav,-1,-1,-1,0.01
9.0,10.0,Synallaxis albescens,Pale-breasted Spinetail,0.0126,Filtered_With_Harmonics\Normalized_Audio\Barn Sparrow.wav,-1,-1,-1,0.01
9.0,10.0,Cranioleuca hellmayri,Streak-capped Spinetail,0.0094,Filtered_With_Harmonics\Normalized_Audio\Barn Sparrow.wav,-1,-1,-1,0.01
9.0,10.0,Phleocryptes melanops,Wren-like Rushbird,0.0086,Filtered_With_Harmonics\Normalized_Audio\Barn Sparrow.wav,-1,-1,-1,0.01
9.0,10.0,Euscarthmus fulviceps,Fulvous-headed Pygmy-Tyrant,0.0086,Filtered_With_Harmonics\Normalized_Audio\Barn Sparrow.wav,-1,-1,-1,0.01
9.0,10.0,Phacellodomus striaticeps,Streak-fronted Thornbird,0.0062,Filtered_With_Harmonics\Normalized_Audio\Barn Sparrow.wav,-1,-1,-1,0.01
9.0,10.0,Thripadectes flammulatus,Flammulated Treehunter,0.0058,Filtered_With_Harmonics\Normalized_Audio\Barn Sparrow.wav,-1,-1,-1,0.01
9.0,10.0,Ochetorhynchus phoenicurus,Band-tailed Earthcreeper,0.0057,Filtered_With_Harmonics\Normalized_Audio\Barn Sparrow.wav,-1,-1,-1,0.01
9.0,10.0,Atalotriccus pilaris,Pale-eyed Pygmy-Tyrant,0.0057,Filtered_With_Harmonics\Normalized_Audio\Barn Sparrow.wav,-1,-1,-1,0.01
0.0,3.0,Thryomanes bewickii,Bewick's Wren,0.8920,Filtered_With_Harmonics\Normalized_Audio\Bewick's Wren.wav,-1,-1,-1,0.01
0.0,3.0,Amphispiza bilineata,Black-throated Sparrow,0.2656,Filtered_With_Harmonics\Normalized_Audio\Bewick's Wren.wav,-1,-1,-1,0.01
0.0,3.0,Melospiza melodia,Song Sparrow,0.1446,Filtered_With_Harmonics\Normalized_Audio\Bewick's Wren.wav,-1,-1,-1,0.01
0.0,3.0,Passerculus sandwichensis,Savannah Sparrow,0.0046,Filtered_With_Harmonics\Normalized_Audio\Bewick's Wren.wav,-1,-1,-1,0.01
0.0,3.0,Junco hyemalis,Dark-eyed Junco,0.0028,Filtered_With_Harmonics\Normalized_Audio\Bewick's Wren.wav,-1,-1,-1,0.01
0.0,3.0,Pipilo maculatus,Spotted Towhee,0.0024,Filtered_With_Harmonics\Normalized_Audio\Bewick's Wren.wav,-1,-1,-1,0.01
0.0,3.0,Carduelis carduelis,European Goldfinch,0.0021,Filtered_With_Harmonics\Normalized_Audio\Bewick's Wren.wav,-1,-1,-1,0.01
0.0,3.0,Chondestes grammacus,Lark Sparrow,0.0020,Filtered_With_Harmonics\Normalized_Audio\Bewick's Wren.wav,-1,-1,-1,0.01
0.0,3.0,Spizella breweri,Brewer's Sparrow,0.0017,Filtered_With_Harmonics\Normalized_Audio\Bewick's Wren.wav,-1,-1,-1,0.01
0.0,3.0,Peucaea carpalis,Rufous-winged Sparrow,0.0010,Filtered_With_Harmonics\Normalized_Audio\Bewick's Wren.wav,-1,-1,-1,0.01
0.0,3.0,Pipilo erythrophthalmus,Eastern Towhee,0.0008,Filtered_With_Harmonics\Normalized_Audio\Bewick's Wren.wav,-1,-1,-1,0.01
0.0,3.0,Leiothlypis celata,Orange-crowned Warbler,0.0008,Filtered_With_Harmonics\Normalized_Audio\Bewick's Wren.wav,-1,-1,-1,0.01
0.0,3.0,Cistothorus platensis,Grass Wren,0.0008,Filtered_With_Harmonics\Normalized_Audio\Bewick's Wren.wav,-1,-1,-1,0.01
0.0,3.0,Spinus lawrencei,Lawrence's Goldfinch,0.0007,Filtered_With_Harmonics\Normalized_Audio\Bewick's Wren.wav,-1,-1,-1,0.01
0.0,3.0,Zonotrichia leucophrys,White-crowned Sparrow,0.0006,Filtered_With_Harmonics\Normalized_Audio\Bewick's Wren.wav,-1,-1,-1,0.01
0.0,3.0,Carduelis corsicana,Corsican Finch,0.0006,Filtered_With_Harmonics\Normalized_Audio\Bewick's Wren.wav,-1,-1,-1,0.01
0.0,3.0,Troglodytes troglodytes,Eurasian Wren,0.0005,Filtered_With_Harmonics\Normalized_Audio\Bewick's Wren.wav,-1,-1,-1,0.01
0.0,3.0,Spizella atrogularis,Black-chinned Sparrow,0.0005,Filtered_With_Harmonics\Normalized_Audio\Bewick's Wren.wav,-1,-1,-1,0.01
0.0,3.0,Pipilo chlorurus,Green-tailed Towhee,0.0005,Filtered_With_Harmonics\Normalized_Audio\Bewick's Wren.wav,-1,-1,-1,0.01
0.0,3.0,Pooecetes gramineus,Vesper Sparrow,0.0005,Filtered_With_Harmonics\Normalized_Audio\Bewick's Wren.wav,-1,-1,-1,0.01
3.0,6.0,Engine,Engine,0.0063,Filtered_With_Harmonics\Normalized_Audio\Bewick's Wren.wav,-1,-1,-1,0.01
3.0,6.0,Human vocal,Human vocal,0.0038,Filtered_With_Harmonics\Normalized_Audio\Bewick's Wren.wav,-1,-1,-1,0.01
3.0,6.0,Fireworks,Fireworks,0.0030,Filtered_With_Harmonics\Normalized_Audio\Bewick's Wren.wav,-1,-1,-1,0.01
3.0,6.0,Power tools,Power tools,0.0029,Filtered_With_Harmonics\Normalized_Audio\Bewick's Wren.wav,-1,-1,-1,0.01
3.0,6.0,Bubo virginianus,Great Horned Owl,0.0029,Filtered_With_Harmonics\Normalized_Audio\Bewick's Wren.wav,-1,-1,-1,0.01
3.0,6.0,Dryobates minor,Lesser Spotted Woodpecker,0.0027,Filtered_With_Harmonics\Normalized_Audio\Bewick's Wren.wav,-1,-1,-1,0.01
3.0,6.0,Buteo jamaicensis,Red-tailed Hawk,0.0027,Filtered_With_Harmonics\Normalized_Audio\Bewick's Wren.wav,-1,-1,-1,0.01
3.0,6.0,Dryocopus pileatus,Pileated Woodpecker,0.0024,Filtered_With_Harmonics\Normalized_Audio\Bewick's Wren.wav,-1,-1,-1,0.01
3.0,6.0,Turdus merula,Eurasian Blackbird,0.0023,Filtered_With_Harmonics\Normalized_Audio\Bewick's Wren.wav,-1,-1,-1,0.01
3.0,6.0,Bonasa umbellus,Ruffed Grouse,0.0023,Filtered_With_Harmonics\Normalized_Audio\Bewick's Wren.wav,-1,-1,-1,0.01
3.0,6.0,Bombycilla cedrorum,Cedar Waxwing,0.0023,Filtered_With_Harmonics\Normalized_Audio\Bewick's Wren.wav,-1,-1,-1,0.01
3.0,6.0,Catharus fuscescens,Veery,0.0023,Filtered_With_Harmonics\Normalized_Audio\Bewick's Wren.wav,-1,-1,-1,0.01
3.0,6.0,Phyllomyias nigrocapillus,Black-capped Tyrannulet,0.0023,Filtered_With_Harmonics\Normalized_Audio\Bewick's Wren.wav,-1,-1,-1,0.01
3.0,6.0,Regulus regulus,Goldcrest,0.0022,Filtered_With_Harmonics\Normalized_Audio\Bewick's Wren.wav,-1,-1,-1,0.01
3.0,6.0,Ochthoeca cinnamomeiventris,Slaty-backed Chat-Tyrant,0.0022,Filtered_With_Harmonics\Normalized_Audio\Bewick's Wren.wav,-1,-1,-1,0.01
3.0,6.0,Myiarchus crinitus,Great Crested Flycatcher,0.0021,Filtered_With_Harmonics\Normalized_Audio\Bewick's Wren.wav,-1,-1,-1,0.01
3.0,6.0,Scolopax minor,American Woodcock,0.0021,Filtered_With_Harmonics\Normalized_Audio\Bewick's Wren.wav,-1,-1,-1,0.01
3.0,6.0,Catharus ustulatus,Swainson's Thrush,0.0020,Filtered_With_Harmonics\Normalized_Audio\Bewick's Wren.wav,-1,-1,-1,0.01
3.0,6.0,Contopus virens,Eastern Wood-Pewee,0.0019,Filtered_With_Harmonics\Normalized_Audio\Bewick's Wren.wav,-1,-1,-1,0.01
3.0,6.0,Buteo lineatus,Red-shouldered Hawk,0.0019,Filtered_With_Harmonics\Normalized_Audio\Bewick's Wren.wav,-1,-1,-1,0.01
6.0,9.0,Engine,Engine,0.0068,Filtered_With_Harmonics\Normalized_Audio\Bewick's Wren.wav,-1,-1,-1,0.01
6.0,9.0,Human vocal,Human vocal,0.0042,Filtered_With_Harmonics\Normalized_Audio\Bewick's Wren.wav,-1,-1,-1,0.01
6.0,9.0,Fireworks,Fireworks,0.0034,Filtered_With_Harmonics\Normalized_Audio\Bewick's Wren.wav,-1,-1,-1,0.01
6.0,9.0,Bubo virginianus,Great Horned Owl,0.0033,Filtered_With_Harmonics\Normalized_Audio\Bewick's Wren.wav,-1,-1,-1,0.01
6.0,9.0,Power tools,Power tools,0.0032,Filtered_With_Harmonics\Normalized_Audio\Bewick's Wren.wav,-1,-1,-1,0.01
6.0,9.0,Buteo jamaicensis,Red-tailed Hawk,0.0027,Filtered_With_Harmonics\Normalized_Audio\Bewick's Wren.wav,-1,-1,-1,0.01
6.0,9.0,Dryobates minor,Lesser Spotted Woodpecker,0.0027,Filtered_With_Harmonics\Normalized_Audio\Bewick's Wren.wav,-1,-1,-1,0.01
6.0,9.0,Dryocopus pileatus,Pileated Woodpecker,0.0026,Filtered_With_Harmonics\Normalized_Audio\Bewick's Wren.wav,-1,-1,-1,0.01
6.0,9.0,Turdus merula,Eurasian Blackbird,0.0025,Filtered_With_Harmonics\Normalized_Audio\Bewick's Wren.wav,-1,-1,-1,0.01
6.0,9.0,Bombycilla cedrorum,Cedar Waxwing,0.0024,Filtered_With_Harmonics\Normalized_Audio\Bewick's Wren.wav,-1,-1,-1,0.01
6.0,9.0,Loxia curvirostra,Red Crossbill,0.0023,Filtered_With_Harmonics\Normalized_Audio\Bewick's Wren.wav,-1,-1,-1,0.01
6.0,9.0,Regulus regulus,Goldcrest,0.0023,Filtered_With_Harmonics\Normalized_Audio\Bewick's Wren.wav,-1,-1,-1,0.01
6.0,9.0,Bonasa umbellus,Ruffed Grouse,0.0023,Filtered_With_Harmonics\Normalized_Audio\Bewick's Wren.wav,-1,-1,-1,0.01
6.0,9.0,Catharus fuscescens,Veery,0.0022,Filtered_With_Harmonics\Normalized_Audio\Bewick's Wren.wav,-1,-1,-1,0.01
6.0,9.0,Scolopax minor,American Woodcock,0.0022,Filtered_With_Harmonics\Normalized_Audio\Bewick's Wren.wav,-1,-1,-1,0.01
6.0,9.0,Junco hyemalis,Dark-eyed Junco,0.0022,Filtered_With_Harmonics\Normalized_Audio\Bewick's Wren.wav,-1,-1,-1,0.01
6.0,9.0,Myiarchus crinitus,Great Crested Flycatcher,0.0021,Filtered_With_Harmonics\Normalized_Audio\Bewick's Wren.wav,-1,-1,-1,0.01
6.0,9.0,Catharus ustulatus,Swainson's Thrush,0.0021,Filtered_With_Harmonics\Normalized_Audio\Bewick's Wren.wav,-1,-1,-1,0.01
6.0,9.0,Parkesia motacilla,Louisiana Waterthrush,0.0021,Filtered_With_Harmonics\Normalized_Audio\Bewick's Wren.wav,-1,-1,-1,0.01
6.0,9.0,Seiurus aurocapilla,Ovenbird,0.0021,Filtered_With_Harmonics\Normalized_Audio\Bewick's Wren.wav,-1,-1,-1,0.01
9.0,10.0,Engine,Engine,0.0068,Filtered_With_Harmonics\Normalized_Audio\Bewick's Wren.wav,-1,-1,-1,0.01
9.0,10.0,Human vocal,Human vocal,0.0042,Filtered_With_Harmonics\Normalized_Audio\Bewick's Wren.wav,-1,-1,-1,0.01
9.0,10.0,Fireworks,Fireworks,0.0034,Filtered_With_Harmonics\Normalized_Audio\Bewick's Wren.wav,-1,-1,-1,0.01
9.0,10.0,Bubo virginianus,Great Horned Owl,0.0033,Filtered_With_Harmonics\Normalized_Audio\Bewick's Wren.wav,-1,-1,-1,0.01
9.0,10.0,Power tools,Power tools,0.0032,Filtered_With_Harmonics\Normalized_Audio\Bewick's Wren.wav,-1,-1,-1,0.01
9.0,10.0,Buteo jamaicensis,Red-tailed Hawk,0.0027,Filtered_With_Harmonics\Normalized_Audio\Bewick's Wren.wav,-1,-1,-1,0.01
9.0,10.0,Dryobates minor,Lesser Spotted Woodpecker,0.0027,Filtered_With_Harmonics\Normalized_Audio\Bewick's Wren.wav,-1,-1,-1,0.01
9.0,10.0,Dryocopus pileatus,Pileated Woodpecker,0.0026,Filtered_With_Harmonics\Normalized_Audio\Bewick's Wren.wav,-1,-1,-1,0.01
9.0,10.0,Turdus merula,Eurasian Blackbird,0.0025,Filtered_With_Harmonics\Normalized_Audio\Bewick's Wren.wav,-1,-1,-1,0.01
9.0,10.0,Bombycilla cedrorum,Cedar Waxwing,0.0024,Filtered_With_Harmonics\Normalized_Audio\Bewick's Wren.wav,-1,-1,-1,0.01
9.0,10.0,Loxia curvirostra,Red Crossbill,0.0023,Filtered_With_Harmonics\Normalized_Audio\Bewick's Wren.wav,-1,-1,-1,0.01
9.0,10.0,Regulus regulus,Goldcrest,0.0023,Filtered_With_Harmonics\Normalized_Audio\Bewick's Wren.wav,-1,-1,-1,0.01
9.0,10.0,Bonasa umbellus,Ruffed Grouse,0.0023,Filtered_With_Harmonics\Normalized_Audio\Bewick's Wren.wav,-1,-1,-1,0.01
9.0,10.0,Catharus fuscescens,Veery,0.0022,Filtered_With_Harmonics\Normalized_Audio\Bewick's Wren.wav,-1,-1,-1,0.01
9.0,10.0,Scolopax minor,American Woodcock,0.0022,Filtered_With_Harmonics\Normalized_Audio\Bewick's Wren.wav,-1,-1,-1,0.01
9.0,10.0,Junco hyemalis,Dark-eyed Junco,0.0022,Filtered_With_Harmonics\Normalized_Audio\Bewick's Wren.wav,-1,-1,-1,0.01
9.0,10.0,Myiarchus crinitus,Great Crested Flycatcher,0.0021,Filtered_With_Harmonics\Normalized_Audio\Bewick's Wren.wav,-1,-1,-1,0.01
9.0,10.0,Catharus ustulatus,Swainson's Thrush,0.0021,Filtered_With_Harmonics\Normalized_Audio\Bewick's Wren.wav,-1,-1,-1,0.01
9.0,10.0,Parkesia motacilla,Louisiana Waterthrush,0.0021,Filtered_With_Harmonics\Normalized_Audio\Bewick's Wren.wav,-1,-1,-1,0.01
9.0,10.0,Seiurus aurocapilla,Ovenbird,0.0021,Filtered_With_Harmonics\Normalized_Audio\Bewick's Wren.wav,-1,-1,-1,0.01
0.0,3.0,Sayornis nigricans,Black Phoebe,0.9984,Filtered_With_Harmonics\Normalized_Audio\Black Phoebe.wav,-1,-1,-1,0.01
0.0,3.0,Salpinctes obsoletus,Rock Wren,0.0011,Filtered_With_Harmonics\Normalized_Audio\Black Phoebe.wav,-1,-1,-1,0.01
0.0,3.0,Chamaea fasciata,Wrentit,0.0005,Filtered_With_Harmonics\Normalized_Audio\Black Phoebe.wav,-1,-1,-1,0.01
0.0,3.0,Psaltriparus minimus,Bushtit,0.0005,Filtered_With_Harmonics\Normalized_Audio\Black Phoebe.wav,-1,-1,-1,0.01
0.0,3.0,Baeolophus inornatus,Oak Titmouse,0.0005,Filtered_With_Harmonics\Normalized_Audio\Black Phoebe.wav,-1,-1,-1,0.01
0.0,3.0,Leiothlypis luciae,Lucy's Warbler,0.0004,Filtered_With_Harmonics\Normalized_Audio\Black Phoebe.wav,-1,-1,-1,0.01
0.0,3.0,Spinus psaltria,Lesser Goldfinch,0.0003,Filtered_With_Harmonics\Normalized_Audio\Black Phoebe.wav,-1,-1,-1,0.01
0.0,3.0,Bombycilla garrulus,Bohemian Waxwing,0.0003,Filtered_With_Harmonics\Normalized_Audio\Black Phoebe.wav,-1,-1,-1,0.01
0.0,3.0,Melospiza melodia,Song Sparrow,0.0003,Filtered_With_Harmonics\Normalized_Audio\Black Phoebe.wav,-1,-1,-1,0.01
0.0,3.0,Passerina amoena,Lazuli Bunting,0.0003,Filtered_With_Harmonics\Normalized_Audio\Black Phoebe.wav,-1,-1,-1,0.01
0.0,3.0,Sayornis phoebe,Eastern Phoebe,0.0003,Filtered_With_Harmonics\Normalized_Audio\Black Phoebe.wav,-1,-1,-1,0.01
0.0,3.0,Pyrocephalus rubinus,Vermilion Flycatcher,0.0002,Filtered_With_Harmonics\Normalized_Audio\Black Phoebe.wav,-1,-1,-1,0.01
0.0,3.0,Calypte anna,Anna's Hummingbird,0.0002,Filtered_With_Harmonics\Normalized_Audio\Black Phoebe.wav,-1,-1,-1,0.01
0.0,3.0,Sayornis saya,Say's Phoebe,0.0002,Filtered_With_Harmonics\Normalized_Audio\Black Phoebe.wav,-1,-1,-1,0.01
0.0,3.0,Spinus tristis,American Goldfinch,0.0002,Filtered_With_Harmonics\Normalized_Audio\Black Phoebe.wav,-1,-1,-1,0.01
0.0,3.0,Thryomanes bewickii,Bewick's Wren,0.0002,Filtered_With_Harmonics\Normalized_Audio\Black Phoebe.wav,-1,-1,-1,0.01
0.0,3.0,Phylloscopus xanthoschistos,Gray-hooded Warbler,0.0001,Filtered_With_Harmonics\Normalized_Audio\Black Phoebe.wav,-1,-1,-1,0.01
0.0,3.0,Contopus sordidulus,Western Wood-Pewee,0.0001,Filtered_With_Harmonics\Normalized_Audio\Black Phoebe.wav,-1,-1,-1,0.01
0.0,3.0,Anthus cervinus,Red-throated Pipit,0.0001,Filtered_With_Harmonics\Normalized_Audio\Black Phoebe.wav,-1,-1,-1,0.01
0.0,3.0,Auriparus flaviceps,Verdin,0.0001,Filtered_With_Harmonics\Normalized_Audio\Black Phoebe.wav,-1,-1,-1,0.01
3.0,6.0,Sayornis nigricans,Black Phoebe,0.9988,Filtered_With_Harmonics\Normalized_Audio\Black Phoebe.wav,-1,-1,-1,0.01
3.0,6.0,Sayornis phoebe,Eastern Phoebe,0.0012,Filtered_With_Harmonics\Normalized_Audio\Black Phoebe.wav,-1,-1,-1,0.01
3.0,6.0,Pyrocephalus rubinus,Vermilion Flycatcher,0.0006,Filtered_With_Harmonics\Normalized_Audio\Black Phoebe.wav,-1,-1,-1,0.01
3.0,6.0,Psaltriparus minimus,Bushtit,0.0005,Filtered_With_Harmonics\Normalized_Audio\Black Phoebe.wav,-1,-1,-1,0.01
3.0,6.0,Leiothlypis luciae,Lucy's Warbler,0.0005,Filtered_With_Harmonics\Normalized_Audio\Black Phoebe.wav,-1,-1,-1,0.01
3.0,6.0,Chamaea fasciata,Wrentit,0.0003,Filtered_With_Harmonics\Normalized_Audio\Black Phoebe.wav,-1,-1,-1,0.01
3.0,6.0,Baeolophus inornatus,Oak Titmouse,0.0002,Filtered_With_Harmonics\Normalized_Audio\Black Phoebe.wav,-1,-1,-1,0.01
3.0,6.0,Sayornis saya,Say's Phoebe,0.0002,Filtered_With_Harmonics\Normalized_Audio\Black Phoebe.wav,-1,-1,-1,0.01
3.0,6.0,Salpinctes obsoletus,Rock Wren,0.0002,Filtered_With_Harmonics\Normalized_Audio\Black Phoebe.wav,-1,-1,-1,0.01
3.0,6.0,Bombycilla garrulus,Bohemian Waxwing,0.0002,Filtered_With_Harmonics\Normalized_Audio\Black Phoebe.wav,-1,-1,-1,0.01
3.0,6.0,Tyrannus melancholicus,Tropical Kingbird,0.0002,Filtered_With_Harmonics\Normalized_Audio\Black Phoebe.wav,-1,-1,-1,0.01
3.0,6.0,Serpophaga griseicapilla,Straneck's Tyrannulet,0.0002,Filtered_With_Harmonics\Normalized_Audio\Black Phoebe.wav,-1,-1,-1,0.01
3.0,6.0,Auriparus flaviceps,Verdin,0.0002,Filtered_With_Harmonics\Normalized_Audio\Black Phoebe.wav,-1,-1,-1,0.01
3.0,6.0,Contopus sordidulus,Western Wood-Pewee,0.0002,Filtered_With_Harmonics\Normalized_Audio\Black Phoebe.wav,-1,-1,-1,0.01
3.0,6.0,Phylloscopus xanthoschistos,Gray-hooded Warbler,0.0001,Filtered_With_Harmonics\Normalized_Audio\Black Phoebe.wav,-1,-1,-1,0.01
3.0,6.0,Phylloscopus humei,Hume's Warbler,0.0001,Filtered_With_Harmonics\Normalized_Audio\Black Phoebe.wav,-1,-1,-1,0.01
3.0,6.0,Hydropsalis cayennensis,White-tailed Nightjar,0.0001,Filtered_With_Harmonics\Normalized_Audio\Black Phoebe.wav,-1,-1,-1,0.01
3.0,6.0,Anthus cervinus,Red-throated Pipit,0.0001,Filtered_With_Harmonics\Normalized_Audio\Black Phoebe.wav,-1,-1,-1,0.01
3.0,6.0,Spinus psaltria,Lesser Goldfinch,0.0001,Filtered_With_Harmonics\Normalized_Audio\Black Phoebe.wav,-1,-1,-1,0.01
3.0,6.0,Passerina amoena,Lazuli Bunting,0.0001,Filtered_With_Harmonics\Normalized_Audio\Black Phoebe.wav,-1,-1,-1,0.01
6.0,9.0,Sayornis nigricans,Black Phoebe,0.9991,Filtered_With_Harmonics\Normalized_Audio\Black Phoebe.wav,-1,-1,-1,0.01
6.0,9.0,Sayornis phoebe,Eastern Phoebe,0.0023,Filtered_With_Harmonics\Normalized_Audio\Black Phoebe.wav,-1,-1,-1,0.01
6.0,9.0,Psaltriparus minimus,Bushtit,0.0009,Filtered_With_Harmonics\Normalized_Audio\Black Phoebe.wav,-1,-1,-1,0.01
6.0,9.0,Baeolophus inornatus,Oak Titmouse,0.0008,Filtered_With_Harmonics\Normalized_Audio\Black Phoebe.wav,-1,-1,-1,0.01
6.0,9.0,Anthus cervinus,Red-throated Pipit,0.0007,Filtered_With_Harmonics\Normalized_Audio\Black Phoebe.wav,-1,-1,-1,0.01
6.0,9.0,Salpinctes obsoletus,Rock Wren,0.0007,Filtered_With_Harmonics\Normalized_Audio\Black Phoebe.wav,-1,-1,-1,0.01
6.0,9.0,Leiothlypis luciae,Lucy's Warbler,0.0004,Filtered_With_Harmonics\Normalized_Audio\Black Phoebe.wav,-1,-1,-1,0.01
6.0,9.0,Spinus psaltria,Lesser Goldfinch,0.0004,Filtered_With_Harmonics\Normalized_Audio\Black Phoebe.wav,-1,-1,-1,0.01
6.0,9.0,Anthus rubescens,American Pipit,0.0004,Filtered_With_Harmonics\Normalized_Audio\Black Phoebe.wav,-1,-1,-1,0.01
6.0,9.0,Sayornis saya,Say's Phoebe,0.0004,Filtered_With_Harmonics\Normalized_Audio\Black Phoebe.wav,-1,-1,-1,0.01
6.0,9.0,Chamaea fasciata,Wrentit,0.0003,Filtered_With_Harmonics\Normalized_Audio\Black Phoebe.wav,-1,-1,-1,0.01
6.0,9.0,Passerina amoena,Lazuli Bunting,0.0003,Filtered_With_Harmonics\Normalized_Audio\Black Phoebe.wav,-1,-1,-1,0.01
6.0,9.0,Pyrocephalus rubinus,Vermilion Flycatcher,0.0003,Filtered_With_Harmonics\Normalized_Audio\Black Phoebe.wav,-1,-1,-1,0.01
6.0,9.0,Calypte anna,Anna's Hummingbird,0.0003,Filtered_With_Harmonics\Normalized_Audio\Black Phoebe.wav,-1,-1,-1,0.01
6.0,9.0,Auriparus flaviceps,Verdin,0.0002,Filtered_With_Harmonics\Normalized_Audio\Black Phoebe.wav,-1,-1,-1,0.01
6.0,9.0,Spinus tristis,American Goldfinch,0.0002,Filtered_With_Harmonics\Normalized_Audio\Black Phoebe.wav,-1,-1,-1,0.01
6.0,9.0,Sialia mexicana,Western Bluebird,0.0002,Filtered_With_Harmonics\Normalized_Audio\Black Phoebe.wav,-1,-1,-1,0.01
6.0,9.0,Melospiza melodia,Song Sparrow,0.0002,Filtered_With_Harmonics\Normalized_Audio\Black Phoebe.wav,-1,-1,-1,0.01
6.0,9.0,Bombycilla garrulus,Bohemian Waxwing,0.0002,Filtered_With_Harmonics\Normalized_Audio\Black Phoebe.wav,-1,-1,-1,0.01
6.0,9.0,Spinus lawrencei,Lawrence's Goldfinch,0.0002,Filtered_With_Harmonics\Normalized_Audio\Black Phoebe.wav,-1,-1,-1,0.01
9.0,10.0,Sayornis nigricans,Black Phoebe,0.9995,Filtered_With_Harmonics\Normalized_Audio\Black Phoebe.wav,-1,-1,-1,0.01
9.0,10.0,Baeolophus inornatus,Oak Titmouse,0.0040,Filtered_With_Harmonics\Normalized_Audio\Black Phoebe.wav,-1,-1,-1,0.01
9.0,10.0,Eremophila alpestris,Horned Lark,0.0021,Filtered_With_Harmonics\Normalized_Audio\Black Phoebe.wav,-1,-1,-1,0.01
9.0,10.0,Sayornis phoebe,Eastern Phoebe,0.0021,Filtered_With_Harmonics\Normalized_Audio\Black Phoebe.wav,-1,-1,-1,0.01
9.0,10.0,Anthus rubescens,American Pipit,0.0021,Filtered_With_Harmonics\Normalized_Audio\Black Phoebe.wav,-1,-1,-1,0.01
9.0,10.0,Psaltriparus minimus,Bushtit,0.0012,Filtered_With_Harmonics\Normalized_Audio\Black Phoebe.wav,-1,-1,-1,0.01
9.0,10.0,Serpophaga griseicapilla,Straneck's Tyrannulet,0.0010,Filtered_With_Harmonics\Normalized_Audio\Black Phoebe.wav,-1,-1,-1,0.01
9.0,10.0,Auriparus flaviceps,Verdin,0.0008,Filtered_With_Harmonics\Normalized_Audio\Black Phoebe.wav,-1,-1,-1,0.01
9.0,10.0,Tyrannus tyrannus,Eastern Kingbird,0.0006,Filtered_With_Harmonics\Normalized_Audio\Black Phoebe.wav,-1,-1,-1,0.01
9.0,10.0,Melospiza melodia,Song Sparrow,0.0005,Filtered_With_Harmonics\Normalized_Audio\Black Phoebe.wav,-1,-1,-1,0.01
9.0,10.0,Salpinctes obsoletus,Rock Wren,0.0005,Filtered_With_Harmonics\Normalized_Audio\Black Phoebe.wav,-1,-1,-1,0.01
9.0,10.0,Anthus cervinus,Red-throated Pipit,0.0005,Filtered_With_Harmonics\Normalized_Audio\Black Phoebe.wav,-1,-1,-1,0.01
9.0,10.0,Calcarius lapponicus,Lapland Longspur,0.0004,Filtered_With_Harmonics\Normalized_Audio\Black Phoebe.wav,-1,-1,-1,0.01
9.0,10.0,Hydropsalis cayennensis,White-tailed Nightjar,0.0004,Filtered_With_Harmonics\Normalized_Audio\Black Phoebe.wav,-1,-1,-1,0.01
9.0,10.0,Tyrannus dominicensis,Gray Kingbird,0.0004,Filtered_With_Harmonics\Normalized_Audio\Black Phoebe.wav,-1,-1,-1,0.01
9.0,10.0,Spizelloides arborea,American Tree Sparrow,0.0004,Filtered_With_Harmonics\Normalized_Audio\Black Phoebe.wav,-1,-1,-1,0.01
9.0,10.0,Spinus lawrencei,Lawrence's Goldfinch,0.0004,Filtered_With_Harmonics\Normalized_Audio\Black Phoebe.wav,-1,-1,-1,0.01
9.0,10.0,Sayornis saya,Say's Phoebe,0.0003,Filtered_With_Harmonics\Normalized_Audio\Black Phoebe.wav,-1,-1,-1,0.01
9.0,10.0,Spinus psaltria,Lesser Goldfinch,0.0003,Filtered_With_Harmonics\Normalized_Audio\Black Phoebe.wav,-1,-1,-1,0.01
9.0,10.0,Agelaius phoeniceus,Red-winged Blackbird,0.0003,Filtered_With_Harmonics\Normalized_Audio\Black Phoebe.wav,-1,-1,-1,0.01
0.0,3.0,Melozone crissalis,California Towhee,0.9996,Filtered_With_Harmonics\Normalized_Audio\California Towhee.wav,-1,-1,-1,0.01
0.0,3.0,Cranioleuca marcapatae,Marcapata Spinetail,0.0100,Filtered_With_Harmonics\Normalized_Audio\California Towhee.wav,-1,-1,-1,0.01
0.0,3.0,Leiothlypis celata,Orange-crowned Warbler,0.0088,Filtered_With_Harmonics\Normalized_Audio\California Towhee.wav,-1,-1,-1,0.01
0.0,3.0,Zonotrichia atricapilla,Golden-crowned Sparrow,0.0056,Filtered_With_Harmonics\Normalized_Audio\California Towhee.wav,-1,-1,-1,0.01
0.0,3.0,Melozone albicollis,White-throated Towhee,0.0047,Filtered_With_Harmonics\Normalized_Audio\California Towhee.wav,-1,-1,-1,0.01
0.0,3.0,Cinnyris mariquensis,Mariqua Sunbird,0.0014,Filtered_With_Harmonics\Normalized_Audio\California Towhee.wav,-1,-1,-1,0.01
0.0,3.0,Cardinalis sinuatus,Pyrrhuloxia,0.0014,Filtered_With_Harmonics\Normalized_Audio\California Towhee.wav,-1,-1,-1,0.01
0.0,3.0,Emberiza calandra,Corn Bunting,0.0010,Filtered_With_Harmonics\Normalized_Audio\California Towhee.wav,-1,-1,-1,0.01
0.0,3.0,Bradypterus sylvaticus,Knysna Warbler,0.0009,Filtered_With_Harmonics\Normalized_Audio\California Towhee.wav,-1,-1,-1,0.01
0.0,3.0,Anthus spinoletta,Water Pipit,0.0008,Filtered_With_Harmonics\Normalized_Audio\California Towhee.wav,-1,-1,-1,0.01
0.0,3.0,Zonotrichia leucophrys,White-crowned Sparrow,0.0008,Filtered_With_Harmonics\Normalized_Audio\California Towhee.wav,-1,-1,-1,0.01
0.0,3.0,Aimophila ruficeps,Rufous-crowned Sparrow,0.0007,Filtered_With_Harmonics\Normalized_Audio\California Towhee.wav,-1,-1,-1,0.01
0.0,3.0,Melozone fusca,Canyon Towhee,0.0007,Filtered_With_Harmonics\Normalized_Audio\California Towhee.wav,-1,-1,-1,0.01
0.0,3.0,Icterus cucullatus,Hooded Oriole,0.0007,Filtered_With_Harmonics\Normalized_Audio\California Towhee.wav,-1,-1,-1,0.01
0.0,3.0,Myiothlypis nigrocristata,Black-crested Warbler,0.0007,Filtered_With_Harmonics\Normalized_Audio\California Towhee.wav,-1,-1,-1,0.01
0.0,3.0,Mirafra cantillans,Singing Bushlark,0.0006,Filtered_With_Harmonics\Normalized_Audio\California Towhee.wav,-1,-1,-1,0.01
0.0,3.0,Phylloscopus armandii,Yellow-streaked Warbler,0.0005,Filtered_With_Harmonics\Normalized_Audio\California Towhee.wav,-1,-1,-1,0.01
0.0,3.0,Foudia madagascariensis,Red Fody,0.0005,Filtered_With_Harmonics\Normalized_Audio\California Towhee.wav,-1,-1,-1,0.01
0.0,3.0,Calendulauda sabota,Sabota Lark,0.0005,Filtered_With_Harmonics\Normalized_Audio\California Towhee.wav,-1,-1,-1,0.01
0.0,3.0,Passerella iliaca,Fox Sparrow,0.0005,Filtered_With_Harmonics\Normalized_Audio\California Towhee.wav,-1,-1,-1,0.01
3.0,6.0,Engine,Engine,0.0068,Filtered_With_Harmonics\Normalized_Audio\California Towhee.wav,-1,-1,-1,0.01
3.0,6.0,Human vocal,Human vocal,0.0042,Filtered_With_Harmonics\Normalized_Audio\California Towhee.wav,-1,-1,-1,0.01
3.0,6.0,Fireworks,Fireworks,0.0034,Filtered_With_Harmonics\Normalized_Audio\California Towhee.wav,-1,-1,-1,0.01
3.0,6.0,Bubo virginianus,Great Horned Owl,0.0033,Filtered_With_Harmonics\Normalized_Audio\California Towhee.wav,-1,-1,-1,0.01
3.0,6.0,Power tools,Power tools,0.0032,Filtered_With_Harmonics\Normalized_Audio\California Towhee.wav,-1,-1,-1,0.01
3.0,6.0,Buteo jamaicensis,Red-tailed Hawk,0.0027,Filtered_With_Harmonics\Normalized_Audio\California Towhee.wav,-1,-1,-1,0.01
3.0,6.0,Dryobates minor,Lesser Spotted Woodpecker,0.0027,Filtered_With_Harmonics\Normalized_Audio\California Towhee.wav,-1,-1,-1,0.01
3.0,6.0,Dryocopus pileatus,Pileated Woodpecker,0.0026,Filtered_With_Harmonics\Normalized_Audio\California Towhee.wav,-1,-1,-1,0.01
3.0,6.0,Turdus merula,Eurasian Blackbird,0.0025,Filtered_With_Harmonics\Normalized_Audio\California Towhee.wav,-1,-1,-1,0.01
3.0,6.0,Bombycilla cedrorum,Cedar Waxwing,0.0024,Filtered_With_Harmonics\Normalized_Audio\California Towhee.wav,-1,-1,-1,0.01
3.0,6.0,Loxia curvirostra,Red Crossbill,0.0023,Filtered_With_Harmonics\Normalized_Audio\California Towhee.wav,-1,-1,-1,0.01
3.0,6.0,Regulus regulus,Goldcrest,0.0023,Filtered_With_Harmonics\Normalized_Audio\California Towhee.wav,-1,-1,-1,0.01
3.0,6.0,Bonasa umbellus,Ruffed Grouse,0.0023,Filtered_With_Harmonics\Normalized_Audio\California Towhee.wav,-1,-1,-1,0.01
3.0,6.0,Catharus fuscescens,Veery,0.0022,Filtered_With_Harmonics\Normalized_Audio\California Towhee.wav,-1,-1,-1,0.01
3.0,6.0,Scolopax minor,American Woodcock,0.0022,Filtered_With_Harmonics\Normalized_Audio\California Towhee.wav,-1,-1,-1,0.01
3.0,6.0,Junco hyemalis,Dark-eyed Junco,0.0022,Filtered_With_Harmonics\Normalized_Audio\California Towhee.wav,-1,-1,-1,0.01
3.0,6.0,Myiarchus crinitus,Great Crested Flycatcher,0.0021,Filtered_With_Harmonics\Normalized_Audio\California Towhee.wav,-1,-1,-1,0.01
3.0,6.0,Catharus ustulatus,Swainson's Thrush,0.0021,Filtered_With_Harmonics\Normalized_Audio\California Towhee.wav,-1,-1,-1,0.01
3.0,6.0,Parkesia motacilla,Louisiana Waterthrush,0.0021,Filtered_With_Harmonics\Normalized_Audio\California Towhee.wav,-1,-1,-1,0.01
3.0,6.0,Seiurus aurocapilla,Ovenbird,0.0021,Filtered_With_Harmonics\Normalized_Audio\California Towhee.wav,-1,-1,-1,0.01
6.0,9.0,Melozone crissalis,California Towhee,0.9976,Filtered_With_Harmonics\Normalized_Audio\California Towhee.wav,-1,-1,-1,0.01
6.0,9.0,Anthus spinoletta,Water Pipit,0.0015,Filtered_With_Harmonics\Normalized_Audio\California Towhee.wav,-1,-1,-1,0.01
6.0,9.0,Melozone albicollis,White-throated Towhee,0.0013,Filtered_With_Harmonics\Normalized_Audio\California Towhee.wav,-1,-1,-1,0.01
6.0,9.0,Melozone aberti,Abert's Towhee,0.0006,Filtered_With_Harmonics\Normalized_Audio\California Towhee.wav,-1,-1,-1,0.01
6.0,9.0,Anthus petrosus,Rock Pipit,0.0004,Filtered_With_Harmonics\Normalized_Audio\California Towhee.wav,-1,-1,-1,0.01
6.0,9.0,Leiothlypis celata,Orange-crowned Warbler,0.0004,Filtered_With_Harmonics\Normalized_Audio\California Towhee.wav,-1,-1,-1,0.01
6.0,9.0,Cranioleuca marcapatae,Marcapata Spinetail,0.0004,Filtered_With_Harmonics\Normalized_Audio\California Towhee.wav,-1,-1,-1,0.01
6.0,9.0,Zonotrichia atricapilla,Golden-crowned Sparrow,0.0003,Filtered_With_Harmonics\Normalized_Audio\California Towhee.wav,-1,-1,-1,0.01
6.0,9.0,Aimophila ruficeps,Rufous-crowned Sparrow,0.0003,Filtered_With_Harmonics\Normalized_Audio\California Towhee.wav,-1,-1,-1,0.01
6.0,9.0,Toxostoma redivivum,California Thrasher,0.0003,Filtered_With_Harmonics\Normalized_Audio\California Towhee.wav,-1,-1,-1,0.01
6.0,9.0,Spinus lawrencei,Lawrence's Goldfinch,0.0003,Filtered_With_Harmonics\Normalized_Audio\California Towhee.wav,-1,-1,-1,0.01
6.0,9.0,Rhynchospiza stolzmanni,Tumbes Sparrow,0.0002,Filtered_With_Harmonics\Normalized_Audio\California Towhee.wav,-1,-1,-1,0.01
6.0,9.0,Pipilo maculatus,Spotted Towhee,0.0002,Filtered_With_Harmonics\Normalized_Audio\California Towhee.wav,-1,-1,-1,0.01
6.0,9.0,Bradypterus sylvaticus,Knysna Warbler,0.0002,Filtered_With_Harmonics\Normalized_Audio\California Towhee.wav,-1,-1,-1,0.01
6.0,9.0,Cinnyris mariquensis,Mariqua Sunbird,0.0002,Filtered_With_Harmonics\Normalized_Audio\California Towhee.wav,-1,-1,-1,0.01
6.0,9.0,Polioptila californica,California Gnatcatcher,0.0002,Filtered_With_Harmonics\Normalized_Audio\California Towhee.wav,-1,-1,-1,0.01
6.0,9.0,Catharus bicknelli,Bicknell's Thrush,0.0002,Filtered_With_Harmonics\Normalized_Audio\California Towhee.wav,-1,-1,-1,0.01
6.0,9.0,Zonotrichia leucophrys,White-crowned Sparrow,0.0001,Filtered_With_Harmonics\Normalized_Audio\California Towhee.wav,-1,-1,-1,0.01
6.0,9.0,Melozone fusca,Canyon Towhee,0.0001,Filtered_With_Harmonics\Normalized_Audio\California Towhee.wav,-1,-1,-1,0.01
6.0,9.0,Cardinalis sinuatus,Pyrrhuloxia,0.0001,Filtered_With_Harmonics\Normalized_Audio\California Towhee.wav,-1,-1,-1,0.01
9.0,10.0,Engine,Engine,0.0068,Filtered_With_Harmonics\Normalized_Audio\California Towhee.wav,-1,-1,-1,0.01
9.0,10.0,Human vocal,Human vocal,0.0042,Filtered_With_Harmonics\Normalized_Audio\California Towhee.wav,-1,-1,-1,0.01
9.0,10.0,Fireworks,Fireworks,0.0034,Filtered_With_Harmonics\Normalized_Audio\California Towhee.wav,-1,-1,-1,0.01
9.0,10.0,Bubo virginianus,Great Horned Owl,0.0033,Filtered_With_Harmonics\Normalized_Audio\California Towhee.wav,-1,-1,-1,0.01
9.0,10.0,Power tools,Power tools,0.0032,Filtered_With_Harmonics\Normalized_Audio\California Towhee.wav,-1,-1,-1,0.01
9.0,10.0,Buteo jamaicensis,Red-tailed Hawk,0.0027,Filtered_With_Harmonics\Normalized_Audio\California Towhee.wav,-1,-1,-1,0.01
9.0,10.0,Dryobates minor,Lesser Spotted Woodpecker,0.0027,Filtered_With_Harmonics\Normalized_Audio\California Towhee.wav,-1,-1,-1,0.01
9.0,10.0,Dryocopus pileatus,Pileated Woodpecker,0.0026,Filtered_With_Harmonics\Normalized_Audio\California Towhee.wav,-1,-1,-1,0.01
9.0,10.0,Turdus merula,Eurasian Blackbird,0.0025,Filtered_With_Harmonics\Normalized_Audio\California Towhee.wav,-1,-1,-1,0.01
9.0,10.0,Bombycilla cedrorum,Cedar Waxwing,0.0024,Filtered_With_Harmonics\Normalized_Audio\California Towhee.wav,-1,-1,-1,0.01
9.0,10.0,Loxia curvirostra,Red Crossbill,0.0023,Filtered_With_Harmonics\Normalized_Audio\California Towhee.wav,-1,-1,-1,0.01
9.0,10.0,Regulus regulus,Goldcrest,0.0023,Filtered_With_Harmonics\Normalized_Audio\California Towhee.wav,-1,-1,-1,0.01
9.0,10.0,Bonasa umbellus,Ruffed Grouse,0.0023,Filtered_With_Harmonics\Normalized_Audio\California Towhee.wav,-1,-1,-1,0.01
9.0,10.0,Catharus fuscescens,Veery,0.0022,Filtered_With_Harmonics\Normalized_Audio\California Towhee.wav,-1,-1,-1,0.01
9.0,10.0,Scolopax minor,American Woodcock,0.0022,Filtered_With_Harmonics\Normalized_Audio\California Towhee.wav,-1,-1,-1,0.01
9.0,10.0,Junco hyemalis,Dark-eyed Junco,0.0022,Filtered_With_Harmonics\Normalized_Audio\California Towhee.wav,-1,-1,-1,0.01
9.0,10.0,Myiarchus crinitus,Great Crested Flycatcher,0.0021,Filtered_With_Harmonics\Normalized_Audio\California Towhee.wav,-1,-1,-1,0.01
9.0,10.0,Catharus ustulatus,Swainson's Thrush,0.0021,Filtered_With_Harmonics\Normalized_Audio\California Towhee.wav,-1,-1,-1,0.01
9.0,10.0,Parkesia motacilla,Louisiana Waterthrush,0.0021,Filtered_With_Harmonics\Normalized_Audio\California Towhee.wav,-1,-1,-1,0.01
9.0,10.0,Seiurus aurocapilla,Ovenbird,0.0021,Filtered_With_Harmonics\Normalized_Audio\California Towhee.wav,-1,-1,-1,0.01
0.0,3.0,Icterus cucullatus,Hooded Oriole,0.9999,Filtered_With_Harmonics\Normalized_Audio\Hooded Oriole.wav,-1,-1,-1,0.01
0.0,3.0,Oenanthe oenanthe,Northern Wheatear,0.0461,Filtered_With_Harmonics\Normalized_Audio\Hooded Oriole.wav,-1,-1,-1,0.01
0.0,3.0,Acrocephalus palustris,Marsh Warbler,0.0078,Filtered_With_Harmonics\Normalized_Audio\Hooded Oriole.wav,-1,-1,-1,0.01
0.0,3.0,Icterus bullockii,Bullock's Oriole,0.0061,Filtered_With_Harmonics\Normalized_Audio\Hooded Oriole.wav,-1,-1,-1,0.01
0.0,3.0,Icterus spurius,Orchard Oriole,0.0056,Filtered_With_Harmonics\Normalized_Audio\Hooded Oriole.wav,-1,-1,-1,0.01
0.0,3.0,Sylvia atricapilla,Eurasian Blackcap,0.0051,Filtered_With_Harmonics\Normalized_Audio\Hooded Oriole.wav,-1,-1,-1,0.01
0.0,3.0,Tyrannus vociferans,Cassin's Kingbird,0.0045,Filtered_With_Harmonics\Normalized_Audio\Hooded Oriole.wav,-1,-1,-1,0.01
0.0,3.0,Spinus spinus,Eurasian Siskin,0.0024,Filtered_With_Harmonics\Normalized_Audio\Hooded Oriole.wav,-1,-1,-1,0.01
0.0,3.0,Toxostoma cinereum,Gray Thrasher,0.0023,Filtered_With_Harmonics\Normalized_Audio\Hooded Oriole.wav,-1,-1,-1,0.01
0.0,3.0,Amphispiza bilineata,Black-throated Sparrow,0.0020,Filtered_With_Harmonics\Normalized_Audio\Hooded Oriole.wav,-1,-1,-1,0.01
0.0,3.0,Toxostoma curvirostre,Curve-billed Thrasher,0.0020,Filtered_With_Harmonics\Normalized_Audio\Hooded Oriole.wav,-1,-1,-1,0.01
0.0,3.0,Luscinia megarhynchos,Common Nightingale,0.0020,Filtered_With_Harmonics\Normalized_Audio\Hooded Oriole.wav,-1,-1,-1,0.01
0.0,3.0,Curruca communis,Greater Whitethroat,0.0018,Filtered_With_Harmonics\Normalized_Audio\Hooded Oriole.wav,-1,-1,-1,0.01
0.0,3.0,Curruca curruca,Lesser Whitethroat,0.0015,Filtered_With_Harmonics\Normalized_Audio\Hooded Oriole.wav,-1,-1,-1,0.01
0.0,3.0,Passer domesticus,House Sparrow,0.0013,Filtered_With_Harmonics\Normalized_Audio\Hooded Oriole.wav,-1,-1,-1,0.01
0.0,3.0,Curruca iberiae,Western Subalpine Warbler,0.0012,Filtered_With_Harmonics\Normalized_Audio\Hooded Oriole.wav,-1,-1,-1,0.01
0.0,3.0,Lanius collurio,Red-backed Shrike,0.0012,Filtered_With_Harmonics\Normalized_Audio\Hooded Oriole.wav,-1,-1,-1,0.01
0.0,3.0,Vireo crassirostris,Thick-billed Vireo,0.0011,Filtered_With_Harmonics\Normalized_Audio\Hooded Oriole.wav,-1,-1,-1,0.01
0.0,3.0,Vireo vicinior,Gray Vireo,0.0010,Filtered_With_Harmonics\Normalized_Audio\Hooded Oriole.wav,-1,-1,-1,0.01
0.0,3.0,Geothlypis beldingi,Belding's Yellowthroat,0.0010,Filtered_With_Harmonics\Normalized_Audio\Hooded Oriole.wav,-1,-1,-1,0.01
3.0,6.0,Icterus cucullatus,Hooded Oriole,0.9964,Filtered_With_Harmonics\Normalized_Audio\Hooded Oriole.wav,-1,-1,-1,0.01
3.0,6.0,Toxostoma curvirostre,Curve-billed Thrasher,0.6502,Filtered_With_Harmonics\Normalized_Audio\Hooded Oriole.wav,-1,-1,-1,0.01
3.0,6.0,Icterus spurius,Orchard Oriole,0.0050,Filtered_With_Harmonics\Normalized_Audio\Hooded Oriole.wav,-1,-1,-1,0.01
3.0,6.0,Icterus bullockii,Bullock's Oriole,0.0040,Filtered_With_Harmonics\Normalized_Audio\Hooded Oriole.wav,-1,-1,-1,0.01
3.0,6.0,Acrocephalus palustris,Marsh Warbler,0.0031,Filtered_With_Harmonics\Normalized_Audio\Hooded Oriole.wav,-1,-1,-1,0.01
3.0,6.0,Sylvia atricapilla,Eurasian Blackcap,0.0023,Filtered_With_Harmonics\Normalized_Audio\Hooded Oriole.wav,-1,-1,-1,0.01
3.0,6.0,Calliope calliope,Siberian Rubythroat,0.0019,Filtered_With_Harmonics\Normalized_Audio\Hooded Oriole.wav,-1,-1,-1,0.01
3.0,6.0,Oenanthe oenanthe,Northern Wheatear,0.0018,Filtered_With_Harmonics\Normalized_Audio\Hooded Oriole.wav,-1,-1,-1,0.01
3.0,6.0,Acrocephalus australis,Australian Reed Warbler,0.0018,Filtered_With_Harmonics\Normalized_Audio\Hooded Oriole.wav,-1,-1,-1,0.01
3.0,6.0,Toxostoma redivivum,California Thrasher,0.0017,Filtered_With_Harmonics\Normalized_Audio\Hooded Oriole.wav,-1,-1,-1,0.01
3.0,6.0,Euphagus carolinus,Rusty Blackbird,0.0016,Filtered_With_Harmonics\Normalized_Audio\Hooded Oriole.wav,-1,-1,-1,0.01
3.0,6.0,Luscinia megarhynchos,Common Nightingale,0.0014,Filtered_With_Harmonics\Normalized_Audio\Hooded Oriole.wav,-1,-1,-1,0.01
3.0,6.0,Dumetella carolinensis,Gray Catbird,0.0014,Filtered_With_Harmonics\Normalized_Audio\Hooded Oriole.wav,-1,-1,-1,0.01
3.0,6.0,Cardinalis sinuatus,Pyrrhuloxia,0.0014,Filtered_With_Harmonics\Normalized_Audio\Hooded Oriole.wav,-1,-1,-1,0.01
3.0,6.0,Amphispiza bilineata,Black-throated Sparrow,0.0011,Filtered_With_Harmonics\Normalized_Audio\Hooded Oriole.wav,-1,-1,-1,0.01
3.0,6.0,Cisticola erythrops,Red-faced Cisticola,0.0010,Filtered_With_Harmonics\Normalized_Audio\Hooded Oriole.wav,-1,-1,-1,0.01
3.0,6.0,Amphispizopsis quinquestriata,Five-striped Sparrow,0.0009,Filtered_With_Harmonics\Normalized_Audio\Hooded Oriole.wav,-1,-1,-1,0.01
3.0,6.0,Toxostoma cinereum,Gray Thrasher,0.0009,Filtered_With_Harmonics\Normalized_Audio\Hooded Oriole.wav,-1,-1,-1,0.01
3.0,6.0,Curruca communis,Greater Whitethroat,0.0009,Filtered_With_Harmonics\Normalized_Audio\Hooded Oriole.wav,-1,-1,-1,0.01
3.0,6.0,Diuca diuca,Diuca Finch,0.0008,Filtered_With_Harmonics\Normalized_Audio\Hooded Oriole.wav,-1,-1,-1,0.01
6.0,9.0,Icterus cucullatus,Hooded Oriole,0.9994,Filtered_With_Harmonics\Normalized_Audio\Hooded Oriole.wav,-1,-1,-1,0.01
6.0,9.0,Toxostoma curvirostre,Curve-billed Thrasher,0.3198,Filtered_With_Harmonics\Normalized_Audio\Hooded Oriole.wav,-1,-1,-1,0.01
6.0,9.0,Icterus bullockii,Bullock's Oriole,0.0080,Filtered_With_Harmonics\Normalized_Audio\Hooded Oriole.wav,-1,-1,-1,0.01
6.0,9.0,Tyrannus vociferans,Cassin's Kingbird,0.0030,Filtered_With_Harmonics\Normalized_Audio\Hooded Oriole.wav,-1,-1,-1,0.01
6.0,9.0,Toxostoma cinereum,Gray Thrasher,0.0023,Filtered_With_Harmonics\Normalized_Audio\Hooded Oriole.wav,-1,-1,-1,0.01
6.0,9.0,Icterus spurius,Orchard Oriole,0.0022,Filtered_With_Harmonics\Normalized_Audio\Hooded Oriole.wav,-1,-1,-1,0.01
6.0,9.0,Cardinalis sinuatus,Pyrrhuloxia,0.0017,Filtered_With_Harmonics\Normalized_Audio\Hooded Oriole.wav,-1,-1,-1,0.01
6.0,9.0,Oenanthe oenanthe,Northern Wheatear,0.0012,Filtered_With_Harmonics\Normalized_Audio\Hooded Oriole.wav,-1,-1,-1,0.01
6.0,9.0,Calendulauda sabota,Sabota Lark,0.0006,Filtered_With_Harmonics\Normalized_Audio\Hooded Oriole.wav,-1,-1,-1,0.01
6.0,9.0,Curaeus curaeus,Austral Blackbird,0.0005,Filtered_With_Harmonics\Normalized_Audio\Hooded Oriole.wav,-1,-1,-1,0.01
6.0,9.0,Amphispiza bilineata,Black-throated Sparrow,0.0005,Filtered_With_Harmonics\Normalized_Audio\Hooded Oriole.wav,-1,-1,-1,0.01
6.0,9.0,Acrocephalus palustris,Marsh Warbler,0.0005,Filtered_With_Harmonics\Normalized_Audio\Hooded Oriole.wav,-1,-1,-1,0.01
6.0,9.0,Toxostoma ocellatum,Ocellated Thrasher,0.0004,Filtered_With_Harmonics\Normalized_Audio\Hooded Oriole.wav,-1,-1,-1,0.01
6.0,9.0,Thryophilus sinaloa,Sinaloa Wren,0.0004,Filtered_With_Harmonics\Normalized_Audio\Hooded Oriole.wav,-1,-1,-1,0.01
6.0,9.0,Agelaioides badius,Grayish Baywing,0.0004,Filtered_With_Harmonics\Normalized_Audio\Hooded Oriole.wav,-1,-1,-1,0.01
6.0,9.0,Luscinia megarhynchos,Common Nightingale,0.0003,Filtered_With_Harmonics\Normalized_Audio\Hooded Oriole.wav,-1,-1,-1,0.01
6.0,9.0,Cisticola erythrops,Red-faced Cisticola,0.0003,Filtered_With_Harmonics\Normalized_Audio\Hooded Oriole.wav,-1,-1,-1,0.01
6.0,9.0,Tyrannus crassirostris,Thick-billed Kingbird,0.0003,Filtered_With_Harmonics\Normalized_Audio\Hooded Oriole.wav,-1,-1,-1,0.01
6.0,9.0,Tyrannus verticalis,Western Kingbird,0.0002,Filtered_With_Harmonics\Normalized_Audio\Hooded Oriole.wav,-1,-1,-1,0.01
6.0,9.0,Geothlypis beldingi,Belding's Yellowthroat,0.0002,Filtered_With_Harmonics\Normalized_Audio\Hooded Oriole.wav,-1,-1,-1,0.01
9.0,10.0,Icterus cucullatus,Hooded Oriole,0.8603,Filtered_With_Harmonics\Normalized_Audio\Hooded Oriole.wav,-1,-1,-1,0.01
9.0,10.0,Piranga ludoviciana,Western Tanager,0.4061,Filtered_With_Harmonics\Normalized_Audio\Hooded Oriole.wav,-1,-1,-1,0.01
9.0,10.0,Toxostoma redivivum,California Thrasher,0.0364,Filtered_With_Harmonics\Normalized_Audio\Hooded Oriole.wav,-1,-1,-1,0.01
9.0,10.0,Icterus spurius,Orchard Oriole,0.0118,Filtered_With_Harmonics\Normalized_Audio\Hooded Oriole.wav,-1,-1,-1,0.01
9.0,10.0,Sialia mexicana,Western Bluebird,0.0099,Filtered_With_Harmonics\Normalized_Audio\Hooded Oriole.wav,-1,-1,-1,0.01
9.0,10.0,Oenanthe oenanthe,Northern Wheatear,0.0056,Filtered_With_Harmonics\Normalized_Audio\Hooded Oriole.wav,-1,-1,-1,0.01
9.0,10.0,Spinus spinus,Eurasian Siskin,0.0055,Filtered_With_Harmonics\Normalized_Audio\Hooded Oriole.wav,-1,-1,-1,0.01
9.0,10.0,Dolichonyx oryzivorus,Bobolink,0.0045,Filtered_With_Harmonics\Normalized_Audio\Hooded Oriole.wav,-1,-1,-1,0.01
9.0,10.0,Tyrannus vociferans,Cassin's Kingbird,0.0038,Filtered_With_Harmonics\Normalized_Audio\Hooded Oriole.wav,-1,-1,-1,0.01
9.0,10.0,Acrocephalus australis,Australian Reed Warbler,0.0038,Filtered_With_Harmonics\Normalized_Audio\Hooded Oriole.wav,-1,-1,-1,0.01
9.0,10.0,Passerella iliaca,Fox Sparrow,0.0034,Filtered_With_Harmonics\Normalized_Audio\Hooded Oriole.wav,-1,-1,-1,0.01
9.0,10.0,Spinus lawrencei,Lawrence's Goldfinch,0.0031,Filtered_With_Harmonics\Normalized_Audio\Hooded Oriole.wav,-1,-1,-1,0.01
9.0,10.0,Pinicola enucleator,Pine Grosbeak,0.0029,Filtered_With_Harmonics\Normalized_Audio\Hooded Oriole.wav,-1,-1,-1,0.01
9.0,10.0,Spinus psaltria,Lesser Goldfinch,0.0027,Filtered_With_Harmonics\Normalized_Audio\Hooded Oriole.wav,-1,-1,-1,0.01
9.0,10.0,Haemorhous cassinii,Cassin's Finch,0.0026,Filtered_With_Harmonics\Normalized_Audio\Hooded Oriole.wav,-1,-1,-1,0.01
9.0,10.0,Linaria cannabina,Eurasian Linnet,0.0024,Filtered_With_Harmonics\Normalized_Audio\Hooded Oriole.wav,-1,-1,-1,0.01
9.0,10.0,Curruca communis,Greater Whitethroat,0.0020,Filtered_With_Harmonics\Normalized_Audio\Hooded Oriole.wav,-1,-1,-1,0.01
9.0,10.0,Pipilo chlorurus,Green-tailed Towhee,0.0018,Filtered_With_Harmonics\Normalized_Audio\Hooded Oriole.wav,-1,-1,-1,0.01
9.0,10.0,Plectrophenax nivalis,Snow Bunting,0.0017,Filtered_With_Harmonics\Normalized_Audio\Hooded Oriole.wav,-1,-1,-1,0.01
9.0,10.0,Piranga bidentata,Flame-colored Tanager,0.0016,Filtered_With_Harmonics\Normalized_Audio\Hooded Oriole.wav,-1,-1,-1,0.01
0.0,3.0,Haemorhous mexicanus,House Finch,0.8753,Filtered_With_Harmonics\Normalized_Audio\House Finch.wav,-1,-1,-1,0.01
0.0,3.0,Myadestes townsendi,Townsend's Solitaire,0.0317,Filtered_With_Harmonics\Normalized_Audio\House Finch.wav,-1,-1,-1,0.01
0.0,3.0,Artemisiospiza nevadensis,Sagebrush Sparrow,0.0083,Filtered_With_Harmonics\Normalized_Audio\House Finch.wav,-1,-1,-1,0.01
0.0,3.0,Haemorhous purpureus,Purple Finch,0.0076,Filtered_With_Harmonics\Normalized_Audio\House Finch.wav,-1,-1,-1,0.01
0.0,3.0,Haemorhous cassinii,Cassin's Finch,0.0073,Filtered_With_Harmonics\Normalized_Audio\House Finch.wav,-1,-1,-1,0.01
0.0,3.0,Plectrophenax nivalis,Snow Bunting,0.0065,Filtered_With_Harmonics\Normalized_Audio\House Finch.wav,-1,-1,-1,0.01
0.0,3.0,Galerida theklae,Thekla's Lark,0.0052,Filtered_With_Harmonics\Normalized_Audio\House Finch.wav,-1,-1,-1,0.01
0.0,3.0,Myiothlypis coronata,Russet-crowned Warbler,0.0040,Filtered_With_Harmonics\Normalized_Audio\House Finch.wav,-1,-1,-1,0.01
0.0,3.0,Oenanthe leucura,Black Wheatear,0.0031,Filtered_With_Harmonics\Normalized_Audio\House Finch.wav,-1,-1,-1,0.01
0.0,3.0,Linaria cannabina,Eurasian Linnet,0.0018,Filtered_With_Harmonics\Normalized_Audio\House Finch.wav,-1,-1,-1,0.01
0.0,3.0,Mirafra cheniana,Latakoo Lark,0.0017,Filtered_With_Harmonics\Normalized_Audio\House Finch.wav,-1,-1,-1,0.01
0.0,3.0,Passerella iliaca,Fox Sparrow,0.0009,Filtered_With_Harmonics\Normalized_Audio\House Finch.wav,-1,-1,-1,0.01
0.0,3.0,Pinicola enucleator,Pine Grosbeak,0.0008,Filtered_With_Harmonics\Normalized_Audio\House Finch.wav,-1,-1,-1,0.01
0.0,3.0,Sayornis saya,Say's Phoebe,0.0007,Filtered_With_Harmonics\Normalized_Audio\House Finch.wav,-1,-1,-1,0.01
0.0,3.0,Chloris chloris,European Greenfinch,0.0007,Filtered_With_Harmonics\Normalized_Audio\House Finch.wav,-1,-1,-1,0.01
0.0,3.0,Chondestes grammacus,Lark Sparrow,0.0006,Filtered_With_Harmonics\Normalized_Audio\House Finch.wav,-1,-1,-1,0.01
0.0,3.0,Calendulauda sabota,Sabota Lark,0.0005,Filtered_With_Harmonics\Normalized_Audio\House Finch.wav,-1,-1,-1,0.01
0.0,3.0,Loxia curvirostra,Red Crossbill,0.0005,Filtered_With_Harmonics\Normalized_Audio\House Finch.wav,-1,-1,-1,0.01
0.0,3.0,Cercotrichas galactotes,Rufous-tailed Scrub-Robin,0.0005,Filtered_With_Harmonics\Normalized_Audio\House Finch.wav,-1,-1,-1,0.01
0.0,3.0,Monticola saxatilis,Rufous-tailed Rock-Thrush,0.0005,Filtered_With_Harmonics\Normalized_Audio\House Finch.wav,-1,-1,-1,0.01
3.0,6.0,Haemorhous mexicanus,House Finch,0.5940,Filtered_With_Harmonics\Normalized_Audio\House Finch.wav,-1,-1,-1,0.01
3.0,6.0,Artemisiospiza nevadensis,Sagebrush Sparrow,0.0352,Filtered_With_Harmonics\Normalized_Audio\House Finch.wav,-1,-1,-1,0.01
3.0,6.0,Haemorhous cassinii,Cassin's Finch,0.0276,Filtered_With_Harmonics\Normalized_Audio\House Finch.wav,-1,-1,-1,0.01
3.0,6.0,Passerina caerulea,Blue Grosbeak,0.0186,Filtered_With_Harmonics\Normalized_Audio\House Finch.wav,-1,-1,-1,0.01
3.0,6.0,Myadestes townsendi,Townsend's Solitaire,0.0094,Filtered_With_Harmonics\Normalized_Audio\House Finch.wav,-1,-1,-1,0.01
3.0,6.0,Chondestes grammacus,Lark Sparrow,0.0070,Filtered_With_Harmonics\Normalized_Audio\House Finch.wav,-1,-1,-1,0.01
3.0,6.0,Pinicola enucleator,Pine Grosbeak,0.0065,Filtered_With_Harmonics\Normalized_Audio\House Finch.wav,-1,-1,-1,0.01
3.0,6.0,Haemorhous purpureus,Purple Finch,0.0062,Filtered_With_Harmonics\Normalized_Audio\House Finch.wav,-1,-1,-1,0.01
3.0,6.0,Artemisiospiza belli,Bell's Sparrow,0.0056,Filtered_With_Harmonics\Normalized_Audio\House Finch.wav,-1,-1,-1,0.01
3.0,6.0,Sayornis saya,Say's Phoebe,0.0056,Filtered_With_Harmonics\Normalized_Audio\House Finch.wav,-1,-1,-1,0.01
3.0,6.0,Turdus iliacus,Redwing,0.0041,Filtered_With_Harmonics\Normalized_Audio\House Finch.wav,-1,-1,-1,0.01
3.0,6.0,Monticola saxatilis,Rufous-tailed Rock-Thrush,0.0038,Filtered_With_Harmonics\Normalized_Audio\House Finch.wav,-1,-1,-1,0.01
3.0,6.0,Galerida theklae,Thekla's Lark,0.0038,Filtered_With_Harmonics\Normalized_Audio\House Finch.wav,-1,-1,-1,0.01
3.0,6.0,Cercotrichas galactotes,Rufous-tailed Scrub-Robin,0.0036,Filtered_With_Harmonics\Normalized_Audio\House Finch.wav,-1,-1,-1,0.01
3.0,6.0,Plectrophenax nivalis,Snow Bunting,0.0034,Filtered_With_Harmonics\Normalized_Audio\House Finch.wav,-1,-1,-1,0.01
3.0,6.0,Progne subis,Purple Martin,0.0031,Filtered_With_Harmonics\Normalized_Audio\House Finch.wav,-1,-1,-1,0.01
3.0,6.0,Calypte anna,Anna's Hummingbird,0.0029,Filtered_With_Harmonics\Normalized_Audio\House Finch.wav,-1,-1,-1,0.01
3.0,6.0,Oenanthe isabellina,Isabelline Wheatear,0.0029,Filtered_With_Harmonics\Normalized_Audio\House Finch.wav,-1,-1,-1,0.01
3.0,6.0,Carpodacus rubicilla,Great Rosefinch,0.0029,Filtered_With_Harmonics\Normalized_Audio\House Finch.wav,-1,-1,-1,0.01
3.0,6.0,Salpinctes obsoletus,Rock Wren,0.0028,Filtered_With_Harmonics\Normalized_Audio\House Finch.wav,-1,-1,-1,0.01
6.0,9.0,Haemorhous mexicanus,House Finch,0.2600,Filtered_With_Harmonics\Normalized_Audio\House Finch.wav,-1,-1,-1,0.01
6.0,9.0,Myadestes townsendi,Townsend's Solitaire,0.0270,Filtered_With_Harmonics\Normalized_Audio\House Finch.wav,-1,-1,-1,0.01
6.0,9.0,Oenanthe leucura,Black Wheatear,0.0264,Filtered_With_Harmonics\Normalized_Audio\House Finch.wav,-1,-1,-1,0.01
6.0,9.0,Plectrophenax nivalis,Snow Bunting,0.0210,Filtered_With_Harmonics\Normalized_Audio\House Finch.wav,-1,-1,-1,0.01
6.0,9.0,Artemisiospiza nevadensis,Sagebrush Sparrow,0.0193,Filtered_With_Harmonics\Normalized_Audio\House Finch.wav,-1,-1,-1,0.01
6.0,9.0,Haemorhous cassinii,Cassin's Finch,0.0060,Filtered_With_Harmonics\Normalized_Audio\House Finch.wav,-1,-1,-1,0.01
6.0,9.0,Cercotrichas galactotes,Rufous-tailed Scrub-Robin,0.0046,Filtered_With_Harmonics\Normalized_Audio\House Finch.wav,-1,-1,-1,0.01
6.0,9.0,Monticola saxatilis,Rufous-tailed Rock-Thrush,0.0046,Filtered_With_Harmonics\Normalized_Audio\House Finch.wav,-1,-1,-1,0.01
6.0,9.0,Galerida theklae,Thekla's Lark,0.0037,Filtered_With_Harmonics\Normalized_Audio\House Finch.wav,-1,-1,-1,0.01
6.0,9.0,Haemorhous purpureus,Purple Finch,0.0024,Filtered_With_Harmonics\Normalized_Audio\House Finch.wav,-1,-1,-1,0.01
6.0,9.0,Icterus spurius,Orchard Oriole,0.0023,Filtered_With_Harmonics\Normalized_Audio\House Finch.wav,-1,-1,-1,0.01
6.0,9.0,Linaria cannabina,Eurasian Linnet,0.0021,Filtered_With_Harmonics\Normalized_Audio\House Finch.wav,-1,-1,-1,0.01
6.0,9.0,Monticola solitarius,Blue Rock-Thrush,0.0017,Filtered_With_Harmonics\Normalized_Audio\House Finch.wav,-1,-1,-1,0.01
6.0,9.0,Passerella iliaca,Fox Sparrow,0.0016,Filtered_With_Harmonics\Normalized_Audio\House Finch.wav,-1,-1,-1,0.01
6.0,9.0,Emberiza melanocephala,Black-headed Bunting,0.0013,Filtered_With_Harmonics\Normalized_Audio\House Finch.wav,-1,-1,-1,0.01
6.0,9.0,Calendulauda sabota,Sabota Lark,0.0013,Filtered_With_Harmonics\Normalized_Audio\House Finch.wav,-1,-1,-1,0.01
6.0,9.0,Myrmecocichla monticola,Mountain Wheatear,0.0010,Filtered_With_Harmonics\Normalized_Audio\House Finch.wav,-1,-1,-1,0.01
6.0,9.0,Oenanthe isabellina,Isabelline Wheatear,0.0009,Filtered_With_Harmonics\Normalized_Audio\House Finch.wav,-1,-1,-1,0.01
6.0,9.0,Myiothlypis coronata,Russet-crowned Warbler,0.0008,Filtered_With_Harmonics\Normalized_Audio\House Finch.wav,-1,-1,-1,0.01
6.0,9.0,Galerida cristata,Crested Lark,0.0007,Filtered_With_Harmonics\Normalized_Audio\House Finch.wav,-1,-1,-1,0.01
9.0,10.0,Engine,Engine,0.0068,Filtered_With_Harmonics\Normalized_Audio\House Finch.wav,-1,-1,-1,0.01
9.0,10.0,Human vocal,Human vocal,0.0042,Filtered_With_Harmonics\Normalized_Audio\House Finch.wav,-1,-1,-1,0.01
9.0,10.0,Fireworks,Fireworks,0.0034,Filtered_With_Harmonics\Normalized_Audio\House Finch.wav,-1,-1,-1,0.01
9.0,10.0,Bubo virginianus,Great Horned Owl,0.0033,Filtered_With_Harmonics\Normalized_Audio\House Finch.wav,-1,-1,-1,0.01
9.0,10.0,Power tools,Power tools,0.0032,Filtered_With_Harmonics\Normalized_Audio\House Finch.wav,-1,-1,-1,0.01
9.0,10.0,Buteo jamaicensis,Red-tailed Hawk,0.0027,Filtered_With_Harmonics\Normalized_Audio\House Finch.wav,-1,-1,-1,0.01
9.0,10.0,Dryobates minor,Lesser Spotted Woodpecker,0.0027,Filtered_With_Harmonics\Normalized_Audio\House Finch.wav,-1,-1,-1,0.01
9.0,10.0,Dryocopus pileatus,Pileated Woodpecker,0.0026,Filtered_With_Harmonics\Normalized_Audio\House Finch.wav,-1,-1,-1,0.01
9.0,10.0,Turdus merula,Eurasian Blackbird,0.0025,Filtered_With_Harmonics\Normalized_Audio\House Finch.wav,-1,-1,-1,0.01
9.0,10.0,Bombycilla cedrorum,Cedar Waxwing,0.0024,Filtered_With_Harmonics\Normalized_Audio\House Finch.wav,-1,-1,-1,0.01
9.0,10.0,Loxia curvirostra,Red Crossbill,0.0023,Filtered_With_Harmonics\Normalized_Audio\House Finch.wav,-1,-1,-1,0.01
9.0,10.0,Regulus regulus,Goldcrest,0.0023,Filtered_With_Harmonics\Normalized_Audio\House Finch.wav,-1,-1,-1,0.01
9.0,10.0,Bonasa umbellus,Ruffed Grouse,0.0023,Filtered_With_Harmonics\Normalized_Audio\House Finch.wav,-1,-1,-1,0.01
9.0,10.0,Catharus fuscescens,Veery,0.0022,Filtered_With_Harmonics\Normalized_Audio\House Finch.wav,-1,-1,-1,0.01
9.0,10.0,Scolopax minor,American Woodcock,0.0022,Filtered_With_Harmonics\Normalized_Audio\House Finch.wav,-1,-1,-1,0.01
9.0,10.0,Junco hyemalis,Dark-eyed Junco,0.0022,Filtered_With_Harmonics\Normalized_Audio\House Finch.wav,-1,-1,-1,0.01
9.0,10.0,Myiarchus crinitus,Great Crested Flycatcher,0.0021,Filtered_With_Harmonics\Normalized_Audio\House Finch.wav,-1,-1,-1,0.01
9.0,10.0,Catharus ustulatus,Swainson's Thrush,0.0021,Filtered_With_Harmonics\Normalized_Audio\House Finch.wav,-1,-1,-1,0.01
9.0,10.0,Parkesia motacilla,Louisiana Waterthrush,0.0021,Filtered_With_Harmonics\Normalized_Audio\House Finch.wav,-1,-1,-1,0.01
9.0,10.0,Seiurus aurocapilla,Ovenbird,0.0021,Filtered_With_Harmonics\Normalized_Audio\House Finch.wav,-1,-1,-1,0.01
0.0,3.0,Passer domesticus,House Sparrow,0.7496,Filtered_With_Harmonics\Normalized_Audio\House Sparrow.wav,-1,-1,-1,0.01
0.0,3.0,Passer italiae,Italian Sparrow,0.6308,Filtered_With_Harmonics\Normalized_Audio\House Sparrow.wav,-1,-1,-1,0.01
0.0,3.0,Passer hispaniolensis,Spanish Sparrow,0.1504,Filtered_With_Harmonics\Normalized_Audio\House Sparrow.wav,-1,-1,-1,0.01
0.0,3.0,Passer melanurus,Cape Sparrow,0.0287,Filtered_With_Harmonics\Normalized_Audio\House Sparrow.wav,-1,-1,-1,0.01
0.0,3.0,Passer montanus,Eurasian Tree Sparrow,0.0283,Filtered_With_Harmonics\Normalized_Audio\House Sparrow.wav,-1,-1,-1,0.01
0.0,3.0,Alaudala cheleensis,Asian Short-toed Lark,0.0106,Filtered_With_Harmonics\Normalized_Audio\House Sparrow.wav,-1,-1,-1,0.01
0.0,3.0,Motacilla flava,Western Yellow Wagtail,0.0092,Filtered_With_Harmonics\Normalized_Audio\House Sparrow.wav,-1,-1,-1,0.01
0.0,3.0,Melanocorypha calandra,Calandra Lark,0.0059,Filtered_With_Harmonics\Normalized_Audio\House Sparrow.wav,-1,-1,-1,0.01
0.0,3.0,Montifringilla nivalis,White-winged Snowfinch,0.0058,Filtered_With_Harmonics\Normalized_Audio\House Sparrow.wav,-1,-1,-1,0.01
0.0,3.0,Luscinia svecica,Bluethroat,0.0054,Filtered_With_Harmonics\Normalized_Audio\House Sparrow.wav,-1,-1,-1,0.01
0.0,3.0,Anthus campestris,Tawny Pipit,0.0046,Filtered_With_Harmonics\Normalized_Audio\House Sparrow.wav,-1,-1,-1,0.01
0.0,3.0,Alauda gulgula,Oriental Skylark,0.0036,Filtered_With_Harmonics\Normalized_Audio\House Sparrow.wav,-1,-1,-1,0.01
0.0,3.0,Coracias garrulus,European Roller,0.0033,Filtered_With_Harmonics\Normalized_Audio\House Sparrow.wav,-1,-1,-1,0.01
0.0,3.0,Cercotrichas coryphoeus,Karoo Scrub-Robin,0.0032,Filtered_With_Harmonics\Normalized_Audio\House Sparrow.wav,-1,-1,-1,0.01
0.0,3.0,Galerida cristata,Crested Lark,0.0032,Filtered_With_Harmonics\Normalized_Audio\House Sparrow.wav,-1,-1,-1,0.01
0.0,3.0,Calandrella cinerea,Red-capped Lark,0.0029,Filtered_With_Harmonics\Normalized_Audio\House Sparrow.wav,-1,-1,-1,0.01
0.0,3.0,Rhynchophanes mccownii,Thick-billed Longspur,0.0025,Filtered_With_Harmonics\Normalized_Audio\House Sparrow.wav,-1,-1,-1,0.01
0.0,3.0,Calcarius lapponicus,Lapland Longspur,0.0025,Filtered_With_Harmonics\Normalized_Audio\House Sparrow.wav,-1,-1,-1,0.01
0.0,3.0,Crithagra flaviventris,Yellow Canary,0.0024,Filtered_With_Harmonics\Normalized_Audio\House Sparrow.wav,-1,-1,-1,0.01
0.0,3.0,Alaudala raytal,Sand Lark,0.0019,Filtered_With_Harmonics\Normalized_Audio\House Sparrow.wav,-1,-1,-1,0.01
3.0,6.0,Passer domesticus,House Sparrow,0.4617,Filtered_With_Harmonics\Normalized_Audio\House Sparrow.wav,-1,-1,-1,0.01
3.0,6.0,Passer italiae,Italian Sparrow,0.1636,Filtered_With_Harmonics\Normalized_Audio\House Sparrow.wav,-1,-1,-1,0.01
3.0,6.0,Passer melanurus,Cape Sparrow,0.0749,Filtered_With_Harmonics\Normalized_Audio\House Sparrow.wav,-1,-1,-1,0.01
3.0,6.0,Crithagra flaviventris,Yellow Canary,0.0339,Filtered_With_Harmonics\Normalized_Audio\House Sparrow.wav,-1,-1,-1,0.01
3.0,6.0,Tachycineta bicolor,Tree Swallow,0.0182,Filtered_With_Harmonics\Normalized_Audio\House Sparrow.wav,-1,-1,-1,0.01
3.0,6.0,Luscinia svecica,Bluethroat,0.0125,Filtered_With_Harmonics\Normalized_Audio\House Sparrow.wav,-1,-1,-1,0.01
3.0,6.0,Passer hispaniolensis,Spanish Sparrow,0.0124,Filtered_With_Harmonics\Normalized_Audio\House Sparrow.wav,-1,-1,-1,0.01
3.0,6.0,Vireo flavoviridis,Yellow-green Vireo,0.0115,Filtered_With_Harmonics\Normalized_Audio\House Sparrow.wav,-1,-1,-1,0.01
3.0,6.0,Phrygilus patagonicus,Patagonian Sierra Finch,0.0101,Filtered_With_Harmonics\Normalized_Audio\House Sparrow.wav,-1,-1,-1,0.01
3.0,6.0,Phrygilus atriceps,Black-hooded Sierra Finch,0.0096,Filtered_With_Harmonics\Normalized_Audio\House Sparrow.wav,-1,-1,-1,0.01
3.0,6.0,Anthus similis,Long-billed Pipit,0.0088,Filtered_With_Harmonics\Normalized_Audio\House Sparrow.wav,-1,-1,-1,0.01
3.0,6.0,Passer montanus,Eurasian Tree Sparrow,0.0086,Filtered_With_Harmonics\Normalized_Audio\House Sparrow.wav,-1,-1,-1,0.01
3.0,6.0,Cercotrichas coryphoeus,Karoo Scrub-Robin,0.0040,Filtered_With_Harmonics\Normalized_Audio\House Sparrow.wav,-1,-1,-1,0.01
3.0,6.0,Alaudala cheleensis,Asian Short-toed Lark,0.0037,Filtered_With_Harmonics\Normalized_Audio\House Sparrow.wav,-1,-1,-1,0.01
3.0,6.0,Calandrella cinerea,Red-capped Lark,0.0034,Filtered_With_Harmonics\Normalized_Audio\House Sparrow.wav,-1,-1,-1,0.01
3.0,6.0,Emberiza schoeniclus,Reed Bunting,0.0029,Filtered_With_Harmonics\Normalized_Audio\House Sparrow.wav,-1,-1,-1,0.01
3.0,6.0,Alauda gulgula,Oriental Skylark,0.0028,Filtered_With_Harmonics\Normalized_Audio\House Sparrow.wav,-1,-1,-1,0.01
3.0,6.0,Rhynchophanes mccownii,Thick-billed Longspur,0.0022,Filtered_With_Harmonics\Normalized_Audio\House Sparrow.wav,-1,-1,-1,0.01
3.0,6.0,Vireo vicinior,Gray Vireo,0.0021,Filtered_With_Harmonics\Normalized_Audio\House Sparrow.wav,-1,-1,-1,0.01
3.0,6.0,Alopochelidon fucata,Tawny-headed Swallow,0.0019,Filtered_With_Harmonics\Normalized_Audio\House Sparrow.wav,-1,-1,-1,0.01
6.0,9.0,Passer italiae,Italian Sparrow,0.5603,Filtered_With_Harmonics\Normalized_Audio\House Sparrow.wav,-1,-1,-1,0.01
6.0,9.0,Passer domesticus,House Sparrow,0.5491,Filtered_With_Harmonics\Normalized_Audio\House Sparrow.wav,-1,-1,-1,0.01
6.0,9.0,Passer hispaniolensis,Spanish Sparrow,0.4781,Filtered_With_Harmonics\Normalized_Audio\House Sparrow.wav,-1,-1,-1,0.01
6.0,9.0,Passer montanus,Eurasian Tree Sparrow,0.0144,Filtered_With_Harmonics\Normalized_Audio\House Sparrow.wav,-1,-1,-1,0.01
6.0,9.0,Crithagra flaviventris,Yellow Canary,0.0056,Filtered_With_Harmonics\Normalized_Audio\House Sparrow.wav,-1,-1,-1,0.01
6.0,9.0,Passer melanurus,Cape Sparrow,0.0055,Filtered_With_Harmonics\Normalized_Audio\House Sparrow.wav,-1,-1,-1,0.01
6.0,9.0,Luscinia svecica,Bluethroat,0.0041,Filtered_With_Harmonics\Normalized_Audio\House Sparrow.wav,-1,-1,-1,0.01
6.0,9.0,Alauda gulgula,Oriental Skylark,0.0041,Filtered_With_Harmonics\Normalized_Audio\House Sparrow.wav,-1,-1,-1,0.01
6.0,9.0,Phrygilus atriceps,Black-hooded Sierra Finch,0.0034,Filtered_With_Harmonics\Normalized_Audio\House Sparrow.wav,-1,-1,-1,0.01
6.0,9.0,Alaudala cheleensis,Asian Short-toed Lark,0.0031,Filtered_With_Harmonics\Normalized_Audio\House Sparrow.wav,-1,-1,-1,0.01
6.0,9.0,Emberiza schoeniclus,Reed Bunting,0.0025,Filtered_With_Harmonics\Normalized_Audio\House Sparrow.wav,-1,-1,-1,0.01
6.0,9.0,Phrygilus patagonicus,Patagonian Sierra Finch,0.0023,Filtered_With_Harmonics\Normalized_Audio\House Sparrow.wav,-1,-1,-1,0.01
6.0,9.0,Melanocorypha calandra,Calandra Lark,0.0021,Filtered_With_Harmonics\Normalized_Audio\House Sparrow.wav,-1,-1,-1,0.01
6.0,9.0,Calandrella cinerea,Red-capped Lark,0.0021,Filtered_With_Harmonics\Normalized_Audio\House Sparrow.wav,-1,-1,-1,0.01
6.0,9.0,Tachycineta bicolor,Tree Swallow,0.0015,Filtered_With_Harmonics\Normalized_Audio\House Sparrow.wav,-1,-1,-1,0.01
6.0,9.0,Myiothlypis basilica,Santa Marta Warbler,0.0015,Filtered_With_Harmonics\Normalized_Audio\House Sparrow.wav,-1,-1,-1,0.01
6.0,9.0,Alaudala raytal,Sand Lark,0.0012,Filtered_With_Harmonics\Normalized_Audio\House Sparrow.wav,-1,-1,-1,0.01
6.0,9.0,Rhynchophanes mccownii,Thick-billed Longspur,0.0009,Filtered_With_Harmonics\Normalized_Audio\House Sparrow.wav,-1,-1,-1,0.01
6.0,9.0,Alaudala somalica,Somali Short-toed Lark,0.0008,Filtered_With_Harmonics\Normalized_Audio\House Sparrow.wav,-1,-1,-1,0.01
6.0,9.0,Vireo flavoviridis,Yellow-green Vireo,0.0008,Filtered_With_Harmonics\Normalized_Audio\House Sparrow.wav,-1,-1,-1,0.01
9.0,10.0,Passer domesticus,House Sparrow,0.4969,Filtered_With_Harmonics\Normalized_Audio\House Sparrow.wav,-1,-1,-1,0.01
9.0,10.0,Emarginata sinuata,Sickle-winged Chat,0.4291,Filtered_With_Harmonics\Normalized_Audio\House Sparrow.wav,-1,-1,-1,0.01
9.0,10.0,Passer italiae,Italian Sparrow,0.4200,Filtered_With_Harmonics\Normalized_Audio\House Sparrow.wav,-1,-1,-1,0.01
9.0,10.0,Passer hispaniolensis,Spanish Sparrow,0.1009,Filtered_With_Harmonics\Normalized_Audio\House Sparrow.wav,-1,-1,-1,0.01
9.0,10.0,Passer melanurus,Cape Sparrow,0.0771,Filtered_With_Harmonics\Normalized_Audio\House Sparrow.wav,-1,-1,-1,0.01
9.0,10.0,Myrmecocichla monticola,Mountain Wheatear,0.0388,Filtered_With_Harmonics\Normalized_Audio\House Sparrow.wav,-1,-1,-1,0.01
9.0,10.0,Galerida theklae,Thekla's Lark,0.0279,Filtered_With_Harmonics\Normalized_Audio\House Sparrow.wav,-1,-1,-1,0.01
9.0,10.0,Haemorhous mexicanus,House Finch,0.0258,Filtered_With_Harmonics\Normalized_Audio\House Sparrow.wav,-1,-1,-1,0.01
9.0,10.0,Calandrella cinerea,Red-capped Lark,0.0215,Filtered_With_Harmonics\Normalized_Audio\House Sparrow.wav,-1,-1,-1,0.01
9.0,10.0,Passer rufocinctus,Kenya Rufous Sparrow,0.0154,Filtered_With_Harmonics\Normalized_Audio\House Sparrow.wav,-1,-1,-1,0.01
9.0,10.0,Galerida malabarica,Malabar Lark,0.0138,Filtered_With_Harmonics\Normalized_Audio\House Sparrow.wav,-1,-1,-1,0.01
9.0,10.0,Galerida deva,Tawny Lark,0.0086,Filtered_With_Harmonics\Normalized_Audio\House Sparrow.wav,-1,-1,-1,0.01
9.0,10.0,Acridotheres fuscus,Jungle Myna,0.0068,Filtered_With_Harmonics\Normalized_Audio\House Sparrow.wav,-1,-1,-1,0.01
9.0,10.0,Anthus campestris,Tawny Pipit,0.0064,Filtered_With_Harmonics\Normalized_Audio\House Sparrow.wav,-1,-1,-1,0.01
9.0,10.0,Galerida cristata,Crested Lark,0.0059,Filtered_With_Harmonics\Normalized_Audio\House Sparrow.wav,-1,-1,-1,0.01
9.0,10.0,Gymnoris xanthocollis,Yellow-throated Sparrow,0.0055,Filtered_With_Harmonics\Normalized_Audio\House Sparrow.wav,-1,-1,-1,0.01
9.0,10.0,Progne chalybea,Gray-breasted Martin,0.0051,Filtered_With_Harmonics\Normalized_Audio\House Sparrow.wav,-1,-1,-1,0.01
9.0,10.0,Passer simplex,Desert Sparrow,0.0049,Filtered_With_Harmonics\Normalized_Audio\House Sparrow.wav,-1,-1,-1,0.01
9.0,10.0,Carpodacus rubicilla,Great Rosefinch,0.0049,Filtered_With_Harmonics\Normalized_Audio\House Sparrow.wav,-1,-1,-1,0.01
9.0,10.0,Calendulauda sabota,Sabota Lark,0.0049,Filtered_With_Harmonics\Normalized_Audio\House Sparrow.wav,-1,-1,-1,0.01
0.0,3.0,Spinus psaltria,Lesser Goldfinch,0.4100,Filtered_With_Harmonics\Normalized_Audio\Lesser Goldfinch.wav,-1,-1,-1,0.01
0.0,3.0,Spinus xanthogastrus,Yellow-bellied Siskin,0.3930,Filtered_With_Harmonics\Normalized_Audio\Lesser Goldfinch.wav,-1,-1,-1,0.01
0.0,3.0,Spinus magellanicus,Hooded Siskin,0.1633,Filtered_With_Harmonics\Normalized_Audio\Lesser Goldfinch.wav,-1,-1,-1,0.01
0.0,3.0,Spinus olivaceus,Olivaceous Siskin,0.0078,Filtered_With_Harmonics\Normalized_Audio\Lesser Goldfinch.wav,-1,-1,-1,0.01
0.0,3.0,Spinus lawrencei,Lawrence's Goldfinch,0.0058,Filtered_With_Harmonics\Normalized_Audio\Lesser Goldfinch.wav,-1,-1,-1,0.01
0.0,3.0,Spinus notatus,Black-headed Siskin,0.0053,Filtered_With_Harmonics\Normalized_Audio\Lesser Goldfinch.wav,-1,-1,-1,0.01
0.0,3.0,Crithagra striolata,Streaky Seedeater,0.0014,Filtered_With_Harmonics\Normalized_Audio\Lesser Goldfinch.wav,-1,-1,-1,0.01
0.0,3.0,Acrocephalus schoenobaenus,Sedge Warbler,0.0011,Filtered_With_Harmonics\Normalized_Audio\Lesser Goldfinch.wav,-1,-1,-1,0.01
0.0,3.0,Spinus crassirostris,Thick-billed Siskin,0.0008,Filtered_With_Harmonics\Normalized_Audio\Lesser Goldfinch.wav,-1,-1,-1,0.01
0.0,3.0,Spinus cucullatus,Red Siskin,0.0007,Filtered_With_Harmonics\Normalized_Audio\Lesser Goldfinch.wav,-1,-1,-1,0.01
0.0,3.0,Spinus spinus,Eurasian Siskin,0.0007,Filtered_With_Harmonics\Normalized_Audio\Lesser Goldfinch.wav,-1,-1,-1,0.01
0.0,3.0,Sporophila plumbea,Plumbeous Seedeater,0.0006,Filtered_With_Harmonics\Normalized_Audio\Lesser Goldfinch.wav,-1,-1,-1,0.01
0.0,3.0,Phylloscopus proregulus,Pallas's Leaf Warbler,0.0004,Filtered_With_Harmonics\Normalized_Audio\Lesser Goldfinch.wav,-1,-1,-1,0.01
0.0,3.0,Spinus pinus,Pine Siskin,0.0004,Filtered_With_Harmonics\Normalized_Audio\Lesser Goldfinch.wav,-1,-1,-1,0.01
0.0,3.0,Spinus spinescens,Andean Siskin,0.0003,Filtered_With_Harmonics\Normalized_Audio\Lesser Goldfinch.wav,-1,-1,-1,0.01
0.0,3.0,Spinus barbatus,Black-chinned Siskin,0.0003,Filtered_With_Harmonics\Normalized_Audio\Lesser Goldfinch.wav,-1,-1,-1,0.01
0.0,3.0,Sicalis flaveola,Saffron Finch,0.0003,Filtered_With_Harmonics\Normalized_Audio\Lesser Goldfinch.wav,-1,-1,-1,0.01
0.0,3.0,Cinnyris pulchellus,Beautiful Sunbird,0.0003,Filtered_With_Harmonics\Normalized_Audio\Lesser Goldfinch.wav,-1,-1,-1,0.01
0.0,3.0,Sporophila nigricollis,Yellow-bellied Seedeater,0.0002,Filtered_With_Harmonics\Normalized_Audio\Lesser Goldfinch.wav,-1,-1,-1,0.01
0.0,3.0,Spinus tristis,American Goldfinch,0.0002,Filtered_With_Harmonics\Normalized_Audio\Lesser Goldfinch.wav,-1,-1,-1,0.01
3.0,6.0,Spinus psaltria,Lesser Goldfinch,0.1368,Filtered_With_Harmonics\Normalized_Audio\Lesser Goldfinch.wav,-1,-1,-1,0.01
3.0,6.0,Passerina amoena,Lazuli Bunting,0.1307,Filtered_With_Harmonics\Normalized_Audio\Lesser Goldfinch.wav,-1,-1,-1,0.01
3.0,6.0,Phylloscopus proregulus,Pallas's Leaf Warbler,0.0718,Filtered_With_Harmonics\Normalized_Audio\Lesser Goldfinch.wav,-1,-1,-1,0.01
3.0,6.0,Spinus tristis,American Goldfinch,0.0130,Filtered_With_Harmonics\Normalized_Audio\Lesser Goldfinch.wav,-1,-1,-1,0.01
3.0,6.0,Anthus hodgsoni,Olive-backed Pipit,0.0095,Filtered_With_Harmonics\Normalized_Audio\Lesser Goldfinch.wav,-1,-1,-1,0.01
3.0,6.0,Spinus xanthogastrus,Yellow-bellied Siskin,0.0082,Filtered_With_Harmonics\Normalized_Audio\Lesser Goldfinch.wav,-1,-1,-1,0.01
3.0,6.0,Colius colius,White-backed Mousebird,0.0081,Filtered_With_Harmonics\Normalized_Audio\Lesser Goldfinch.wav,-1,-1,-1,0.01
3.0,6.0,Crithagra striolata,Streaky Seedeater,0.0080,Filtered_With_Harmonics\Normalized_Audio\Lesser Goldfinch.wav,-1,-1,-1,0.01
3.0,6.0,Sporophila nigricollis,Yellow-bellied Seedeater,0.0063,Filtered_With_Harmonics\Normalized_Audio\Lesser Goldfinch.wav,-1,-1,-1,0.01
3.0,6.0,Calendulauda sabota,Sabota Lark,0.0055,Filtered_With_Harmonics\Normalized_Audio\Lesser Goldfinch.wav,-1,-1,-1,0.01
3.0,6.0,Passerina cyanea,Indigo Bunting,0.0048,Filtered_With_Harmonics\Normalized_Audio\Lesser Goldfinch.wav,-1,-1,-1,0.01
3.0,6.0,Sporophila torqueola,Cinnamon-rumped Seedeater,0.0048,Filtered_With_Harmonics\Normalized_Audio\Lesser Goldfinch.wav,-1,-1,-1,0.01
3.0,6.0,Sporophila plumbea,Plumbeous Seedeater,0.0047,Filtered_With_Harmonics\Normalized_Audio\Lesser Goldfinch.wav,-1,-1,-1,0.01
3.0,6.0,Prunella modularis,Dunnock,0.0047,Filtered_With_Harmonics\Normalized_Audio\Lesser Goldfinch.wav,-1,-1,-1,0.01
3.0,6.0,Sporophila corvina,Variable Seedeater,0.0036,Filtered_With_Harmonics\Normalized_Audio\Lesser Goldfinch.wav,-1,-1,-1,0.01
3.0,6.0,Spinus magellanicus,Hooded Siskin,0.0035,Filtered_With_Harmonics\Normalized_Audio\Lesser Goldfinch.wav,-1,-1,-1,0.01
3.0,6.0,Vidua macroura,Pin-tailed Whydah,0.0034,Filtered_With_Harmonics\Normalized_Audio\Lesser Goldfinch.wav,-1,-1,-1,0.01
3.0,6.0,Zosterops japonicus,Warbling White-eye,0.0031,Filtered_With_Harmonics\Normalized_Audio\Lesser Goldfinch.wav,-1,-1,-1,0.01
3.0,6.0,Spinus lawrencei,Lawrence's Goldfinch,0.0030,Filtered_With_Harmonics\Normalized_Audio\Lesser Goldfinch.wav,-1,-1,-1,0.01
3.0,6.0,Sporophila intermedia,Gray Seedeater,0.0029,Filtered_With_Harmonics\Normalized_Audio\Lesser Goldfinch.wav,-1,-1,-1,0.01
6.0,9.0,Spinus psaltria,Lesser Goldfinch,0.5837,Filtered_With_Harmonics\Normalized_Audio\Lesser Goldfinch.wav,-1,-1,-1,0.01
6.0,9.0,Spinus lawrencei,Lawrence's Goldfinch,0.1373,Filtered_With_Harmonics\Normalized_Audio\Lesser Goldfinch.wav,-1,-1,-1,0.01
6.0,9.0,Spinus spinus,Eurasian Siskin,0.0193,Filtered_With_Harmonics\Normalized_Audio\Lesser Goldfinch.wav,-1,-1,-1,0.01
6.0,9.0,Polioptila dumicola,Masked Gnatcatcher,0.0065,Filtered_With_Harmonics\Normalized_Audio\Lesser Goldfinch.wav,-1,-1,-1,0.01
6.0,9.0,Spinus magellanicus,Hooded Siskin,0.0032,Filtered_With_Harmonics\Normalized_Audio\Lesser Goldfinch.wav,-1,-1,-1,0.01
6.0,9.0,Spinus xanthogastrus,Yellow-bellied Siskin,0.0020,Filtered_With_Harmonics\Normalized_Audio\Lesser Goldfinch.wav,-1,-1,-1,0.01
6.0,9.0,Calendulauda sabota,Sabota Lark,0.0020,Filtered_With_Harmonics\Normalized_Audio\Lesser Goldfinch.wav,-1,-1,-1,0.01
6.0,9.0,Spinus notatus,Black-headed Siskin,0.0015,Filtered_With_Harmonics\Normalized_Audio\Lesser Goldfinch.wav,-1,-1,-1,0.01
6.0,9.0,Sayornis nigricans,Black Phoebe,0.0013,Filtered_With_Harmonics\Normalized_Audio\Lesser Goldfinch.wav,-1,-1,-1,0.01
6.0,9.0,Phylloscopus proregulus,Pallas's Leaf Warbler,0.0008,Filtered_With_Harmonics\Normalized_Audio\Lesser Goldfinch.wav,-1,-1,-1,0.01
6.0,9.0,Lanius collurio,Red-backed Shrike,0.0007,Filtered_With_Harmonics\Normalized_Audio\Lesser Goldfinch.wav,-1,-1,-1,0.01
6.0,9.0,Spizelloides arborea,American Tree Sparrow,0.0006,Filtered_With_Harmonics\Normalized_Audio\Lesser Goldfinch.wav,-1,-1,-1,0.01
6.0,9.0,Galerida cristata,Crested Lark,0.0006,Filtered_With_Harmonics\Normalized_Audio\Lesser Goldfinch.wav,-1,-1,-1,0.01
6.0,9.0,Spinus crassirostris,Thick-billed Siskin,0.0005,Filtered_With_Harmonics\Normalized_Audio\Lesser Goldfinch.wav,-1,-1,-1,0.01
6.0,9.0,Chondestes grammacus,Lark Sparrow,0.0005,Filtered_With_Harmonics\Normalized_Audio\Lesser Goldfinch.wav,-1,-1,-1,0.01
6.0,9.0,Luscinia svecica,Bluethroat,0.0004,Filtered_With_Harmonics\Normalized_Audio\Lesser Goldfinch.wav,-1,-1,-1,0.01
6.0,9.0,Pseudopodoces humilis,Ground Tit,0.0003,Filtered_With_Harmonics\Normalized_Audio\Lesser Goldfinch.wav,-1,-1,-1,0.01
6.0,9.0,Polioptila plumbea,Tropical Gnatcatcher,0.0003,Filtered_With_Harmonics\Normalized_Audio\Lesser Goldfinch.wav,-1,-1,-1,0.01
6.0,9.0,Iduna opaca,Western Olivaceous Warbler,0.0003,Filtered_With_Harmonics\Normalized_Audio\Lesser Goldfinch.wav,-1,-1,-1,0.01
6.0,9.0,Acanthis cabaret,Lesser Redpoll,0.0003,Filtered_With_Harmonics\Normalized_Audio\Lesser Goldfinch.wav,-1,-1,-1,0.01
9.0,10.0,Spinus tristis,American Goldfinch,0.7464,Filtered_With_Harmonics\Normalized_Audio\Lesser Goldfinch.wav,-1,-1,-1,0.01
9.0,10.0,Sporophila minuta,Ruddy-breasted Seedeater,0.0361,Filtered_With_Harmonics\Normalized_Audio\Lesser Goldfinch.wav,-1,-1,-1,0.01
9.0,10.0,Hedydipna collaris,Collared Sunbird,0.0319,Filtered_With_Harmonics\Normalized_Audio\Lesser Goldfinch.wav,-1,-1,-1,0.01
9.0,10.0,Thraupis sayaca,Sayaca Tanager,0.0178,Filtered_With_Harmonics\Normalized_Audio\Lesser Goldfinch.wav,-1,-1,-1,0.01
9.0,10.0,Spinus psaltria,Lesser Goldfinch,0.0145,Filtered_With_Harmonics\Normalized_Audio\Lesser Goldfinch.wav,-1,-1,-1,0.01
9.0,10.0,Passerina cyanea,Indigo Bunting,0.0102,Filtered_With_Harmonics\Normalized_Audio\Lesser Goldfinch.wav,-1,-1,-1,0.01
9.0,10.0,Atlapetes melanolaemus,Black-faced Brushfinch,0.0076,Filtered_With_Harmonics\Normalized_Audio\Lesser Goldfinch.wav,-1,-1,-1,0.01
9.0,10.0,Spinus magellanicus,Hooded Siskin,0.0059,Filtered_With_Harmonics\Normalized_Audio\Lesser Goldfinch.wav,-1,-1,-1,0.01
9.0,10.0,Serinus canaria,Island Canary,0.0033,Filtered_With_Harmonics\Normalized_Audio\Lesser Goldfinch.wav,-1,-1,-1,0.01
9.0,10.0,Periparus ater,Coal Tit,0.0031,Filtered_With_Harmonics\Normalized_Audio\Lesser Goldfinch.wav,-1,-1,-1,0.01
9.0,10.0,Spinus spinescens,Andean Siskin,0.0029,Filtered_With_Harmonics\Normalized_Audio\Lesser Goldfinch.wav,-1,-1,-1,0.01
9.0,10.0,Sporophila bouvreuil,Copper Seedeater,0.0018,Filtered_With_Harmonics\Normalized_Audio\Lesser Goldfinch.wav,-1,-1,-1,0.01
9.0,10.0,Spinus xanthogastrus,Yellow-bellied Siskin,0.0017,Filtered_With_Harmonics\Normalized_Audio\Lesser Goldfinch.wav,-1,-1,-1,0.01
9.0,10.0,Crithagra mozambica,Yellow-fronted Canary,0.0016,Filtered_With_Harmonics\Normalized_Audio\Lesser Goldfinch.wav,-1,-1,-1,0.01
9.0,10.0,Sporophila nigricollis,Yellow-bellied Seedeater,0.0015,Filtered_With_Harmonics\Normalized_Audio\Lesser Goldfinch.wav,-1,-1,-1,0.01
9.0,10.0,Cisticola marginatus,Winding Cisticola,0.0014,Filtered_With_Harmonics\Normalized_Audio\Lesser Goldfinch.wav,-1,-1,-1,0.01
9.0,10.0,Vidua chalybeata,Village Indigobird,0.0014,Filtered_With_Harmonics\Normalized_Audio\Lesser Goldfinch.wav,-1,-1,-1,0.01
9.0,10.0,Hippolais icterina,Icterine Warbler,0.0013,Filtered_With_Harmonics\Normalized_Audio\Lesser Goldfinch.wav,-1,-1,-1,0.01
9.0,10.0,Periparus rubidiventris,Rufous-vented Tit,0.0013,Filtered_With_Harmonics\Normalized_Audio\Lesser Goldfinch.wav,-1,-1,-1,0.01
9.0,10.0,Saltator orenocensis,Orinocan Saltator,0.0009,Filtered_With_Harmonics\Normalized_Audio\Lesser Goldfinch.wav,-1,-1,-1,0.01
0.0,3.0,Troglodytes aedon,House Wren,0.9965,Filtered_With_Harmonics\Normalized_Audio\Northern House Wren.wav,-1,-1,-1,0.01
0.0,3.0,Melanerpes lewis,Lewis's Woodpecker,0.0108,Filtered_With_Harmonics\Normalized_Audio\Northern House Wren.wav,-1,-1,-1,0.01
0.0,3.0,Spinus barbatus,Black-chinned Siskin,0.0030,Filtered_With_Harmonics\Normalized_Audio\Northern House Wren.wav,-1,-1,-1,0.01
0.0,3.0,Spinus pinus,Pine Siskin,0.0009,Filtered_With_Harmonics\Normalized_Audio\Northern House Wren.wav,-1,-1,-1,0.01
0.0,3.0,Contopus virens,Eastern Wood-Pewee,0.0007,Filtered_With_Harmonics\Normalized_Audio\Northern House Wren.wav,-1,-1,-1,0.01
0.0,3.0,Contopus sordidulus,Western Wood-Pewee,0.0006,Filtered_With_Harmonics\Normalized_Audio\Northern House Wren.wav,-1,-1,-1,0.01
0.0,3.0,Cistothorus palustris,Marsh Wren,0.0006,Filtered_With_Harmonics\Normalized_Audio\Northern House Wren.wav,-1,-1,-1,0.01
0.0,3.0,Curruca curruca,Lesser Whitethroat,0.0005,Filtered_With_Harmonics\Normalized_Audio\Northern House Wren.wav,-1,-1,-1,0.01
0.0,3.0,Leiothlypis celata,Orange-crowned Warbler,0.0004,Filtered_With_Harmonics\Normalized_Audio\Northern House Wren.wav,-1,-1,-1,0.01
0.0,3.0,Dendragapus obscurus,Dusky Grouse,0.0004,Filtered_With_Harmonics\Normalized_Audio\Northern House Wren.wav,-1,-1,-1,0.01
0.0,3.0,Melospiza lincolnii,Lincoln's Sparrow,0.0004,Filtered_With_Harmonics\Normalized_Audio\Northern House Wren.wav,-1,-1,-1,0.01
0.0,3.0,Spinus tristis,American Goldfinch,0.0004,Filtered_With_Harmonics\Normalized_Audio\Northern House Wren.wav,-1,-1,-1,0.01
0.0,3.0,Fringilla coelebs,Common Chaffinch,0.0003,Filtered_With_Harmonics\Normalized_Audio\Northern House Wren.wav,-1,-1,-1,0.01
0.0,3.0,Setophaga pinus,Pine Warbler,0.0003,Filtered_With_Harmonics\Normalized_Audio\Northern House Wren.wav,-1,-1,-1,0.01
0.0,3.0,Melospiza melodia,Song Sparrow,0.0002,Filtered_With_Harmonics\Normalized_Audio\Northern House Wren.wav,-1,-1,-1,0.01
0.0,3.0,Protonotaria citrea,Prothonotary Warbler,0.0002,Filtered_With_Harmonics\Normalized_Audio\Northern House Wren.wav,-1,-1,-1,0.01
0.0,3.0,Setophaga kirtlandii,Kirtland's Warbler,0.0002,Filtered_With_Harmonics\Normalized_Audio\Northern House Wren.wav,-1,-1,-1,0.01
0.0,3.0,Aimophila ruficeps,Rufous-crowned Sparrow,0.0002,Filtered_With_Harmonics\Normalized_Audio\Northern House Wren.wav,-1,-1,-1,0.01
0.0,3.0,Haemorhous cassinii,Cassin's Finch,0.0002,Filtered_With_Harmonics\Normalized_Audio\Northern House Wren.wav,-1,-1,-1,0.01
0.0,3.0,Molothrus ater,Brown-headed Cowbird,0.0002,Filtered_With_Harmonics\Normalized_Audio\Northern House Wren.wav,-1,-1,-1,0.01
3.0,6.0,Cistothorus palustris,Marsh Wren,0.2671,Filtered_With_Harmonics\Normalized_Audio\Northern House Wren.wav,-1,-1,-1,0.01
3.0,6.0,Basileuterus rufifrons,Rufous-capped Warbler,0.1771,Filtered_With_Harmonics\Normalized_Audio\Northern House Wren.wav,-1,-1,-1,0.01
3.0,6.0,Troglodytes aedon,House Wren,0.0745,Filtered_With_Harmonics\Normalized_Audio\Northern House Wren.wav,-1,-1,-1,0.01
3.0,6.0,Cistothorus platensis,Grass Wren,0.0723,Filtered_With_Harmonics\Normalized_Audio\Northern House Wren.wav,-1,-1,-1,0.01
3.0,6.0,Aimophila ruficeps,Rufous-crowned Sparrow,0.0585,Filtered_With_Harmonics\Normalized_Audio\Northern House Wren.wav,-1,-1,-1,0.01
3.0,6.0,Cinnyris pulchellus,Beautiful Sunbird,0.0130,Filtered_With_Harmonics\Normalized_Audio\Northern House Wren.wav,-1,-1,-1,0.01
3.0,6.0,Cistothorus stellaris,Sedge Wren,0.0112,Filtered_With_Harmonics\Normalized_Audio\Northern House Wren.wav,-1,-1,-1,0.01
3.0,6.0,Spinus barbatus,Black-chinned Siskin,0.0083,Filtered_With_Harmonics\Normalized_Audio\Northern House Wren.wav,-1,-1,-1,0.01
3.0,6.0,Curruca iberiae,Western Subalpine Warbler,0.0078,Filtered_With_Harmonics\Normalized_Audio\Northern House Wren.wav,-1,-1,-1,0.01
3.0,6.0,Cinnyris venustus,Variable Sunbird,0.0074,Filtered_With_Harmonics\Normalized_Audio\Northern House Wren.wav,-1,-1,-1,0.01
3.0,6.0,Sporophila luctuosa,Black-and-white Seedeater,0.0051,Filtered_With_Harmonics\Normalized_Audio\Northern House Wren.wav,-1,-1,-1,0.01
3.0,6.0,Curruca melanocephala,Sardinian Warbler,0.0042,Filtered_With_Harmonics\Normalized_Audio\Northern House Wren.wav,-1,-1,-1,0.01
3.0,6.0,Curruca curruca,Lesser Whitethroat,0.0041,Filtered_With_Harmonics\Normalized_Audio\Northern House Wren.wav,-1,-1,-1,0.01
3.0,6.0,Iduna pallida,Eastern Olivaceous Warbler,0.0039,Filtered_With_Harmonics\Normalized_Audio\Northern House Wren.wav,-1,-1,-1,0.01
3.0,6.0,Vireo bellii,Bell's Vireo,0.0034,Filtered_With_Harmonics\Normalized_Audio\Northern House Wren.wav,-1,-1,-1,0.01
3.0,6.0,Leptasthenura pileata,Rusty-crowned Tit-Spinetail,0.0031,Filtered_With_Harmonics\Normalized_Audio\Northern House Wren.wav,-1,-1,-1,0.01
3.0,6.0,Polioptila melanura,Black-tailed Gnatcatcher,0.0026,Filtered_With_Harmonics\Normalized_Audio\Northern House Wren.wav,-1,-1,-1,0.01
3.0,6.0,Passer moabiticus,Dead Sea Sparrow,0.0025,Filtered_With_Harmonics\Normalized_Audio\Northern House Wren.wav,-1,-1,-1,0.01
3.0,6.0,Amphispizopsis quinquestriata,Five-striped Sparrow,0.0025,Filtered_With_Harmonics\Normalized_Audio\Northern House Wren.wav,-1,-1,-1,0.01
3.0,6.0,Cinnyris reichenowi,Northern Double-collared Sunbird,0.0023,Filtered_With_Harmonics\Normalized_Audio\Northern House Wren.wav,-1,-1,-1,0.01
6.0,9.0,Troglodytes aedon,House Wren,0.9964,Filtered_With_Harmonics\Normalized_Audio\Northern House Wren.wav,-1,-1,-1,0.01
6.0,9.0,Melanerpes lewis,Lewis's Woodpecker,0.0041,Filtered_With_Harmonics\Normalized_Audio\Northern House Wren.wav,-1,-1,-1,0.01
6.0,9.0,Contopus virens,Eastern Wood-Pewee,0.0018,Filtered_With_Harmonics\Normalized_Audio\Northern House Wren.wav,-1,-1,-1,0.01
6.0,9.0,Dendragapus obscurus,Dusky Grouse,0.0016,Filtered_With_Harmonics\Normalized_Audio\Northern House Wren.wav,-1,-1,-1,0.01
6.0,9.0,Contopus sordidulus,Western Wood-Pewee,0.0013,Filtered_With_Harmonics\Normalized_Audio\Northern House Wren.wav,-1,-1,-1,0.01
6.0,9.0,Icterus bullockii,Bullock's Oriole,0.0010,Filtered_With_Harmonics\Normalized_Audio\Northern House Wren.wav,-1,-1,-1,0.01
6.0,9.0,Spinus pinus,Pine Siskin,0.0008,Filtered_With_Harmonics\Normalized_Audio\Northern House Wren.wav,-1,-1,-1,0.01
6.0,9.0,Curruca curruca,Lesser Whitethroat,0.0008,Filtered_With_Harmonics\Normalized_Audio\Northern House Wren.wav,-1,-1,-1,0.01
6.0,9.0,Spinus tristis,American Goldfinch,0.0007,Filtered_With_Harmonics\Normalized_Audio\Northern House Wren.wav,-1,-1,-1,0.01
6.0,9.0,Spinus barbatus,Black-chinned Siskin,0.0007,Filtered_With_Harmonics\Normalized_Audio\Northern House Wren.wav,-1,-1,-1,0.01
6.0,9.0,Cistothorus platensis,Grass Wren,0.0005,Filtered_With_Harmonics\Normalized_Audio\Northern House Wren.wav,-1,-1,-1,0.01
6.0,9.0,Empidonax difficilis,Pacific-slope Flycatcher,0.0005,Filtered_With_Harmonics\Normalized_Audio\Northern House Wren.wav,-1,-1,-1,0.01
6.0,9.0,Melospiza melodia,Song Sparrow,0.0004,Filtered_With_Harmonics\Normalized_Audio\Northern House Wren.wav,-1,-1,-1,0.01
6.0,9.0,Leiothlypis celata,Orange-crowned Warbler,0.0004,Filtered_With_Harmonics\Normalized_Audio\Northern House Wren.wav,-1,-1,-1,0.01
6.0,9.0,Haemorhous cassinii,Cassin's Finch,0.0003,Filtered_With_Harmonics\Normalized_Audio\Northern House Wren.wav,-1,-1,-1,0.01
6.0,9.0,Baeolophus inornatus,Oak Titmouse,0.0003,Filtered_With_Harmonics\Normalized_Audio\Northern House Wren.wav,-1,-1,-1,0.01
6.0,9.0,Setophaga petechia,Yellow Warbler,0.0003,Filtered_With_Harmonics\Normalized_Audio\Northern House Wren.wav,-1,-1,-1,0.01
6.0,9.0,Selasphorus platycercus,Broad-tailed Hummingbird,0.0003,Filtered_With_Harmonics\Normalized_Audio\Northern House Wren.wav,-1,-1,-1,0.01
6.0,9.0,Cistothorus palustris,Marsh Wren,0.0003,Filtered_With_Harmonics\Normalized_Audio\Northern House Wren.wav,-1,-1,-1,0.01
6.0,9.0,Protonotaria citrea,Prothonotary Warbler,0.0003,Filtered_With_Harmonics\Normalized_Audio\Northern House Wren.wav,-1,-1,-1,0.01
9.0,10.0,Engine,Engine,0.0068,Filtered_With_Harmonics\Normalized_Audio\Northern House Wren.wav,-1,-1,-1,0.01
9.0,10.0,Human vocal,Human vocal,0.0042,Filtered_With_Harmonics\Normalized_Audio\Northern House Wren.wav,-1,-1,-1,0.01
9.0,10.0,Fireworks,Fireworks,0.0034,Filtered_With_Harmonics\Normalized_Audio\Northern House Wren.wav,-1,-1,-1,0.01
9.0,10.0,Bubo virginianus,Great Horned Owl,0.0033,Filtered_With_Harmonics\Normalized_Audio\Northern House Wren.wav,-1,-1,-1,0.01
9.0,10.0,Power tools,Power tools,0.0032,Filtered_With_Harmonics\Normalized_Audio\Northern House Wren.wav,-1,-1,-1,0.01
9.0,10.0,Buteo jamaicensis,Red-tailed Hawk,0.0027,Filtered_With_Harmonics\Normalized_Audio\Northern House Wren.wav,-1,-1,-1,0.01
9.0,10.0,Dryobates minor,Lesser Spotted Woodpecker,0.0027,Filtered_With_Harmonics\Normalized_Audio\Northern House Wren.wav,-1,-1,-1,0.01
9.0,10.0,Dryocopus pileatus,Pileated Woodpecker,0.0026,Filtered_With_Harmonics\Normalized_Audio\Northern House Wren.wav,-1,-1,-1,0.01
9.0,10.0,Turdus merula,Eurasian Blackbird,0.0025,Filtered_With_Harmonics\Normalized_Audio\Northern House Wren.wav,-1,-1,-1,0.01
9.0,10.0,Bombycilla cedrorum,Cedar Waxwing,0.0024,Filtered_With_Harmonics\Normalized_Audio\Northern House Wren.wav,-1,-1,-1,0.01
9.0,10.0,Loxia curvirostra,Red Crossbill,0.0023,Filtered_With_Harmonics\Normalized_Audio\Northern House Wren.wav,-1,-1,-1,0.01
9.0,10.0,Regulus regulus,Goldcrest,0.0023,Filtered_With_Harmonics\Normalized_Audio\Northern House Wren.wav,-1,-1,-1,0.01
9.0,10.0,Bonasa umbellus,Ruffed Grouse,0.0023,Filtered_With_Harmonics\Normalized_Audio\Northern House Wren.wav,-1,-1,-1,0.01
9.0,10.0,Catharus fuscescens,Veery,0.0022,Filtered_With_Harmonics\Normalized_Audio\Northern House Wren.wav,-1,-1,-1,0.01
9.0,10.0,Scolopax minor,American Woodcock,0.0022,Filtered_With_Harmonics\Normalized_Audio\Northern House Wren.wav,-1,-1,-1,0.01
9.0,10.0,Junco hyemalis,Dark-eyed Junco,0.0022,Filtered_With_Harmonics\Normalized_Audio\Northern House Wren.wav,-1,-1,-1,0.01
9.0,10.0,Myiarchus crinitus,Great Crested Flycatcher,0.0021,Filtered_With_Harmonics\Normalized_Audio\Northern House Wren.wav,-1,-1,-1,0.01
9.0,10.0,Catharus ustulatus,Swainson's Thrush,0.0021,Filtered_With_Harmonics\Normalized_Audio\Northern House Wren.wav,-1,-1,-1,0.01
9.0,10.0,Parkesia motacilla,Louisiana Waterthrush,0.0021,Filtered_With_Harmonics\Normalized_Audio\Northern House Wren.wav,-1,-1,-1,0.01
9.0,10.0,Seiurus aurocapilla,Ovenbird,0.0021,Filtered_With_Harmonics\Normalized_Audio\Northern House Wren.wav,-1,-1,-1,0.01
0.0,3.0,Mimus patagonicus,Patagonian Mockingbird,0.3226,Filtered_With_Harmonics\Normalized_Audio\Northern Mockingbird.wav,-1,-1,-1,0.01
0.0,3.0,Mimus polyglottos,Northern Mockingbird,0.2570,Filtered_With_Harmonics\Normalized_Audio\Northern Mockingbird.wav,-1,-1,-1,0.01
0.0,3.0,Mimus saturninus,Chalk-browed Mockingbird,0.0929,Filtered_With_Harmonics\Normalized_Audio\Northern Mockingbird.wav,-1,-1,-1,0.01
0.0,3.0,Sitta neumayer,Western Rock Nuthatch,0.0175,Filtered_With_Harmonics\Normalized_Audio\Northern Mockingbird.wav,-1,-1,-1,0.01
0.0,3.0,Mimus triurus,White-banded Mockingbird,0.0168,Filtered_With_Harmonics\Normalized_Audio\Northern Mockingbird.wav,-1,-1,-1,0.01
0.0,3.0,Mimus thenca,Chilean Mockingbird,0.0131,Filtered_With_Harmonics\Normalized_Audio\Northern Mockingbird.wav,-1,-1,-1,0.01
0.0,3.0,Geositta rufipennis,Rufous-banded Miner,0.0087,Filtered_With_Harmonics\Normalized_Audio\Northern Mockingbird.wav,-1,-1,-1,0.01
0.0,3.0,Melozone fusca,Canyon Towhee,0.0069,Filtered_With_Harmonics\Normalized_Audio\Northern Mockingbird.wav,-1,-1,-1,0.01
0.0,3.0,Toxostoma rufum,Brown Thrasher,0.0067,Filtered_With_Harmonics\Normalized_Audio\Northern Mockingbird.wav,-1,-1,-1,0.01
0.0,3.0,Toxostoma crissale,Crissal Thrasher,0.0066,Filtered_With_Harmonics\Normalized_Audio\Northern Mockingbird.wav,-1,-1,-1,0.01
0.0,3.0,Mimus gilvus,Tropical Mockingbird,0.0060,Filtered_With_Harmonics\Normalized_Audio\Northern Mockingbird.wav,-1,-1,-1,0.01
0.0,3.0,Turdus philomelos,Song Thrush,0.0053,Filtered_With_Harmonics\Normalized_Audio\Northern Mockingbird.wav,-1,-1,-1,0.01
0.0,3.0,Melanocorypha calandra,Calandra Lark,0.0043,Filtered_With_Harmonics\Normalized_Audio\Northern Mockingbird.wav,-1,-1,-1,0.01
0.0,3.0,Salpinctes obsoletus,Rock Wren,0.0027,Filtered_With_Harmonics\Normalized_Audio\Northern Mockingbird.wav,-1,-1,-1,0.01
0.0,3.0,Loxia curvirostra,Red Crossbill,0.0025,Filtered_With_Harmonics\Normalized_Audio\Northern Mockingbird.wav,-1,-1,-1,0.01
0.0,3.0,Galerida deva,Tawny Lark,0.0024,Filtered_With_Harmonics\Normalized_Audio\Northern Mockingbird.wav,-1,-1,-1,0.01
0.0,3.0,Polioptila dumicola,Masked Gnatcatcher,0.0022,Filtered_With_Harmonics\Normalized_Audio\Northern Mockingbird.wav,-1,-1,-1,0.01
0.0,3.0,Oenanthe pileata,Capped Wheatear,0.0020,Filtered_With_Harmonics\Normalized_Audio\Northern Mockingbird.wav,-1,-1,-1,0.01
0.0,3.0,Leistes loyca,Long-tailed Meadowlark,0.0018,Filtered_With_Harmonics\Normalized_Audio\Northern Mockingbird.wav,-1,-1,-1,0.01
0.0,3.0,Leucosticte tephrocotis,Gray-crowned Rosy-Finch,0.0017,Filtered_With_Harmonics\Normalized_Audio\Northern Mockingbird.wav,-1,-1,-1,0.01
3.0,6.0,Mimus polyglottos,Northern Mockingbird,0.2579,Filtered_With_Harmonics\Normalized_Audio\Northern Mockingbird.wav,-1,-1,-1,0.01
3.0,6.0,Mimus patagonicus,Patagonian Mockingbird,0.0779,Filtered_With_Harmonics\Normalized_Audio\Northern Mockingbird.wav,-1,-1,-1,0.01
3.0,6.0,Mimus thenca,Chilean Mockingbird,0.0472,Filtered_With_Harmonics\Normalized_Audio\Northern Mockingbird.wav,-1,-1,-1,0.01
3.0,6.0,Mimus gilvus,Tropical Mockingbird,0.0379,Filtered_With_Harmonics\Normalized_Audio\Northern Mockingbird.wav,-1,-1,-1,0.01
3.0,6.0,Melozone fusca,Canyon Towhee,0.0366,Filtered_With_Harmonics\Normalized_Audio\Northern Mockingbird.wav,-1,-1,-1,0.01
3.0,6.0,Turdus migratorius,American Robin,0.0182,Filtered_With_Harmonics\Normalized_Audio\Northern Mockingbird.wav,-1,-1,-1,0.01
3.0,6.0,Toxostoma crissale,Crissal Thrasher,0.0176,Filtered_With_Harmonics\Normalized_Audio\Northern Mockingbird.wav,-1,-1,-1,0.01
3.0,6.0,Baeolophus ridgwayi,Juniper Titmouse,0.0117,Filtered_With_Harmonics\Normalized_Audio\Northern Mockingbird.wav,-1,-1,-1,0.01
3.0,6.0,Salpinctes obsoletus,Rock Wren,0.0101,Filtered_With_Harmonics\Normalized_Audio\Northern Mockingbird.wav,-1,-1,-1,0.01
3.0,6.0,Turdus philomelos,Song Thrush,0.0100,Filtered_With_Harmonics\Normalized_Audio\Northern Mockingbird.wav,-1,-1,-1,0.01
3.0,6.0,Baeolophus inornatus,Oak Titmouse,0.0096,Filtered_With_Harmonics\Normalized_Audio\Northern Mockingbird.wav,-1,-1,-1,0.01
3.0,6.0,Dryobates nuttallii,Nuttall's Woodpecker,0.0093,Filtered_With_Harmonics\Normalized_Audio\Northern Mockingbird.wav,-1,-1,-1,0.01
3.0,6.0,Turdus merula,Eurasian Blackbird,0.0066,Filtered_With_Harmonics\Normalized_Audio\Northern Mockingbird.wav,-1,-1,-1,0.01
3.0,6.0,Mimus saturninus,Chalk-browed Mockingbird,0.0044,Filtered_With_Harmonics\Normalized_Audio\Northern Mockingbird.wav,-1,-1,-1,0.01
3.0,6.0,Toxostoma rufum,Brown Thrasher,0.0041,Filtered_With_Harmonics\Normalized_Audio\Northern Mockingbird.wav,-1,-1,-1,0.01
3.0,6.0,Quiscalus mexicanus,Great-tailed Grackle,0.0040,Filtered_With_Harmonics\Normalized_Audio\Northern Mockingbird.wav,-1,-1,-1,0.01
3.0,6.0,Turdus simillimus,Indian Blackbird,0.0038,Filtered_With_Harmonics\Normalized_Audio\Northern Mockingbird.wav,-1,-1,-1,0.01
3.0,6.0,Acridotheres tristis,Common Myna,0.0032,Filtered_With_Harmonics\Normalized_Audio\Northern Mockingbird.wav,-1,-1,-1,0.01
3.0,6.0,Toxostoma redivivum,California Thrasher,0.0031,Filtered_With_Harmonics\Normalized_Audio\Northern Mockingbird.wav,-1,-1,-1,0.01
3.0,6.0,Mimus dorsalis,Brown-backed Mockingbird,0.0027,Filtered_With_Harmonics\Normalized_Audio\Northern Mockingbird.wav,-1,-1,-1,0.01
6.0,9.0,Pomatostomus ruficeps,Chestnut-crowned Babbler,0.5512,Filtered_With_Harmonics\Normalized_Audio\Northern Mockingbird.wav,-1,-1,-1,0.01
6.0,9.0,Mimus polyglottos,Northern Mockingbird,0.2061,Filtered_With_Harmonics\Normalized_Audio\Northern Mockingbird.wav,-1,-1,-1,0.01
6.0,9.0,Mimus patagonicus,Patagonian Mockingbird,0.0993,Filtered_With_Harmonics\Normalized_Audio\Northern Mockingbird.wav,-1,-1,-1,0.01
6.0,9.0,Loxia pytyopsittacus,Parrot Crossbill,0.0450,Filtered_With_Harmonics\Normalized_Audio\Northern Mockingbird.wav,-1,-1,-1,0.01
6.0,9.0,Mimus thenca,Chilean Mockingbird,0.0395,Filtered_With_Harmonics\Normalized_Audio\Northern Mockingbird.wav,-1,-1,-1,0.01
6.0,9.0,Phylidonyris niger,White-cheeked Honeyeater,0.0280,Filtered_With_Harmonics\Normalized_Audio\Northern Mockingbird.wav,-1,-1,-1,0.01
6.0,9.0,Sitta neumayer,Western Rock Nuthatch,0.0209,Filtered_With_Harmonics\Normalized_Audio\Northern Mockingbird.wav,-1,-1,-1,0.01
6.0,9.0,Mimus gilvus,Tropical Mockingbird,0.0196,Filtered_With_Harmonics\Normalized_Audio\Northern Mockingbird.wav,-1,-1,-1,0.01
6.0,9.0,Chamaea fasciata,Wrentit,0.0190,Filtered_With_Harmonics\Normalized_Audio\Northern Mockingbird.wav,-1,-1,-1,0.01
6.0,9.0,Lullula arborea,Wood Lark,0.0165,Filtered_With_Harmonics\Normalized_Audio\Northern Mockingbird.wav,-1,-1,-1,0.01
6.0,9.0,Mimus saturninus,Chalk-browed Mockingbird,0.0162,Filtered_With_Harmonics\Normalized_Audio\Northern Mockingbird.wav,-1,-1,-1,0.01
6.0,9.0,Melaniparus cinerascens,Ashy Tit,0.0139,Filtered_With_Harmonics\Normalized_Audio\Northern Mockingbird.wav,-1,-1,-1,0.01
6.0,9.0,Tringa glareola,Wood Sandpiper,0.0128,Filtered_With_Harmonics\Normalized_Audio\Northern Mockingbird.wav,-1,-1,-1,0.01
6.0,9.0,Geositta rufipennis,Rufous-banded Miner,0.0115,Filtered_With_Harmonics\Normalized_Audio\Northern Mockingbird.wav,-1,-1,-1,0.01
6.0,9.0,Conopophaga cearae,Ceara Gnateater,0.0063,Filtered_With_Harmonics\Normalized_Audio\Northern Mockingbird.wav,-1,-1,-1,0.01
6.0,9.0,Cercotrichas paena,Kalahari Scrub-Robin,0.0047,Filtered_With_Harmonics\Normalized_Audio\Northern Mockingbird.wav,-1,-1,-1,0.01
6.0,9.0,Micronisus gabar,Gabar Goshawk,0.0046,Filtered_With_Harmonics\Normalized_Audio\Northern Mockingbird.wav,-1,-1,-1,0.01
6.0,9.0,Hippolais icterina,Icterine Warbler,0.0046,Filtered_With_Harmonics\Normalized_Audio\Northern Mockingbird.wav,-1,-1,-1,0.01
6.0,9.0,Salpinctes obsoletus,Rock Wren,0.0042,Filtered_With_Harmonics\Normalized_Audio\Northern Mockingbird.wav,-1,-1,-1,0.01
6.0,9.0,Purnella albifrons,White-fronted Honeyeater,0.0036,Filtered_With_Harmonics\Normalized_Audio\Northern Mockingbird.wav,-1,-1,-1,0.01
9.0,10.0,Chamaea fasciata,Wrentit,0.3690,Filtered_With_Harmonics\Normalized_Audio\Northern Mockingbird.wav,-1,-1,-1,0.01
9.0,10.0,Garrulax taewanus,Taiwan Hwamei,0.0824,Filtered_With_Harmonics\Normalized_Audio\Northern Mockingbird.wav,-1,-1,-1,0.01
9.0,10.0,Grallaricula leymebambae,Leymebamba Antpitta,0.0566,Filtered_With_Harmonics\Normalized_Audio\Northern Mockingbird.wav,-1,-1,-1,0.01
9.0,10.0,Hypocnemoides melanopogon,Black-chinned Antbird,0.0508,Filtered_With_Harmonics\Normalized_Audio\Northern Mockingbird.wav,-1,-1,-1,0.01
9.0,10.0,Microeca fascinans,Jacky-winter,0.0423,Filtered_With_Harmonics\Normalized_Audio\Northern Mockingbird.wav,-1,-1,-1,0.01
9.0,10.0,Hypsipetes ganeesa,Square-tailed Bulbul,0.0360,Filtered_With_Harmonics\Normalized_Audio\Northern Mockingbird.wav,-1,-1,-1,0.01
9.0,10.0,Icterus auratus,Orange Oriole,0.0253,Filtered_With_Harmonics\Normalized_Audio\Northern Mockingbird.wav,-1,-1,-1,0.01
9.0,10.0,Myrmoborus lugubris,Ash-breasted Antbird,0.0198,Filtered_With_Harmonics\Normalized_Audio\Northern Mockingbird.wav,-1,-1,-1,0.01
9.0,10.0,Mimus gilvus,Tropical Mockingbird,0.0174,Filtered_With_Harmonics\Normalized_Audio\Northern Mockingbird.wav,-1,-1,-1,0.01
9.0,10.0,Mimus saturninus,Chalk-browed Mockingbird,0.0168,Filtered_With_Harmonics\Normalized_Audio\Northern Mockingbird.wav,-1,-1,-1,0.01
9.0,10.0,Loxia pytyopsittacus,Parrot Crossbill,0.0164,Filtered_With_Harmonics\Normalized_Audio\Northern Mockingbird.wav,-1,-1,-1,0.01
9.0,10.0,Haemorhous mexicanus,House Finch,0.0148,Filtered_With_Harmonics\Normalized_Audio\Northern Mockingbird.wav,-1,-1,-1,0.01
9.0,10.0,Salpinctes obsoletus,Rock Wren,0.0147,Filtered_With_Harmonics\Normalized_Audio\Northern Mockingbird.wav,-1,-1,-1,0.01
9.0,10.0,Conopophaga lineata,Rufous Gnateater,0.0147,Filtered_With_Harmonics\Normalized_Audio\Northern Mockingbird.wav,-1,-1,-1,0.01
9.0,10.0,Myrmeciza longipes,White-bellied Antbird,0.0145,Filtered_With_Harmonics\Normalized_Audio\Northern Mockingbird.wav,-1,-1,-1,0.01
9.0,10.0,Myrmotherula ignota,Moustached Antwren,0.0141,Filtered_With_Harmonics\Normalized_Audio\Northern Mockingbird.wav,-1,-1,-1,0.01
9.0,10.0,Pachyramphus viridis,Green-backed Becard,0.0125,Filtered_With_Harmonics\Normalized_Audio\Northern Mockingbird.wav,-1,-1,-1,0.01
9.0,10.0,Tringa glareola,Wood Sandpiper,0.0108,Filtered_With_Harmonics\Normalized_Audio\Northern Mockingbird.wav,-1,-1,-1,0.01
9.0,10.0,Geositta rufipennis,Rufous-banded Miner,0.0080,Filtered_With_Harmonics\Normalized_Audio\Northern Mockingbird.wav,-1,-1,-1,0.01
9.0,10.0,Lullula arborea,Wood Lark,0.0079,Filtered_With_Harmonics\Normalized_Audio\Northern Mockingbird.wav,-1,-1,-1,0.01
0.0,3.0,Engine,Engine,0.0068,Filtered_With_Harmonics\Normalized_Audio\Northern Yellow Warbler.wav,-1,-1,-1,0.01
0.0,3.0,Human vocal,Human vocal,0.0042,Filtered_With_Harmonics\Normalized_Audio\Northern Yellow Warbler.wav,-1,-1,-1,0.01
0.0,3.0,Fireworks,Fireworks,0.0034,Filtered_With_Harmonics\Normalized_Audio\Northern Yellow Warbler.wav,-1,-1,-1,0.01
0.0,3.0,Bubo virginianus,Great Horned Owl,0.0033,Filtered_With_Harmonics\Normalized_Audio\Northern Yellow Warbler.wav,-1,-1,-1,0.01
0.0,3.0,Power tools,Power tools,0.0032,Filtered_With_Harmonics\Normalized_Audio\Northern Yellow Warbler.wav,-1,-1,-1,0.01
0.0,3.0,Buteo jamaicensis,Red-tailed Hawk,0.0027,Filtered_With_Harmonics\Normalized_Audio\Northern Yellow Warbler.wav,-1,-1,-1,0.01
0.0,3.0,Dryobates minor,Lesser Spotted Woodpecker,0.0027,Filtered_With_Harmonics\Normalized_Audio\Northern Yellow Warbler.wav,-1,-1,-1,0.01
0.0,3.0,Dryocopus pileatus,Pileated Woodpecker,0.0026,Filtered_With_Harmonics\Normalized_Audio\Northern Yellow Warbler.wav,-1,-1,-1,0.01
0.0,3.0,Turdus merula,Eurasian Blackbird,0.0025,Filtered_With_Harmonics\Normalized_Audio\Northern Yellow Warbler.wav,-1,-1,-1,0.01
0.0,3.0,Bombycilla cedrorum,Cedar Waxwing,0.0024,Filtered_With_Harmonics\Normalized_Audio\Northern Yellow Warbler.wav,-1,-1,-1,0.01
0.0,3.0,Loxia curvirostra,Red Crossbill,0.0023,Filtered_With_Harmonics\Normalized_Audio\Northern Yellow Warbler.wav,-1,-1,-1,0.01
0.0,3.0,Regulus regulus,Goldcrest,0.0023,Filtered_With_Harmonics\Normalized_Audio\Northern Yellow Warbler.wav,-1,-1,-1,0.01
0.0,3.0,Bonasa umbellus,Ruffed Grouse,0.0023,Filtered_With_Harmonics\Normalized_Audio\Northern Yellow Warbler.wav,-1,-1,-1,0.01
0.0,3.0,Catharus fuscescens,Veery,0.0022,Filtered_With_Harmonics\Normalized_Audio\Northern Yellow Warbler.wav,-1,-1,-1,0.01
0.0,3.0,Scolopax minor,American Woodcock,0.0022,Filtered_With_Harmonics\Normalized_Audio\Northern Yellow Warbler.wav,-1,-1,-1,0.01
0.0,3.0,Junco hyemalis,Dark-eyed Junco,0.0022,Filtered_With_Harmonics\Normalized_Audio\Northern Yellow Warbler.wav,-1,-1,-1,0.01
0.0,3.0,Myiarchus crinitus,Great Crested Flycatcher,0.0021,Filtered_With_Harmonics\Normalized_Audio\Northern Yellow Warbler.wav,-1,-1,-1,0.01
0.0,3.0,Catharus ustulatus,Swainson's Thrush,0.0021,Filtered_With_Harmonics\Normalized_Audio\Northern Yellow Warbler.wav,-1,-1,-1,0.01
0.0,3.0,Parkesia motacilla,Louisiana Waterthrush,0.0021,Filtered_With_Harmonics\Normalized_Audio\Northern Yellow Warbler.wav,-1,-1,-1,0.01
0.0,3.0,Seiurus aurocapilla,Ovenbird,0.0021,Filtered_With_Harmonics\Normalized_Audio\Northern Yellow Warbler.wav,-1,-1,-1,0.01
3.0,6.0,Setophaga petechia,Yellow Warbler,0.9787,Filtered_With_Harmonics\Normalized_Audio\Northern Yellow Warbler.wav,-1,-1,-1,0.01
3.0,6.0,Setophaga ruticilla,American Redstart,0.0145,Filtered_With_Harmonics\Normalized_Audio\Northern Yellow Warbler.wav,-1,-1,-1,0.01
3.0,6.0,Melospiza melodia,Song Sparrow,0.0080,Filtered_With_Harmonics\Normalized_Audio\Northern Yellow Warbler.wav,-1,-1,-1,0.01
3.0,6.0,Cardellina pusilla,Wilson's Warbler,0.0065,Filtered_With_Harmonics\Normalized_Audio\Northern Yellow Warbler.wav,-1,-1,-1,0.01
3.0,6.0,Empidonax traillii,Willow Flycatcher,0.0061,Filtered_With_Harmonics\Normalized_Audio\Northern Yellow Warbler.wav,-1,-1,-1,0.01
3.0,6.0,Setophaga pensylvanica,Chestnut-sided Warbler,0.0051,Filtered_With_Harmonics\Normalized_Audio\Northern Yellow Warbler.wav,-1,-1,-1,0.01
3.0,6.0,Leiothlypis ruficapilla,Nashville Warbler,0.0050,Filtered_With_Harmonics\Normalized_Audio\Northern Yellow Warbler.wav,-1,-1,-1,0.01
3.0,6.0,Agelaius phoeniceus,Red-winged Blackbird,0.0039,Filtered_With_Harmonics\Normalized_Audio\Northern Yellow Warbler.wav,-1,-1,-1,0.01
3.0,6.0,Icterus galbula,Baltimore Oriole,0.0028,Filtered_With_Harmonics\Normalized_Audio\Northern Yellow Warbler.wav,-1,-1,-1,0.01
3.0,6.0,Geothlypis trichas,Common Yellowthroat,0.0026,Filtered_With_Harmonics\Normalized_Audio\Northern Yellow Warbler.wav,-1,-1,-1,0.01
3.0,6.0,Spinus tristis,American Goldfinch,0.0023,Filtered_With_Harmonics\Normalized_Audio\Northern Yellow Warbler.wav,-1,-1,-1,0.01
3.0,6.0,Vireo gilvus,Warbling Vireo,0.0019,Filtered_With_Harmonics\Normalized_Audio\Northern Yellow Warbler.wav,-1,-1,-1,0.01
3.0,6.0,Setophaga coronata,Yellow-rumped Warbler,0.0017,Filtered_With_Harmonics\Normalized_Audio\Northern Yellow Warbler.wav,-1,-1,-1,0.01
3.0,6.0,Passerella iliaca,Fox Sparrow,0.0015,Filtered_With_Harmonics\Normalized_Audio\Northern Yellow Warbler.wav,-1,-1,-1,0.01
3.0,6.0,Molothrus ater,Brown-headed Cowbird,0.0015,Filtered_With_Harmonics\Normalized_Audio\Northern Yellow Warbler.wav,-1,-1,-1,0.01
3.0,6.0,Empidonax alnorum,Alder Flycatcher,0.0014,Filtered_With_Harmonics\Normalized_Audio\Northern Yellow Warbler.wav,-1,-1,-1,0.01
3.0,6.0,Mniotilta varia,Black-and-white Warbler,0.0013,Filtered_With_Harmonics\Normalized_Audio\Northern Yellow Warbler.wav,-1,-1,-1,0.01
3.0,6.0,Icterus spurius,Orchard Oriole,0.0013,Filtered_With_Harmonics\Normalized_Audio\Northern Yellow Warbler.wav,-1,-1,-1,0.01
3.0,6.0,Contopus sordidulus,Western Wood-Pewee,0.0013,Filtered_With_Harmonics\Normalized_Audio\Northern Yellow Warbler.wav,-1,-1,-1,0.01
3.0,6.0,Dumetella carolinensis,Gray Catbird,0.0011,Filtered_With_Harmonics\Normalized_Audio\Northern Yellow Warbler.wav,-1,-1,-1,0.01
6.0,9.0,Setophaga americana,Northern Parula,0.2113,Filtered_With_Harmonics\Normalized_Audio\Northern Yellow Warbler.wav,-1,-1,-1,0.01
6.0,9.0,Setophaga ruticilla,American Redstart,0.2084,Filtered_With_Harmonics\Normalized_Audio\Northern Yellow Warbler.wav,-1,-1,-1,0.01
6.0,9.0,Setophaga fusca,Blackburnian Warbler,0.0740,Filtered_With_Harmonics\Normalized_Audio\Northern Yellow Warbler.wav,-1,-1,-1,0.01
6.0,9.0,Setophaga cerulea,Cerulean Warbler,0.0675,Filtered_With_Harmonics\Normalized_Audio\Northern Yellow Warbler.wav,-1,-1,-1,0.01
6.0,9.0,Setophaga caerulescens,Black-throated Blue Warbler,0.0519,Filtered_With_Harmonics\Normalized_Audio\Northern Yellow Warbler.wav,-1,-1,-1,0.01
6.0,9.0,Setophaga virens,Black-throated Green Warbler,0.0376,Filtered_With_Harmonics\Normalized_Audio\Northern Yellow Warbler.wav,-1,-1,-1,0.01
6.0,9.0,Setophaga pitiayumi,Tropical Parula,0.0371,Filtered_With_Harmonics\Normalized_Audio\Northern Yellow Warbler.wav,-1,-1,-1,0.01
6.0,9.0,Setophaga townsendi,Townsend's Warbler,0.0296,Filtered_With_Harmonics\Normalized_Audio\Northern Yellow Warbler.wav,-1,-1,-1,0.01
6.0,9.0,Vermivora chrysoptera,Golden-winged Warbler,0.0290,Filtered_With_Harmonics\Normalized_Audio\Northern Yellow Warbler.wav,-1,-1,-1,0.01
6.0,9.0,Helmitheros vermivorum,Worm-eating Warbler,0.0245,Filtered_With_Harmonics\Normalized_Audio\Northern Yellow Warbler.wav,-1,-1,-1,0.01
6.0,9.0,Basileuterus rufifrons,Rufous-capped Warbler,0.0242,Filtered_With_Harmonics\Normalized_Audio\Northern Yellow Warbler.wav,-1,-1,-1,0.01
6.0,9.0,Troglodytes pacificus,Pacific Wren,0.0191,Filtered_With_Harmonics\Normalized_Audio\Northern Yellow Warbler.wav,-1,-1,-1,0.01
6.0,9.0,Vermivora cyanoptera,Blue-winged Warbler,0.0177,Filtered_With_Harmonics\Normalized_Audio\Northern Yellow Warbler.wav,-1,-1,-1,0.01
6.0,9.0,Setophaga pensylvanica,Chestnut-sided Warbler,0.0169,Filtered_With_Harmonics\Normalized_Audio\Northern Yellow Warbler.wav,-1,-1,-1,0.01
6.0,9.0,Setophaga occidentalis,Hermit Warbler,0.0154,Filtered_With_Harmonics\Normalized_Audio\Northern Yellow Warbler.wav,-1,-1,-1,0.01
6.0,9.0,Setophaga tigrina,Cape May Warbler,0.0144,Filtered_With_Harmonics\Normalized_Audio\Northern Yellow Warbler.wav,-1,-1,-1,0.01
6.0,9.0,Setophaga petechia,Yellow Warbler,0.0141,Filtered_With_Harmonics\Normalized_Audio\Northern Yellow Warbler.wav,-1,-1,-1,0.01
6.0,9.0,Mniotilta varia,Black-and-white Warbler,0.0128,Filtered_With_Harmonics\Normalized_Audio\Northern Yellow Warbler.wav,-1,-1,-1,0.01
6.0,9.0,Cardellina pusilla,Wilson's Warbler,0.0124,Filtered_With_Harmonics\Normalized_Audio\Northern Yellow Warbler.wav,-1,-1,-1,0.01
6.0,9.0,Protonotaria citrea,Prothonotary Warbler,0.0121,Filtered_With_Harmonics\Normalized_Audio\Northern Yellow Warbler.wav,-1,-1,-1,0.01
9.0,10.0,Engine,Engine,0.0068,Filtered_With_Harmonics\Normalized_Audio\Northern Yellow Warbler.wav,-1,-1,-1,0.01
9.0,10.0,Human vocal,Human vocal,0.0042,Filtered_With_Harmonics\Normalized_Audio\Northern Yellow Warbler.wav,-1,-1,-1,0.01
9.0,10.0,Fireworks,Fireworks,0.0034,Filtered_With_Harmonics\Normalized_Audio\Northern Yellow Warbler.wav,-1,-1,-1,0.01
9.0,10.0,Bubo virginianus,Great Horned Owl,0.0033,Filtered_With_Harmonics\Normalized_Audio\Northern Yellow Warbler.wav,-1,-1,-1,0.01
9.0,10.0,Power tools,Power tools,0.0032,Filtered_With_Harmonics\Normalized_Audio\Northern Yellow Warbler.wav,-1,-1,-1,0.01
9.0,10.0,Buteo jamaicensis,Red-tailed Hawk,0.0027,Filtered_With_Harmonics\Normalized_Audio\Northern Yellow Warbler.wav,-1,-1,-1,0.01
9.0,10.0,Dryobates minor,Lesser Spotted Woodpecker,0.0027,Filtered_With_Harmonics\Normalized_Audio\Northern Yellow Warbler.wav,-1,-1,-1,0.01
9.0,10.0,Dryocopus pileatus,Pileated Woodpecker,0.0026,Filtered_With_Harmonics\Normalized_Audio\Northern Yellow Warbler.wav,-1,-1,-1,0.01
9.0,10.0,Turdus merula,Eurasian Blackbird,0.0025,Filtered_With_Harmonics\Normalized_Audio\Northern Yellow Warbler.wav,-1,-1,-1,0.01
9.0,10.0,Bombycilla cedrorum,Cedar Waxwing,0.0024,Filtered_With_Harmonics\Normalized_Audio\Northern Yellow Warbler.wav,-1,-1,-1,0.01
9.0,10.0,Loxia curvirostra,Red Crossbill,0.0023,Filtered_With_Harmonics\Normalized_Audio\Northern Yellow Warbler.wav,-1,-1,-1,0.01
9.0,10.0,Regulus regulus,Goldcrest,0.0023,Filtered_With_Harmonics\Normalized_Audio\Northern Yellow Warbler.wav,-1,-1,-1,0.01
9.0,10.0,Bonasa umbellus,Ruffed Grouse,0.0023,Filtered_With_Harmonics\Normalized_Audio\Northern Yellow Warbler.wav,-1,-1,-1,0.01
9.0,10.0,Catharus fuscescens,Veery,0.0022,Filtered_With_Harmonics\Normalized_Audio\Northern Yellow Warbler.wav,-1,-1,-1,0.01
9.0,10.0,Scolopax minor,American Woodcock,0.0022,Filtered_With_Harmonics\Normalized_Audio\Northern Yellow Warbler.wav,-1,-1,-1,0.01
9.0,10.0,Junco hyemalis,Dark-eyed Junco,0.0022,Filtered_With_Harmonics\Normalized_Audio\Northern Yellow Warbler.wav,-1,-1,-1,0.01
9.0,10.0,Myiarchus crinitus,Great Crested Flycatcher,0.0021,Filtered_With_Harmonics\Normalized_Audio\Northern Yellow Warbler.wav,-1,-1,-1,0.01
9.0,10.0,Catharus ustulatus,Swainson's Thrush,0.0021,Filtered_With_Harmonics\Normalized_Audio\Northern Yellow Warbler.wav,-1,-1,-1,0.01
9.0,10.0,Parkesia motacilla,Louisiana Waterthrush,0.0021,Filtered_With_Harmonics\Normalized_Audio\Northern Yellow Warbler.wav,-1,-1,-1,0.01
9.0,10.0,Seiurus aurocapilla,Ovenbird,0.0021,Filtered_With_Harmonics\Normalized_Audio\Northern Yellow Warbler.wav,-1,-1,-1,0.01
0.0,3.0,Baeolophus ridgwayi,Juniper Titmouse,0.9480,Filtered_With_Harmonics\Normalized_Audio\Oak Titmouse.wav,-1,-1,-1,0.01
0.0,3.0,Baeolophus inornatus,Oak Titmouse,0.4191,Filtered_With_Harmonics\Normalized_Audio\Oak Titmouse.wav,-1,-1,-1,0.01
0.0,3.0,Bradypterus lopezi,Evergreen-forest Warbler,0.0709,Filtered_With_Harmonics\Normalized_Audio\Oak Titmouse.wav,-1,-1,-1,0.01
0.0,3.0,Baeolophus wollweberi,Bridled Titmouse,0.0166,Filtered_With_Harmonics\Normalized_Audio\Oak Titmouse.wav,-1,-1,-1,0.01
0.0,3.0,Zonotrichia querula,Harris's Sparrow,0.0041,Filtered_With_Harmonics\Normalized_Audio\Oak Titmouse.wav,-1,-1,-1,0.01
0.0,3.0,Melozone fusca,Canyon Towhee,0.0032,Filtered_With_Harmonics\Normalized_Audio\Oak Titmouse.wav,-1,-1,-1,0.01
0.0,3.0,Apalis thoracica,Bar-throated Apalis,0.0008,Filtered_With_Harmonics\Normalized_Audio\Oak Titmouse.wav,-1,-1,-1,0.01
0.0,3.0,Toxostoma crissale,Crissal Thrasher,0.0003,Filtered_With_Harmonics\Normalized_Audio\Oak Titmouse.wav,-1,-1,-1,0.01
0.0,3.0,Phylloscopus fuscatus,Dusky Warbler,0.0003,Filtered_With_Harmonics\Normalized_Audio\Oak Titmouse.wav,-1,-1,-1,0.01
0.0,3.0,Orthotomus ruficeps,Ashy Tailorbird,0.0003,Filtered_With_Harmonics\Normalized_Audio\Oak Titmouse.wav,-1,-1,-1,0.01
0.0,3.0,Phylloscopus schwarzi,Radde's Warbler,0.0003,Filtered_With_Harmonics\Normalized_Audio\Oak Titmouse.wav,-1,-1,-1,0.01
0.0,3.0,Poecile hudsonicus,Boreal Chickadee,0.0002,Filtered_With_Harmonics\Normalized_Audio\Oak Titmouse.wav,-1,-1,-1,0.01
0.0,3.0,Orthotomus atrogularis,Dark-necked Tailorbird,0.0002,Filtered_With_Harmonics\Normalized_Audio\Oak Titmouse.wav,-1,-1,-1,0.01
0.0,3.0,Quiscalus mexicanus,Great-tailed Grackle,0.0002,Filtered_With_Harmonics\Normalized_Audio\Oak Titmouse.wav,-1,-1,-1,0.01
0.0,3.0,Melaniparus cinerascens,Ashy Tit,0.0002,Filtered_With_Harmonics\Normalized_Audio\Oak Titmouse.wav,-1,-1,-1,0.01
0.0,3.0,Melozone crissalis,California Towhee,0.0002,Filtered_With_Harmonics\Normalized_Audio\Oak Titmouse.wav,-1,-1,-1,0.01
0.0,3.0,Orthotomus sepium,Olive-backed Tailorbird,0.0002,Filtered_With_Harmonics\Normalized_Audio\Oak Titmouse.wav,-1,-1,-1,0.01
0.0,3.0,Machlolophus nuchalis,White-naped Tit,0.0001,Filtered_With_Harmonics\Normalized_Audio\Oak Titmouse.wav,-1,-1,-1,0.01
0.0,3.0,Lalage tricolor,White-winged Triller,0.0001,Filtered_With_Harmonics\Normalized_Audio\Oak Titmouse.wav,-1,-1,-1,0.01
0.0,3.0,Piranga ludoviciana,Western Tanager,0.0001,Filtered_With_Harmonics\Normalized_Audio\Oak Titmouse.wav,-1,-1,-1,0.01
3.0,6.0,Baeolophus inornatus,Oak Titmouse,0.9974,Filtered_With_Harmonics\Normalized_Audio\Oak Titmouse.wav,-1,-1,-1,0.01
3.0,6.0,Baeolophus ridgwayi,Juniper Titmouse,0.0075,Filtered_With_Harmonics\Normalized_Audio\Oak Titmouse.wav,-1,-1,-1,0.01
3.0,6.0,Parus major,Great Tit,0.0035,Filtered_With_Harmonics\Normalized_Audio\Oak Titmouse.wav,-1,-1,-1,0.01
3.0,6.0,Melozone crissalis,California Towhee,0.0016,Filtered_With_Harmonics\Normalized_Audio\Oak Titmouse.wav,-1,-1,-1,0.01
3.0,6.0,Melozone fusca,Canyon Towhee,0.0009,Filtered_With_Harmonics\Normalized_Audio\Oak Titmouse.wav,-1,-1,-1,0.01
3.0,6.0,Machlolophus nuchalis,White-naped Tit,0.0008,Filtered_With_Harmonics\Normalized_Audio\Oak Titmouse.wav,-1,-1,-1,0.01
3.0,6.0,Pipilo maculatus,Spotted Towhee,0.0006,Filtered_With_Harmonics\Normalized_Audio\Oak Titmouse.wav,-1,-1,-1,0.01
3.0,6.0,Cyanistes teneriffae,African Blue Tit,0.0005,Filtered_With_Harmonics\Normalized_Audio\Oak Titmouse.wav,-1,-1,-1,0.01
3.0,6.0,Salpinctes obsoletus,Rock Wren,0.0005,Filtered_With_Harmonics\Normalized_Audio\Oak Titmouse.wav,-1,-1,-1,0.01
3.0,6.0,Baeolophus atricristatus,Black-crested Titmouse,0.0005,Filtered_With_Harmonics\Normalized_Audio\Oak Titmouse.wav,-1,-1,-1,0.01
3.0,6.0,Thryomanes bewickii,Bewick's Wren,0.0005,Filtered_With_Harmonics\Normalized_Audio\Oak Titmouse.wav,-1,-1,-1,0.01
3.0,6.0,Orthotomus sutorius,Common Tailorbird,0.0004,Filtered_With_Harmonics\Normalized_Audio\Oak Titmouse.wav,-1,-1,-1,0.01
3.0,6.0,Thryothorus ludovicianus,Carolina Wren,0.0004,Filtered_With_Harmonics\Normalized_Audio\Oak Titmouse.wav,-1,-1,-1,0.01
3.0,6.0,Vireo huttoni,Hutton's Vireo,0.0003,Filtered_With_Harmonics\Normalized_Audio\Oak Titmouse.wav,-1,-1,-1,0.01
3.0,6.0,Rhynchospiza stolzmanni,Tumbes Sparrow,0.0003,Filtered_With_Harmonics\Normalized_Audio\Oak Titmouse.wav,-1,-1,-1,0.01
3.0,6.0,Phainopepla nitens,Phainopepla,0.0003,Filtered_With_Harmonics\Normalized_Audio\Oak Titmouse.wav,-1,-1,-1,0.01
3.0,6.0,Zonotrichia atricapilla,Golden-crowned Sparrow,0.0003,Filtered_With_Harmonics\Normalized_Audio\Oak Titmouse.wav,-1,-1,-1,0.01
3.0,6.0,Junco hyemalis,Dark-eyed Junco,0.0002,Filtered_With_Harmonics\Normalized_Audio\Oak Titmouse.wav,-1,-1,-1,0.01
3.0,6.0,Baeolophus bicolor,Tufted Titmouse,0.0002,Filtered_With_Harmonics\Normalized_Audio\Oak Titmouse.wav,-1,-1,-1,0.01
3.0,6.0,Poecile palustris,Marsh Tit,0.0002,Filtered_With_Harmonics\Normalized_Audio\Oak Titmouse.wav,-1,-1,-1,0.01
6.0,9.0,Baeolophus inornatus,Oak Titmouse,0.9968,Filtered_With_Harmonics\Normalized_Audio\Oak Titmouse.wav,-1,-1,-1,0.01
6.0,9.0,Baeolophus ridgwayi,Juniper Titmouse,0.0074,Filtered_With_Harmonics\Normalized_Audio\Oak Titmouse.wav,-1,-1,-1,0.01
6.0,9.0,Parus major,Great Tit,0.0038,Filtered_With_Harmonics\Normalized_Audio\Oak Titmouse.wav,-1,-1,-1,0.01
6.0,9.0,Thryothorus ludovicianus,Carolina Wren,0.0016,Filtered_With_Harmonics\Normalized_Audio\Oak Titmouse.wav,-1,-1,-1,0.01
6.0,9.0,Melozone crissalis,California Towhee,0.0013,Filtered_With_Harmonics\Normalized_Audio\Oak Titmouse.wav,-1,-1,-1,0.01
6.0,9.0,Orthotomus sutorius,Common Tailorbird,0.0010,Filtered_With_Harmonics\Normalized_Audio\Oak Titmouse.wav,-1,-1,-1,0.01
6.0,9.0,Melozone fusca,Canyon Towhee,0.0009,Filtered_With_Harmonics\Normalized_Audio\Oak Titmouse.wav,-1,-1,-1,0.01
6.0,9.0,Cyanistes teneriffae,African Blue Tit,0.0006,Filtered_With_Harmonics\Normalized_Audio\Oak Titmouse.wav,-1,-1,-1,0.01
6.0,9.0,Baeolophus atricristatus,Black-crested Titmouse,0.0005,Filtered_With_Harmonics\Normalized_Audio\Oak Titmouse.wav,-1,-1,-1,0.01
6.0,9.0,Machlolophus nuchalis,White-naped Tit,0.0004,Filtered_With_Harmonics\Normalized_Audio\Oak Titmouse.wav,-1,-1,-1,0.01
6.0,9.0,Salpinctes obsoletus,Rock Wren,0.0003,Filtered_With_Harmonics\Normalized_Audio\Oak Titmouse.wav,-1,-1,-1,0.01
6.0,9.0,Thryomanes bewickii,Bewick's Wren,0.0003,Filtered_With_Harmonics\Normalized_Audio\Oak Titmouse.wav,-1,-1,-1,0.01
6.0,9.0,Cettia cetti,Cetti's Warbler,0.0003,Filtered_With_Harmonics\Normalized_Audio\Oak Titmouse.wav,-1,-1,-1,0.01
6.0,9.0,Zonotrichia atricapilla,Golden-crowned Sparrow,0.0003,Filtered_With_Harmonics\Normalized_Audio\Oak Titmouse.wav,-1,-1,-1,0.01
6.0,9.0,Melaniparus cinerascens,Ashy Tit,0.0003,Filtered_With_Harmonics\Normalized_Audio\Oak Titmouse.wav,-1,-1,-1,0.01
6.0,9.0,Pipilo maculatus,Spotted Towhee,0.0002,Filtered_With_Harmonics\Normalized_Audio\Oak Titmouse.wav,-1,-1,-1,0.01
6.0,9.0,Poecile palustris,Marsh Tit,0.0002,Filtered_With_Harmonics\Normalized_Audio\Oak Titmouse.wav,-1,-1,-1,0.01
6.0,9.0,Baeolophus bicolor,Tufted Titmouse,0.0002,Filtered_With_Harmonics\Normalized_Audio\Oak Titmouse.wav,-1,-1,-1,0.01
6.0,9.0,Leiothlypis celata,Orange-crowned Warbler,0.0002,Filtered_With_Harmonics\Normalized_Audio\Oak Titmouse.wav,-1,-1,-1,0.01
6.0,9.0,Cardinalis sinuatus,Pyrrhuloxia,0.0002,Filtered_With_Harmonics\Normalized_Audio\Oak Titmouse.wav,-1,-1,-1,0.01
9.0,10.0,Baeolophus inornatus,Oak Titmouse,0.9984,Filtered_With_Harmonics\Normalized_Audio\Oak Titmouse.wav,-1,-1,-1,0.01
9.0,10.0,Baeolophus ridgwayi,Juniper Titmouse,0.0168,Filtered_With_Harmonics\Normalized_Audio\Oak Titmouse.wav,-1,-1,-1,0.01
9.0,10.0,Parus major,Great Tit,0.0028,Filtered_With_Harmonics\Normalized_Audio\Oak Titmouse.wav,-1,-1,-1,0.01
9.0,10.0,Melozone crissalis,California Towhee,0.0019,Filtered_With_Harmonics\Normalized_Audio\Oak Titmouse.wav,-1,-1,-1,0.01
9.0,10.0,Thryothorus ludovicianus,Carolina Wren,0.0017,Filtered_With_Harmonics\Normalized_Audio\Oak Titmouse.wav,-1,-1,-1,0.01
9.0,10.0,Pipilo maculatus,Spotted Towhee,0.0012,Filtered_With_Harmonics\Normalized_Audio\Oak Titmouse.wav,-1,-1,-1,0.01
9.0,10.0,Melozone fusca,Canyon Towhee,0.0009,Filtered_With_Harmonics\Normalized_Audio\Oak Titmouse.wav,-1,-1,-1,0.01
9.0,10.0,Junco hyemalis,Dark-eyed Junco,0.0008,Filtered_With_Harmonics\Normalized_Audio\Oak Titmouse.wav,-1,-1,-1,0.01
9.0,10.0,Baeolophus atricristatus,Black-crested Titmouse,0.0007,Filtered_With_Harmonics\Normalized_Audio\Oak Titmouse.wav,-1,-1,-1,0.01
9.0,10.0,Orthotomus sutorius,Common Tailorbird,0.0007,Filtered_With_Harmonics\Normalized_Audio\Oak Titmouse.wav,-1,-1,-1,0.01
9.0,10.0,Leiothlypis celata,Orange-crowned Warbler,0.0006,Filtered_With_Harmonics\Normalized_Audio\Oak Titmouse.wav,-1,-1,-1,0.01
9.0,10.0,Zonotrichia atricapilla,Golden-crowned Sparrow,0.0006,Filtered_With_Harmonics\Normalized_Audio\Oak Titmouse.wav,-1,-1,-1,0.01
9.0,10.0,Thryomanes bewickii,Bewick's Wren,0.0006,Filtered_With_Harmonics\Normalized_Audio\Oak Titmouse.wav,-1,-1,-1,0.01
9.0,10.0,Loxia curvirostra,Red Crossbill,0.0006,Filtered_With_Harmonics\Normalized_Audio\Oak Titmouse.wav,-1,-1,-1,0.01
9.0,10.0,Spizelloides arborea,American Tree Sparrow,0.0006,Filtered_With_Harmonics\Normalized_Audio\Oak Titmouse.wav,-1,-1,-1,0.01
9.0,10.0,Cardinalis cardinalis,Northern Cardinal,0.0005,Filtered_With_Harmonics\Normalized_Audio\Oak Titmouse.wav,-1,-1,-1,0.01
9.0,10.0,Rhynchospiza stolzmanni,Tumbes Sparrow,0.0005,Filtered_With_Harmonics\Normalized_Audio\Oak Titmouse.wav,-1,-1,-1,0.01
9.0,10.0,Baeolophus bicolor,Tufted Titmouse,0.0005,Filtered_With_Harmonics\Normalized_Audio\Oak Titmouse.wav,-1,-1,-1,0.01
9.0,10.0,Cardinalis sinuatus,Pyrrhuloxia,0.0004,Filtered_With_Harmonics\Normalized_Audio\Oak Titmouse.wav,-1,-1,-1,0.01
9.0,10.0,Zonotrichia leucophrys,White-crowned Sparrow,0.0004,Filtered_With_Harmonics\Normalized_Audio\Oak Titmouse.wav,-1,-1,-1,0.01
0.0,3.0,Engine,Engine,0.0058,Filtered_With_Harmonics\Normalized_Audio\Song Sparrow.wav,-1,-1,-1,0.01
0.0,3.0,Buteo jamaicensis,Red-tailed Hawk,0.0038,Filtered_With_Harmonics\Normalized_Audio\Song Sparrow.wav,-1,-1,-1,0.01
0.0,3.0,Catharus fuscescens,Veery,0.0031,Filtered_With_Harmonics\Normalized_Audio\Song Sparrow.wav,-1,-1,-1,0.01
0.0,3.0,Fireworks,Fireworks,0.0031,Filtered_With_Harmonics\Normalized_Audio\Song Sparrow.wav,-1,-1,-1,0.01
0.0,3.0,Power tools,Power tools,0.0030,Filtered_With_Harmonics\Normalized_Audio\Song Sparrow.wav,-1,-1,-1,0.01
0.0,3.0,Setophaga virens,Black-throated Green Warbler,0.0028,Filtered_With_Harmonics\Normalized_Audio\Song Sparrow.wav,-1,-1,-1,0.01
0.0,3.0,Bombycilla cedrorum,Cedar Waxwing,0.0028,Filtered_With_Harmonics\Normalized_Audio\Song Sparrow.wav,-1,-1,-1,0.01
0.0,3.0,Bonasa umbellus,Ruffed Grouse,0.0027,Filtered_With_Harmonics\Normalized_Audio\Song Sparrow.wav,-1,-1,-1,0.01
0.0,3.0,Dryobates minor,Lesser Spotted Woodpecker,0.0027,Filtered_With_Harmonics\Normalized_Audio\Song Sparrow.wav,-1,-1,-1,0.01
0.0,3.0,Meleagris gallopavo,Wild Turkey,0.0027,Filtered_With_Harmonics\Normalized_Audio\Song Sparrow.wav,-1,-1,-1,0.01
0.0,3.0,Dryocopus pileatus,Pileated Woodpecker,0.0027,Filtered_With_Harmonics\Normalized_Audio\Song Sparrow.wav,-1,-1,-1,0.01
0.0,3.0,Human vocal,Human vocal,0.0026,Filtered_With_Harmonics\Normalized_Audio\Song Sparrow.wav,-1,-1,-1,0.01
0.0,3.0,Parkesia motacilla,Louisiana Waterthrush,0.0026,Filtered_With_Harmonics\Normalized_Audio\Song Sparrow.wav,-1,-1,-1,0.01
0.0,3.0,Seiurus aurocapilla,Ovenbird,0.0025,Filtered_With_Harmonics\Normalized_Audio\Song Sparrow.wav,-1,-1,-1,0.01
0.0,3.0,Catharus ustulatus,Swainson's Thrush,0.0024,Filtered_With_Harmonics\Normalized_Audio\Song Sparrow.wav,-1,-1,-1,0.01
0.0,3.0,Leiothlypis celata,Orange-crowned Warbler,0.0024,Filtered_With_Harmonics\Normalized_Audio\Song Sparrow.wav,-1,-1,-1,0.01
0.0,3.0,Oporornis agilis,Connecticut Warbler,0.0024,Filtered_With_Harmonics\Normalized_Audio\Song Sparrow.wav,-1,-1,-1,0.01
0.0,3.0,Myiarchus crinitus,Great Crested Flycatcher,0.0024,Filtered_With_Harmonics\Normalized_Audio\Song Sparrow.wav,-1,-1,-1,0.01
0.0,3.0,Megaceryle alcyon,Belted Kingfisher,0.0023,Filtered_With_Harmonics\Normalized_Audio\Song Sparrow.wav,-1,-1,-1,0.01
0.0,3.0,Buteo lineatus,Red-shouldered Hawk,0.0023,Filtered_With_Harmonics\Normalized_Audio\Song Sparrow.wav,-1,-1,-1,0.01
3.0,6.0,Melospiza melodia,Song Sparrow,0.9733,Filtered_With_Harmonics\Normalized_Audio\Song Sparrow.wav,-1,-1,-1,0.01
3.0,6.0,Passerculus sandwichensis,Savannah Sparrow,0.0361,Filtered_With_Harmonics\Normalized_Audio\Song Sparrow.wav,-1,-1,-1,0.01
3.0,6.0,Thryomanes bewickii,Bewick's Wren,0.0040,Filtered_With_Harmonics\Normalized_Audio\Song Sparrow.wav,-1,-1,-1,0.01
3.0,6.0,Pooecetes gramineus,Vesper Sparrow,0.0040,Filtered_With_Harmonics\Normalized_Audio\Song Sparrow.wav,-1,-1,-1,0.01
3.0,6.0,Melospiza georgiana,Swamp Sparrow,0.0014,Filtered_With_Harmonics\Normalized_Audio\Song Sparrow.wav,-1,-1,-1,0.01
3.0,6.0,Agelaius phoeniceus,Red-winged Blackbird,0.0012,Filtered_With_Harmonics\Normalized_Audio\Song Sparrow.wav,-1,-1,-1,0.01
3.0,6.0,Dolichonyx oryzivorus,Bobolink,0.0007,Filtered_With_Harmonics\Normalized_Audio\Song Sparrow.wav,-1,-1,-1,0.01
3.0,6.0,Cistothorus platensis,Grass Wren,0.0005,Filtered_With_Harmonics\Normalized_Audio\Song Sparrow.wav,-1,-1,-1,0.01
3.0,6.0,Spizelloides arborea,American Tree Sparrow,0.0005,Filtered_With_Harmonics\Normalized_Audio\Song Sparrow.wav,-1,-1,-1,0.01
3.0,6.0,Spizella pallida,Clay-colored Sparrow,0.0004,Filtered_With_Harmonics\Normalized_Audio\Song Sparrow.wav,-1,-1,-1,0.01
3.0,6.0,Amphispiza bilineata,Black-throated Sparrow,0.0004,Filtered_With_Harmonics\Normalized_Audio\Song Sparrow.wav,-1,-1,-1,0.01
3.0,6.0,Rallus limicola,Virginia Rail,0.0004,Filtered_With_Harmonics\Normalized_Audio\Song Sparrow.wav,-1,-1,-1,0.01
3.0,6.0,Setophaga petechia,Yellow Warbler,0.0003,Filtered_With_Harmonics\Normalized_Audio\Song Sparrow.wav,-1,-1,-1,0.01
3.0,6.0,Spinus tristis,American Goldfinch,0.0003,Filtered_With_Harmonics\Normalized_Audio\Song Sparrow.wav,-1,-1,-1,0.01
3.0,6.0,Eremophila alpestris,Horned Lark,0.0003,Filtered_With_Harmonics\Normalized_Audio\Song Sparrow.wav,-1,-1,-1,0.01
3.0,6.0,Cistothorus stellaris,Sedge Wren,0.0002,Filtered_With_Harmonics\Normalized_Audio\Song Sparrow.wav,-1,-1,-1,0.01
3.0,6.0,Geothlypis trichas,Common Yellowthroat,0.0002,Filtered_With_Harmonics\Normalized_Audio\Song Sparrow.wav,-1,-1,-1,0.01
3.0,6.0,Ammospiza maritima,Seaside Sparrow,0.0002,Filtered_With_Harmonics\Normalized_Audio\Song Sparrow.wav,-1,-1,-1,0.01
3.0,6.0,Zonotrichia leucophrys,White-crowned Sparrow,0.0002,Filtered_With_Harmonics\Normalized_Audio\Song Sparrow.wav,-1,-1,-1,0.01
3.0,6.0,Empidonax traillii,Willow Flycatcher,0.0002,Filtered_With_Harmonics\Normalized_Audio\Song Sparrow.wav,-1,-1,-1,0.01
6.0,9.0,Engine,Engine,0.0068,Filtered_With_Harmonics\Normalized_Audio\Song Sparrow.wav,-1,-1,-1,0.01
6.0,9.0,Human vocal,Human vocal,0.0042,Filtered_With_Harmonics\Normalized_Audio\Song Sparrow.wav,-1,-1,-1,0.01
6.0,9.0,Fireworks,Fireworks,0.0034,Filtered_With_Harmonics\Normalized_Audio\Song Sparrow.wav,-1,-1,-1,0.01
6.0,9.0,Bubo virginianus,Great Horned Owl,0.0033,Filtered_With_Harmonics\Normalized_Audio\Song Sparrow.wav,-1,-1,-1,0.01
6.0,9.0,Power tools,Power tools,0.0032,Filtered_With_Harmonics\Normalized_Audio\Song Sparrow.wav,-1,-1,-1,0.01
6.0,9.0,Buteo jamaicensis,Red-tailed Hawk,0.0027,Filtered_With_Harmonics\Normalized_Audio\Song Sparrow.wav,-1,-1,-1,0.01
6.0,9.0,Dryobates minor,Lesser Spotted Woodpecker,0.0027,Filtered_With_Harmonics\Normalized_Audio\Song Sparrow.wav,-1,-1,-1,0.01
6.0,9.0,Dryocopus pileatus,Pileated Woodpecker,0.0026,Filtered_With_Harmonics\Normalized_Audio\Song Sparrow.wav,-1,-1,-1,0.01
6.0,9.0,Turdus merula,Eurasian Blackbird,0.0025,Filtered_With_Harmonics\Normalized_Audio\Song Sparrow.wav,-1,-1,-1,0.01
6.0,9.0,Bombycilla cedrorum,Cedar Waxwing,0.0024,Filtered_With_Harmonics\Normalized_Audio\Song Sparrow.wav,-1,-1,-1,0.01
6.0,9.0,Loxia curvirostra,Red Crossbill,0.0023,Filtered_With_Harmonics\Normalized_Audio\Song Sparrow.wav,-1,-1,-1,0.01
6.0,9.0,Regulus regulus,Goldcrest,0.0023,Filtered_With_Harmonics\Normalized_Audio\Song Sparrow.wav,-1,-1,-1,0.01
6.0,9.0,Bonasa umbellus,Ruffed Grouse,0.0023,Filtered_With_Harmonics\Normalized_Audio\Song Sparrow.wav,-1,-1,-1,0.01
6.0,9.0,Catharus fuscescens,Veery,0.0022,Filtered_With_Harmonics\Normalized_Audio\Song Sparrow.wav,-1,-1,-1,0.01
6.0,9.0,Scolopax minor,American Woodcock,0.0022,Filtered_With_Harmonics\Normalized_Audio\Song Sparrow.wav,-1,-1,-1,0.01
6.0,9.0,Junco hyemalis,Dark-eyed Junco,0.0022,Filtered_With_Harmonics\Normalized_Audio\Song Sparrow.wav,-1,-1,-1,0.01
6.0,9.0,Myiarchus crinitus,Great Crested Flycatcher,0.0021,Filtered_With_Harmonics\Normalized_Audio\Song Sparrow.wav,-1,-1,-1,0.01
6.0,9.0,Catharus ustulatus,Swainson's Thrush,0.0021,Filtered_With_Harmonics\Normalized_Audio\Song Sparrow.wav,-1,-1,-1,0.01
6.0,9.0,Parkesia motacilla,Louisiana Waterthrush,0.0021,Filtered_With_Harmonics\Normalized_Audio\Song Sparrow.wav,-1,-1,-1,0.01
6.0,9.0,Seiurus aurocapilla,Ovenbird,0.0021,Filtered_With_Harmonics\Normalized_Audio\Song Sparrow.wav,-1,-1,-1,0.01
9.0,10.0,Engine,Engine,0.0068,Filtered_With_Harmonics\Normalized_Audio\Song Sparrow.wav,-1,-1,-1,0.01
9.0,10.0,Human vocal,Human vocal,0.0042,Filtered_With_Harmonics\Normalized_Audio\Song Sparrow.wav,-1,-1,-1,0.01
9.0,10.0,Fireworks,Fireworks,0.0034,Filtered_With_Harmonics\Normalized_Audio\Song Sparrow.wav,-1,-1,-1,0.01
9.0,10.0,Bubo virginianus,Great Horned Owl,0.0033,Filtered_With_Harmonics\Normalized_Audio\Song Sparrow.wav,-1,-1,-1,0.01
9.0,10.0,Power tools,Power tools,0.0032,Filtered_With_Harmonics\Normalized_Audio\Song Sparrow.wav,-1,-1,-1,0.01
9.0,10.0,Buteo jamaicensis,Red-tailed Hawk,0.0027,Filtered_With_Harmonics\Normalized_Audio\Song Sparrow.wav,-1,-1,-1,0.01
9.0,10.0,Dryobates minor,Lesser Spotted Woodpecker,0.0027,Filtered_With_Harmonics\Normalized_Audio\Song Sparrow.wav,-1,-1,-1,0.01
9.0,10.0,Dryocopus pileatus,Pileated Woodpecker,0.0026,Filtered_With_Harmonics\Normalized_Audio\Song Sparrow.wav,-1,-1,-1,0.01
9.0,10.0,Turdus merula,Eurasian Blackbird,0.0025,Filtered_With_Harmonics\Normalized_Audio\Song Sparrow.wav,-1,-1,-1,0.01
9.0,10.0,Bombycilla cedrorum,Cedar Waxwing,0.0024,Filtered_With_Harmonics\Normalized_Audio\Song Sparrow.wav,-1,-1,-1,0.01
9.0,10.0,Loxia curvirostra,Red Crossbill,0.0023,Filtered_With_Harmonics\Normalized_Audio\Song Sparrow.wav,-1,-1,-1,0.01
9.0,10.0,Regulus regulus,Goldcrest,0.0023,Filtered_With_Harmonics\Normalized_Audio\Song Sparrow.wav,-1,-1,-1,0.01
9.0,10.0,Bonasa umbellus,Ruffed Grouse,0.0023,Filtered_With_Harmonics\Normalized_Audio\Song Sparrow.wav,-1,-1,-1,0.01
9.0,10.0,Catharus fuscescens,Veery,0.0022,Filtered_With_Harmonics\Normalized_Audio\Song Sparrow.wav,-1,-1,-1,0.01
9.0,10.0,Scolopax minor,American Woodcock,0.0022,Filtered_With_Harmonics\Normalized_Audio\Song Sparrow.wav,-1,-1,-1,0.01
9.0,10.0,Junco hyemalis,Dark-eyed Junco,0.0022,Filtered_With_Harmonics\Normalized_Audio\Song Sparrow.wav,-1,-1,-1,0.01
9.0,10.0,Myiarchus crinitus,Great Crested Flycatcher,0.0021,Filtered_With_Harmonics\Normalized_Audio\Song Sparrow.wav,-1,-1,-1,0.01
9.0,10.0,Catharus ustulatus,Swainson's Thrush,0.0021,Filtered_With_Harmonics\Normalized_Audio\Song Sparrow.wav,-1,-1,-1,0.01
9.0,10.0,Parkesia motacilla,Louisiana Waterthrush,0.0021,Filtered_With_Harmonics\Normalized_Audio\Song Sparrow.wav,-1,-1,-1,0.01
9.0,10.0,Seiurus aurocapilla,Ovenbird,0.0021,Filtered_With_Harmonics\Normalized_Audio\Song Sparrow.wav,-1,-1,-1,0.01
0.0,3.0,Pipilo maculatus,Spotted Towhee,0.9774,Filtered_With_Harmonics\Normalized_Audio\Spotted Towhee.wav,-1,-1,-1,0.01
0.0,3.0,Pipilo chlorurus,Green-tailed Towhee,0.6162,Filtered_With_Harmonics\Normalized_Audio\Spotted Towhee.wav,-1,-1,-1,0.01
0.0,3.0,Junco phaeonotus,Yellow-eyed Junco,0.0149,Filtered_With_Harmonics\Normalized_Audio\Spotted Towhee.wav,-1,-1,-1,0.01
0.0,3.0,Leiothlypis virginiae,Virginia's Warbler,0.0119,Filtered_With_Harmonics\Normalized_Audio\Spotted Towhee.wav,-1,-1,-1,0.01
0.0,3.0,Emberiza schoeniclus,Reed Bunting,0.0040,Filtered_With_Harmonics\Normalized_Audio\Spotted Towhee.wav,-1,-1,-1,0.01
0.0,3.0,Spizella atrogularis,Black-chinned Sparrow,0.0015,Filtered_With_Harmonics\Normalized_Audio\Spotted Towhee.wav,-1,-1,-1,0.01
0.0,3.0,Aimophila ruficeps,Rufous-crowned Sparrow,0.0013,Filtered_With_Harmonics\Normalized_Audio\Spotted Towhee.wav,-1,-1,-1,0.01
0.0,3.0,Pipilo erythrophthalmus,Eastern Towhee,0.0008,Filtered_With_Harmonics\Normalized_Audio\Spotted Towhee.wav,-1,-1,-1,0.01
0.0,3.0,Passerella iliaca,Fox Sparrow,0.0008,Filtered_With_Harmonics\Normalized_Audio\Spotted Towhee.wav,-1,-1,-1,0.01
0.0,3.0,Junco hyemalis,Dark-eyed Junco,0.0008,Filtered_With_Harmonics\Normalized_Audio\Spotted Towhee.wav,-1,-1,-1,0.01
0.0,3.0,Chondestes grammacus,Lark Sparrow,0.0007,Filtered_With_Harmonics\Normalized_Audio\Spotted Towhee.wav,-1,-1,-1,0.01
0.0,3.0,Melospiza lincolnii,Lincoln's Sparrow,0.0006,Filtered_With_Harmonics\Normalized_Audio\Spotted Towhee.wav,-1,-1,-1,0.01
0.0,3.0,Empidonax oberholseri,Dusky Flycatcher,0.0005,Filtered_With_Harmonics\Normalized_Audio\Spotted Towhee.wav,-1,-1,-1,0.01
0.0,3.0,Melozone crissalis,California Towhee,0.0005,Filtered_With_Harmonics\Normalized_Audio\Spotted Towhee.wav,-1,-1,-1,0.01
0.0,3.0,Geothlypis tolmiei,MacGillivray's Warbler,0.0004,Filtered_With_Harmonics\Normalized_Audio\Spotted Towhee.wav,-1,-1,-1,0.01
0.0,3.0,Pooecetes gramineus,Vesper Sparrow,0.0003,Filtered_With_Harmonics\Normalized_Audio\Spotted Towhee.wav,-1,-1,-1,0.01
0.0,3.0,Passerina amoena,Lazuli Bunting,0.0003,Filtered_With_Harmonics\Normalized_Audio\Spotted Towhee.wav,-1,-1,-1,0.01
0.0,3.0,Leiothlypis celata,Orange-crowned Warbler,0.0003,Filtered_With_Harmonics\Normalized_Audio\Spotted Towhee.wav,-1,-1,-1,0.01
0.0,3.0,Empidonax wrightii,Gray Flycatcher,0.0003,Filtered_With_Harmonics\Normalized_Audio\Spotted Towhee.wav,-1,-1,-1,0.01
0.0,3.0,Pipilo ocai,Collared Towhee,0.0003,Filtered_With_Harmonics\Normalized_Audio\Spotted Towhee.wav,-1,-1,-1,0.01
3.0,6.0,Engine,Engine,0.0068,Filtered_With_Harmonics\Normalized_Audio\Spotted Towhee.wav,-1,-1,-1,0.01
3.0,6.0,Human vocal,Human vocal,0.0042,Filtered_With_Harmonics\Normalized_Audio\Spotted Towhee.wav,-1,-1,-1,0.01
3.0,6.0,Fireworks,Fireworks,0.0034,Filtered_With_Harmonics\Normalized_Audio\Spotted Towhee.wav,-1,-1,-1,0.01
3.0,6.0,Bubo virginianus,Great Horned Owl,0.0033,Filtered_With_Harmonics\Normalized_Audio\Spotted Towhee.wav,-1,-1,-1,0.01
3.0,6.0,Power tools,Power tools,0.0032,Filtered_With_Harmonics\Normalized_Audio\Spotted Towhee.wav,-1,-1,-1,0.01
3.0,6.0,Buteo jamaicensis,Red-tailed Hawk,0.0027,Filtered_With_Harmonics\Normalized_Audio\Spotted Towhee.wav,-1,-1,-1,0.01
3.0,6.0,Dryobates minor,Lesser Spotted Woodpecker,0.0027,Filtered_With_Harmonics\Normalized_Audio\Spotted Towhee.wav,-1,-1,-1,0.01
3.0,6.0,Dryocopus pileatus,Pileated Woodpecker,0.0026,Filtered_With_Harmonics\Normalized_Audio\Spotted Towhee.wav,-1,-1,-1,0.01
3.0,6.0,Turdus merula,Eurasian Blackbird,0.0025,Filtered_With_Harmonics\Normalized_Audio\Spotted Towhee.wav,-1,-1,-1,0.01
3.0,6.0,Bombycilla cedrorum,Cedar Waxwing,0.0024,Filtered_With_Harmonics\Normalized_Audio\Spotted Towhee.wav,-1,-1,-1,0.01
3.0,6.0,Loxia curvirostra,Red Crossbill,0.0023,Filtered_With_Harmonics\Normalized_Audio\Spotted Towhee.wav,-1,-1,-1,0.01
3.0,6.0,Regulus regulus,Goldcrest,0.0023,Filtered_With_Harmonics\Normalized_Audio\Spotted Towhee.wav,-1,-1,-1,0.01
3.0,6.0,Bonasa umbellus,Ruffed Grouse,0.0023,Filtered_With_Harmonics\Normalized_Audio\Spotted Towhee.wav,-1,-1,-1,0.01
3.0,6.0,Catharus fuscescens,Veery,0.0022,Filtered_With_Harmonics\Normalized_Audio\Spotted Towhee.wav,-1,-1,-1,0.01
3.0,6.0,Scolopax minor,American Woodcock,0.0022,Filtered_With_Harmonics\Normalized_Audio\Spotted Towhee.wav,-1,-1,-1,0.01
3.0,6.0,Junco hyemalis,Dark-eyed Junco,0.0022,Filtered_With_Harmonics\Normalized_Audio\Spotted Towhee.wav,-1,-1,-1,0.01
3.0,6.0,Myiarchus crinitus,Great Crested Flycatcher,0.0021,Filtered_With_Harmonics\Normalized_Audio\Spotted Towhee.wav,-1,-1,-1,0.01
3.0,6.0,Catharus ustulatus,Swainson's Thrush,0.0021,Filtered_With_Harmonics\Normalized_Audio\Spotted Towhee.wav,-1,-1,-1,0.01
3.0,6.0,Parkesia motacilla,Louisiana Waterthrush,0.0021,Filtered_With_Harmonics\Normalized_Audio\Spotted Towhee.wav,-1,-1,-1,0.01
3.0,6.0,Seiurus aurocapilla,Ovenbird,0.0021,Filtered_With_Harmonics\Normalized_Audio\Spotted Towhee.wav,-1,-1,-1,0.01
6.0,9.0,Pipilo maculatus,Spotted Towhee,0.9478,Filtered_With_Harmonics\Normalized_Audio\Spotted Towhee.wav,-1,-1,-1,0.01
6.0,9.0,Pipilo chlorurus,Green-tailed Towhee,0.5678,Filtered_With_Harmonics\Normalized_Audio\Spotted Towhee.wav,-1,-1,-1,0.01
6.0,9.0,Junco phaeonotus,Yellow-eyed Junco,0.0263,Filtered_With_Harmonics\Normalized_Audio\Spotted Towhee.wav,-1,-1,-1,0.01
6.0,9.0,Leiothlypis virginiae,Virginia's Warbler,0.0172,Filtered_With_Harmonics\Normalized_Audio\Spotted Towhee.wav,-1,-1,-1,0.01
6.0,9.0,Emberiza schoeniclus,Reed Bunting,0.0106,Filtered_With_Harmonics\Normalized_Audio\Spotted Towhee.wav,-1,-1,-1,0.01
6.0,9.0,Geothlypis tolmiei,MacGillivray's Warbler,0.0042,Filtered_With_Harmonics\Normalized_Audio\Spotted Towhee.wav,-1,-1,-1,0.01
6.0,9.0,Passerella iliaca,Fox Sparrow,0.0031,Filtered_With_Harmonics\Normalized_Audio\Spotted Towhee.wav,-1,-1,-1,0.01
6.0,9.0,Aimophila ruficeps,Rufous-crowned Sparrow,0.0016,Filtered_With_Harmonics\Normalized_Audio\Spotted Towhee.wav,-1,-1,-1,0.01
6.0,9.0,Melospiza lincolnii,Lincoln's Sparrow,0.0015,Filtered_With_Harmonics\Normalized_Audio\Spotted Towhee.wav,-1,-1,-1,0.01
6.0,9.0,Empidonax oberholseri,Dusky Flycatcher,0.0011,Filtered_With_Harmonics\Normalized_Audio\Spotted Towhee.wav,-1,-1,-1,0.01
6.0,9.0,Spizella atrogularis,Black-chinned Sparrow,0.0011,Filtered_With_Harmonics\Normalized_Audio\Spotted Towhee.wav,-1,-1,-1,0.01
6.0,9.0,Junco hyemalis,Dark-eyed Junco,0.0011,Filtered_With_Harmonics\Normalized_Audio\Spotted Towhee.wav,-1,-1,-1,0.01
6.0,9.0,Setophaga coronata,Yellow-rumped Warbler,0.0009,Filtered_With_Harmonics\Normalized_Audio\Spotted Towhee.wav,-1,-1,-1,0.01
6.0,9.0,Pooecetes gramineus,Vesper Sparrow,0.0008,Filtered_With_Harmonics\Normalized_Audio\Spotted Towhee.wav,-1,-1,-1,0.01
6.0,9.0,Pipilo erythrophthalmus,Eastern Towhee,0.0008,Filtered_With_Harmonics\Normalized_Audio\Spotted Towhee.wav,-1,-1,-1,0.01
6.0,9.0,Leiothlypis celata,Orange-crowned Warbler,0.0006,Filtered_With_Harmonics\Normalized_Audio\Spotted Towhee.wav,-1,-1,-1,0.01
6.0,9.0,Helopsaltes certhiola,Pallas's Grasshopper Warbler,0.0005,Filtered_With_Harmonics\Normalized_Audio\Spotted Towhee.wav,-1,-1,-1,0.01
6.0,9.0,Chondestes grammacus,Lark Sparrow,0.0004,Filtered_With_Harmonics\Normalized_Audio\Spotted Towhee.wav,-1,-1,-1,0.01
6.0,9.0,Setophaga graciae,Grace's Warbler,0.0004,Filtered_With_Harmonics\Normalized_Audio\Spotted Towhee.wav,-1,-1,-1,0.01
6.0,9.0,Passerina amoena,Lazuli Bunting,0.0004,Filtered_With_Harmonics\Normalized_Audio\Spotted Towhee.wav,-1,-1,-1,0.01
9.0,10.0,Engine,Engine,0.0068,Filtered_With_Harmonics\Normalized_Audio\Spotted Towhee.wav,-1,-1,-1,0.01
9.0,10.0,Human vocal,Human vocal,0.0042,Filtered_With_Harmonics\Normalized_Audio\Spotted Towhee.wav,-1,-1,-1,0.01
9.0,10.0,Fireworks,Fireworks,0.0034,Filtered_With_Harmonics\Normalized_Audio\Spotted Towhee.wav,-1,-1,-1,0.01
9.0,10.0,Bubo virginianus,Great Horned Owl,0.0033,Filtered_With_Harmonics\Normalized_Audio\Spotted Towhee.wav,-1,-1,-1,0.01
9.0,10.0,Power tools,Power tools,0.0032,Filtered_With_Harmonics\Normalized_Audio\Spotted Towhee.wav,-1,-1,-1,0.01
9.0,10.0,Buteo jamaicensis,Red-tailed Hawk,0.0027,Filtered_With_Harmonics\Normalized_Audio\Spotted Towhee.wav,-1,-1,-1,0.01
9.0,10.0,Dryobates minor,Lesser Spotted Woodpecker,0.0027,Filtered_With_Harmonics\Normalized_Audio\Spotted Towhee.wav,-1,-1,-1,0.01
9.0,10.0,Dryocopus pileatus,Pileated Woodpecker,0.0026,Filtered_With_Harmonics\Normalized_Audio\Spotted Towhee.wav,-1,-1,-1,0.01
9.0,10.0,Turdus merula,Eurasian Blackbird,0.0025,Filtered_With_Harmonics\Normalized_Audio\Spotted Towhee.wav,-1,-1,-1,0.01
9.0,10.0,Bombycilla cedrorum,Cedar Waxwing,0.0024,Filtered_With_Harmonics\Normalized_Audio\Spotted Towhee.wav,-1,-1,-1,0.01
9.0,10.0,Loxia curvirostra,Red Crossbill,0.0023,Filtered_With_Harmonics\Normalized_Audio\Spotted Towhee.wav,-1,-1,-1,0.01
9.0,10.0,Regulus regulus,Goldcrest,0.0023,Filtered_With_Harmonics\Normalized_Audio\Spotted Towhee.wav,-1,-1,-1,0.01
9.0,10.0,Bonasa umbellus,Ruffed Grouse,0.0023,Filtered_With_Harmonics\Normalized_Audio\Spotted Towhee.wav,-1,-1,-1,0.01
9.0,10.0,Catharus fuscescens,Veery,0.0022,Filtered_With_Harmonics\Normalized_Audio\Spotted Towhee.wav,-1,-1,-1,0.01
9.0,10.0,Scolopax minor,American Woodcock,0.0022,Filtered_With_Harmonics\Normalized_Audio\Spotted Towhee.wav,-1,-1,-1,0.01
9.0,10.0,Junco hyemalis,Dark-eyed Junco,0.0022,Filtered_With_Harmonics\Normalized_Audio\Spotted Towhee.wav,-1,-1,-1,0.01
9.0,10.0,Myiarchus crinitus,Great Crested Flycatcher,0.0021,Filtered_With_Harmonics\Normalized_Audio\Spotted Towhee.wav,-1,-1,-1,0.01
9.0,10.0,Catharus ustulatus,Swainson's Thrush,0.0021,Filtered_With_Harmonics\Normalized_Audio\Spotted Towhee.wav,-1,-1,-1,0.01
9.0,10.0,Parkesia motacilla,Louisiana Waterthrush,0.0021,Filtered_With_Harmonics\Normalized_Audio\Spotted Towhee.wav,-1,-1,-1,0.01
9.0,10.0,Seiurus aurocapilla,Ovenbird,0.0021,Filtered_With_Harmonics\Normalized_Audio\Spotted Towhee.wav,-1,-1,-1,0.01
